technology_or_service	retiring_feature	platforms	platforms_subscriptions_json	priority_label	advice_type	action_required	retirement_date	source_links
Azure Virtual Desktop	Action required: Update to DesktopVirtualization API v. 2024-04-03 or the Latest Preview API Version by 1 August 2025 (previously 11 March 2025)	pagoPA	"{""platforms"":{""pagoPA"":[""DEV-pagoPA""]}}"	Critico	service_health_deprecation	You're receiving this notification because telemetry has identified that your Azure subscription(s) use client-side tools that rely on the Microsoft.DesktopVirtualization API. If you've used Az CLI, Az PowerShell, SDK, ARM templates, or any third-party tools to manage Azure Virtual Desktop (AVD) resources, this applies to you. Telemetry might have identified your Azure subscription(s) if you have legacy workflows automatically running in schedules and sending request traffic to API versions in the listed APIs below. Please check any automatic workflows to avoid being affected by the deprecation.	2025-08-01	https://aka.ms/ServicesRetirementWorkbook, https://learn.microsoft.com/answers/tags/221/azure-virtual-desktop, https://learn.microsoft.com/azure/azure-portal/supportability/how-to-create-azure-support-request, https://learn.microsoft.com/azure/templates/microsoft.desktopvirtualization/allversions, https://portal.azure.com/#blade/Microsoft_Azure_Support/HelpAndSupportBlade/overview
Content Delivery Network	Action required: Azure CDN classic has ended CNAME-based domain validation for new domain/profile creation on 15 August 2025, and existing managed certificates expire by 14 April 2026	SelfCare	"{""platforms"":{""SelfCare"":[""DEV-SelfCare""]}}"	Critico	service_health_deprecation	You're receiving this notification because you're associated with one or more Azure subscriptions that use Azure CDN classic.	2025-08-15	https://azure.microsoft.com/updates?id=azure-cdn-standard-from-microsoft-classic-will-be-retired-on-30-september-2027, https://learn.microsoft.com/answers/tags/96/azure-front-door, https://learn.microsoft.com/azure/azure-portal/supportability/how-to-create-azure-support-request, https://learn.microsoft.com/azure/cdn/cdn-custom-ssl?toc=%2Fazure%2Ffrontdoor%2Ftoc.json&amp;tabs=option-2-enable-https-with-your-own-certificate#tabpanel_1_option-2-enable-https-with-your-own-certificate, https://learn.microsoft.com/azure/cdn/tier-migration?toc=%2Fazure%2Ffrontdoor%2Ftoc.json, https://ms.portal.azure.com/#view/Microsoft_Azure_Expert/RecommendationList.ReactView/recommendationTypeId/600a3187-48dd-495b-a9e8-320f83571b01
Content Delivery Network	Action required: Azure CDN classic is ending CNAME-based domain validation for new domain/profile creation on 15 August 2025	Carta Giovani	"{""platforms"":{""Carta Giovani"":[""PROD-Esercenti"",""UAT-Esercenti""]}}"	Critico	service_health_deprecation	You're receiving this notification because you're associated with one or more Azure subscription(s) that use Azure CDN classic.	2025-08-15	https://azure.microsoft.com/updates?id=azure-cdn-standard-from-microsoft-classic-will-be-retired-on-30-september-2027, https://learn.microsoft.com/answers/tags/96/azure-front-door, https://learn.microsoft.com/azure/azure-portal/supportability/how-to-create-azure-support-request, https://learn.microsoft.com/azure/cdn/cdn-custom-ssl?toc=%2Fazure%2Ffrontdoor%2Ftoc.json&amp;tabs=option-1-default-enable-https-with-a-cdn-managed-certificate, https://learn.microsoft.com/azure/cdn/tier-migration, https://learn.microsoft.com/azure/cdn/tier-migration?toc=%2Fazure%2Ffrontdoor%2Ftoc.json, https://learn.microsoft.com/azure/security/fundamentals/managed-tls-changes, https://portal.azure.com/
Content Delivery Network	Action required: Azure CDN from Microsoft Classic SKU ending CNAME-based domain validation and new domain/profile creation from 15 August 2025	PARI	"{""platforms"":{""PARI"":[""DEV-CSTAR"",""UAT-CSTAR""]}}"	Critico	service_health_deprecation	You’re receiving this notification because you have been identified as a user of Azure CDN from Microsoft Classic and will be impacted by this change.	2025-08-15	https://azure.microsoft.com/en-us/updates?id=azure-cdn-standard-from-microsoft-classic-will-be-retired-on-30-september-2027, https://learn.microsoft.com/answers/tags/96/azure-front-door, https://learn.microsoft.com/azure/azure-portal/supportability/how-to-create-azure-support-request, https://learn.microsoft.com/azure/security/fundamentals/managed-tls-changes, https://learn.microsoft.com/en-us/azure/cdn/cdn-custom-ssl?toc=%2Fazure%2Ffrontdoor%2Ftoc.json&amp;tabs=option-1-default-enable-https-with-a-cdn-managed-certificate, https://learn.microsoft.com/en-us/azure/cdn/migrate-tier?toc=%2Fazure%2Ffrontdoor%2Ftoc.json, https://learn.microsoft.com/en-us/azure/cdn/tier-migration?toc=%2Fazure%2Ffrontdoor%2Ftoc.json, https://portal.azure.com/
Content Delivery Network	Action required: Migration status of your CDN classic profiles using managed certificates	IO, PARI, Technology	"{""platforms"":{""IO"":[""PROD-IO""],""PARI"":[""DEV-CSTAR"",""UAT-CSTAR""],""Technology"":[""ORG""]}}"	Critico	service_health_deprecation	You're receiving this notification because your legacy SKUs for Azure CDN Standard by Microsoft Classic with Azure managed certificates has been successfully migrated to Azure Front Door.	2025-08-15	https://azure.microsoft.com/pricing/details/frontdoor/?msockid=06fc59dfa84d6e0612124fafa9586f44, https://learn.microsoft.com/answers/tags/96/azure-front-door, https://learn.microsoft.com/azure/azure-portal/supportability/how-to-create-azure-support-request, https://learn.microsoft.com/azure/cdn/classic-cdn-retirement-faq, https://learn.microsoft.com/azure/cdn/tier-migration?toc=/azure/frontdoor/toc.json, https://learn.microsoft.com/azure/frontdoor/domain#domain-validation-states, https://learn.microsoft.com/azure/frontdoor/domain#renew-azure-front-door-managed-certificates, https://learn.microsoft.com/azure/frontdoor/migration-faq
Content Delivery Network	Reminder: Action required - Azure CDN classic has ended CNAME-based domain validation for new domain/profile creation as of 15 August 2025	ICT, IO, pagoPA, PARI, Piattaforma Unifaria, SelfCare, Technology	"{""platforms"":{""ICT"":[""PROD-ICT""],""IO"":[""DEV-IO"",""PROD-IO""],""PARI"":[""DEV-CSTAR"",""PROD-CSTAR"",""UAT-CSTAR""],""Piattaforma Unifaria"":[""DEV-P4PA"",""PROD-P4PA"",""UAT-P4PA""],""SelfCare"":[""DEV-SelfCare"",""PROD-SelfCare"",""UAT-SelfCare""],""Technology"":[""DevOpsLab"",""ORG""],""pagoPA"":[""DEV-pagoPA"",""UAT-pagoPA""]}}"	Critico	service_health_deprecation	This is a reminder related to the DigiCert's migration to a new validation platform.	2025-08-15	https://azure.microsoft.com/updates?id=azure-cdn-standard-from-microsoft-classic-will-be-retired-on-30-september-2027, https://learn.microsoft.com/answers/tags/96/azure-front-door, https://learn.microsoft.com/azure/azure-portal/supportability/how-to-create-azure-support-request, https://learn.microsoft.com/azure/cdn/cdn-custom-ssl?toc=%2Fazure%2Ffrontdoor%2Ftoc.json&amp;tabs=option-1-default-enable-https-with-a-cdn-managed-certificate, https://learn.microsoft.com/azure/cdn/tier-migration, https://learn.microsoft.com/azure/security/fundamentals/managed-tls-changes, https://portal.azure.us/
Content Delivery Network	Urgent Action required: Migrate Azure CDN Standard by Microsoft classic profiles with managed certificates to Azure Front Door Standard/Premium or BYOC before 14 April 2026	ICT, pagoPA, SelfCare	"{""platforms"":{""ICT"":[""PROD-ICT""],""SelfCare"":[""PROD-SelfCare"",""UAT-SelfCare""],""pagoPA"":[""DEV-pagoPA"",""UAT-pagoPA""]}}"	Critico	service_health_deprecation	You're receiving this notification because you're associated with one or more Azure subscriptions that use legacy SKUs for Azure CDN Standard by Microsoft classic with Azure managed certificates.	2025-08-15	https://azure.microsoft.com/pricing/details/frontdoor/?msockid=06fc59dfa84d6e0612124fafa9586f44, https://learn.microsoft.com/answers/tags/96/azure-front-door, https://learn.microsoft.com/azure/azure-portal/supportability/how-to-create-azure-support-request, https://learn.microsoft.com/azure/azure-resource-manager/management/preview-features?tabs=azure-portal, https://learn.microsoft.com/azure/cdn/tier-migration?toc=%2Fazure%2Ffrontdoor%2Ftoc.json, https://learn.microsoft.com/azure/frontdoor/, https://learn.microsoft.com/azure/frontdoor/tier-migration
Application Gateway	Action required: Update Azure Application Gateway to TLS 1.2 or later	Carta Giovani, Fatturazione, ICT, IO, pagoPA, PARI, Piattaforma Unifaria, SelfCare	"{""platforms"":{""Carta Giovani"":[""PROD-Esercenti"",""UAT-Esercenti""],""Fatturazione"":[""PROD-FATTURAZIONE"",""UAT-FATTURAZIONE""],""ICT"":[""DEV-ICT"",""PROD-ICT""],""IO"":[""PROD-IO""],""PARI"":[""DEV-CSTAR"",""PROD-CSTAR"",""UAT-CSTAR""],""Piattaforma Unifaria"":[""DEV-P4PA"",""PROD-P4PA"",""UAT-P4PA""],""SelfCare"":[""DEV-SelfCare"",""PROD-SelfCare"",""UAT-SelfCare""],""pagoPA"":[""DEV-pagoPA"",""UAT-pagoPA""]}}"	Critico	service_health_retirement	You're receiving this notification because you're associated with one or more Azure subscriptions that use Azure Application Gateway.	2025-08-31	https://aka.ms/ServicesRetirementWorkbook, https://learn.microsoft.com/azure/application-gateway/application-gateway-ssl-policy-overview, https://learn.microsoft.com/azure/application-gateway/application-gateway-tls-version-retirement, https://portal.azure.com/#blade/Microsoft_Azure_Support/HelpAndSupportBlade/overview
Azure Cosmos DB	Retirement of Query Advisor in Azure Cosmos DB for NoSQL's Data Explorer	DevEx, pagoPA	"{""platforms"":{""DevEx"":[""DEV-ENGINEERING""],""pagoPA"":[""DEV-pagoPA""]}}"	Critico	service_health_retirement	You’re receiving this notification because you're associated with one or more Azure subscriptions that use the public preview of Query Advisor for Azure Cosmos DB for NoSQL.	2025-08-31	https://aka.ms/ServicesRetirementWorkbook, https://github.com/Azure/azure-mcp, https://github.com/AzureCosmosDB/azure-cosmos-mcp-server-samples?tab=readme-ov-file, https://learn.microsoft.com/azure/cosmos-db/nosql/query/
Microsoft Sentinel	Action required: Transition to enhanced modeling of Threat Intelligence data in Microsoft Sentinel as soon as possible	Security	"{""platforms"":{""Security"":[""Prod-Sec""]}}"	Critico	service_health_retirement	You're receiving this notification because you're associated with one or more Azure subscriptions that use Threat Intelligence.	2025-08-31	https://docs.microsoft.com/azure/azure-portal/supportability/how-to-create-azure-support-request, https://portal.azure.com/#browse/microsoft.securityinsightsarg%2Fsentinel, https://security.microsoft.com, https://security.microsoft.com/, https://techcommunity.microsoft.com/blog/microsoftsentinelblog/announcing-public-preview-new-stix-objects-in-microsoft-sentinel/4369164
Content Delivery Network	Action required: Switch to BYOC as soon as possible	IO	"{""platforms"":{""IO"":[""PROD-IO""]}}"	Critico	other_advisory	You're receiving this notification because you are associated with one or more Azure subscriptions that failed managed certificate auto rotation due to misconfigured CNAME record.	2025-09-25	https://learn.microsoft.com/answers/tags/96/azure-front-door, https://learn.microsoft.com/azure/azure-portal/supportability/how-to-create-azure-support-request, https://learn.microsoft.com/azure/cdn/cdn-custom-ssl?toc=%2Fazure%2Ffrontdoor%2Ftoc.json&amp;tabs=option-1-default-enable-https-with-a-cdn-managed-certificate, https://learn.microsoft.com/azure/frontdoor/standard-premium/how-to-configure-https-custom-domain?tabs=powershell#use-your-own-certificate
Application Insights	Reminder for retirement notice: Application Insights Java 2.X SDK will be retired on 30 September 2025	pagoPA, SelfCare	"{""platforms"":{""SelfCare"":[""PROD-SelfCare""],""pagoPA"":[""UAT-pagoPA""]}}"	Critico	service_health_retirement	You're receiving this notification because you're associated with one or more Azure subscriptions that you use Application Insights Java 2.X SDK.	2025-09-30	https://aka.ms/AzMonQandAForum, https://aka.ms/Java3XUpgradeGuidance/, https://aka.ms/ServicesRetirementWorkbook, https://portal.azure.com/#blade/Microsoft_Azure_Support/HelpAndSupportBlade/newsupportrequest
Public IP address	Basic SKU	pagoPA, SelfCare	"{""platforms"":{""SelfCare"":[""UAT-SelfCare""],""pagoPA"":[""DEV-pagoPA"",""PROD-pagoPA"",""UAT-pagoPA""]}}"	Critico	advisor_retirement	Basic SKU is being retired	2025-09-30	https://portal.azure.com/#resource/subscriptions/26abc801-0d8f-4a6e-ac5f-8e81bcc09112/resourceGroups/pagopa-u-test-peering-rg/providers/Microsoft.Network/publicIPAddresses/test-peering-vm-ip/providers/Microsoft.Advisor/recommendations/ac6a637a-d62f-9ac8-6536-ca495ad2e95c, https://portal.azure.com/#resource/subscriptions/b9fc9419-6097-45fe-9f74-ba0641c91912/resourceGroups/pagopa-p-test-peering-rg/providers/Microsoft.Network/publicIPAddresses/test-peering-vm-ip/providers/Microsoft.Advisor/recommendations/25b808b4-cff0-b557-f281-b5761be4f0e2, https://portal.azure.com/#resource/subscriptions/bbe47ad4-08b3-4925-94c5-1278e5819b86/resourceGroups/test-peering-rg/providers/Microsoft.Network/publicIPAddresses/test-peering-vm-ip/providers/Microsoft.Advisor/recommendations/3e1277fd-03b5-2dc2-f275-36b0593b4c1d, https://portal.azure.com/#resource/subscriptions/f47d50dc-b874-4e04-9d5c-c27f5053a651/resourceGroups/selc-u-vnet-rg/providers/Microsoft.Network/publicIPAddresses/108.141.164.135/providers/Microsoft.Advisor/recommendations/9a9d320b-f70c-0c73-aaaa-09816c35baa4
Azure Database for PostgreSQL	Attention required: Azure Database for PostgreSQL certificate rotation update	Carta Giovani, DevEx, IO, pagoPA, PARI, Piattaforma Unifaria, Platform Service Management	"{""platforms"":{""Carta Giovani"":[""PROD-Esercenti"",""UAT-Esercenti""],""DevEx"":[""DEV-ENGINEERING""],""IO"":[""PROD-IO""],""PARI"":[""DEV-CSTAR"",""PROD-CSTAR"",""UAT-CSTAR""],""Piattaforma Unifaria"":[""DEV-P4PA"",""PROD-P4PA"",""UAT-P4PA""],""Platform Service Management"":[""DEV-PLATFORM-SM"",""PROD-PLATFORM-SM""],""pagoPA"":[""DEV-pagoPA"",""UAT-pagoPA""]}}"	Critico	other_advisory	You're receiving this notification because you're associated with one or more Azure subscriptions that use Azure Database for PostgreSQL .	2025-11-11	https://learn.microsoft.com/azure/azure-portal/supportability/how-to-create-azure-support-request, https://learn.microsoft.com/azure/postgresql/flexible-server/security-tls#certificate-pinning-issues, https://learn.microsoft.com/azure/security/fundamentals/certificate-pinning
Storage Account	Support for TLS 1.0 and 1.1	CRM, DevEx, IO, pagoPA, Platform Service Management, SelfCare	"{""platforms"":{""CRM"":[""DEV-CRM""],""DevEx"":[""DEV-DEVEX"",""DEV-ENGINEERING"",""PROD-DEVEX""],""IO"":[""DEV-IO"",""PROD-CED"",""PROD-IO""],""Platform Service Management"":[""DEV-PLATFORM-SM""],""SelfCare"":[""DEV-SelfCare""],""pagoPA"":[""PROD-pagoPA""]}}"	Critico	advisor_retirement	Support for TLS 1.0 and TLS 1.1 in Azure storage accounts is ending	2026-02-03	https://portal.azure.com/#resource/subscriptions/02a23258-2e41-433c-8e9a-465b99e77bca/resourceGroups/dx-p-itn-tfstate-rg-01/providers/Microsoft.Storage/storageAccounts/dxpitntfstatest01/providers/Microsoft.Advisor/recommendations/2f9aadd1-c5ff-b3b5-37a6-61d26af3fa12, https://portal.azure.com/#resource/subscriptions/0f1c9857-d58b-47d2-874e-c905c5276dda/resourceGroups/ced-p-itn-tfstate-rg-01/providers/Microsoft.Storage/storageAccounts/cedpitntfstatest01/providers/Microsoft.Advisor/recommendations/24661db3-ed91-c0c5-86e6-84865ace8961, https://portal.azure.com/#resource/subscriptions/1ab5e788-3b98-4c63-bd05-de0c7388c853/resourceGroups/azuredurablefunctionstyp/providers/Microsoft.Storage/storageAccounts/azuredurablefunctionstyp/providers/Microsoft.Advisor/recommendations/d3538f03-21a8-82be-d84b-5bcbedbf74ab, https://portal.azure.com/#resource/subscriptions/1ab5e788-3b98-4c63-bd05-de0c7388c853/resourceGroups/selc-d-workflow-rg/providers/Microsoft.Storage/storageAccounts/selcdworkflowtestfa1ccd/providers/Microsoft.Advisor/recommendations/6c339d2a-ce69-8678-a8c2-6b17ac760da0, https://portal.azure.com/#resource/subscriptions/2d2f0c09-adad-4118-8ef8-8bf737bdca76/resourceGroups/prove-lorenzo-rg/providers/Microsoft.Storage/storageAccounts/provelorenzosa01/providers/Microsoft.Advisor/recommendations/578db60f-6143-6040-dc43-14e5cead9026, https://portal.azure.com/#resource/subscriptions/35e6e3b2-4388-470e-a1b9-ad3bc34326d1/resourceGroups/ax-d-itn-tfstate-rg-01/providers/Microsoft.Storage/storageAccounts/axditntfstatest01/providers/Microsoft.Advisor/recommendations/f23c1712-2e61-5af4-cffe-15f32ed72af0, https://portal.azure.com/#resource/subscriptions/35e6e3b2-4388-470e-a1b9-ad3bc34326d1/resourceGroups/dx-d-itn-tfstate-rg-01/providers/Microsoft.Storage/storageAccounts/dxditntfstatest01/providers/Microsoft.Advisor/recommendations/2441e167-61ef-4783-8430-80eb48bb7076, https://portal.azure.com/#resource/subscriptions/35e6e3b2-4388-470e-a1b9-ad3bc34326d1/resourceGroups/dxt2-d-itn-tfstate-rg-01/providers/Microsoft.Storage/storageAccounts/dxt2ditntfstatest01/providers/Microsoft.Advisor/recommendations/90a19890-51a9-1612-0526-53d5f9eb1e72, https://portal.azure.com/#resource/subscriptions/35e6e3b2-4388-470e-a1b9-ad3bc34326d1/resourceGroups/dxt3-d-itn-tfstate-rg-01/providers/Microsoft.Storage/storageAccounts/dxt3ditntfstatest01/providers/Microsoft.Advisor/recommendations/532ad7af-cd55-5ad8-9bd0-39e23ec48732, https://portal.azure.com/#resource/subscriptions/35e6e3b2-4388-470e-a1b9-ad3bc34326d1/resourceGroups/dxt9-d-itn-tfstate-rg-01/providers/Microsoft.Storage/storageAccounts/dxt9ditntfstatest01/providers/Microsoft.Advisor/recommendations/207359b1-c629-b716-49bc-1c0cc55a9c3e, https://portal.azure.com/#resource/subscriptions/35e6e3b2-4388-470e-a1b9-ad3bc34326d1/resourceGroups/md-p-itn-tfstate-rg-01/providers/Microsoft.Storage/storageAccounts/mdpitntfstatest01/providers/Microsoft.Advisor/recommendations/fdac79b4-3b38-1e7b-c4ed-7c16bfd0e97a, https://portal.azure.com/#resource/subscriptions/a4e96bcd-59dc-4d66-b2f7-5547ad157c12/resourceGroups/cloud-shell-storage-westeurope/providers/Microsoft.Storage/storageAccounts/csb100320009a787d80/providers/Microsoft.Advisor/recommendations/5f740fac-dd3e-e9ec-f4c1-f973bfbc0014, https://portal.azure.com/#resource/subscriptions/a4e96bcd-59dc-4d66-b2f7-5547ad157c12/resourceGroups/cloud-shell-storage-westeurope/providers/Microsoft.Storage/storageAccounts/csba4e96bcd59dcx4d66xb2f/providers/Microsoft.Advisor/recommendations/f64a48f6-8fb7-f655-73ef-42fe31701529, https://portal.azure.com/#resource/subscriptions/a4e96bcd-59dc-4d66-b2f7-5547ad157c12/resourceGroups/dev-daniele/providers/Microsoft.Storage/storageAccounts/devdanielesa/providers/Microsoft.Advisor/recommendations/beee432e-db77-be26-6387-1ccdbc47c29c, https://portal.azure.com/#resource/subscriptions/a4e96bcd-59dc-4d66-b2f7-5547ad157c12/resourceGroups/dev-raimondo/providers/Microsoft.Storage/storageAccounts/raimondodevtfstate/providers/Microsoft.Advisor/recommendations/3e4190c2-a40b-d850-ae65-81eb46c6b430, https://portal.azure.com/#resource/subscriptions/a4e96bcd-59dc-4d66-b2f7-5547ad157c12/resourceGroups/grausof/providers/Microsoft.Storage/storageAccounts/grausof/providers/Microsoft.Advisor/recommendations/fbdc7322-2368-6745-f686-dbf37fdf2960, https://portal.azure.com/#resource/subscriptions/a4e96bcd-59dc-4d66-b2f7-5547ad157c12/resourceGroups/innovation/providers/Microsoft.Storage/storageAccounts/stk8sc/providers/Microsoft.Advisor/recommendations/58959fa6-78d8-6397-9819-6033b5852e21, https://portal.azure.com/#resource/subscriptions/a4e96bcd-59dc-4d66-b2f7-5547ad157c12/resourceGroups/io-d-lollipop-rg/providers/Microsoft.Storage/storageAccounts/iodlollipopassertionst/providers/Microsoft.Advisor/recommendations/c0c67294-2f41-216a-647f-6939b3f0ea68, https://portal.azure.com/#resource/subscriptions/a4e96bcd-59dc-4d66-b2f7-5547ad157c12/resourceGroups/io-lab-rg-common/providers/Microsoft.Storage/storageAccounts/iolabstshell/providers/Microsoft.Advisor/recommendations/2aebbc9d-ebcf-f67a-6f00-cdbda02b5626, https://portal.azure.com/#resource/subscriptions/b9fc9419-6097-45fe-9f74-ba0641c91912/resourceGroups/pagopa-azuredatabox-nodo-oracle-rg/providers/Microsoft.Storage/storageAccounts/pagopanodooraclenexi/providers/Microsoft.Advisor/recommendations/ea18a015-7f99-6b05-4279-861e49ec7a40, https://portal.azure.com/#resource/subscriptions/d7de83e0-0571-40ad-b63a-64c942385eae/resourceGroups/cloudgaap-test-iac/providers/Microsoft.Storage/storageAccounts/cloudgaaptestiac/providers/Microsoft.Advisor/recommendations/b0f5e017-f339-b095-5e20-ba80d9458a9b, https://portal.azure.com/#resource/subscriptions/d7de83e0-0571-40ad-b63a-64c942385eae/resourceGroups/iosignbroken/providers/Microsoft.Storage/storageAccounts/iosignbroken4b1e10/providers/Microsoft.Advisor/recommendations/e461330e-fc16-b1d3-4214-4dbe3898ad71, https://portal.azure.com/#resource/subscriptions/d7de83e0-0571-40ad-b63a-64c942385eae/resourceGroups/lk-u-itn-tfstate-rg-01/providers/Microsoft.Storage/storageAccounts/lkuitntfstatest01/providers/Microsoft.Advisor/recommendations/2758b342-7743-b67f-89ab-0f59574c1d07, https://portal.azure.com/#resource/subscriptions/eabd491e-e8ad-4104-88a6-91bde355e497/resourceGroups/crm-d-data-rg/providers/Microsoft.Storage/storageAccounts/samoncrmd/providers/Microsoft.Advisor/recommendations/50834a5d-88db-295f-e63f-c84a7577cedc, https://portal.azure.com/#resource/subscriptions/ec285037-c673-4f58-b594-d7c480da4e8b/resourceGroups/io-p-itn-tfstate-rg-01/providers/Microsoft.Storage/storageAccounts/iopitntfstatest01/providers/Microsoft.Advisor/recommendations/8a6d263d-02ea-701a-76fb-197da782aab7
Storage Accounts	Action required: Update the minimum TLS version of your Azure Storage account to 1.2 or later by 3 February 2026	DevEx, IO, SelfCare	"{""platforms"":{""DevEx"":[""DEV-ENGINEERING"",""PROD-DEVEX""],""IO"":[""DEV-IO""],""SelfCare"":[""DEV-SelfCare""]}}"	Critico	service_health_retirement	You're receiving this notification because you're associated with one or more Azure subscriptions that use Azure Storage with TLS 1.0, 1.1, or no minimum TLS level.	2026-02-03	https://aka.ms/ServicesRetirementWorkbook, https://learn.microsoft.com/answers/tags/125/azure-blob-storage, https://learn.microsoft.com/azure/storage/common/transport-layer-security-configure-minimum-version?toc=%2Fazure%2Fstorage%2Fblobs%2Ftoc.json&amp;bc=%2Fazure%2Fstorage%2Fblobs%2Fbreadcrumb%2Ftoc.json&amp;tabs=portal#detect-the-tls-version-used-by-client-applications, https://portal.azure.com/#blade/Microsoft_Azure_Support/HelpAndSupportBlade/newsupportrequest, https://techcommunity.microsoft.com/blog/azurestorageblog/tls-1-0-and-1-1-support-will-be-removed-for-new--existing-azure-storage-accounts/4026181
Azure Synapse Analytics	Action required: Azure Synapse Spark 3.4 Retirement – Upgrade to Spark 3.5		"{""platforms"":{}}"	Critico	service_health_retirement	You’re receiving this notification because you’re associated with one or more Azure subscriptions currently using Azure Synapse Runtime for Apache Spark 3.4.	2026-03-03	https://learn.microsoft.com/azure/synapse-analytics/spark/apache-spark-35-runtime, https://learn.microsoft.com/azure/synapse-analytics/spark/runtime-for-apache-spark-lifecycle-and-supportability, https://portal.azure.com/#blade/Microsoft_Azure_Support/HelpAndSupportBlade/overview
Azure Synapse Analytics	Action required: Support for Synapse 3.4 ended on 31 March 2026 - Upgrade to Spark 3.5	Fatturazione	"{""platforms"":{""Fatturazione"":[""PROD-FATTURAZIONE""]}}"	Critico	other_advisory	You're receiving this notification because you're associated with one or more Azure subscriptions currently using Azure Synapse Runtime for Apache Spark 3.4.	2026-03-03	https://learn.microsoft.com/azure/synapse-analytics/spark/apache-spark-35-runtime, https://learn.microsoft.com/azure/synapse-analytics/spark/runtime-for-apache-spark-lifecycle-and-supportability, https://portal.azure.com/#blade/Microsoft_Azure_Support/HelpAndSupportBlade/overview
Azure Synapse Analytics	Post-retirement notice: Azure Synapse Spark 3.4 Retirement - Upgrade to Spark 3.5	Fatturazione	"{""platforms"":{""Fatturazione"":[""UAT-FATTURAZIONE""]}}"	Critico	service_health_retirement	You're receiving this notification because you're associated with one or more Azure subscriptions currently using Azure Synapse Runtime for Apache Spark 3.4.	2026-03-03	https://learn.microsoft.com/azure/synapse-analytics/spark/apache-spark-35-runtime, https://learn.microsoft.com/azure/synapse-analytics/spark/runtime-for-apache-spark-lifecycle-and-supportability, https://portal.azure.com/#blade/Microsoft_Azure_Support/HelpAndSupportBlade/overview
Apache Spark pool	Runtime for Apache Spark 3.4	Fatturazione	"{""platforms"":{""Fatturazione"":[""UAT-FATTURAZIONE""]}}"	Critico	advisor_retirement	Azure Synapse runtime for Apache Spark 3.4 is being retired.	2026-03-31	https://portal.azure.com/#resource/subscriptions/e94b082d-f723-4380-85ec-7998a33e8ad0/resourceGroups/fat-u-analytics-rg/providers/Microsoft.Synapse/workspaces/fat-u-synw/bigDataPools/sparkcls02/providers/Microsoft.Advisor/recommendations/29b74e6c-5dea-9744-d673-250ad1c8828a
Azure Kubernetes Service (AKS)	Action required: Upgrade your AKS clusters to version 1.33 or higher before 31 March 2026	pagoPA, PARI, Piattaforma Unifaria, Technology	"{""platforms"":{""PARI"":[""DEV-CSTAR"",""PROD-CSTAR"",""UAT-CSTAR""],""Piattaforma Unifaria"":[""DEV-P4PA"",""PROD-P4PA"",""UAT-P4PA""],""Technology"":[""DevOpsLab""],""pagoPA"":[""UAT-pagoPA""]}}"	Critico	service_health_retirement	You're receiving this notification because you're associated with one or more Azure subscriptions that are using Azure Kubernetes Service clusters on a retiring version.	2026-03-31	https://azure.microsoft.com/pricing/details/kubernetes-service/?cdn=disable, https://docs.microsoft.com/answers/topics/25346/azure-kubernetes-service.html, https://docs.microsoft.com/azure/aks/supported-kubernetes-versions#aks-kubernetes-release-calendar, https://docs.microsoft.com/azure/aks/tutorial-kubernetes-upgrade-cluster, https://github.com/Azure/AKS/issues/5076, https://learn.microsoft.com/azure/aks/long-term-support#enable-lts-on-an-existing-cluster, https://learn.microsoft.com/azure/aks/long-term-support#unsupported-add-ons-and-features, https://learn.microsoft.com/azure/aks/supported-kubernetes-versions?tabs=azure-cli#platform-support-policy, https://portal.azure.com/#create/Microsoft.Support/Parameters/%7B%0D%0A%09%22subId%22%3A+%22%22%2C%0D%0A%09%22pesId%22%3A+%225a3a423f-8667-9095-1770-0a554a934512%22%2C%0D%0A%09%22supportTopicId%22%3A+%2291f57f19-e9bb-a65c-ecbe-1faf664237e5%22%2C%0D%0A
Log Analytics	Prepare for the retirement of the Azure Monitor Log Analytics beta API on 31 March 2026	Security	"{""platforms"":{""Security"":[""Prod-Sec""]}}"	Critico	service_health_deprecation	You’re receiving this notification because your Azure or Microsoft Entra role is associated with one or more subscriptions that use the Azure Monitor Log Analytics beta API.	2026-03-31	https://aka.ms/azapi/versioning, https://aka.ms/laapideprecation, https://aka.ms/ServicesRetirementWorkbook, https://learn.microsoft.com/answers/tags/20/azure-monitor, https://learn.microsoft.com/azure/azure-monitor/logs/api/overview#try-the-log-analytics-api, https://learn.microsoft.com/azure/azure-monitor/logs/api/request-format, https://learn.microsoft.com/azure/azure-monitor/logs/api/response-format, https://portal.azure.com/#blade/Microsoft_Azure_Support/HelpAndSupportBlade/newsupportrequest
App Service	Action recommended: Upgrade your App Service apps to Node 22 LTS by 30 April 2026	IO	"{""platforms"":{""IO"":[""DEV-IO"",""PROD-IO""]}}"	Critico	service_health_retirement	You're receiving this notification because you're associated with one or more Azure subscriptions that use a Node 20 LTS app on Azure App Service.	2026-04-30	https://aka.ms/appserviceqa, https://aka.ms/nodeversion, https://aka.ms/ServicesRetirementWorkbook, https://learn.microsoft.com/azure/app-service/language-support-policy, https://portal.azure.com/#blade/Microsoft_Azure_Support/HelpAndSupportBlade/overview
Virtual Machines	Action required: Verify your OS compatibility with Microsoft Azure Network Adapter (MANA) hardware for Intel D- and E- v5-series VMs and Cobalt 100 D- and E- v6-series VMs	ICT, pagoPA, PARI	"{""platforms"":{""ICT"":[""PROD-ICT""],""PARI"":[""PROD-CSTAR"",""UAT-CSTAR""],""pagoPA"":[""DEV-pagoPA"",""UAT-pagoPA""]}}"	Critico	service_health_retirement	You're receiving this notification because you're running one or more Azure virtual machine workloads that may be affected by an upcoming infrastructure change.	2026-05-26	https://learn.microsoft.com/azure/virtual-machines/vm-support-help, https://learn.microsoft.com/azure/virtual-network/accelerated-networking-mana-existing-sizes, https://learn.microsoft.com/azure/virtual-network/accelerated-networking-mana-linux, https://learn.microsoft.com/azure/virtual-network/accelerated-networking-mana-network-virtual-appliance-opt-out, https://learn.microsoft.com/azure/virtual-network/accelerated-networking-mana-network-virtual-appliance-opt-out#temporary-mana-exception-with-legacyvmnva, https://learn.microsoft.com/azure/virtual-network/accelerated-networking-mana-overview, https://learn.microsoft.com/azure/virtual-network/accelerated-networking-mana-windows#verify-that-traffic-is-flowing-through-mana, https://learn.microsoft.com/azure/virtual-network/accelerated-networking-overview?tabs=NetworkManager
Marketplace	Deprecation notice: Migrate to new Microsoft Marketplace Windows Server 2022 images by 9 June 2026	Technology	"{""platforms"":{""Technology"":[""ORG""]}}"	Critico	service_health_deprecation	You’re receiving this notification because you’re associated with one or more Azure subscriptions that use Marketplace Windows Server 2022 images.	2026-06-09	https://learn.microsoft.com/azure/azure-portal/supportability/how-to-create-azure-support-request, https://support.serviceshub.microsoft.com/supportforbusiness/onboarding?origin=/supportforbusiness/create, https://techcommunity.microsoft.com/blog/azurecompute/incoming-changes-for-window-server-2022-marketplace-image-users/4262423
Storage Accounts	Retirement notice: Migrate your legacy Azure general-purpose v1 account to a general-purpose v2 account	CRM, DevEx, Fatturazione, ICT, IO, pagoPA, SelfCare	"{""platforms"":{""CRM"":[""DEV-CRM""],""DevEx"":[""DEV-ENGINEERING"",""PROD-TRIAL""],""Fatturazione"":[""PROD-FATTURAZIONE""],""ICT"":[""PROD-ICT""],""IO"":[""DEV-IO"",""PROD-IO""],""SelfCare"":[""DEV-SelfCare""],""pagoPA"":[""DEV-pagoPA""]}}"	Critico	service_health_retirement	You're receiving this notification because you're associated with one or more Azure subscriptions that have a legacy blob storage account. For reference, you can find this notification in the Azure portal under Service Health/ Health advisories using tracking ID: XTKT-BW8.	2026-06-24	https://aka.ms/air/XTKT-BW8/1, https://aka.ms/air/XTKT-BW8/2, https://aka.ms/AzureServiceHealthAdvisories, https://aka.ms/ServicesRetirementWorkbook, https://learn.microsoft.com/answers/tags/125/azure-blob-storage, https://learn.microsoft.com/azure/storage/common/legacy-blob-storage-account-migration-overview, https://portal.azure.com/#blade/Microsoft_Azure_Support/HelpAndSupportBlade/overview, https://portal.azure.com/#view/Microsoft_Azure_StorageHub/StorageHub.MenuView/~/StorageAccountsBrowse
Azure Database for PostgreSQL flexible servers	Retirement notice: We're improving the high availability experience for Azure Database for PostgreSQL	DevEx, IO, pagoPA	"{""platforms"":{""DevEx"":[""DEV-ENGINEERING""],""IO"":[""PROD-IO""],""pagoPA"":[""DEV-pagoPA"",""UAT-pagoPA""]}}"	Critico	service_health_retirement	You’re receiving this notification because you’re associated with one or more Azure subscriptions with Azure Database for PostgreSQL flexible server instances. For reference, you can find this notification in the Azure portal under Service Health/ Health advisories using tracking ID: ZPDZ-SL8.	2026-08-31	https://aka.ms/AzureServiceHealthAdvisories, https://feedback.azure.com/d365community/forum/c5e32b97-ee24-ec11-b6e6-000d3a4f0da0, https://learn.microsoft.com/answers/tags/214/azure-database-postgresql, https://learn.microsoft.com/azure/postgresql/high-availability/concepts-high-availability#configure-business-critical-high-availability-options, https://learn.microsoft.com/azure/postgresql/high-availability/how-to-configure-high-availability?tabs=portal-enable-existing-server%2Cportal-disable-existing-server%2Cportal-enable-new-server%2Cportal-forced-failover%2Cportal-planned-failover#limitations-and-considerations, https://portal.azure.com/#blade/Microsoft_Azure_Support/HelpAndSupportBlade/newsupportrequest
Availability test	Single URL Ping Test	DevEx, IO, pagoPA, Technology	"{""platforms"":{""DevEx"":[""DEV-ENGINEERING""],""IO"":[""PROD-IO""],""Technology"":[""DevOpsLab""],""pagoPA"":[""PROD-pagoPA""]}}"	Prioritario	advisor_retirement	The URL ping test capability of the application insights feature for Azure Monitor is being retired.	2026-09-30	https://portal.azure.com/#resource/subscriptions/ac17914c-79bf-48fa-831e-1359ef74c1d5/resourceGroups/dvopla-d-monitor-rg/providers/microsoft.insights/webtests/test%20tokeniser%20uat-dvopla-d-appinsights/providers/Microsoft.Advisor/recommendations/48e979eb-23b3-0b77-81ca-b3870ff2326b, https://portal.azure.com/#resource/subscriptions/b9fc9419-6097-45fe-9f74-ba0641c91912/resourceGroups/pagopa-p-monitor-rg/providers/microsoft.insights/webtests/pagopa-p-apim-pagopa-p-appinsights/providers/Microsoft.Advisor/recommendations/e3d27ad0-d6ce-0445-7a41-284f6ed466f0, https://portal.azure.com/#resource/subscriptions/b9fc9419-6097-45fe-9f74-ba0641c91912/resourceGroups/pagopa-p-monitor-rg/providers/Microsoft.Insights/webtests/pagopa-p-assets-platform-web-test/providers/Microsoft.Advisor/recommendations/a01a55e5-aed8-ce34-4bf3-e30d07e59e06, https://portal.azure.com/#resource/subscriptions/d7de83e0-0571-40ad-b63a-64c942385eae/resourceGroups/io-poc-lg-rg/providers/microsoft.insights/webtests/ping%20info-io-poc-lg/providers/Microsoft.Advisor/recommendations/6e78baa4-1cb0-fc58-4a3b-082bb6b65285, https://portal.azure.com/#resource/subscriptions/d7de83e0-0571-40ad-b63a-64c942385eae/resourceGroups/io-poc-lg-rg/providers/microsoft.insights/webtests/ping%20validator-io-poc-lg/providers/Microsoft.Advisor/recommendations/62ee4665-e32a-a26a-55d1-2ae82087566a, https://portal.azure.com/#resource/subscriptions/ec285037-c673-4f58-b594-d7c480da4e8b/resourceGroups/io-p-rg-common/providers/Microsoft.Insights/webtests/io-p-wt-func-iopayportal/providers/Microsoft.Advisor/recommendations/21925da6-595e-702d-fdb8-ba333aaa1a72, https://portal.azure.com/#resource/subscriptions/ec285037-c673-4f58-b594-d7c480da4e8b/resourceGroups/io-p-rg-common/providers/microsoft.insights/webtests/spidl2-xx-testenv2-io-p-ai-common/providers/Microsoft.Advisor/recommendations/3f7b648d-cf75-397f-5a54-efc2d6145947
Kubernetes service	Legacy authentication for Container Insights - Azure Monitor	pagoPA, PARI, Piattaforma Unifaria, Technology	"{""platforms"":{""PARI"":[""DEV-CSTAR"",""PROD-CSTAR"",""UAT-CSTAR""],""Piattaforma Unifaria"":[""DEV-P4PA"",""PROD-P4PA"",""UAT-P4PA""],""Technology"":[""DevOpsLab""],""pagoPA"":[""DEV-pagoPA"",""PROD-pagoPA"",""UAT-pagoPA""]}}"	Prioritario	advisor_retirement	Migrate to Container insights managed identity authentication	2026-09-30	https://portal.azure.com/#resource/subscriptions/00288c16-f581-4bb4-9c52-6954dce102f4/resourceGroups/p4pa-d-itn-dev-aks-rg/providers/Microsoft.ContainerService/managedClusters/p4pa-d-itn-dev-aks/providers/Microsoft.Advisor/recommendations/a29e1b8d-d2c6-1f85-8a5c-ed11b09b896a, https://portal.azure.com/#resource/subscriptions/1b06ce19-c192-49b3-8418-0f5bf013ea5f/resourceGroups/p4pa-u-itn-uat-aks-rg/providers/Microsoft.ContainerService/managedClusters/p4pa-u-itn-uat-aks/providers/Microsoft.Advisor/recommendations/cfcec54b-7e4e-45b5-da87-74002c5cba1b, https://portal.azure.com/#resource/subscriptions/1f1a5d38-ab5b-44af-b709-1d4085443abb/resourceGroups/p4pa-p-itn-prod-aks-rg/providers/Microsoft.ContainerService/managedClusters/p4pa-p-itn-prod-aks/providers/Microsoft.Advisor/recommendations/27a86ff6-6e61-ac80-5499-415a7f0afff3, https://portal.azure.com/#resource/subscriptions/26abc801-0d8f-4a6e-ac5f-8e81bcc09112/resourceGroups/pagopa-u-weu-uat-aks-rg/providers/Microsoft.ContainerService/managedClusters/pagopa-u-weu-uat-aks/providers/Microsoft.Advisor/recommendations/4b23f968-69af-9429-b46c-e916fb533cea, https://portal.azure.com/#resource/subscriptions/4d177dd6-5c7d-40ab-8019-0c1be380a25d/resourceGroups/cstar-d-itn-core-aks-rg/providers/Microsoft.ContainerService/managedClusters/cstar-d-itn-dev-aks/providers/Microsoft.Advisor/recommendations/84480b5b-baca-e715-7162-8339c200c8d6, https://portal.azure.com/#resource/subscriptions/4d177dd6-5c7d-40ab-8019-0c1be380a25d/resourceGroups/cstar-d-weu-dev01-aks-rg/providers/Microsoft.ContainerService/managedClusters/cstar-d-weu-dev01-aks/providers/Microsoft.Advisor/recommendations/34c3bc22-b9b0-751d-6060-3fe0dbcb4b8a, https://portal.azure.com/#resource/subscriptions/88c709b0-11cf-4450-856e-f9bf54051c1d/resourceGroups/cstar-p-itn-core-aks-rg/providers/Microsoft.ContainerService/managedClusters/cstar-p-itn-prod-aks/providers/Microsoft.Advisor/recommendations/34b777b6-72d2-cae4-b911-f85db3789187, https://portal.azure.com/#resource/subscriptions/88c709b0-11cf-4450-856e-f9bf54051c1d/resourceGroups/cstar-p-weu-prod01-aks-rg/providers/Microsoft.ContainerService/managedClusters/cstar-p-weu-prod01-aks/providers/Microsoft.Advisor/recommendations/73e4534c-393e-4dd1-908c-4e847874a608, https://portal.azure.com/#resource/subscriptions/ac17914c-79bf-48fa-831e-1359ef74c1d5/resourceGroups/dvopla-d-itn-dev-aks-rg/providers/Microsoft.ContainerService/managedClusters/dvopla-d-itn-dev-aks/providers/Microsoft.Advisor/recommendations/5f7f6026-6a40-33ca-b294-aaf326b524d2, https://portal.azure.com/#resource/subscriptions/b9fc9419-6097-45fe-9f74-ba0641c91912/resourceGroups/pagopa-p-itn-prod-aks-rg/providers/Microsoft.ContainerService/managedClusters/pagopa-p-itn-prod-aks/providers/Microsoft.Advisor/recommendations/6b609c26-2882-d1b2-5152-9eedd7133b7e, https://portal.azure.com/#resource/subscriptions/b9fc9419-6097-45fe-9f74-ba0641c91912/resourceGroups/pagopa-p-weu-prod-aks-rg/providers/Microsoft.ContainerService/managedClusters/pagopa-p-weu-prod-aks/providers/Microsoft.Advisor/recommendations/49f90d00-fcea-0062-0292-9f6a19c136db, https://portal.azure.com/#resource/subscriptions/bbe47ad4-08b3-4925-94c5-1278e5819b86/resourceGroups/pagopa-d-weu-dev-aks-rg/providers/Microsoft.ContainerService/managedClusters/pagopa-d-weu-dev-aks/providers/Microsoft.Advisor/recommendations/d8f1efed-0795-491c-5c84-1d5c8bdea729, https://portal.azure.com/#resource/subscriptions/f9f0ed60-4b4b-49a6-97cb-8c8a0f9e2435/resourceGroups/cstar-u-itn-core-aks-rg/providers/Microsoft.ContainerService/managedClusters/cstar-u-itn-uat-aks/providers/Microsoft.Advisor/recommendations/e90d6752-9230-dbb2-ed07-122682c639d7, https://portal.azure.com/#resource/subscriptions/f9f0ed60-4b4b-49a6-97cb-8c8a0f9e2435/resourceGroups/cstar-u-weu-uat01-aks-rg/providers/Microsoft.ContainerService/managedClusters/cstar-u-weu-uat01-aks/providers/Microsoft.Advisor/recommendations/d26d9b73-807d-4277-6d64-4ae54191f121
Virtual network gateway	Non-AZ VPNs	Carta Giovani, ICT, Platform Service Management, SelfCare	"{""platforms"":{""Carta Giovani"":[""PROD-Esercenti"",""UAT-Esercenti""],""ICT"":[""PROD-ICT""],""Platform Service Management"":[""DEV-PLATFORM-SM"",""PROD-PLATFORM-SM""],""SelfCare"":[""DEV-SelfCare"",""PROD-SelfCare"",""UAT-SelfCare""]}}"	Prioritario	advisor_retirement	VpnGw1-5 (Non-Availability Zones SKUs) is being retired.	2026-09-30	https://portal.azure.com/#resource/subscriptions/1ab5e788-3b98-4c63-bd05-de0c7388c853/resourceGroups/selc-d-vnet-rg/providers/Microsoft.Network/virtualNetworkGateways/selc-d-vpn-gw/providers/Microsoft.Advisor/recommendations/076899e7-c781-447b-4287-9ad7c520487d, https://portal.azure.com/#resource/subscriptions/2d2f0c09-adad-4118-8ef8-8bf737bdca76/resourceGroups/plsm-d-itn-network-rg-01/providers/Microsoft.Network/virtualNetworkGateways/plsm-d-itn-vpn-vgw-01/providers/Microsoft.Advisor/recommendations/fb396176-b7c7-d35f-01da-6c6ef736e0de, https://portal.azure.com/#resource/subscriptions/74da48a3-b0e7-489d-8172-da79801086ed/resourceGroups/io-p-itn-cgn-pe-rg-01/providers/Microsoft.Network/virtualNetworkGateways/io-p-itn-vgw-01-gw/providers/Microsoft.Advisor/recommendations/d2c52e27-86ae-501c-afc4-b6628e239dfb, https://portal.azure.com/#resource/subscriptions/813119d7-0943-46ed-8ebe-cebe24f9106c/resourceGroups/selc-p-vnet-rg/providers/Microsoft.Network/virtualNetworkGateways/selc-p-vpn-gw/providers/Microsoft.Advisor/recommendations/3c99221a-a3f8-4885-8327-79462b241f70, https://portal.azure.com/#resource/subscriptions/c703d239-22b7-4d1a-9433-145daa884c10/resourceGroups/plsm-p-itn-network-rg-01/providers/Microsoft.Network/virtualNetworkGateways/plsm-p-itn-vpn-vgw-01/providers/Microsoft.Advisor/recommendations/6c23ecbb-cd37-bdfa-25e0-c9deb6a8a125, https://portal.azure.com/#resource/subscriptions/d1a90d9f-6ee1-4fb2-a149-7aedbf3ed49d/resourceGroups/io-u-itn-cgn-pe-rg-01/providers/Microsoft.Network/virtualNetworkGateways/io-u-itn-vgw-01-gw/providers/Microsoft.Advisor/recommendations/0517b7c2-c14e-29ef-ca2f-71f0c86a36ec, https://portal.azure.com/#resource/subscriptions/f47d50dc-b874-4e04-9d5c-c27f5053a651/resourceGroups/selc-u-vnet-rg/providers/Microsoft.Network/virtualNetworkGateways/selc-u-vpn-gw/providers/Microsoft.Advisor/recommendations/e1659f22-b245-eaf1-683a-ef4c74836d02, https://portal.azure.com/#resource/subscriptions/f4b92052-083f-493c-b765-6d6a28eb809c/resourceGroups/ict-p-shared-rg/providers/Microsoft.Network/virtualNetworkGateways/ict-p-s2s-vpn-gw/providers/Microsoft.Advisor/recommendations/7a90c719-d5fd-78a7-a9a5-5f7268c7b1fb
Storage Account	Legacy Blob and General-Purpose v1 storage accounts	CRM, DevEx, Fatturazione, ICT, IO, pagoPA, SelfCare	"{""platforms"":{""CRM"":[""DEV-CRM""],""DevEx"":[""DEV-ENGINEERING"",""PROD-TRIAL""],""Fatturazione"":[""PROD-FATTURAZIONE""],""ICT"":[""PROD-ICT""],""IO"":[""DEV-IO"",""PROD-IO""],""SelfCare"":[""DEV-SelfCare""],""pagoPA"":[""DEV-pagoPA""]}}"	Prioritario	advisor_retirement	Upgrade general-purpose v1 storage accounts	2026-10-13	https://portal.azure.com/#resource/subscriptions/1ab5e788-3b98-4c63-bd05-de0c7388c853/resourceGroups/azuredurablefunctionstyp/providers/Microsoft.Storage/storageAccounts/azuredurablefunctionstyp/providers/Microsoft.Advisor/recommendations/e6812a77-b29c-0558-96fc-4dbb49060187, https://portal.azure.com/#resource/subscriptions/1ab5e788-3b98-4c63-bd05-de0c7388c853/resourceGroups/selc-d-workflow-rg/providers/Microsoft.Storage/storageAccounts/selcdworkflowtestfa1ccd/providers/Microsoft.Advisor/recommendations/6dc301be-6f8f-5662-4f51-d94b22b14077, https://portal.azure.com/#resource/subscriptions/794146a8-9ae6-4002-b37c-f51d91ecc399/resourceGroups/fat-p-sm_group/providers/Microsoft.Storage/storageAccounts/fatpsmgroupaf46/providers/Microsoft.Advisor/recommendations/ce9429f3-384c-adcb-6721-8186caa0090c, https://portal.azure.com/#resource/subscriptions/a2124115-ba74-462f-832a-9192cbd03649/resourceGroups/ts-p-ops-rg/providers/Microsoft.Storage/storageAccounts/tspopslapptest/providers/Microsoft.Advisor/recommendations/98f104b8-fd8f-55f5-d84b-3b6aa81ed029, https://portal.azure.com/#resource/subscriptions/a4e96bcd-59dc-4d66-b2f7-5547ad157c12/resourceGroups/dev-alessio/providers/Microsoft.Storage/storageAccounts/devalessio8f3c/providers/Microsoft.Advisor/recommendations/1ec588eb-5985-b1f7-326c-2eb94aa12181, https://portal.azure.com/#resource/subscriptions/a4e96bcd-59dc-4d66-b2f7-5547ad157c12/resourceGroups/dev-fn-elt/providers/Microsoft.Storage/storageAccounts/iodstfn3elt/providers/Microsoft.Advisor/recommendations/37881dac-15f7-e405-0cfd-f9cc480a5a06, https://portal.azure.com/#resource/subscriptions/a4e96bcd-59dc-4d66-b2f7-5547ad157c12/resourceGroups/dev-lorenzo/providers/Microsoft.Storage/storageAccounts/devlorenzo947b/providers/Microsoft.Advisor/recommendations/d7905889-eb90-7f67-ba61-36535237eaf0, https://portal.azure.com/#resource/subscriptions/a4e96bcd-59dc-4d66-b2f7-5547ad157c12/resourceGroups/dev-scirulli/providers/Microsoft.Storage/storageAccounts/devscirulli8958/providers/Microsoft.Advisor/recommendations/e1529fc8-e029-9ba3-8245-bec78e494d58, https://portal.azure.com/#resource/subscriptions/a4e96bcd-59dc-4d66-b2f7-5547ad157c12/resourceGroups/grausof/providers/Microsoft.Storage/storageAccounts/grausof/providers/Microsoft.Advisor/recommendations/d90f5b88-3187-4b62-0f23-280be3b19faf, https://portal.azure.com/#resource/subscriptions/a4e96bcd-59dc-4d66-b2f7-5547ad157c12/resourceGroups/io-d-itn-wallet-rg/providers/Microsoft.Storage/storageAccounts/ioditnwalletrg9a34/providers/Microsoft.Advisor/recommendations/89b5e411-1e70-ac6b-9a03-d9ba1713958f, https://portal.azure.com/#resource/subscriptions/a4e96bcd-59dc-4d66-b2f7-5547ad157c12/resourceGroups/io-d-itn-wallet-rg/providers/Microsoft.Storage/storageAccounts/ioditnwalletrga9a2/providers/Microsoft.Advisor/recommendations/c624b7e9-ce78-1981-cc21-e09e56425f6b, https://portal.azure.com/#resource/subscriptions/bbe47ad4-08b3-4925-94c5-1278e5819b86/resourceGroups/test-caccuri/providers/Microsoft.Storage/storageAccounts/testcaccurib8d1/providers/Microsoft.Advisor/recommendations/2d361ce5-93f0-3636-32ad-e2e1f2a40606, https://portal.azure.com/#resource/subscriptions/bbe47ad4-08b3-4925-94c5-1278e5819b86/resourceGroups/test-smo-rg/providers/Microsoft.Storage/storageAccounts/testsmorg88ce/providers/Microsoft.Advisor/recommendations/87f79370-06d4-0e9d-5b70-47cca738b2a7, https://portal.azure.com/#resource/subscriptions/d7de83e0-0571-40ad-b63a-64c942385eae/resourceGroups/dev/providers/Microsoft.Storage/storageAccounts/dev8454/providers/Microsoft.Advisor/recommendations/61640f27-941a-c07a-d269-67f4bf5058fd, https://portal.azure.com/#resource/subscriptions/d7de83e0-0571-40ad-b63a-64c942385eae/resourceGroups/dev/providers/Microsoft.Storage/storageAccounts/deva1ac/providers/Microsoft.Advisor/recommendations/f9da95ce-4fdb-0dca-2354-67664da37606, https://portal.azure.com/#resource/subscriptions/d7de83e0-0571-40ad-b63a-64c942385eae/resourceGroups/dev/providers/Microsoft.Storage/storageAccounts/iofunctiondeploy/providers/Microsoft.Advisor/recommendations/5d955d2a-dbc6-d85c-a15e-047307da6d66, https://portal.azure.com/#resource/subscriptions/d7de83e0-0571-40ad-b63a-64c942385eae/resourceGroups/dev/providers/Microsoft.Storage/storageAccounts/iosigndev/providers/Microsoft.Advisor/recommendations/ca5c6685-8229-e75c-9958-f54d15606922, https://portal.azure.com/#resource/subscriptions/d7de83e0-0571-40ad-b63a-64c942385eae/resourceGroups/io-d-wallet-it_group/providers/Microsoft.Storage/storageAccounts/iodwalletit/providers/Microsoft.Advisor/recommendations/25dfcba0-f06a-cffb-a6fe-1fea87d7013f, https://portal.azure.com/#resource/subscriptions/d7de83e0-0571-40ad-b63a-64c942385eae/resourceGroups/io-poc-d-rg/providers/Microsoft.Storage/storageAccounts/iopocdrg9d6c/providers/Microsoft.Advisor/recommendations/f6ed23bf-53ff-3fa5-6099-4fc097ac483e, https://portal.azure.com/#resource/subscriptions/d7de83e0-0571-40ad-b63a-64c942385eae/resourceGroups/io-poc-lg-rg/providers/Microsoft.Storage/storageAccounts/iopoclgrg92c1/providers/Microsoft.Advisor/recommendations/67ae1731-2839-b5eb-59d8-f998d0224d82, https://portal.azure.com/#resource/subscriptions/d7de83e0-0571-40ad-b63a-64c942385eae/resourceGroups/io-poc-lg-rg/providers/Microsoft.Storage/storageAccounts/iopoclgrgb9b2/providers/Microsoft.Advisor/recommendations/a50b2fce-2e7d-c61a-c318-c09a4faa4387, https://portal.azure.com/#resource/subscriptions/d7de83e0-0571-40ad-b63a-64c942385eae/resourceGroups/iosignbroken/providers/Microsoft.Storage/storageAccounts/iosignbroken4b1e10/providers/Microsoft.Advisor/recommendations/86baf98f-21d2-2c85-2a4a-0f919ef882a8, https://portal.azure.com/#resource/subscriptions/eabd491e-e8ad-4104-88a6-91bde355e497/resourceGroups/App-daticalcolati-quotidiani_group/providers/Microsoft.Storage/storageAccounts/appdaticalcolatiquo9c07/providers/Microsoft.Advisor/recommendations/0c114104-225a-a8d5-d49d-c6da8e5a800e, https://portal.azure.com/#resource/subscriptions/ec285037-c673-4f58-b594-d7c480da4e8b/resourceGroups/io-p-rg-operations/providers/Microsoft.Storage/storageAccounts/iopstfn3slackbot/providers/Microsoft.Advisor/recommendations/bbc1499a-adc6-4bb4-226c-0829bc220535, https://portal.azure.com/#resource/subscriptions/f4b92052-083f-493c-b765-6d6a28eb809c/resourceGroups/ict-p-migrate-rg/providers/Microsoft.Storage/storageAccounts/migratersa834927104/providers/Microsoft.Advisor/recommendations/b3367f59-78e1-6181-6c3d-d6c884a37514
Storage Accounts	Action required: Migrate your legacy Azure general-purpose v1 account to a general-purpose v2 account	ICT, Security, Technology	"{""platforms"":{""ICT"":[""DEV-ICT""],""Security"":[""Prod-Sec""],""Technology"":[""DevOpsLab""]}}"	Prioritario	service_health_retirement	You're receiving this notification because you're associated with one or more Azure subscriptions that have a legacy blob storage account.	2026-10-13	https://aka.ms/ServicesRetirementWorkbook, https://learn.microsoft.com/answers/tags/125/azure-blob-storage, https://learn.microsoft.com/azure/storage/common/legacy-blob-storage-account-migration-overview, https://portal.azure.com/#blade/Microsoft_Azure_Support/HelpAndSupportBlade/overview, https://portal.azure.com/#view/Microsoft_Azure_StorageHub/StorageHub.MenuView/~/StorageAccountsBrowse
Key vault	API versions prior to 2026-02-01	DevEx, IO, pagoPA, SelfCare	"{""platforms"":{""DevEx"":[""DEV-DEVEX""],""IO"":[""PROD-IO""],""SelfCare"":[""DEV-SelfCare""],""pagoPA"":[""DEV-pagoPA""]}}"	Da pianificare	advisor_retirement	Azure Key Vault API versions prior to 2026-02-01 are being retired	2027-02-27	https://portal.azure.com/#resource/subscriptions/1ab5e788-3b98-4c63-bd05-de0c7388c853/resourceGroups/selc-d-pnpg-sec-rg/providers/Microsoft.KeyVault/vaults/selc-d-pnpg-kv/providers/Microsoft.Advisor/recommendations/885fa4d0-5b59-41d7-15cf-b5c9f29eee4c, https://portal.azure.com/#resource/subscriptions/1ab5e788-3b98-4c63-bd05-de0c7388c853/resourceGroups/selc-d-sec-rg/providers/Microsoft.KeyVault/vaults/selc-d-kv/providers/Microsoft.Advisor/recommendations/ce44f358-e228-cce8-465a-4d7dccf97966, https://portal.azure.com/#resource/subscriptions/35e6e3b2-4388-470e-a1b9-ad3bc34326d1/resourceGroups/dx-d-itn-e2e-appcs-rg-01/providers/Microsoft.KeyVault/vaults/dx-d-itn-e2e-kv-16/providers/Microsoft.Advisor/recommendations/d5578d42-8523-1c2f-886c-32ee156a5221, https://portal.azure.com/#resource/subscriptions/35e6e3b2-4388-470e-a1b9-ad3bc34326d1/resourceGroups/dx-d-itn-ghrapp-rg-01/providers/Microsoft.KeyVault/vaults/dx-d-itn-ghrapp-kv-89/providers/Microsoft.Advisor/recommendations/be6def98-561d-a398-3467-0e785dd96bc1, https://portal.azure.com/#resource/subscriptions/35e6e3b2-4388-470e-a1b9-ad3bc34326d1/resourceGroups/dx-d-itn-ghrpat-rg-01/providers/Microsoft.KeyVault/vaults/dx-d-itn-ghrpat-kv-79/providers/Microsoft.Advisor/recommendations/1f5c76fd-ddb2-b055-ae34-e9dff37a9d43, https://portal.azure.com/#resource/subscriptions/35e6e3b2-4388-470e-a1b9-ad3bc34326d1/resourceGroups/dx-d-itn-int-ac-rg-01/providers/Microsoft.KeyVault/vaults/dx-d-itn-int-ac-kv-86/providers/Microsoft.Advisor/recommendations/1cdea4c2-9b53-0c67-bd63-8cb1fcd2224e, https://portal.azure.com/#resource/subscriptions/35e6e3b2-4388-470e-a1b9-ad3bc34326d1/resourceGroups/dx-d-itn-int-ghr-rg-01/providers/Microsoft.KeyVault/vaults/dx-d-itn-int-ghr-kv-71/providers/Microsoft.Advisor/recommendations/be3fd27b-cf82-c1fd-23f4-906ce1e87492, https://portal.azure.com/#resource/subscriptions/35e6e3b2-4388-470e-a1b9-ad3bc34326d1/resourceGroups/dx-d-itn-integration-cdb-rg-01/providers/Microsoft.KeyVault/vaults/dx-d-itn-int-cdb-kv-86/providers/Microsoft.Advisor/recommendations/9eb36748-c3c4-b021-9d2a-330f5ea02a49, https://portal.azure.com/#resource/subscriptions/bbe47ad4-08b3-4925-94c5-1278e5819b86/resourceGroups/pagopa-d-itn-qa-sec-rg/providers/Microsoft.KeyVault/vaults/pagopa-d-itn-qa-kv/providers/Microsoft.Advisor/recommendations/3b3daf90-60fa-ad2a-e878-037a6c562e64, https://portal.azure.com/#resource/subscriptions/ec285037-c673-4f58-b594-d7c480da4e8b/resourceGroups/io-p-citizen-auth-sec-rg/providers/Microsoft.KeyVault/vaults/io-p-citizen-auth-kv/providers/Microsoft.Advisor/recommendations/df409b8e-e1a9-22fc-e4eb-b83ff9062099, https://portal.azure.com/#resource/subscriptions/ec285037-c673-4f58-b594-d7c480da4e8b/resourceGroups/io-p-ioweb-sec-rg/providers/Microsoft.KeyVault/vaults/io-p-ioweb-kv/providers/Microsoft.Advisor/recommendations/bbb24d84-26be-fdc6-a48b-df1860be10a4, https://portal.azure.com/#resource/subscriptions/ec285037-c673-4f58-b594-d7c480da4e8b/resourceGroups/io-p-itn-auth-main-rg-01/providers/Microsoft.KeyVault/vaults/io-p-itn-auth-kv-01/providers/Microsoft.Advisor/recommendations/6bed8ed9-ebec-7688-0e2e-08a3aed995cd, https://portal.azure.com/#resource/subscriptions/ec285037-c673-4f58-b594-d7c480da4e8b/resourceGroups/io-p-itn-ioweb-rg-01/providers/Microsoft.KeyVault/vaults/io-p-itn-ioweb-kv-01/providers/Microsoft.Advisor/recommendations/2ff1a673-5bbc-1c14-498d-afc7cc0272ff, https://portal.azure.com/#resource/subscriptions/ec285037-c673-4f58-b594-d7c480da4e8b/resourceGroups/io-p-itn-svc-rg-01/providers/Microsoft.KeyVault/vaults/io-p-itn-svc-kv/providers/Microsoft.Advisor/recommendations/24cbfc1d-dc91-f859-f71a-6290a8d96db3, https://portal.azure.com/#resource/subscriptions/ec285037-c673-4f58-b594-d7c480da4e8b/resourceGroups/io-p-rg-common/providers/Microsoft.KeyVault/vaults/io-p-kv-common/providers/Microsoft.Advisor/recommendations/baaca006-397e-bca0-6e69-8f56ba1029d7
Application gateway	WAF v2 Config	Carta Giovani, Fatturazione, pagoPA, PARI, SelfCare	"{""platforms"":{""Carta Giovani"":[""PROD-Esercenti"",""UAT-Esercenti""],""Fatturazione"":[""PROD-FATTURAZIONE""],""PARI"":[""PROD-CSTAR""],""SelfCare"":[""PROD-SelfCare""],""pagoPA"":[""PROD-pagoPA""]}}"	Da pianificare	advisor_retirement	Application Gateway Web Application Firewall v2 configuration is retiring	2027-03-31	https://portal.azure.com/#resource/subscriptions/74da48a3-b0e7-489d-8172-da79801086ed/resourceGroups/io-p-itn-cgn-pe-rg-01/providers/Microsoft.Network/applicationGateways/io-p-itn-cgn-pe-agw-01/providers/Microsoft.Advisor/recommendations/6330a6a3-1d46-7c1d-1822-153efed6e0c9, https://portal.azure.com/#resource/subscriptions/794146a8-9ae6-4002-b37c-f51d91ecc399/resourceGroups/fat-p-networking-rg/providers/Microsoft.Network/applicationGateways/fat-p-agw/providers/Microsoft.Advisor/recommendations/910dc15d-5779-6508-5b3a-1c7e96736c2a, https://portal.azure.com/#resource/subscriptions/813119d7-0943-46ed-8ebe-cebe24f9106c/resourceGroups/selc-p-vnet-rg/providers/Microsoft.Network/applicationGateways/selc-p-app-gw/providers/Microsoft.Advisor/recommendations/1a014d02-01d2-5158-09f3-011704455849, https://portal.azure.com/#resource/subscriptions/88c709b0-11cf-4450-856e-f9bf54051c1d/resourceGroups/cstar-p-vnet-rg/providers/Microsoft.Network/applicationGateways/cstar-p-app-gw-maz/providers/Microsoft.Advisor/recommendations/52105f25-5a83-2566-a41c-ceed3599eaa5, https://portal.azure.com/#resource/subscriptions/b9fc9419-6097-45fe-9f74-ba0641c91912/resourceGroups/pagopa-p-vnet-rg/providers/Microsoft.Network/applicationGateways/pagopa-p-app-gw/providers/Microsoft.Advisor/recommendations/9e215151-0606-1e23-8093-df87dab8d7de, https://portal.azure.com/#resource/subscriptions/d1a90d9f-6ee1-4fb2-a149-7aedbf3ed49d/resourceGroups/io-u-itn-cgn-pe-rg-01/providers/Microsoft.Network/applicationGateways/io-u-itn-cgn-pe-agw-01/providers/Microsoft.Advisor/recommendations/c451a3dc-6131-aced-d0a1-057255b4779b
Azure Functions	Retirement notice: Ensure your resources that interact with Azure Functions are using TLS 1.2 or later before 31 May 2027	IO	"{""platforms"":{""IO"":[""PROD-IO""]}}"	Da pianificare	service_health_deprecation	You're receiving this notice because you're associated with one or more Azure subscriptions using Azure Functions resources that still allow TLS 1.0 or TLS 1.1.	2027-05-31	https://aka.ms/ServicesRetirementWorkbook, https://aka.ms/tls-deprecation-appservice/config, https://aka.ms/tls-deprecation-functions/qa, https://learn.microsoft.com/azure/app-service/tls-minimum-version?tabs=portal#check-for-tls-10-and-11-traffic, https://learn.microsoft.com/azure/app-service/tls-minimum-version?tabs=portal#update-your-minimum-tls-version, https://portal.azure.com/#blade/Microsoft_Azure_Support/HelpAndSupportBlade/overview
Logic Apps	Retirement notice: Ensure your resources that interact with Azure Logic Apps are using TLS 1.2 or later before 31 May 2027	IO	"{""platforms"":{""IO"":[""PROD-IO""]}}"	Da pianificare	service_health_deprecation	You're receiving this notice because you're associated with one or more Azure subscriptions using Azure Logic Apps resources that still allow TLS 1.0 or TLS 1.1.	2027-05-31	https://aka.ms/ServicesRetirementWorkbook, https://aka.ms/tls-deprecation-appservice/config, https://aka.ms/tls-deprecation-logicapps/qa, https://learn.microsoft.com/azure/app-service/tls-minimum-version?tabs=portal#check-for-tls-10-and-11-traffic, https://learn.microsoft.com/azure/app-service/tls-minimum-version?tabs=portal#update-your-minimum-tls-version, https://portal.azure.com/#blade/Microsoft_Azure_Support/HelpAndSupportBlade/overview
Azure Kubernetes Service (AKS)	Retirement notice: Transition Ubuntu 22.04 clusters to Ubuntu 24.04 or later before 30 June 2027	PARI, Piattaforma Unifaria	"{""platforms"":{""PARI"":[""DEV-CSTAR"",""UAT-CSTAR""],""Piattaforma Unifaria"":[""UAT-P4PA""]}}"	Debito	service_health_retirement	You’re receiving this notification because you’re associated with one or more Azure subscriptions that use Ubuntu 22.04 for Azure Kubernetes Service (AKS) clusters. For reference, you can find this notification in the Azure portal under Service Health/Health advisories using tracking ID: 9Y2Z-_K8.	2027-06-30	https://aka.ms/aks/supported-ubuntu-versions, https://aka.ms/aks/upgrade-os-version, https://aka.ms/ServicesRetirementWorkbook, https://discourse.ubuntu.com/t/ubuntu-24-04-lts-noble-numbat-release-notes/39890, https://learn.microsoft.com/answers/tags/200/azure-kubernetes-service, https://learn.microsoft.com/azure/aks/upgrade-os-version, https://learn.microsoft.com/azure/azure-portal/supportability/how-to-create-azure-support-request#open-a-support-request-from-the-global-header
Azure Kubernetes Service (AKS)	Transition Ubuntu 22.04 clusters to Ubuntu 24.04 or later by 30 June 2027	pagoPA, PARI, Piattaforma Unifaria, Technology	"{""platforms"":{""PARI"":[""PROD-CSTAR""],""Piattaforma Unifaria"":[""DEV-P4PA""],""Technology"":[""DevOpsLab""],""pagoPA"":[""DEV-pagoPA"",""UAT-pagoPA""]}}"	Debito	service_health_retirement	You’re receiving this notification because you’re associated with one or more Azure subscriptions that use Ubuntu 22.04 for Azure Kubernetes Service (AKS) clusters. For reference, you can find this notification in the Azure portal under Service Health/Health advisories using tracking ID: 9Y2Z-_K8.	2027-06-30	https://aka.ms/aks/supported-ubuntu-versions, https://aka.ms/aks/upgrade-os-version, https://aka.ms/ServicesRetirementWorkbook, https://discourse.ubuntu.com/t/ubuntu-24-04-lts-noble-numbat-release-notes/39890, https://learn.microsoft.com/answers/tags/200/azure-kubernetes-service, https://learn.microsoft.com/azure/aks/upgrade-os-version, https://learn.microsoft.com/azure/azure-portal/supportability/how-to-create-azure-support-request#open-a-support-request-from-the-global-header
Kubernetes service	Azure Kubernetes Service support for Ubuntu 22.04	pagoPA, PARI, Piattaforma Unifaria, Technology	"{""platforms"":{""PARI"":[""DEV-CSTAR"",""PROD-CSTAR"",""UAT-CSTAR""],""Piattaforma Unifaria"":[""DEV-P4PA"",""PROD-P4PA"",""UAT-P4PA""],""Technology"":[""DevOpsLab""],""pagoPA"":[""DEV-pagoPA"",""PROD-pagoPA"",""UAT-pagoPA""]}}"	Debito	advisor_retirement	Migrate to Ubuntu 24.04 or later versions	2027-06-30	https://portal.azure.com/#resource/subscriptions/00288c16-f581-4bb4-9c52-6954dce102f4/resourceGroups/p4pa-d-itn-dev-aks-rg/providers/Microsoft.ContainerService/managedClusters/p4pa-d-itn-dev-aks/providers/Microsoft.Advisor/recommendations/082e094b-1b3e-0782-ffbf-021245f1a566, https://portal.azure.com/#resource/subscriptions/1b06ce19-c192-49b3-8418-0f5bf013ea5f/resourceGroups/p4pa-u-itn-uat-aks-rg/providers/Microsoft.ContainerService/managedClusters/p4pa-u-itn-uat-aks/providers/Microsoft.Advisor/recommendations/b4867464-fe85-5329-46c3-5a5da0a00d63, https://portal.azure.com/#resource/subscriptions/1f1a5d38-ab5b-44af-b709-1d4085443abb/resourceGroups/p4pa-p-itn-prod-aks-rg/providers/Microsoft.ContainerService/managedClusters/p4pa-p-itn-prod-aks/providers/Microsoft.Advisor/recommendations/e4c0c319-9799-ba9e-1bfd-7cd2dfbc8f53, https://portal.azure.com/#resource/subscriptions/26abc801-0d8f-4a6e-ac5f-8e81bcc09112/resourceGroups/pagopa-u-itn-uat-aks-rg/providers/Microsoft.ContainerService/managedClusters/pagopa-u-itn-uat-aks/providers/Microsoft.Advisor/recommendations/b7677d75-e274-57e0-da5f-45221099c2c9, https://portal.azure.com/#resource/subscriptions/26abc801-0d8f-4a6e-ac5f-8e81bcc09112/resourceGroups/pagopa-u-weu-uat-aks-rg/providers/Microsoft.ContainerService/managedClusters/pagopa-u-weu-uat-aks/providers/Microsoft.Advisor/recommendations/9d5487b2-0066-9903-c6b0-8dbf5868794d, https://portal.azure.com/#resource/subscriptions/4d177dd6-5c7d-40ab-8019-0c1be380a25d/resourceGroups/cstar-d-itn-core-aks-rg/providers/Microsoft.ContainerService/managedClusters/cstar-d-itn-dev-aks/providers/Microsoft.Advisor/recommendations/e36e78ca-6de2-8047-e9b6-4c6479eac383, https://portal.azure.com/#resource/subscriptions/4d177dd6-5c7d-40ab-8019-0c1be380a25d/resourceGroups/cstar-d-weu-dev01-aks-rg/providers/Microsoft.ContainerService/managedClusters/cstar-d-weu-dev01-aks/providers/Microsoft.Advisor/recommendations/c8dd4527-9ab7-2712-b3dd-855a59d7be89, https://portal.azure.com/#resource/subscriptions/88c709b0-11cf-4450-856e-f9bf54051c1d/resourceGroups/cstar-p-itn-core-aks-rg/providers/Microsoft.ContainerService/managedClusters/cstar-p-itn-prod-aks/providers/Microsoft.Advisor/recommendations/c72df85e-36d4-2662-7745-dba77d9e7673, https://portal.azure.com/#resource/subscriptions/88c709b0-11cf-4450-856e-f9bf54051c1d/resourceGroups/cstar-p-weu-prod01-aks-rg/providers/Microsoft.ContainerService/managedClusters/cstar-p-weu-prod01-aks/providers/Microsoft.Advisor/recommendations/a2592dcd-1799-a39e-1794-c60cd0558347, https://portal.azure.com/#resource/subscriptions/ac17914c-79bf-48fa-831e-1359ef74c1d5/resourceGroups/dvopla-d-itn-dev-aks-rg/providers/Microsoft.ContainerService/managedClusters/dvopla-d-itn-dev-aks/providers/Microsoft.Advisor/recommendations/e74942de-5bd1-fc7b-ee47-a30e792c1822, https://portal.azure.com/#resource/subscriptions/b9fc9419-6097-45fe-9f74-ba0641c91912/resourceGroups/pagopa-p-itn-prod-aks-rg/providers/Microsoft.ContainerService/managedClusters/pagopa-p-itn-prod-aks/providers/Microsoft.Advisor/recommendations/8658c1e0-04cc-9429-ed1c-b10f33152ec7, https://portal.azure.com/#resource/subscriptions/b9fc9419-6097-45fe-9f74-ba0641c91912/resourceGroups/pagopa-p-weu-prod-aks-rg/providers/Microsoft.ContainerService/managedClusters/pagopa-p-weu-prod-aks/providers/Microsoft.Advisor/recommendations/d1239514-a9f6-f203-92fb-00de0de33fd1, https://portal.azure.com/#resource/subscriptions/bbe47ad4-08b3-4925-94c5-1278e5819b86/resourceGroups/pagopa-d-itn-dev-aks-rg/providers/Microsoft.ContainerService/managedClusters/pagopa-d-itn-dev-aks/providers/Microsoft.Advisor/recommendations/9405728e-ec3a-fc16-ba60-7ae4bdf63420, https://portal.azure.com/#resource/subscriptions/bbe47ad4-08b3-4925-94c5-1278e5819b86/resourceGroups/pagopa-d-weu-dev-aks-rg/providers/Microsoft.ContainerService/managedClusters/pagopa-d-weu-dev-aks/providers/Microsoft.Advisor/recommendations/24d84fc0-15c2-7ceb-18e1-268f40cbabe5, https://portal.azure.com/#resource/subscriptions/f9f0ed60-4b4b-49a6-97cb-8c8a0f9e2435/resourceGroups/cstar-u-itn-core-aks-rg/providers/Microsoft.ContainerService/managedClusters/cstar-u-itn-uat-aks/providers/Microsoft.Advisor/recommendations/ea33cb67-a622-79ed-64f4-3f8b63f92306, https://portal.azure.com/#resource/subscriptions/f9f0ed60-4b4b-49a6-97cb-8c8a0f9e2435/resourceGroups/cstar-u-weu-uat01-aks-rg/providers/Microsoft.ContainerService/managedClusters/cstar-u-weu-uat01-aks/providers/Microsoft.Advisor/recommendations/105dc83e-7ab5-16cf-b640-b2978d380884
Flow Log	NSG Flow Logs	pagoPA	"{""platforms"":{""pagoPA"":[""DEV-pagoPA""]}}"	Debito	advisor_retirement	Migrate to virtual network flow logs	2027-09-30	https://portal.azure.com/#resource/subscriptions/bbe47ad4-08b3-4925-94c5-1278e5819b86/resourceGroups/NetworkWatcherRG/providers/microsoft.network/networkWatchers/NetworkWatcher_westeurope/flowLogs/aks-agentpool-47130090-nsg-mc_pagopa-d-weu-dev-aks-rg_pa-flowlog/providers/Microsoft.Advisor/recommendations/6173fef0-7406-caff-c172-78a2aef9f234, https://portal.azure.com/#resource/subscriptions/bbe47ad4-08b3-4925-94c5-1278e5819b86/resourceGroups/NetworkWatcherRG/providers/microsoft.network/networkWatchers/NetworkWatcher_westeurope/flowLogs/pagopa-d-weu-core-apimv2-snet-nsg-pagopa-d-vnet-rg-flowlog/providers/Microsoft.Advisor/recommendations/ce9f2944-fe1d-2450-b5d8-081a0b612684
Front Door Profile	Standard from Microsoft (classic)	IO, pagoPA, SelfCare, Technology	"{""platforms"":{""IO"":[""DEV-IO""],""SelfCare"":[""DEV-SelfCare"",""PROD-SelfCare"",""UAT-SelfCare""],""Technology"":[""DevOpsLab""],""pagoPA"":[""DEV-pagoPA"",""PROD-pagoPA"",""UAT-pagoPA""]}}"	Debito	advisor_retirement	Azure CDN Standard from Microsoft (classic) is being retired.	2027-09-30	https://portal.azure.com/#resource/subscriptions/1ab5e788-3b98-4c63-bd05-de0c7388c853/resourceGroups/selc-d-weu-pnpg-checkout-fe-rg/providers/Microsoft.Cdn/profiles/selc-d-weu-pnpg-checkout-cdn-profile/providers/Microsoft.Advisor/recommendations/8be65e4e-ddd0-c3c6-6b3f-a6b59636221c, https://portal.azure.com/#resource/subscriptions/26abc801-0d8f-4a6e-ac5f-8e81bcc09112/resourceGroups/pagopa-u-itn-pay-wallet-fe-rg/providers/Microsoft.Cdn/profiles/pagopa-u-itn-pay-wallet-fe-cdn-profile/providers/Microsoft.Advisor/recommendations/4f2e658f-7aca-fb03-9d6c-76d844a0cedc, https://portal.azure.com/#resource/subscriptions/813119d7-0943-46ed-8ebe-cebe24f9106c/resourceGroups/selc-p-checkout-fe-rg/providers/Microsoft.Cdn/profiles/selc-p-checkout-cdn-profile/providers/Microsoft.Advisor/recommendations/bc2e4cba-9f18-31d9-ba82-d7e1080e8562, https://portal.azure.com/#resource/subscriptions/813119d7-0943-46ed-8ebe-cebe24f9106c/resourceGroups/selc-p-weu-pnpg-checkout-fe-rg/providers/Microsoft.Cdn/profiles/selc-p-weu-pnpg-checkout-cdn-profile/providers/Microsoft.Advisor/recommendations/5a5a448f-a7e1-6ff6-7379-3e7f94034e72, https://portal.azure.com/#resource/subscriptions/a4e96bcd-59dc-4d66-b2f7-5547ad157c12/resourceGroups/dev-alessio/providers/microsoft.cdn/profiles/CDN-TEST/providers/Microsoft.Advisor/recommendations/24f06bd4-0ff4-56c0-38ab-d5b0f5f52ad4, https://portal.azure.com/#resource/subscriptions/ac17914c-79bf-48fa-831e-1359ef74c1d5/resourceGroups/vito-io/providers/microsoft.cdn/profiles/io-cdn-test/providers/Microsoft.Advisor/recommendations/8f38513a-edca-7d85-1936-8b50b4736e36, https://portal.azure.com/#resource/subscriptions/b9fc9419-6097-45fe-9f74-ba0641c91912/resourceGroups/pagopa-p-itn-pay-wallet-fe-rg/providers/Microsoft.Cdn/profiles/pagopa-p-itn-pay-wallet-fe-cdn-profile/providers/Microsoft.Advisor/recommendations/8753faa2-6d2e-85c9-b09c-3f72ea61e114, https://portal.azure.com/#resource/subscriptions/bbe47ad4-08b3-4925-94c5-1278e5819b86/resourceGroups/pagopa-d-itn-pay-wallet-fe-rg/providers/Microsoft.Cdn/profiles/pagopa-d-itn-pay-wallet-fe-cdn-profile/providers/Microsoft.Advisor/recommendations/0daf640e-ecb7-f046-ead8-c2b2bb8d778f, https://portal.azure.com/#resource/subscriptions/f47d50dc-b874-4e04-9d5c-c27f5053a651/resourceGroups/selc-u-checkout-fe-rg/providers/Microsoft.Cdn/profiles/selc-u-checkout-cdn-profile/providers/Microsoft.Advisor/recommendations/812e00f4-e972-dfd3-30d1-339a6ba8728a, https://portal.azure.com/#resource/subscriptions/f47d50dc-b874-4e04-9d5c-c27f5053a651/resourceGroups/selc-u-weu-pnpg-checkout-fe-rg/providers/Microsoft.Cdn/profiles/selc-u-weu-pnpg-checkout-cdn-profile/providers/Microsoft.Advisor/recommendations/503b30d5-4b08-0118-0be3-2d5dc3cf0f92
Container registry	Support for Docker Content Trust	PARI	"{""platforms"":{""PARI"":[""PROD-CSTAR""]}}"	Debito	advisor_retirement	Docker Content Trust (DCT) is retiring and no longer available in Container Registry	2028-03-31	https://portal.azure.com/#resource/subscriptions/88c709b0-11cf-4450-856e-f9bf54051c1d/resourceGroups/cstar-p-container-registry-rg/providers/Microsoft.ContainerRegistry/registries/cstarpcommonacr/providers/Microsoft.Advisor/recommendations/31ef5bc1-fd20-65f8-2eb2-f823d5e47565
Virtual machine	Desired State Configuration Extension	pagoPA	"{""platforms"":{""pagoPA"":[""PROD-pagoPA""]}}"	Debito	advisor_retirement	Desired State Configuration Extension for Azure Virtual Machines is being retired	2028-03-31	https://portal.azure.com/#resource/subscriptions/b9fc9419-6097-45fe-9f74-ba0641c91912/resourceGroups/pagopa-p-weu-dbsecurity-vdi-rg/providers/Microsoft.Compute/virtualMachines/pagopa-p-weu-dbsecurity-db-vdi/providers/Microsoft.Advisor/recommendations/b3b12a82-2c6f-7be9-2086-b024f8cd9795
Disk	Operating System (OS) Disks on Standard HDD	ICT, pagoPA, PARI, Piattaforma Unifaria	"{""platforms"":{""ICT"":[""PROD-ICT""],""PARI"":[""DEV-CSTAR""],""Piattaforma Unifaria"":[""UAT-P4PA""],""pagoPA"":[""PROD-pagoPA"",""UAT-pagoPA""]}}"	Debito	advisor_retirement	Migrate Standard HDD OS Disks to SSD	2028-09-08	https://portal.azure.com/#resource/subscriptions/1b06ce19-c192-49b3-8418-0f5bf013ea5f/resourceGroups/VM-CERTIFICATE_GROUP/providers/Microsoft.Compute/disks/vm-certificate_OsDisk_1_0a4939845fbd4fae9cd8eb8cc8ab31c4/providers/Microsoft.Advisor/recommendations/30590ced-0538-6ccd-188d-2a8e3e033f92, https://portal.azure.com/#resource/subscriptions/26abc801-0d8f-4a6e-ac5f-8e81bcc09112/resourceGroups/PAGOPA-U-TEST-PEERING-RG/providers/Microsoft.Compute/disks/test-peering-private_OsDisk_1_fc099fb1a55b4dc6b79d66c19b7f0e60/providers/Microsoft.Advisor/recommendations/d1311da6-e6bb-0d51-88f2-87ff20715288, https://portal.azure.com/#resource/subscriptions/4d177dd6-5c7d-40ab-8019-0c1be380a25d/resourceGroups/TEST-NETWORK-UMBERTO/providers/Microsoft.Compute/disks/test-umberto-network_OsDisk_1_d2211fc5c0104e1c81811d703b2ddf67/providers/Microsoft.Advisor/recommendations/1c38ab67-8ee1-b3d9-847a-217be0117395, https://portal.azure.com/#resource/subscriptions/b9fc9419-6097-45fe-9f74-ba0641c91912/resourceGroups/PAGOPA-P-WEU-DBSECURITY-VDI-RG/providers/Microsoft.Compute/disks/pagopa-p-weu-dbsecurity-db-vdi_OsDisk_1_81d64f8bae1b4a3bbd6e78774571b509/providers/Microsoft.Advisor/recommendations/049a2710-aa15-a232-4d2e-21d497b67194, https://portal.azure.com/#resource/subscriptions/f4b92052-083f-493c-b765-6d6a28eb809c/resourceGroups/ICT-P-MAILSERVER-RG/providers/Microsoft.Compute/disks/ict-p-mailserver-os-disk-01/providers/Microsoft.Advisor/recommendations/74abf34a-b847-8ffd-40fa-07c9acde6dae, https://portal.azure.com/#resource/subscriptions/f4b92052-083f-493c-b765-6d6a28eb809c/resourceGroups/ICT-P-PRESENTATION-RG/providers/Microsoft.Compute/disks/ict-p-grafana-os-disk-01/providers/Microsoft.Advisor/recommendations/1ce63cf6-d030-16a6-6300-6615631a5848
App service	Linux Consumption hosting plan - Azure Functions	DevEx, ICT, Technology	"{""platforms"":{""DevEx"":[""DEV-ENGINEERING""],""ICT"":[""PROD-ICT""],""Technology"":[""DevOpsLab""]}}"	Debito	advisor_retirement	Migrate to Flex Consumption	2028-09-30	https://portal.azure.com/#resource/subscriptions/ac17914c-79bf-48fa-831e-1359ef74c1d5/resourceGroups/gcp-itn-rg/providers/Microsoft.Web/sites/gcp-enable-externals/providers/Microsoft.Advisor/recommendations/eed9c60b-0788-0eca-9dd4-1986bb8b2995, https://portal.azure.com/#resource/subscriptions/d7de83e0-0571-40ad-b63a-64c942385eae/resourceGroups/io-poc-lg-rg/providers/Microsoft.Web/sites/io-poc-lg/providers/Microsoft.Advisor/recommendations/6ff03eff-96d1-1e67-bb6c-c61f70362afc, https://portal.azure.com/#resource/subscriptions/f4b92052-083f-493c-b765-6d6a28eb809c/resourceGroups/ict-p-utils-rg/providers/Microsoft.Web/sites/ict-p-public-webhook-func/providers/Microsoft.Advisor/recommendations/e5ecfa59-b003-25c7-f41e-1f3dfa97658d
Redis Cache Server	Redis Cache	DevEx, IO, pagoPA, PARI, SelfCare	"{""platforms"":{""DevEx"":[""DEV-ENGINEERING""],""IO"":[""PROD-IO""],""PARI"":[""DEV-CSTAR"",""PROD-CSTAR"",""UAT-CSTAR""],""SelfCare"":[""DEV-SelfCare"",""PROD-SelfCare"",""UAT-SelfCare""],""pagoPA"":[""DEV-pagoPA"",""PROD-pagoPA"",""UAT-pagoPA""]}}"	Debito	advisor_retirement	Migrate to Azure Managed Redis from Azure Cache for Redis	2028-09-30	https://portal.azure.com/#resource/subscriptions/1ab5e788-3b98-4c63-bd05-de0c7388c853/resourceGroups/selc-d-data-rg/providers/Microsoft.Cache/Redis/selc-d-redis/providers/Microsoft.Advisor/recommendations/c317d058-2da5-8986-1812-3a0d85fb481b, https://portal.azure.com/#resource/subscriptions/1ab5e788-3b98-4c63-bd05-de0c7388c853/resourceGroups/selc-d-vnet-rg/providers/Microsoft.Cache/Redis/selc-d-weu-pnpg-redis/providers/Microsoft.Advisor/recommendations/7b37a626-9073-e048-433f-11d24911ba32, https://portal.azure.com/#resource/subscriptions/1ab5e788-3b98-4c63-bd05-de0c7388c853/resourceGroups/selc-d-weu-ar-dapr-redis-rg/providers/Microsoft.Cache/Redis/selc-d-weu-ar-dapr-redis/providers/Microsoft.Advisor/recommendations/d427ed78-ffb1-c9e8-68d4-a8178469ef9c, https://portal.azure.com/#resource/subscriptions/26abc801-0d8f-4a6e-ac5f-8e81bcc09112/resourceGroups/pagopa-u-data-rg/providers/Microsoft.Cache/Redis/pagopa-u-redis/providers/Microsoft.Advisor/recommendations/f51417a5-2ceb-746a-d12b-7db8de44416c, https://portal.azure.com/#resource/subscriptions/26abc801-0d8f-4a6e-ac5f-8e81bcc09112/resourceGroups/pagopa-u-itn-pay-wallet-redis-std-rg/providers/Microsoft.Cache/Redis/pagopa-u-itn-pay-wallet-redis-std/providers/Microsoft.Advisor/recommendations/fc5dcb8c-a956-3a47-494f-f54873ed5be2, https://portal.azure.com/#resource/subscriptions/26abc801-0d8f-4a6e-ac5f-8e81bcc09112/resourceGroups/pagopa-u-weu-checkout-redis-rg/providers/Microsoft.Cache/Redis/pagopa-u-weu-checkout-redis/providers/Microsoft.Advisor/recommendations/0b0d0e75-8881-5512-7a3d-1d9d68ab46fc, https://portal.azure.com/#resource/subscriptions/26abc801-0d8f-4a6e-ac5f-8e81bcc09112/resourceGroups/pagopa-u-weu-checkout-redis-std-rg/providers/Microsoft.Cache/Redis/pagopa-u-weu-checkout-redis-std/providers/Microsoft.Advisor/recommendations/4116bed6-655e-1df9-b0c3-6874689488ab, https://portal.azure.com/#resource/subscriptions/26abc801-0d8f-4a6e-ac5f-8e81bcc09112/resourceGroups/pagopa-u-weu-ecommerce-redis-rg/providers/Microsoft.Cache/Redis/pagopa-u-weu-ecommerce-redis/providers/Microsoft.Advisor/recommendations/d7145199-5a1c-195c-1280-83ef6ca90559, https://portal.azure.com/#resource/subscriptions/4d177dd6-5c7d-40ab-8019-0c1be380a25d/resourceGroups/cstar-d-itn-mdc-data-rg/providers/Microsoft.Cache/Redis/cstar-d-itn-mdc-redis/providers/Microsoft.Advisor/recommendations/3c189907-3b73-b791-38a5-fa4454c83f01, https://portal.azure.com/#resource/subscriptions/813119d7-0943-46ed-8ebe-cebe24f9106c/resourceGroups/selc-p-data-rg/providers/Microsoft.Cache/Redis/selc-p-redis/providers/Microsoft.Advisor/recommendations/214e6b3c-df1c-67a4-52d7-37c5c0d8e334, https://portal.azure.com/#resource/subscriptions/813119d7-0943-46ed-8ebe-cebe24f9106c/resourceGroups/selc-p-vnet-rg/providers/Microsoft.Cache/Redis/selc-p-weu-pnpg-redis/providers/Microsoft.Advisor/recommendations/1ff328d8-7662-b357-2148-26b77092e7cd, https://portal.azure.com/#resource/subscriptions/813119d7-0943-46ed-8ebe-cebe24f9106c/resourceGroups/selc-p-weu-ar-dapr-redis-rg/providers/Microsoft.Cache/Redis/selc-p-weu-ar-dapr-redis/providers/Microsoft.Advisor/recommendations/f8ec2639-1950-8111-c284-ad4ad14df1b9, https://portal.azure.com/#resource/subscriptions/88c709b0-11cf-4450-856e-f9bf54051c1d/resourceGroups/cstar-p-itn-mdc-data-rg/providers/Microsoft.Cache/Redis/cstar-p-itn-mdc-redis/providers/Microsoft.Advisor/recommendations/c12e5c49-afca-915a-af55-25c88453b5da, https://portal.azure.com/#resource/subscriptions/b9fc9419-6097-45fe-9f74-ba0641c91912/resourceGroups/pagopa-p-data-rg/providers/Microsoft.Cache/Redis/pagopa-p-weu-redis/providers/Microsoft.Advisor/recommendations/64cf8d43-d111-2653-d673-0f8f72ef7617, https://portal.azure.com/#resource/subscriptions/b9fc9419-6097-45fe-9f74-ba0641c91912/resourceGroups/pagopa-p-itn-pay-wallet-redis-std-rg/providers/Microsoft.Cache/Redis/pagopa-p-itn-pay-wallet-redis-std/providers/Microsoft.Advisor/recommendations/f07acff6-880d-d0a9-b6a2-4fd939462d9b, https://portal.azure.com/#resource/subscriptions/b9fc9419-6097-45fe-9f74-ba0641c91912/resourceGroups/pagopa-p-weu-checkout-redis-std-rg/providers/Microsoft.Cache/Redis/pagopa-p-weu-checkout-redis-std/providers/Microsoft.Advisor/recommendations/0ba72005-bc4b-03c0-6c4b-abdfb7a20c65, https://portal.azure.com/#resource/subscriptions/b9fc9419-6097-45fe-9f74-ba0641c91912/resourceGroups/pagopa-p-weu-ecommerce-redis-rg/providers/Microsoft.Cache/Redis/pagopa-p-weu-ecommerce-redis-ha/providers/Microsoft.Advisor/recommendations/07ee6313-7fba-d00d-6184-cad849d3c22e, https://portal.azure.com/#resource/subscriptions/bbe47ad4-08b3-4925-94c5-1278e5819b86/resourceGroups/pagopa-d-data-rg/providers/Microsoft.Cache/Redis/pagopa-d-redis/providers/Microsoft.Advisor/recommendations/428a6990-ceee-0e7b-5f1a-2bf9e1735766, https://portal.azure.com/#resource/subscriptions/bbe47ad4-08b3-4925-94c5-1278e5819b86/resourceGroups/pagopa-d-itn-pay-wallet-redis-std-rg/providers/Microsoft.Cache/Redis/pagopa-d-itn-pay-wallet-redis-std/providers/Microsoft.Advisor/recommendations/bb9413dd-eb89-e9cd-1cfa-153a262fe988, https://portal.azure.com/#resource/subscriptions/bbe47ad4-08b3-4925-94c5-1278e5819b86/resourceGroups/pagopa-d-itn-qa-redis-rg/providers/Microsoft.Cache/Redis/pagopa-d-itn-qa-redis/providers/Microsoft.Advisor/recommendations/924ad797-f7d0-a240-fa43-6ddaf3e980cc, https://portal.azure.com/#resource/subscriptions/bbe47ad4-08b3-4925-94c5-1278e5819b86/resourceGroups/pagopa-d-weu-checkout-redis-rg/providers/Microsoft.Cache/Redis/pagopa-d-weu-checkout-redis/providers/Microsoft.Advisor/recommendations/766cc785-5adb-f58b-69cc-8f3cd56b90b6, https://portal.azure.com/#resource/subscriptions/bbe47ad4-08b3-4925-94c5-1278e5819b86/resourceGroups/pagopa-d-weu-checkout-redis-std-rg/providers/Microsoft.Cache/Redis/pagopa-d-weu-checkout-redis-std/providers/Microsoft.Advisor/recommendations/c4c5fdfe-9e80-d1a6-a933-006572988cf8, https://portal.azure.com/#resource/subscriptions/bbe47ad4-08b3-4925-94c5-1278e5819b86/resourceGroups/pagopa-d-weu-ecommerce-redis-rg/providers/Microsoft.Cache/Redis/pagopa-d-weu-ecommerce-redis/providers/Microsoft.Advisor/recommendations/136fec2f-b49a-e6a3-b935-cdc25bb39f2e, https://portal.azure.com/#resource/subscriptions/d7de83e0-0571-40ad-b63a-64c942385eae/resourceGroups/io-poc-d-rg/providers/Microsoft.Cache/Redis/io-poc-d-redis/providers/Microsoft.Advisor/recommendations/3f3882dc-b5a3-516a-383e-ca277796fa98, https://portal.azure.com/#resource/subscriptions/ec285037-c673-4f58-b594-d7c480da4e8b/resourceGroups/io-p-itn-cdc-rg-01/providers/Microsoft.Cache/Redis/io-p-itn-cdc-redis-01/providers/Microsoft.Advisor/recommendations/5a00654f-f587-5ebe-8f12-b45a08ac97b1, https://portal.azure.com/#resource/subscriptions/ec285037-c673-4f58-b594-d7c480da4e8b/resourceGroups/io-p-itn-cgn-rg-01/providers/Microsoft.Cache/Redis/io-p-itn-cgn-redis-02/providers/Microsoft.Advisor/recommendations/39454b8d-3695-6c88-c16a-7b66a2c18c57, https://portal.azure.com/#resource/subscriptions/ec285037-c673-4f58-b594-d7c480da4e8b/resourceGroups/io-p-itn-citizen-auth-data-rg-01/providers/Microsoft.Cache/Redis/io-p-itn-auth-redis-01/providers/Microsoft.Advisor/recommendations/aa84cf19-6837-7285-c57e-78408545dcf9, https://portal.azure.com/#resource/subscriptions/ec285037-c673-4f58-b594-d7c480da4e8b/resourceGroups/io-p-itn-com-rg-01/providers/Microsoft.Cache/Redis/io-p-itn-com-redis-02/providers/Microsoft.Advisor/recommendations/dd5ef52b-a82b-7805-f57b-eb61ffac87ae, https://portal.azure.com/#resource/subscriptions/ec285037-c673-4f58-b594-d7c480da4e8b/resourceGroups/io-p-itn-fims-rg-01/providers/Microsoft.Cache/Redis/io-p-itn-fims-redis-01/providers/Microsoft.Advisor/recommendations/e66eb009-c1ec-7f4f-9f40-048de0e45461, https://portal.azure.com/#resource/subscriptions/ec285037-c673-4f58-b594-d7c480da4e8b/resourceGroups/io-p-rg-common/providers/Microsoft.Cache/Redis/io-p-redis-common/providers/Microsoft.Advisor/recommendations/c3b0ab60-a1b2-a2f9-de59-d7d035ec7b6d, https://portal.azure.com/#resource/subscriptions/ec285037-c673-4f58-b594-d7c480da4e8b/resourceGroups/io-p-weu-ioweb-common-rg/providers/Microsoft.Cache/Redis/io-p-weu-ioweb-redis-std-v6/providers/Microsoft.Advisor/recommendations/a5993a38-5438-cae4-49af-1c87bd1deb98, https://portal.azure.com/#resource/subscriptions/f47d50dc-b874-4e04-9d5c-c27f5053a651/resourceGroups/selc-u-data-rg/providers/Microsoft.Cache/Redis/selc-u-redis/providers/Microsoft.Advisor/recommendations/fbb995a0-9241-978a-d768-17c7a66d046a, https://portal.azure.com/#resource/subscriptions/f47d50dc-b874-4e04-9d5c-c27f5053a651/resourceGroups/selc-u-vnet-rg/providers/Microsoft.Cache/Redis/selc-u-weu-pnpg-redis/providers/Microsoft.Advisor/recommendations/67d56d1e-21d1-0adc-4fa9-7e9f979695f5, https://portal.azure.com/#resource/subscriptions/f47d50dc-b874-4e04-9d5c-c27f5053a651/resourceGroups/selc-u-weu-ar-dapr-redis-rg/providers/Microsoft.Cache/Redis/selc-u-weu-ar-dapr-redis/providers/Microsoft.Advisor/recommendations/f2de4f32-4925-b2d3-7eb1-d59ff1960bd2, https://portal.azure.com/#resource/subscriptions/f9f0ed60-4b4b-49a6-97cb-8c8a0f9e2435/resourceGroups/cstar-u-itn-mdc-data-rg/providers/Microsoft.Cache/Redis/cstar-u-itn-mdc-redis/providers/Microsoft.Advisor/recommendations/04c84451-1f58-b600-5466-77f55e4d5ccf
Virtual machine	LSv2, G, GS, F, FS, Fsv2, B, Av2 - Series	ICT, IO, pagoPA, PARI, Piattaforma Unifaria, SelfCare	"{""platforms"":{""ICT"":[""DEV-ICT"",""PROD-ICT""],""IO"":[""DEV-IO"",""PROD-IO""],""PARI"":[""DEV-CSTAR""],""Piattaforma Unifaria"":[""UAT-P4PA""],""SelfCare"":[""DEV-SelfCare"",""PROD-SelfCare"",""UAT-SelfCare""],""pagoPA"":[""DEV-pagoPA"",""PROD-pagoPA"",""UAT-pagoPA""]}}"	Debito	advisor_retirement	Review and migrate virtual machine workloads	2028-11-15	https://portal.azure.com/#resource/subscriptions/1ab5e788-3b98-4c63-bd05-de0c7388c853/resourceGroups/selc-d-event-rg/providers/Microsoft.Compute/virtualMachines/selc-d-evh-rds-vm/providers/Microsoft.Advisor/recommendations/1bc1a7a3-b6d6-6f7e-7d15-a9168d083159, https://portal.azure.com/#resource/subscriptions/1b06ce19-c192-49b3-8418-0f5bf013ea5f/resourceGroups/vm-certificate_group/providers/Microsoft.Compute/virtualMachines/vm-certificate/providers/Microsoft.Advisor/recommendations/0f51a1a3-c51c-d9b7-9012-1fecaf35a3f2, https://portal.azure.com/#resource/subscriptions/26abc801-0d8f-4a6e-ac5f-8e81bcc09112/resourceGroups/pagopa-u-itn-uat-aks-rg/providers/Microsoft.Compute/virtualMachines/pagopa-u-itn-uat-vm-debug-italy/providers/Microsoft.Advisor/recommendations/9b0eccb7-0344-237c-7000-a893f6b61ec1, https://portal.azure.com/#resource/subscriptions/26abc801-0d8f-4a6e-ac5f-8e81bcc09112/resourceGroups/pagopa-u-temp-nodostorico/providers/Microsoft.Compute/virtualMachines/pagopa-u-nosostorico-vm/providers/Microsoft.Advisor/recommendations/e143569f-6a79-0ee5-e095-8f2b9d31f5c8, https://portal.azure.com/#resource/subscriptions/26abc801-0d8f-4a6e-ac5f-8e81bcc09112/resourceGroups/pagopa-u-test-peering-rg/providers/Microsoft.Compute/virtualMachines/test-peering-private/providers/Microsoft.Advisor/recommendations/0e7ca395-f9b0-11ce-1752-2507cbcd62cd, https://portal.azure.com/#resource/subscriptions/26abc801-0d8f-4a6e-ac5f-8e81bcc09112/resourceGroups/pagopa-u-weu-nodo-vmss-rg/providers/Microsoft.Compute/virtualMachines/db-nodo-proxy-vm/providers/Microsoft.Advisor/recommendations/e7de3796-f709-bdf0-b10f-b701fe775fad, https://portal.azure.com/#resource/subscriptions/4d177dd6-5c7d-40ab-8019-0c1be380a25d/resourceGroups/test-network-umberto/providers/Microsoft.Compute/virtualMachines/test-umberto-network/providers/Microsoft.Advisor/recommendations/78238c0a-561d-f84b-1829-978541127630, https://portal.azure.com/#resource/subscriptions/813119d7-0943-46ed-8ebe-cebe24f9106c/resourceGroups/selc-p-event-rg/providers/Microsoft.Compute/virtualMachines/selc-p-evh-rds-vm/providers/Microsoft.Advisor/recommendations/3ce3bd97-9fc5-f948-34f7-334b4f2caf5d, https://portal.azure.com/#resource/subscriptions/82ef7414-5e6b-4383-a344-b981c2ba7267/resourceGroups/itops-d-rg/providers/Microsoft.Compute/virtualMachines/itops-d-app-vm-01/providers/Microsoft.Advisor/recommendations/f24a012c-e452-89dd-041a-36e4a4739fa9, https://portal.azure.com/#resource/subscriptions/a4e96bcd-59dc-4d66-b2f7-5547ad157c12/resourceGroups/io-d-itn-wallet-rg/providers/Microsoft.Compute/virtualMachines/ioditnwalletissuertest/providers/Microsoft.Advisor/recommendations/cf863457-4183-3d22-7c0c-19ecdbf12da7, https://portal.azure.com/#resource/subscriptions/b9fc9419-6097-45fe-9f74-ba0641c91912/resourceGroups/pagopa-p-itn-prod-aks-rg/providers/Microsoft.Compute/virtualMachines/pagopa-p-itn-prod-vm-debug-italy/providers/Microsoft.Advisor/recommendations/cce0636c-286f-eff6-3a3d-f87c4379bac4, https://portal.azure.com/#resource/subscriptions/b9fc9419-6097-45fe-9f74-ba0641c91912/resourceGroups/pagopa-p-weu-dbsecurity-vdi-rg/providers/Microsoft.Compute/virtualMachines/pagopa-p-weu-dbsecurity-db-vdi/providers/Microsoft.Advisor/recommendations/a033493e-08f4-c215-83c8-9c2c3607e21a, https://portal.azure.com/#resource/subscriptions/b9fc9419-6097-45fe-9f74-ba0641c91912/resourceGroups/pagopa-p-weu-nodo-vmss-rg/providers/Microsoft.Compute/virtualMachines/db-p-nodo-aws-conn-vm/providers/Microsoft.Advisor/recommendations/c54da3e8-0a10-c042-0125-7f0a2d60bcb8, https://portal.azure.com/#resource/subscriptions/b9fc9419-6097-45fe-9f74-ba0641c91912/resourceGroups/test-pm/providers/Microsoft.Compute/virtualMachines/test-pm-conn/providers/Microsoft.Advisor/recommendations/21cf707f-9498-fdb5-f0cb-961da88a7635, https://portal.azure.com/#resource/subscriptions/bbe47ad4-08b3-4925-94c5-1278e5819b86/resourceGroups/pagopa-d-itn-dev-aks-rg/providers/Microsoft.Compute/virtualMachines/pagopa-d-itn-dev-vm-debug-italy/providers/Microsoft.Advisor/recommendations/9e08a095-059d-71ad-4494-3f6648038835, https://portal.azure.com/#resource/subscriptions/bbe47ad4-08b3-4925-94c5-1278e5819b86/resourceGroups/test-matteo/providers/Microsoft.Compute/virtualMachines/payment-superset/providers/Microsoft.Advisor/recommendations/8042dd71-3ed8-4ca7-3835-0334fd401d64, https://portal.azure.com/#resource/subscriptions/bbe47ad4-08b3-4925-94c5-1278e5819b86/resourceGroups/test-matteo/providers/Microsoft.Compute/virtualMachines/test-matteo-vm/providers/Microsoft.Advisor/recommendations/cf43f5a2-f31b-20d3-9482-271a60a88cbd, https://portal.azure.com/#resource/subscriptions/bbe47ad4-08b3-4925-94c5-1278e5819b86/resourceGroups/test-peering-rg/providers/Microsoft.Compute/virtualMachines/test-peering-vm/providers/Microsoft.Advisor/recommendations/633eb665-4ea8-fd6f-9977-15fe7f31c381, https://portal.azure.com/#resource/subscriptions/ec285037-c673-4f58-b594-d7c480da4e8b/resourceGroups/io-p-ops_group/providers/Microsoft.Compute/virtualMachines/io-p-ops/providers/Microsoft.Advisor/recommendations/e9cbb553-1a3d-628d-13bd-cf1bc9beb2b3, https://portal.azure.com/#resource/subscriptions/f47d50dc-b874-4e04-9d5c-c27f5053a651/resourceGroups/selc-u-event-rg/providers/Microsoft.Compute/virtualMachines/selc-u-evh-rds-vm/providers/Microsoft.Advisor/recommendations/e4e45d40-b940-78f2-1297-2c2d7c480abb, https://portal.azure.com/#resource/subscriptions/f4b92052-083f-493c-b765-6d6a28eb809c/resourceGroups/ict-p-captive-rg/providers/Microsoft.Compute/virtualMachines/ict-p-captive-vm-01/providers/Microsoft.Advisor/recommendations/fe170315-243e-66f2-ecec-5588412b298d, https://portal.azure.com/#resource/subscriptions/f4b92052-083f-493c-b765-6d6a28eb809c/resourceGroups/ict-p-mailserver-rg/providers/Microsoft.Compute/virtualMachines/ict-p-mailserver-vm-01/providers/Microsoft.Advisor/recommendations/5d869cda-6d66-2a31-4437-5a1e147b8139, https://portal.azure.com/#resource/subscriptions/f4b92052-083f-493c-b765-6d6a28eb809c/resourceGroups/ict-p-presentation-rg/providers/Microsoft.Compute/virtualMachines/ict-p-grafana-vm-01/providers/Microsoft.Advisor/recommendations/47f69856-ab00-0baa-1987-50cefab4fa36
Azure Cosmos DB	Retirement notice: Migrate or disable Azure Synapse Link for Azure Cosmos DB NoSQL by 31 March 2029	DevEx, pagoPA	"{""platforms"":{""DevEx"":[""DEV-ENGINEERING""],""pagoPA"":[""DEV-pagoPA"",""UAT-pagoPA""]}}"	Debito	service_health_retirement	You're receiving this notification because you’re associated with one or more Azure subscriptions that currently use Azure Synapse Link for Azure Cosmos DB NoSQL. For reference, you can find this notification in the Azure portal under Service Health/ Health advisories using tracking ID: 9JYQ-GL0.	2029-03-31	https://aka.ms/AzureServiceHealthAdvisories, https://aka.ms/CosmosMirrorSynapseMigration, https://aka.ms/ServicesRetirementWorkbook, https://github.com/AzureCosmosDB/cosmos-fabric-samples/tree/main/disable-synapse-link, https://learn.microsoft.com/answers/tags/187/azure-cosmos-db/, https://learn.microsoft.com/azure/azure-portal/supportability/how-to-create-azure-support-request, https://learn.microsoft.com/fabric/mirroring/azure-cosmos-db
API Management	Validate JSON Web Token (JWT) issued by Microsoft Entra ID using validate-azure-ad-token policy		"{""platforms"":{}}"	Debito	advisor_retirement	Validate JSON Web Token (JWT) issued by Microsoft Entra ID using validate-azure-ad-token policy		https://portal.azure.com/#resource/subscriptions/b9fc9419-6097-45fe-9f74-ba0641c91912/resourceGroups/pagopa-p-api-rg/providers/Microsoft.ApiManagement/service/pagopa-p-apim/providers/Microsoft.Advisor/recommendations/733cb8f7-a965-29e1-6ebf-422d9b03cc1a
Compute	Upgrade your VMSS to alternative image version	pagoPA	"{""platforms"":{""pagoPA"":[""DEV-pagoPA"",""PROD-pagoPA"",""UAT-pagoPA""]}}"	Debito	advisor_retirement	Upgrade your VMSS to alternative image version		https://portal.azure.com/#resource/subscriptions/26abc801-0d8f-4a6e-ac5f-8e81bcc09112/resourceGroups/pagopa-u-weu-nodo-vmss-rg/providers/Microsoft.Compute/virtualMachineScaleSets/pagopa-u-weu-nodo-vmss/providers/Microsoft.Advisor/recommendations/450b661f-5e5f-c300-31fa-b7b7f498a3a9, https://portal.azure.com/#resource/subscriptions/b9fc9419-6097-45fe-9f74-ba0641c91912/resourceGroups/pagopa-p-weu-nodo-vmss-rg/providers/Microsoft.Compute/virtualMachineScaleSets/pagopa-p-weu-nodo-vmss/providers/Microsoft.Advisor/recommendations/6c6ceade-9cd1-9232-402c-b5ccf0f03f29, https://portal.azure.com/#resource/subscriptions/bbe47ad4-08b3-4925-94c5-1278e5819b86/resourceGroups/pagopa-d-weu-nodo-vmss-rg/providers/Microsoft.Compute/virtualMachineScaleSets/pagopa-d-weu-nodo-vmss/providers/Microsoft.Advisor/recommendations/e5dfdb1f-6337-bbab-041f-8107e70a72ae
Cosmos DB account	Upgrade your Azure Cosmos DB API for MongoDB account to v4.2 to save on query/storage costs and utilize new features	PARI	"{""platforms"":{""PARI"":[""DEV-CSTAR""]}}"	Debito	advisor_retirement	Upgrade your Azure Cosmos DB API for MongoDB account to v4.2 to save on query/storage costs and utilize new features		https://portal.azure.com/#resource/subscriptions/4d177dd6-5c7d-40ab-8019-0c1be380a25d/resourceGroups/cstar-d-mil-data-rg/providers/microsoft.documentdb/databaseaccounts/cstar-d-mil-cosmos/providers/Microsoft.Advisor/recommendations/eb63438a-2454-efd5-fc99-9e157700ac89
Front Door Profile	Migrate Azure CDN Standard from Microsoft (Classic) to Azure Front Door Standard/Premium tier		"{""platforms"":{}}"	Debito	advisor_retirement	Migrate Azure CDN Standard from Microsoft (Classic) to Azure Front Door Standard/Premium tier		https://portal.azure.com/#resource/subscriptions/1ab5e788-3b98-4c63-bd05-de0c7388c853/resourceGroups/selc-d-weu-pnpg-checkout-fe-rg/providers/Microsoft.Cdn/profiles/selc-d-weu-pnpg-checkout-cdn-profile/providers/Microsoft.Advisor/recommendations/1d910af4-530c-e4cc-c21b-ab4638858a35, https://portal.azure.com/#resource/subscriptions/26abc801-0d8f-4a6e-ac5f-8e81bcc09112/resourceGroups/pagopa-u-itn-pay-wallet-fe-rg/providers/Microsoft.Cdn/profiles/pagopa-u-itn-pay-wallet-fe-cdn-profile/providers/Microsoft.Advisor/recommendations/102c7f15-ed98-e007-cee6-fd85c73974f0, https://portal.azure.com/#resource/subscriptions/813119d7-0943-46ed-8ebe-cebe24f9106c/resourceGroups/selc-p-checkout-fe-rg/providers/Microsoft.Cdn/profiles/selc-p-checkout-cdn-profile/providers/Microsoft.Advisor/recommendations/31e11d4d-2fb3-aeac-c25d-3dd1a6f17c86, https://portal.azure.com/#resource/subscriptions/813119d7-0943-46ed-8ebe-cebe24f9106c/resourceGroups/selc-p-weu-pnpg-checkout-fe-rg/providers/Microsoft.Cdn/profiles/selc-p-weu-pnpg-checkout-cdn-profile/providers/Microsoft.Advisor/recommendations/36a1797a-a5b6-ed6f-5bfa-f337be87eaf0, https://portal.azure.com/#resource/subscriptions/a4e96bcd-59dc-4d66-b2f7-5547ad157c12/resourceGroups/dev-alessio/providers/microsoft.cdn/profiles/CDN-TEST/providers/Microsoft.Advisor/recommendations/b664b17f-002a-88bc-5537-66259aef46a0, https://portal.azure.com/#resource/subscriptions/ac17914c-79bf-48fa-831e-1359ef74c1d5/resourceGroups/vito-io/providers/microsoft.cdn/profiles/io-cdn-test/providers/Microsoft.Advisor/recommendations/f0a74a1f-8281-bc2f-7aee-5f14057c7d4c, https://portal.azure.com/#resource/subscriptions/b9fc9419-6097-45fe-9f74-ba0641c91912/resourceGroups/pagopa-p-itn-pay-wallet-fe-rg/providers/Microsoft.Cdn/profiles/pagopa-p-itn-pay-wallet-fe-cdn-profile/providers/Microsoft.Advisor/recommendations/0429e22a-0fcf-78d9-a7dc-048893113e83, https://portal.azure.com/#resource/subscriptions/bbe47ad4-08b3-4925-94c5-1278e5819b86/resourceGroups/pagopa-d-itn-pay-wallet-fe-rg/providers/Microsoft.Cdn/profiles/pagopa-d-itn-pay-wallet-fe-cdn-profile/providers/Microsoft.Advisor/recommendations/dab20cbf-faac-4ab9-b2d7-e27429b93be0, https://portal.azure.com/#resource/subscriptions/f47d50dc-b874-4e04-9d5c-c27f5053a651/resourceGroups/selc-u-checkout-fe-rg/providers/Microsoft.Cdn/profiles/selc-u-checkout-cdn-profile/providers/Microsoft.Advisor/recommendations/10cfbe5a-19f4-2748-c8f2-922e772d4f1a, https://portal.azure.com/#resource/subscriptions/f47d50dc-b874-4e04-9d5c-c27f5053a651/resourceGroups/selc-u-weu-pnpg-checkout-fe-rg/providers/Microsoft.Cdn/profiles/selc-u-weu-pnpg-checkout-cdn-profile/providers/Microsoft.Advisor/recommendations/f2f0ef99-0883-2c08-010c-b0212767ef93
Front Door Profile	Upgrade SDK version recommendation		"{""platforms"":{}}"	Debito	advisor_retirement	Upgrade SDK version recommendation		https://portal.azure.com/#resource/subscriptions/35e6e3b2-4388-470e-a1b9-ad3bc34326d1/resourceGroups/dx-d-itn-e2e-cdn-rg-01/providers/Microsoft.Cdn/profiles/dx-d-itn-e2e-test-afd-01/providers/Microsoft.Advisor/recommendations/db798e62-fc7a-4c33-0173-797d62a2349d, https://portal.azure.com/#resource/subscriptions/35e6e3b2-4388-470e-a1b9-ad3bc34326d1/resourceGroups/dx-d-itn-int-assets-rg-01/providers/Microsoft.Cdn/profiles/dx-d-itn-int-assets-afd-01/providers/Microsoft.Advisor/recommendations/7e86d8d7-d1e3-059c-2186-850a4ef51b80, https://portal.azure.com/#resource/subscriptions/35e6e3b2-4388-470e-a1b9-ad3bc34326d1/resourceGroups/dx-d-itn-int-assets-rg-01/providers/Microsoft.Cdn/profiles/dx-d-itn-int-assets-afd-02/providers/Microsoft.Advisor/recommendations/705902f3-16a7-5632-1152-63b70a01dcdc, https://portal.azure.com/#resource/subscriptions/ec285037-c673-4f58-b594-d7c480da4e8b/resourceGroups/io-p-itn-ioweb-fe-rg-01/providers/Microsoft.Cdn/profiles/io-p-ioweb-profile-portal-afd-01/providers/Microsoft.Advisor/recommendations/99ca3047-f410-cd14-97a6-0a04408cbe29
Hybridcompute	Upgrade to the latest version of the Azure Connected Machine agent	Security	"{""platforms"":{""Security"":[""Prod-Sec""]}}"	Debito	advisor_retirement	Upgrade to the latest version of the Azure Connected Machine agent		https://portal.azure.com/#resource/subscriptions/0da48c97-355f-4050-a520-f11a18b8be90/resourceGroups/sec-p-sentinel/providers/Microsoft.HybridCompute/machines/VIM/providers/Microsoft.Advisor/recommendations/fea35f71-9654-b7a8-2bdc-e52b7c3b1bdc
Key vault	Upgrade the Azure Key Vault SDK to the latest version		"{""platforms"":{}}"	Debito	advisor_retirement	Upgrade the Azure Key Vault SDK to the latest version		https://portal.azure.com/#resource/subscriptions/00288c16-f581-4bb4-9c52-6954dce102f4/resourceGroups/p4pa-d-itn-payhub-sec-rg/providers/Microsoft.KeyVault/vaults/p4pa-d-payhub-kv/providers/Microsoft.Advisor/recommendations/53cdcb59-8e74-1335-e3fe-6ddd25e3b1a3, https://portal.azure.com/#resource/subscriptions/1ab5e788-3b98-4c63-bd05-de0c7388c853/resourceGroups/selc-d-sec-rg/providers/Microsoft.KeyVault/vaults/selc-d-kv/providers/Microsoft.Advisor/recommendations/63c7bef7-8195-bfd8-dff7-9fd41b67049b, https://portal.azure.com/#resource/subscriptions/1b06ce19-c192-49b3-8418-0f5bf013ea5f/resourceGroups/p4pa-u-itn-payhub-sec-rg/providers/Microsoft.KeyVault/vaults/p4pa-u-payhub-kv/providers/Microsoft.Advisor/recommendations/5bc87c59-9432-1f77-cc44-a7569504d5ec, https://portal.azure.com/#resource/subscriptions/1f1a5d38-ab5b-44af-b709-1d4085443abb/resourceGroups/p4pa-p-itn-payhub-sec-rg/providers/Microsoft.KeyVault/vaults/p4pa-p-payhub-kv/providers/Microsoft.Advisor/recommendations/d37ffaad-e414-0212-72fc-20a93e5b21ea, https://portal.azure.com/#resource/subscriptions/26abc801-0d8f-4a6e-ac5f-8e81bcc09112/resourceGroups/pagopa-u-ecommerce-sec-rg/providers/Microsoft.KeyVault/vaults/pagopa-u-ecommerce-kv/providers/Microsoft.Advisor/recommendations/1eb15499-98ef-bcdd-46fd-9e0e7de2c428, https://portal.azure.com/#resource/subscriptions/26abc801-0d8f-4a6e-ac5f-8e81bcc09112/resourceGroups/pagopa-u-gps-sec-rg/providers/Microsoft.KeyVault/vaults/pagopa-u-gps-kv/providers/Microsoft.Advisor/recommendations/986ed9ef-c0b3-8cbf-2bcc-72aff2121487, https://portal.azure.com/#resource/subscriptions/26abc801-0d8f-4a6e-ac5f-8e81bcc09112/resourceGroups/pagopa-u-itn-crusc8-sec-rg/providers/Microsoft.KeyVault/vaults/pagopa-u-itn-crusc8-kv/providers/Microsoft.Advisor/recommendations/cc6daf36-e7c0-a2af-9d65-80a5e52d8404, https://portal.azure.com/#resource/subscriptions/26abc801-0d8f-4a6e-ac5f-8e81bcc09112/resourceGroups/pagopa-u-nodo-sec-rg/providers/Microsoft.KeyVault/vaults/pagopa-u-nodo-kv/providers/Microsoft.Advisor/recommendations/4392cc4d-5250-5acc-9961-50862e4e4c90, https://portal.azure.com/#resource/subscriptions/26abc801-0d8f-4a6e-ac5f-8e81bcc09112/resourceGroups/pagopa-u-pay-wallet-sec-rg/providers/Microsoft.KeyVault/vaults/pagopa-u-pay-wallet-kv/providers/Microsoft.Advisor/recommendations/a75adf52-de17-f7ac-a66a-b869f8b6e1c0, https://portal.azure.com/#resource/subscriptions/26abc801-0d8f-4a6e-ac5f-8e81bcc09112/resourceGroups/pagopa-u-sec-rg/providers/Microsoft.KeyVault/vaults/pagopa-u-kv/providers/Microsoft.Advisor/recommendations/fc46c6b0-21ee-a343-f912-0feac5e230f0, https://portal.azure.com/#resource/subscriptions/4d177dd6-5c7d-40ab-8019-0c1be380a25d/resourceGroups/cstar-d-itn-idpay-security-rg/providers/Microsoft.KeyVault/vaults/cstar-d-itn-idpay-kv/providers/Microsoft.Advisor/recommendations/d382a681-83b8-eb91-7e58-290aa8867019, https://portal.azure.com/#resource/subscriptions/59f48fac-dfdb-4063-bcc6-9322c9e5ebd0/resourceGroups/crm-p-data-rg/providers/Microsoft.KeyVault/vaults/kv-crm-p/providers/Microsoft.Advisor/recommendations/e6054f82-2866-d40a-6ddb-d95a428b4771, https://portal.azure.com/#resource/subscriptions/813119d7-0943-46ed-8ebe-cebe24f9106c/resourceGroups/selc-p-sec-rg/providers/Microsoft.KeyVault/vaults/selc-p-kv/providers/Microsoft.Advisor/recommendations/9ee900d3-ded0-ba3e-3a6b-0c8fb5f572cd, https://portal.azure.com/#resource/subscriptions/88c709b0-11cf-4450-856e-f9bf54051c1d/resourceGroups/cstar-p-idpay-sec-rg/providers/Microsoft.KeyVault/vaults/cstar-p-idpay-kv/providers/Microsoft.Advisor/recommendations/61deaa5e-149d-4c8a-4b0c-15f401885592, https://portal.azure.com/#resource/subscriptions/88c709b0-11cf-4450-856e-f9bf54051c1d/resourceGroups/cstar-p-itn-idpay-security-rg/providers/Microsoft.KeyVault/vaults/cstar-p-itn-idpay-kv/providers/Microsoft.Advisor/recommendations/135d5aea-e95e-ff3a-80f4-94c2444ca94e, https://portal.azure.com/#resource/subscriptions/b9fc9419-6097-45fe-9f74-ba0641c91912/resourceGroups/pagopa-p-ecommerce-sec-rg/providers/Microsoft.KeyVault/vaults/pagopa-p-ecommerce-kv/providers/Microsoft.Advisor/recommendations/1eed8d99-604c-29f5-70ab-44c6e4f2c6d2, https://portal.azure.com/#resource/subscriptions/b9fc9419-6097-45fe-9f74-ba0641c91912/resourceGroups/pagopa-p-itn-crusc8-sec-rg/providers/Microsoft.KeyVault/vaults/pagopa-p-itn-crusc8-kv/providers/Microsoft.Advisor/recommendations/a3a2783b-7034-f6ef-1f5f-f7cab11af209, https://portal.azure.com/#resource/subscriptions/b9fc9419-6097-45fe-9f74-ba0641c91912/resourceGroups/pagopa-p-nodo-sec-rg/providers/Microsoft.KeyVault/vaults/pagopa-p-nodo-kv/providers/Microsoft.Advisor/recommendations/3ad7069e-50d2-b4ea-264c-139b219aa395, https://portal.azure.com/#resource/subscriptions/b9fc9419-6097-45fe-9f74-ba0641c91912/resourceGroups/pagopa-p-pay-wallet-sec-rg/providers/Microsoft.KeyVault/vaults/pagopa-p-pay-wallet-kv/providers/Microsoft.Advisor/recommendations/efe269ad-0303-0e2d-dc0b-5bffe355673f, https://portal.azure.com/#resource/subscriptions/b9fc9419-6097-45fe-9f74-ba0641c91912/resourceGroups/pagopa-p-sec-rg/providers/Microsoft.KeyVault/vaults/pagopa-p-kv/providers/Microsoft.Advisor/recommendations/af856db0-b408-e4a4-a56a-9668773c33fd, https://portal.azure.com/#resource/subscriptions/b9fc9419-6097-45fe-9f74-ba0641c91912/resourceGroups/pagopa-p-selfcare-sec-rg/providers/Microsoft.KeyVault/vaults/pagopa-p-selfcare-kv/providers/Microsoft.Advisor/recommendations/19523d20-040e-3d6d-5b44-ef7ea3080440, https://portal.azure.com/#resource/subscriptions/bbe47ad4-08b3-4925-94c5-1278e5819b86/resourceGroups/pagopa-d-ecommerce-sec-rg/providers/Microsoft.KeyVault/vaults/pagopa-d-ecommerce-kv/providers/Microsoft.Advisor/recommendations/dae9b859-1e7f-c4d6-80ad-d6de151dd593, https://portal.azure.com/#resource/subscriptions/bbe47ad4-08b3-4925-94c5-1278e5819b86/resourceGroups/pagopa-d-itn-crusc8-sec-rg/providers/Microsoft.KeyVault/vaults/pagopa-d-itn-crusc8-kv/providers/Microsoft.Advisor/recommendations/475e2db6-2df2-78f3-ae8c-9fda14983ac8, https://portal.azure.com/#resource/subscriptions/bbe47ad4-08b3-4925-94c5-1278e5819b86/resourceGroups/pagopa-d-nodo-sec-rg/providers/Microsoft.KeyVault/vaults/pagopa-d-nodo-kv/providers/Microsoft.Advisor/recommendations/5bc8855f-dece-58b7-4ea6-6890d0618619, https://portal.azure.com/#resource/subscriptions/bbe47ad4-08b3-4925-94c5-1278e5819b86/resourceGroups/pagopa-d-pay-wallet-sec-rg/providers/Microsoft.KeyVault/vaults/pagopa-d-pay-wallet-kv/providers/Microsoft.Advisor/recommendations/693100ef-f6ee-348b-c7d5-0e9e88308d2b, https://portal.azure.com/#resource/subscriptions/bbe47ad4-08b3-4925-94c5-1278e5819b86/resourceGroups/pagopa-d-sec-rg/providers/Microsoft.KeyVault/vaults/pagopa-d-kv/providers/Microsoft.Advisor/recommendations/5ded3ae0-9a27-b4c0-0807-c3b0c3cb9bd1, https://portal.azure.com/#resource/subscriptions/ec285037-c673-4f58-b594-d7c480da4e8b/resourceGroups/io-p-itn-cdc-rg-01/providers/Microsoft.KeyVault/vaults/io-p-itn-cdc-kv-01/providers/Microsoft.Advisor/recommendations/d5d338fe-82ab-25df-8466-9817c34b040a, https://portal.azure.com/#resource/subscriptions/ec285037-c673-4f58-b594-d7c480da4e8b/resourceGroups/io-p-itn-common-rg-01/providers/Microsoft.KeyVault/vaults/io-p-itn-tlscert-kv-01/providers/Microsoft.Advisor/recommendations/49335cfa-ac33-3575-9d91-e8c942a6f2ee, https://portal.azure.com/#resource/subscriptions/ec285037-c673-4f58-b594-d7c480da4e8b/resourceGroups/io-p-itn-sign-rg-01/providers/Microsoft.KeyVault/vaults/io-p-itn-sign-kv-01/providers/Microsoft.Advisor/recommendations/199ff381-5003-3b8f-fb47-a532ea0a90cc, https://portal.azure.com/#resource/subscriptions/ec285037-c673-4f58-b594-d7c480da4e8b/resourceGroups/io-p-rg-common/providers/Microsoft.KeyVault/vaults/io-p-kv-common/providers/Microsoft.Advisor/recommendations/dceabd68-303a-e479-2590-ac073191ac78, https://portal.azure.com/#resource/subscriptions/f47d50dc-b874-4e04-9d5c-c27f5053a651/resourceGroups/selc-u-sec-rg/providers/Microsoft.KeyVault/vaults/selc-u-kv/providers/Microsoft.Advisor/recommendations/50cf3de6-8b9c-8865-25d7-43855c2a5d64, https://portal.azure.com/#resource/subscriptions/f9f0ed60-4b4b-49a6-97cb-8c8a0f9e2435/resourceGroups/cstar-u-itn-idpay-security-rg/providers/Microsoft.KeyVault/vaults/cstar-u-itn-idpay-kv/providers/Microsoft.Advisor/recommendations/275539c4-a98c-3d48-60e4-56932b51649d
Kubernetes service	Unsupported Kubernetes version is detected		"{""platforms"":{}}"	Debito	advisor_retirement	Unsupported Kubernetes version is detected		https://portal.azure.com/#resource/subscriptions/4d177dd6-5c7d-40ab-8019-0c1be380a25d/resourcegroups/cstar-d-weu-dev01-aks-rg/providers/Microsoft.ContainerService/managedClusters/cstar-d-weu-dev01-aks/providers/Microsoft.Advisor/recommendations/e9b51535-4b50-7ad1-eca9-d69d1a734ec1, https://portal.azure.com/#resource/subscriptions/f9f0ed60-4b4b-49a6-97cb-8c8a0f9e2435/resourcegroups/cstar-u-weu-uat01-aks-rg/providers/Microsoft.ContainerService/managedClusters/cstar-u-weu-uat01-aks/providers/Microsoft.Advisor/recommendations/46fb9fbc-3861-f547-07eb-abe8d3e6f23d
Network	Add explicit outbound method to disable default outbound		"{""platforms"":{}}"	Debito	advisor_retirement	Add explicit outbound method to disable default outbound		https://portal.azure.com/#resource/subscriptions/82ef7414-5e6b-4383-a344-b981c2ba7267/resourceGroups/itops-d-rg/providers/Microsoft.Network/networkInterfaces/itops-d-app-nic-01/providers/Microsoft.Advisor/recommendations/63b3d971-4f90-4d93-2f00-54028b4531b6, https://portal.azure.com/#resource/subscriptions/f4b92052-083f-493c-b765-6d6a28eb809c/resourceGroups/ict-p-captive-rg/providers/Microsoft.Network/networkInterfaces/nic-ict-p-captive-vm-01-00/providers/Microsoft.Advisor/recommendations/2b2e1fcd-98b6-e1b1-8437-9f7f41eb1428, https://portal.azure.com/#resource/subscriptions/f4b92052-083f-493c-b765-6d6a28eb809c/resourceGroups/ict-p-presentation-rg/providers/Microsoft.Network/networkInterfaces/ict-p-grafana-nic-01/providers/Microsoft.Advisor/recommendations/462aac62-ed74-5c00-fb54-05799ec96d0a, https://portal.azure.com/#resource/subscriptions/f4b92052-083f-493c-b765-6d6a28eb809c/resourceGroups/itops-p-rg/providers/Microsoft.Network/networkInterfaces/itops-p-app-nic-01/providers/Microsoft.Advisor/recommendations/745d98b7-fb0d-fc13-035e-0047b768fea0
Network	Upgrade to the latest DRS rule set in Application Gateway WAF		"{""platforms"":{}}"	Debito	advisor_retirement	Upgrade to the latest DRS rule set in Application Gateway WAF		https://portal.azure.com/#resource/subscriptions/0f1c9857-d58b-47d2-874e-c905c5276dda/resourceGroups/ced-p-itn-common-rg-01/providers/Microsoft.Network/applicationGatewayWebApplicationFirewallPolicies/ced-p-itn-agw-waf-policy-01/providers/Microsoft.Advisor/recommendations/ca594cee-0b6d-e7e0-c145-a0625328dbc6, https://portal.azure.com/#resource/subscriptions/ac17914c-79bf-48fa-831e-1359ef74c1d5/resourceGroups/rg-appgw/providers/Microsoft.Network/applicationGatewayWebApplicationFirewallPolicies/wafapppolicy/providers/Microsoft.Advisor/recommendations/6d404483-5245-575c-67b0-c8691371beca, https://portal.azure.com/#resource/subscriptions/ec285037-c673-4f58-b594-d7c480da4e8b/resourceGroups/io-p-itn-common-rg-01/providers/Microsoft.Network/applicationGatewayWebApplicationFirewallPolicies/io-p-itn-agw-api-app-waf-01/providers/Microsoft.Advisor/recommendations/2401358f-548d-7e6c-a69e-93581ebad86b, https://portal.azure.com/#resource/subscriptions/ec285037-c673-4f58-b594-d7c480da4e8b/resourceGroups/io-p-itn-common-rg-01/providers/Microsoft.Network/applicationGatewayWebApplicationFirewallPolicies/io-p-itn-agw-waf-01/providers/Microsoft.Advisor/recommendations/508c8379-7100-bf30-ff6c-b1bf7aeeb05f, https://portal.azure.com/#resource/subscriptions/f4b92052-083f-493c-b765-6d6a28eb809c/resourceGroups/ict-p-shared-rg/providers/Microsoft.Network/applicationGatewayWebApplicationFirewallPolicies/ict-p-global-waf/providers/Microsoft.Advisor/recommendations/d5ec0d52-fd9b-631c-e661-e54ca72759f8, https://portal.azure.com/#resource/subscriptions/f4b92052-083f-493c-b765-6d6a28eb809c/resourceGroups/ict-p-waf-rg/providers/Microsoft.Network/applicationGatewayWebApplicationFirewallPolicies/ict-p-captive-waf/providers/Microsoft.Advisor/recommendations/bf9e1f4f-7d87-471e-4cc2-ccad042ac725, https://portal.azure.com/#resource/subscriptions/f4b92052-083f-493c-b765-6d6a28eb809c/resourceGroups/ict-p-waf-rg/providers/Microsoft.Network/applicationGatewayWebApplicationFirewallPolicies/ict-p-conservazione-waf/providers/Microsoft.Advisor/recommendations/bc8f21f6-2d05-e5c4-bce2-07ee3a500484, https://portal.azure.com/#resource/subscriptions/f4b92052-083f-493c-b765-6d6a28eb809c/resourceGroups/ict-p-waf-rg/providers/Microsoft.Network/applicationGatewayWebApplicationFirewallPolicies/ict-p-dms-waf/providers/Microsoft.Advisor/recommendations/53daa35e-5398-67a4-60d0-999170f4e68a, https://portal.azure.com/#resource/subscriptions/f4b92052-083f-493c-b765-6d6a28eb809c/resourceGroups/ict-p-waf-rg/providers/Microsoft.Network/applicationGatewayWebApplicationFirewallPolicies/ict-p-itops-waf/providers/Microsoft.Advisor/recommendations/f3fc5d83-3f63-3550-042a-70a6eb57cf89, https://portal.azure.com/#resource/subscriptions/f4b92052-083f-493c-b765-6d6a28eb809c/resourceGroups/ict-p-waf-rg/providers/Microsoft.Network/applicationGatewayWebApplicationFirewallPolicies/ict-p-my-waf/providers/Microsoft.Advisor/recommendations/171d108c-01e5-92af-8d3e-2a2ef2e1099b, https://portal.azure.com/#resource/subscriptions/f4b92052-083f-493c-b765-6d6a28eb809c/resourceGroups/ict-p-waf-rg/providers/Microsoft.Network/applicationGatewayWebApplicationFirewallPolicies/ict-p-numbers-waf/providers/Microsoft.Advisor/recommendations/d24938df-12e5-6270-70f8-29d3558c20fa, https://portal.azure.com/#resource/subscriptions/f4b92052-083f-493c-b765-6d6a28eb809c/resourceGroups/ict-p-waf-rg/providers/Microsoft.Network/applicationGatewayWebApplicationFirewallPolicies/ict-p-protocollo-waf/providers/Microsoft.Advisor/recommendations/28fff80b-9548-db1c-6f49-f8e1d7f50b9e, https://portal.azure.com/#resource/subscriptions/f4b92052-083f-493c-b765-6d6a28eb809c/resourceGroups/ict-p-waf-rg/providers/Microsoft.Network/applicationGatewayWebApplicationFirewallPolicies/ict-p-sap-waf/providers/Microsoft.Advisor/recommendations/444c01d3-864e-64c4-c07a-fbeffbbe28f3, https://portal.azure.com/#resource/subscriptions/f4b92052-083f-493c-b765-6d6a28eb809c/resourceGroups/ict-p-waf-rg/providers/Microsoft.Network/applicationGatewayWebApplicationFirewallPolicies/ict-p-sspr-waf/providers/Microsoft.Advisor/recommendations/6d98b35e-b7f4-b607-6e83-6022b0c62d92, https://portal.azure.com/#resource/subscriptions/f4b92052-083f-493c-b765-6d6a28eb809c/resourceGroups/ict-p-waf-rg/providers/Microsoft.Network/applicationGatewayWebApplicationFirewallPolicies/ict-p-tuttogare-waf/providers/Microsoft.Advisor/recommendations/a5183dfd-4fd9-73ad-6451-8144d1391d84
Virtual machine	Convert Standard to Premium disk for higher uptime	ICT	"{""platforms"":{""ICT"":[""DEV-ICT"",""PROD-ICT""]}}"	Debito	advisor_retirement	Convert Standard to Premium disk for higher uptime		https://portal.azure.com/#resource/subscriptions/82ef7414-5e6b-4383-a344-b981c2ba7267/resourceGroups/itops-d-rg/providers/Microsoft.Compute/virtualMachines/itops-d-app-vm-01/providers/Microsoft.Advisor/recommendations/8a8b834f-461d-227a-9f4d-9c27a697d35a, https://portal.azure.com/#resource/subscriptions/f4b92052-083f-493c-b765-6d6a28eb809c/resourceGroups/ict-p-mailserver-rg/providers/Microsoft.Compute/virtualMachines/ict-p-mailserver-vm-01/providers/Microsoft.Advisor/recommendations/80ef15b7-d6ed-2e37-8b76-8358e78cbe8a, https://portal.azure.com/#resource/subscriptions/f4b92052-083f-493c-b765-6d6a28eb809c/resourceGroups/ict-p-presentation-rg/providers/Microsoft.Compute/virtualMachines/ict-p-grafana-vm-01/providers/Microsoft.Advisor/recommendations/a1e22761-a670-714c-651c-c11d4f83ec4f, https://portal.azure.com/#resource/subscriptions/f4b92052-083f-493c-b765-6d6a28eb809c/resourceGroups/ITOPS-P-RG/providers/Microsoft.Compute/virtualMachines/itops-p-app-vm-01/providers/Microsoft.Advisor/recommendations/ee1ff25c-63d5-8c99-1497-afdb1567147a
Virtual machine	Enable Trusted Launch foundational excellence, and modern security for Existing Generation 2 VM(s)		"{""platforms"":{}}"	Debito	advisor_retirement	Enable Trusted Launch foundational excellence, and modern security for Existing Generation 2 VM(s)		https://portal.azure.com/#resource/subscriptions/26abc801-0d8f-4a6e-ac5f-8e81bcc09112/resourceGroups/pagopa-u-itn-uat-aks-rg/providers/Microsoft.Compute/virtualMachines/pagopa-u-itn-uat-vm-debug-italy/providers/Microsoft.Advisor/recommendations/57abdbc3-0d11-c590-1035-95296c870eeb, https://portal.azure.com/#resource/subscriptions/26abc801-0d8f-4a6e-ac5f-8e81bcc09112/resourceGroups/pagopa-u-temp-nodostorico/providers/Microsoft.Compute/virtualMachines/pagopa-u-nosostorico-vm/providers/Microsoft.Advisor/recommendations/8aef959f-a784-073d-5d92-35a463064181, https://portal.azure.com/#resource/subscriptions/26abc801-0d8f-4a6e-ac5f-8e81bcc09112/resourceGroups/pagopa-u-test-peering-rg/providers/Microsoft.Compute/virtualMachines/test-peering-private/providers/Microsoft.Advisor/recommendations/5a95ef55-6b2a-d7d9-5ebf-2c44a311f6d4, https://portal.azure.com/#resource/subscriptions/4d177dd6-5c7d-40ab-8019-0c1be380a25d/resourceGroups/test-network-umberto/providers/Microsoft.Compute/virtualMachines/test-umberto-network/providers/Microsoft.Advisor/recommendations/e521ac82-ccdf-52f2-eb72-a192b93cab05, https://portal.azure.com/#resource/subscriptions/82ef7414-5e6b-4383-a344-b981c2ba7267/resourceGroups/itops-d-rg/providers/Microsoft.Compute/virtualMachines/itops-d-app-vm-01/providers/Microsoft.Advisor/recommendations/45543ce9-277e-1cda-a226-62bb9599b746, https://portal.azure.com/#resource/subscriptions/b9fc9419-6097-45fe-9f74-ba0641c91912/resourceGroups/pagopa-p-itn-prod-aks-rg/providers/Microsoft.Compute/virtualMachines/pagopa-p-itn-prod-vm-debug-italy/providers/Microsoft.Advisor/recommendations/87e4a1c8-1a7b-53d0-a8d4-cfc409881512, https://portal.azure.com/#resource/subscriptions/b9fc9419-6097-45fe-9f74-ba0641c91912/resourceGroups/test-pm/providers/Microsoft.Compute/virtualMachines/test-pm-conn/providers/Microsoft.Advisor/recommendations/f87e77aa-e148-a22c-1ba3-e7d932719b78, https://portal.azure.com/#resource/subscriptions/bbe47ad4-08b3-4925-94c5-1278e5819b86/resourceGroups/pagopa-d-itn-dev-aks-rg/providers/Microsoft.Compute/virtualMachines/pagopa-d-itn-dev-vm-debug-italy/providers/Microsoft.Advisor/recommendations/8a3a16bb-82cd-1718-8ed5-93f105ec9d09, https://portal.azure.com/#resource/subscriptions/bbe47ad4-08b3-4925-94c5-1278e5819b86/resourceGroups/test-matteo/providers/Microsoft.Compute/virtualMachines/payment-superset/providers/Microsoft.Advisor/recommendations/e858c149-59ab-ee2b-9483-07682c95563c, https://portal.azure.com/#resource/subscriptions/bbe47ad4-08b3-4925-94c5-1278e5819b86/resourceGroups/test-matteo/providers/Microsoft.Compute/virtualMachines/test-matteo-vm/providers/Microsoft.Advisor/recommendations/35908062-44aa-feea-bc3d-0b7d2ad16cc9, https://portal.azure.com/#resource/subscriptions/d7de83e0-0571-40ad-b63a-64c942385eae/resourceGroups/dx-metrics/providers/Microsoft.Compute/virtualMachines/dx-d-itn-metrics-vm-01/providers/Microsoft.Advisor/recommendations/3c53a627-b38d-d0cd-6a41-7f30ee9f31cf, https://portal.azure.com/#resource/subscriptions/f4b92052-083f-493c-b765-6d6a28eb809c/resourceGroups/ict-p-mailserver-rg/providers/Microsoft.Compute/virtualMachines/ict-p-mailserver-vm-01/providers/Microsoft.Advisor/recommendations/ab37a423-b361-05cc-45b3-c4993178379c, https://portal.azure.com/#resource/subscriptions/f4b92052-083f-493c-b765-6d6a28eb809c/resourceGroups/ict-p-presentation-rg/providers/Microsoft.Compute/virtualMachines/ict-p-grafana-vm-01/providers/Microsoft.Advisor/recommendations/f9ee5b1a-980e-7544-35c1-66373a295e9a, https://portal.azure.com/#resource/subscriptions/f4b92052-083f-493c-b765-6d6a28eb809c/resourceGroups/ITOPS-P-RG/providers/Microsoft.Compute/virtualMachines/itops-p-app-vm-01/providers/Microsoft.Advisor/recommendations/cbed4667-107a-43ba-ec3d-202cd46877b3, https://portal.azure.com/#resource/subscriptions/f9f0ed60-4b4b-49a6-97cb-8c8a0f9e2435/resourceGroups/cstar-u-perf-test-01_group/providers/Microsoft.Compute/virtualMachines/cstar-u-perf-test-02/providers/Microsoft.Advisor/recommendations/42f40150-2e64-85eb-e90e-2f340cdb1f98, https://portal.azure.com/#resource/subscriptions/f9f0ed60-4b4b-49a6-97cb-8c8a0f9e2435/resourceGroups/cstar-u-perf-test-01_group/providers/Microsoft.Compute/virtualMachines/cstar-u-perf-test-03/providers/Microsoft.Advisor/recommendations/9a2a2306-b235-a7eb-6fc8-25e6b258b788
Virtual machine	Migrate workload to D-series or better virtual machine	ICT, IO, pagoPA, PARI, Piattaforma Unifaria, SelfCare, Technology	"{""platforms"":{""ICT"":[""DEV-ICT"",""PROD-ICT""],""IO"":[""DEV-IO""],""PARI"":[""DEV-CSTAR""],""Piattaforma Unifaria"":[""UAT-P4PA""],""SelfCare"":[""DEV-SelfCare"",""PROD-SelfCare"",""UAT-SelfCare""],""Technology"":[""ORG""],""pagoPA"":[""DEV-pagoPA"",""PROD-pagoPA"",""UAT-pagoPA""]}}"	Debito	advisor_retirement	Migrate workload to D-series or better virtual machine		https://portal.azure.com/#resource/subscriptions/1ab5e788-3b98-4c63-bd05-de0c7388c853/resourceGroups/selc-d-event-rg/providers/Microsoft.Compute/virtualMachines/selc-d-evh-rds-vm/providers/Microsoft.Advisor/recommendations/4cc72491-cb6c-8740-ba8d-f7a7234ac210, https://portal.azure.com/#resource/subscriptions/1b06ce19-c192-49b3-8418-0f5bf013ea5f/resourceGroups/vm-certificate_group/providers/Microsoft.Compute/virtualMachines/vm-certificate/providers/Microsoft.Advisor/recommendations/330ea128-0838-1992-6f9f-aaf684563fd9, https://portal.azure.com/#resource/subscriptions/26abc801-0d8f-4a6e-ac5f-8e81bcc09112/resourceGroups/pagopa-u-itn-uat-aks-rg/providers/Microsoft.Compute/virtualMachines/pagopa-u-itn-uat-vm-debug-italy/providers/Microsoft.Advisor/recommendations/5248d8c1-0a52-f320-8e20-565159babeb1, https://portal.azure.com/#resource/subscriptions/26abc801-0d8f-4a6e-ac5f-8e81bcc09112/resourceGroups/pagopa-u-temp-nodostorico/providers/Microsoft.Compute/virtualMachines/pagopa-u-nosostorico-vm/providers/Microsoft.Advisor/recommendations/e4696d93-a000-ba3a-7632-67cb7ff5bbea, https://portal.azure.com/#resource/subscriptions/26abc801-0d8f-4a6e-ac5f-8e81bcc09112/resourceGroups/pagopa-u-test-peering-rg/providers/Microsoft.Compute/virtualMachines/test-peering-private/providers/Microsoft.Advisor/recommendations/913336c9-737a-1a0d-dd7a-463b8b4e75fb, https://portal.azure.com/#resource/subscriptions/26abc801-0d8f-4a6e-ac5f-8e81bcc09112/resourceGroups/pagopa-u-weu-nodo-vmss-rg/providers/Microsoft.Compute/virtualMachines/db-nodo-proxy-vm/providers/Microsoft.Advisor/recommendations/66e8d980-0257-2be9-1df5-d55641debd4c, https://portal.azure.com/#resource/subscriptions/4d177dd6-5c7d-40ab-8019-0c1be380a25d/resourceGroups/test-network-umberto/providers/Microsoft.Compute/virtualMachines/test-umberto-network/providers/Microsoft.Advisor/recommendations/323e4b61-b93a-01e2-cee0-6acb4b06c4e7, https://portal.azure.com/#resource/subscriptions/813119d7-0943-46ed-8ebe-cebe24f9106c/resourceGroups/selc-p-event-rg/providers/Microsoft.Compute/virtualMachines/selc-p-evh-rds-vm/providers/Microsoft.Advisor/recommendations/7eca7eda-46e7-09c5-bd6f-7f272e2a9f55, https://portal.azure.com/#resource/subscriptions/813119d7-0943-46ed-8ebe-cebe24f9106c/resourceGroups/selc-p-ops-rg/providers/Microsoft.Compute/virtualMachines/selc-p-ops-vm/providers/Microsoft.Advisor/recommendations/b059d21d-f7c1-4326-e2d8-829793ee3af4, https://portal.azure.com/#resource/subscriptions/82ef7414-5e6b-4383-a344-b981c2ba7267/resourceGroups/itops-d-rg/providers/Microsoft.Compute/virtualMachines/itops-d-app-vm-01/providers/Microsoft.Advisor/recommendations/c83c4ade-15a0-3f3f-ad4a-c0ea2fb94fb5, https://portal.azure.com/#resource/subscriptions/a001fc05-3125-4940-bbe0-7ef4125a8263/resourceGroups/org-p-rap-rg/providers/Microsoft.Compute/virtualMachines/org-p-rap-vm/providers/Microsoft.Advisor/recommendations/fb5dd279-479a-6fbb-eab3-6782ebb804b9, https://portal.azure.com/#resource/subscriptions/a4e96bcd-59dc-4d66-b2f7-5547ad157c12/resourceGroups/io-d-itn-wallet-rg/providers/Microsoft.Compute/virtualMachines/ioditnwalletissuertest/providers/Microsoft.Advisor/recommendations/de5be243-af07-85ec-4224-02c36a657484, https://portal.azure.com/#resource/subscriptions/b9fc9419-6097-45fe-9f74-ba0641c91912/resourceGroups/pagopa-p-itn-prod-aks-rg/providers/Microsoft.Compute/virtualMachines/pagopa-p-itn-prod-vm-debug-italy/providers/Microsoft.Advisor/recommendations/84285110-83dd-9070-7d65-d0cd334e3ab9, https://portal.azure.com/#resource/subscriptions/b9fc9419-6097-45fe-9f74-ba0641c91912/resourceGroups/pagopa-p-weu-dbsecurity-vdi-rg/providers/Microsoft.Compute/virtualMachines/pagopa-p-weu-dbsecurity-db-vdi/providers/Microsoft.Advisor/recommendations/df830b3f-73e6-4765-94a8-06bd67066093, https://portal.azure.com/#resource/subscriptions/b9fc9419-6097-45fe-9f74-ba0641c91912/resourceGroups/pagopa-p-weu-nodo-vmss-rg/providers/Microsoft.Compute/virtualMachines/db-p-nodo-aws-conn-vm/providers/Microsoft.Advisor/recommendations/2c39f760-e531-8932-75f0-4099d11e21b7, https://portal.azure.com/#resource/subscriptions/b9fc9419-6097-45fe-9f74-ba0641c91912/resourceGroups/test-pm/providers/Microsoft.Compute/virtualMachines/test-pm-conn/providers/Microsoft.Advisor/recommendations/f987af75-cc79-52c3-fe39-96932e0ac78d, https://portal.azure.com/#resource/subscriptions/bbe47ad4-08b3-4925-94c5-1278e5819b86/resourceGroups/pagopa-d-itn-dev-aks-rg/providers/Microsoft.Compute/virtualMachines/pagopa-d-itn-dev-vm-debug-italy/providers/Microsoft.Advisor/recommendations/f0d5f575-50b3-7208-1bab-ceea77242fca, https://portal.azure.com/#resource/subscriptions/bbe47ad4-08b3-4925-94c5-1278e5819b86/resourceGroups/test-matteo/providers/Microsoft.Compute/virtualMachines/payment-superset/providers/Microsoft.Advisor/recommendations/a14303d7-debb-c92c-c8f9-394a615286c9, https://portal.azure.com/#resource/subscriptions/bbe47ad4-08b3-4925-94c5-1278e5819b86/resourceGroups/test-matteo/providers/Microsoft.Compute/virtualMachines/test-matteo-vm/providers/Microsoft.Advisor/recommendations/4821f165-5904-0f1c-98f7-78b1402d998e, https://portal.azure.com/#resource/subscriptions/bbe47ad4-08b3-4925-94c5-1278e5819b86/resourceGroups/test-peering-rg/providers/Microsoft.Compute/virtualMachines/test-peering-vm/providers/Microsoft.Advisor/recommendations/847be1be-5725-e1c9-8298-83e789f66e34, https://portal.azure.com/#resource/subscriptions/ec285037-c673-4f58-b594-d7c480da4e8b/resourceGroups/io-p-ops_group/providers/Microsoft.Compute/virtualMachines/io-p-ops/providers/Microsoft.Advisor/recommendations/c05e787b-5ab1-d822-fbfd-a3a3058d4bbd, https://portal.azure.com/#resource/subscriptions/f47d50dc-b874-4e04-9d5c-c27f5053a651/resourceGroups/selc-u-event-rg/providers/Microsoft.Compute/virtualMachines/selc-u-evh-rds-vm/providers/Microsoft.Advisor/recommendations/a3569cd1-8c11-e69d-3085-16a32e8a47a0, https://portal.azure.com/#resource/subscriptions/f4b92052-083f-493c-b765-6d6a28eb809c/resourceGroups/ict-p-captive-rg/providers/Microsoft.Compute/virtualMachines/ict-p-captive-vm-01/providers/Microsoft.Advisor/recommendations/25c5d4df-e01c-4278-8b7e-995d45456c55, https://portal.azure.com/#resource/subscriptions/f4b92052-083f-493c-b765-6d6a28eb809c/resourceGroups/ict-p-mailserver-rg/providers/Microsoft.Compute/virtualMachines/ict-p-mailserver-vm-01/providers/Microsoft.Advisor/recommendations/fa04bcbf-e2e6-7e97-2d17-38ba4d6c8e52, https://portal.azure.com/#resource/subscriptions/f4b92052-083f-493c-b765-6d6a28eb809c/resourceGroups/ict-p-presentation-rg/providers/Microsoft.Compute/virtualMachines/ict-p-grafana-vm-01/providers/Microsoft.Advisor/recommendations/9f791446-a1b0-4243-3575-32c40abee1c0
Virtual machine	Migrate workload to Virtual Machine Scale Sets Flex	ICT, pagoPA, PARI, Piattaforma Unifaria, SelfCare, Technology	"{""platforms"":{""ICT"":[""DEV-ICT"",""PROD-ICT""],""PARI"":[""UAT-CSTAR""],""Piattaforma Unifaria"":[""UAT-P4PA""],""SelfCare"":[""DEV-SelfCare"",""PROD-SelfCare"",""UAT-SelfCare""],""Technology"":[""ORG""],""pagoPA"":[""PROD-pagoPA""]}}"	Debito	advisor_retirement	Migrate workload to Virtual Machine Scale Sets Flex		https://portal.azure.com/#resource/subscriptions/1ab5e788-3b98-4c63-bd05-de0c7388c853/resourceGroups/selc-d-event-rg/providers/Microsoft.Compute/virtualMachines/selc-d-evh-rds-vm/providers/Microsoft.Advisor/recommendations/aa1db996-d04a-c4d5-c765-f1a85b3a6310, https://portal.azure.com/#resource/subscriptions/1b06ce19-c192-49b3-8418-0f5bf013ea5f/resourceGroups/vm-certificate_group/providers/Microsoft.Compute/virtualMachines/vm-certificate/providers/Microsoft.Advisor/recommendations/73d93861-dc22-6719-560c-e3b555453013, https://portal.azure.com/#resource/subscriptions/26abc801-0d8f-4a6e-ac5f-8e81bcc09112/resourceGroups/pagopa-u-itn-uat-aks-rg/providers/Microsoft.Compute/virtualMachines/pagopa-u-itn-uat-vm-debug-italy/providers/Microsoft.Advisor/recommendations/6ed4c39c-26bc-d33f-91f7-577cf534ff4b, https://portal.azure.com/#resource/subscriptions/26abc801-0d8f-4a6e-ac5f-8e81bcc09112/resourceGroups/pagopa-u-temp-nodostorico/providers/Microsoft.Compute/virtualMachines/pagopa-u-nosostorico-vm/providers/Microsoft.Advisor/recommendations/ad75e49d-0440-981c-4955-2dfdf51e461d, https://portal.azure.com/#resource/subscriptions/26abc801-0d8f-4a6e-ac5f-8e81bcc09112/resourceGroups/pagopa-u-test-peering-rg/providers/Microsoft.Compute/virtualMachines/test-peering-private/providers/Microsoft.Advisor/recommendations/3bc8e316-bd48-d92b-bd1a-7b844b9448f0, https://portal.azure.com/#resource/subscriptions/26abc801-0d8f-4a6e-ac5f-8e81bcc09112/resourceGroups/pagopa-u-test-peering-rg/providers/Microsoft.Compute/virtualMachines/test-peering-vm/providers/Microsoft.Advisor/recommendations/245254b1-aaa7-6e7f-5612-42edf7e35be9, https://portal.azure.com/#resource/subscriptions/26abc801-0d8f-4a6e-ac5f-8e81bcc09112/resourceGroups/pagopa-u-weu-nodo-vmss-rg/providers/Microsoft.Compute/virtualMachines/db-nodo-proxy-vm/providers/Microsoft.Advisor/recommendations/e17ee669-d7e0-39c5-3cd1-6a780c00ca09, https://portal.azure.com/#resource/subscriptions/4d177dd6-5c7d-40ab-8019-0c1be380a25d/resourceGroups/test-network-umberto/providers/Microsoft.Compute/virtualMachines/test-umberto-network/providers/Microsoft.Advisor/recommendations/ba18ef01-ed14-c4b1-f42e-190e19cfe45f, https://portal.azure.com/#resource/subscriptions/813119d7-0943-46ed-8ebe-cebe24f9106c/resourceGroups/selc-p-event-rg/providers/Microsoft.Compute/virtualMachines/selc-p-evh-rds-vm/providers/Microsoft.Advisor/recommendations/90e503eb-5735-a19e-af7f-5f0a839d5ba6, https://portal.azure.com/#resource/subscriptions/813119d7-0943-46ed-8ebe-cebe24f9106c/resourceGroups/selc-p-ops-rg/providers/Microsoft.Compute/virtualMachines/selc-p-ops-vm/providers/Microsoft.Advisor/recommendations/b9a15b6f-ab28-b124-23cb-10c383ebd97a, https://portal.azure.com/#resource/subscriptions/82ef7414-5e6b-4383-a344-b981c2ba7267/resourceGroups/itops-d-rg/providers/Microsoft.Compute/virtualMachines/itops-d-app-vm-01/providers/Microsoft.Advisor/recommendations/a4e6fd60-5044-6bc2-4933-f5ef3298d272, https://portal.azure.com/#resource/subscriptions/a001fc05-3125-4940-bbe0-7ef4125a8263/resourceGroups/org-p-rap-rg/providers/Microsoft.Compute/virtualMachines/org-p-rap-vm/providers/Microsoft.Advisor/recommendations/cfd5c2de-09eb-b5da-46ae-2eb69c6d4c97, https://portal.azure.com/#resource/subscriptions/a4e96bcd-59dc-4d66-b2f7-5547ad157c12/resourceGroups/io-d-itn-platform-rg-01/providers/Microsoft.Compute/virtualMachines/io-d-platform-load-test-02/providers/Microsoft.Advisor/recommendations/37d7bf71-0bf6-d09f-5d59-947057746178, https://portal.azure.com/#resource/subscriptions/a4e96bcd-59dc-4d66-b2f7-5547ad157c12/resourceGroups/io-d-itn-wallet-rg/providers/Microsoft.Compute/virtualMachines/ioditnwalletissuertest/providers/Microsoft.Advisor/recommendations/5aebac52-d3ce-08b4-f4b0-caa0f59ed71a, https://portal.azure.com/#resource/subscriptions/a4e96bcd-59dc-4d66-b2f7-5547ad157c12/resourceGroups/io-d-platform-load-test_group/providers/Microsoft.Compute/virtualMachines/io-d-platform-load-test/providers/Microsoft.Advisor/recommendations/9ef1acba-da14-7353-a9a6-f542d36a9603, https://portal.azure.com/#resource/subscriptions/b9fc9419-6097-45fe-9f74-ba0641c91912/resourceGroups/pagopa-p-azdoa-rg/providers/Microsoft.Compute/virtualMachines/test-matteo-apim/providers/Microsoft.Advisor/recommendations/e0cac4a2-02a0-5bf1-af2b-5b9d7d4639f3, https://portal.azure.com/#resource/subscriptions/b9fc9419-6097-45fe-9f74-ba0641c91912/resourceGroups/pagopa-p-itn-prod-aks-rg/providers/Microsoft.Compute/virtualMachines/pagopa-p-itn-prod-vm-debug-italy/providers/Microsoft.Advisor/recommendations/01584d63-4e8b-c675-b215-12b9dbf64907, https://portal.azure.com/#resource/subscriptions/b9fc9419-6097-45fe-9f74-ba0641c91912/resourceGroups/pagopa-p-weu-dbsecurity-vdi-rg/providers/Microsoft.Compute/virtualMachines/pagopa-p-weu-dbsecurity-db-vdi/providers/Microsoft.Advisor/recommendations/9a6aff04-824f-8ae5-cc2e-9181b2c38621, https://portal.azure.com/#resource/subscriptions/b9fc9419-6097-45fe-9f74-ba0641c91912/resourceGroups/pagopa-p-weu-nodo-vmss-rg/providers/Microsoft.Compute/virtualMachines/db-p-nodo-aws-conn-vm/providers/Microsoft.Advisor/recommendations/4d122fdc-5be5-d562-a110-e46648ea9fac, https://portal.azure.com/#resource/subscriptions/b9fc9419-6097-45fe-9f74-ba0641c91912/resourceGroups/test-pm/providers/Microsoft.Compute/virtualMachines/test-pm-conn/providers/Microsoft.Advisor/recommendations/7c47dc06-82fd-38d6-70d5-f98c5b7f71a8, https://portal.azure.com/#resource/subscriptions/bbe47ad4-08b3-4925-94c5-1278e5819b86/resourceGroups/pagopa-d-itn-dev-aks-rg/providers/Microsoft.Compute/virtualMachines/pagopa-d-itn-dev-vm-debug-italy/providers/Microsoft.Advisor/recommendations/fbcdd4f9-d7ae-d1ff-f76f-77306d18cb43, https://portal.azure.com/#resource/subscriptions/bbe47ad4-08b3-4925-94c5-1278e5819b86/resourceGroups/test-matteo/providers/Microsoft.Compute/virtualMachines/payment-superset/providers/Microsoft.Advisor/recommendations/4d0f03ae-d008-efea-20ee-96606a75bf7b, https://portal.azure.com/#resource/subscriptions/bbe47ad4-08b3-4925-94c5-1278e5819b86/resourceGroups/test-matteo/providers/Microsoft.Compute/virtualMachines/test-matteo-vm/providers/Microsoft.Advisor/recommendations/4a1abf7e-9abe-d781-8b46-4ad71ebc8490, https://portal.azure.com/#resource/subscriptions/bbe47ad4-08b3-4925-94c5-1278e5819b86/resourceGroups/test-peering-rg/providers/Microsoft.Compute/virtualMachines/test-peering-vm/providers/Microsoft.Advisor/recommendations/5a81b04c-dc0c-1c96-cc47-fa14ca885699, https://portal.azure.com/#resource/subscriptions/d7de83e0-0571-40ad-b63a-64c942385eae/resourceGroups/dx-metrics/providers/Microsoft.Compute/virtualMachines/dx-d-itn-metrics-vm-01/providers/Microsoft.Advisor/recommendations/3f104af1-566c-471c-7460-634ceb2d7cfd, https://portal.azure.com/#resource/subscriptions/ec285037-c673-4f58-b594-d7c480da4e8b/resourceGroups/io-p-ops_group/providers/Microsoft.Compute/virtualMachines/io-p-ops/providers/Microsoft.Advisor/recommendations/35745d9e-5abf-1935-da3e-3b7a5c29c3a5, https://portal.azure.com/#resource/subscriptions/f47d50dc-b874-4e04-9d5c-c27f5053a651/resourceGroups/selc-u-event-rg/providers/Microsoft.Compute/virtualMachines/selc-u-evh-rds-vm/providers/Microsoft.Advisor/recommendations/8bbacf68-98a5-7703-014c-b302c59c367d, https://portal.azure.com/#resource/subscriptions/f4b92052-083f-493c-b765-6d6a28eb809c/resourceGroups/ict-p-captive-rg/providers/Microsoft.Compute/virtualMachines/ict-p-captive-vm-01/providers/Microsoft.Advisor/recommendations/2f47b6b8-fcb3-d062-1c7c-4dbd9c706253, https://portal.azure.com/#resource/subscriptions/f4b92052-083f-493c-b765-6d6a28eb809c/resourceGroups/ict-p-mailserver-rg/providers/Microsoft.Compute/virtualMachines/ict-p-mailserver-vm-01/providers/Microsoft.Advisor/recommendations/e8a98918-bea1-735c-ec58-e66258fc7101, https://portal.azure.com/#resource/subscriptions/f4b92052-083f-493c-b765-6d6a28eb809c/resourceGroups/ict-p-presentation-rg/providers/Microsoft.Compute/virtualMachines/ict-p-grafana-vm-01/providers/Microsoft.Advisor/recommendations/ae3478c5-c7c2-5344-408d-951f41621f93, https://portal.azure.com/#resource/subscriptions/f4b92052-083f-493c-b765-6d6a28eb809c/resourceGroups/ITOPS-P-RG/providers/Microsoft.Compute/virtualMachines/itops-p-app-vm-01/providers/Microsoft.Advisor/recommendations/2e26fa50-c034-53ff-9b40-693518e6d626, https://portal.azure.com/#resource/subscriptions/f9f0ed60-4b4b-49a6-97cb-8c8a0f9e2435/resourceGroups/cstar-u-perf-test-01_group/providers/Microsoft.Compute/virtualMachines/cstar-u-perf-test-01/providers/Microsoft.Advisor/recommendations/f821958c-ac7b-8f6a-1a31-e1d9b39321a9, https://portal.azure.com/#resource/subscriptions/f9f0ed60-4b4b-49a6-97cb-8c8a0f9e2435/resourceGroups/cstar-u-perf-test-01_group/providers/Microsoft.Compute/virtualMachines/cstar-u-perf-test-02/providers/Microsoft.Advisor/recommendations/c26df63d-46cd-4004-d179-a8b6a36c8b1d, https://portal.azure.com/#resource/subscriptions/f9f0ed60-4b4b-49a6-97cb-8c8a0f9e2435/resourceGroups/cstar-u-perf-test-01_group/providers/Microsoft.Compute/virtualMachines/cstar-u-perf-test-03/providers/Microsoft.Advisor/recommendations/ecdaffdc-3ec6-8bca-3a10-218f2343cd04
