impacted_service	subscription_name	run_id	as_of_date	scope_mode	record_type	source_system	source_id	event_id	tracking_id	event_type	event_sub_type	event_source	event_level	level	status	priority	title	short_description_solution	summary	description	recommended_actions	impact_start_time	impact_mitigation_time	last_update_time	date_for_window	impacted_service_guid	impacted_region	subscription_id	resource_granularity	resource_id	resource_group	resource_type	is_sensitive	details_fetch_status	description_quality	diagnostic_flags	provenance_json
Azure Monitor	DEV-P4PA	azure-retirements-2721348d-5d3e-4374-adc4-06d277cdf144	2026-07-28	subscriptions	service_health_event_region	resource_health_events	Microsoft.ResourceHealth/events/0QXK-41Z	0QXK-41Z	0QXK-41Z	HealthAdvisory	Retirement	ServiceHealth	Warning	Warning	Active		Action recommended: Migrate to managed identity authentication in Azure Monitor Container Insights before 30 September 2026	Action recommended: Migrate to managed identity authentication in Azure Monitor Container Insights before 30 September 2026	<p><em>You're receiving this notification because you have one or more Azure subscriptions currently using legacy authentication in Azure Monitor Container Insights.</em></p>	"<p><em>You're receiving this notification because you have one or more Azure subscriptions currently using legacy authentication in Azure Monitor Container Insights.</em></p> <p>On 30 September 2026, we'll retire legacy authentication in Azure Monitor Container Insights. To avoid disruptions, <a href=""https://aka.ms/CILegacyAuthMigration"" target=""_blank"">migrate</a> to managed identity authentication before 30 September 2026.</p> <p>Managed identity authentication is more secure and gives you access to newer Azure Monitor Container Insights features, such as syslog collection and high scale mode.</p> <h2>Recommended action</h2> <p>To avoid disruptions, migrate from legacy to managed identity authentication before 30 September 2026. Read our <a href=""https://aka.ms/CILegacyAuthMigration"" target=""_blank"">documentation</a> to learn how to migrate your Azure Kubernetes Service (AKS) clusters with a single click in the Azure portal. You'll also find command line options and a bulk migration script.</p> <p></p><h2>Help and support</h2><p>If you have questions, get answers from community experts in <a href=""https://learn.microsoft.com/answers/tags/20/azure-monitor"" target=""_blank"">Microsoft Q&amp;A</a>. If you have a support plan and need technical help, please create a <a href=""https://portal.azure.com/#blade/Microsoft_Azure_Support/HelpAndSupportBlade/newsupportrequest"" target=""_blank"">support request</a>.</p><p><em>Learn more about service retirements that may impact your resources in the </em><a href=""https://aka.ms/ServicesRetirementWorkbook"" target=""_blank""><em>Azure Retirement Workbook</em></a><em>. Please note that retirements may not be visible in the workbook for up to two weeks after being announced.</em></p><p></p>"		2026-04-14T05:54:44Z	2027-10-14T05:54:44Z	2026-07-06T14:22:31Z	2026-09-30		germanywestcentral	00288c16-f581-4bb4-9c52-6954dce102f4	not_available				false	not_needed	full	retirement_date_derived_from_text	"{""event_source"":""resource_health_events""}"
Azure Monitor	DEV-P4PA	azure-retirements-2721348d-5d3e-4374-adc4-06d277cdf144	2026-07-28	subscriptions	service_health_event_region	resource_health_events	Microsoft.ResourceHealth/events/0QXK-41Z	0QXK-41Z	0QXK-41Z	HealthAdvisory	Retirement	ServiceHealth	Warning	Warning	Active		Action recommended: Migrate to managed identity authentication in Azure Monitor Container Insights before 30 September 2026	Action recommended: Migrate to managed identity authentication in Azure Monitor Container Insights before 30 September 2026	<p><em>You're receiving this notification because you have one or more Azure subscriptions currently using legacy authentication in Azure Monitor Container Insights.</em></p>	"<p><em>You're receiving this notification because you have one or more Azure subscriptions currently using legacy authentication in Azure Monitor Container Insights.</em></p> <p>On 30 September 2026, we'll retire legacy authentication in Azure Monitor Container Insights. To avoid disruptions, <a href=""https://aka.ms/CILegacyAuthMigration"" target=""_blank"">migrate</a> to managed identity authentication before 30 September 2026.</p> <p>Managed identity authentication is more secure and gives you access to newer Azure Monitor Container Insights features, such as syslog collection and high scale mode.</p> <h2>Recommended action</h2> <p>To avoid disruptions, migrate from legacy to managed identity authentication before 30 September 2026. Read our <a href=""https://aka.ms/CILegacyAuthMigration"" target=""_blank"">documentation</a> to learn how to migrate your Azure Kubernetes Service (AKS) clusters with a single click in the Azure portal. You'll also find command line options and a bulk migration script.</p> <p></p><h2>Help and support</h2><p>If you have questions, get answers from community experts in <a href=""https://learn.microsoft.com/answers/tags/20/azure-monitor"" target=""_blank"">Microsoft Q&amp;A</a>. If you have a support plan and need technical help, please create a <a href=""https://portal.azure.com/#blade/Microsoft_Azure_Support/HelpAndSupportBlade/newsupportrequest"" target=""_blank"">support request</a>.</p><p><em>Learn more about service retirements that may impact your resources in the </em><a href=""https://aka.ms/ServicesRetirementWorkbook"" target=""_blank""><em>Azure Retirement Workbook</em></a><em>. Please note that retirements may not be visible in the workbook for up to two weeks after being announced.</em></p><p></p>"		2026-04-14T05:54:44Z	2027-10-14T05:54:44Z	2026-07-06T14:22:31Z	2026-09-30		global	00288c16-f581-4bb4-9c52-6954dce102f4	not_available				false	not_needed	full	retirement_date_derived_from_text	"{""event_source"":""resource_health_events""}"
Azure Monitor	DEV-P4PA	azure-retirements-2721348d-5d3e-4374-adc4-06d277cdf144	2026-07-28	subscriptions	service_health_event_region	resource_health_events	Microsoft.ResourceHealth/events/0QXK-41Z	0QXK-41Z	0QXK-41Z	HealthAdvisory	Retirement	ServiceHealth	Warning	Warning	Active		Action recommended: Migrate to managed identity authentication in Azure Monitor Container Insights before 30 September 2026	Action recommended: Migrate to managed identity authentication in Azure Monitor Container Insights before 30 September 2026	<p><em>You're receiving this notification because you have one or more Azure subscriptions currently using legacy authentication in Azure Monitor Container Insights.</em></p>	"<p><em>You're receiving this notification because you have one or more Azure subscriptions currently using legacy authentication in Azure Monitor Container Insights.</em></p> <p>On 30 September 2026, we'll retire legacy authentication in Azure Monitor Container Insights. To avoid disruptions, <a href=""https://aka.ms/CILegacyAuthMigration"" target=""_blank"">migrate</a> to managed identity authentication before 30 September 2026.</p> <p>Managed identity authentication is more secure and gives you access to newer Azure Monitor Container Insights features, such as syslog collection and high scale mode.</p> <h2>Recommended action</h2> <p>To avoid disruptions, migrate from legacy to managed identity authentication before 30 September 2026. Read our <a href=""https://aka.ms/CILegacyAuthMigration"" target=""_blank"">documentation</a> to learn how to migrate your Azure Kubernetes Service (AKS) clusters with a single click in the Azure portal. You'll also find command line options and a bulk migration script.</p> <p></p><h2>Help and support</h2><p>If you have questions, get answers from community experts in <a href=""https://learn.microsoft.com/answers/tags/20/azure-monitor"" target=""_blank"">Microsoft Q&amp;A</a>. If you have a support plan and need technical help, please create a <a href=""https://portal.azure.com/#blade/Microsoft_Azure_Support/HelpAndSupportBlade/newsupportrequest"" target=""_blank"">support request</a>.</p><p><em>Learn more about service retirements that may impact your resources in the </em><a href=""https://aka.ms/ServicesRetirementWorkbook"" target=""_blank""><em>Azure Retirement Workbook</em></a><em>. Please note that retirements may not be visible in the workbook for up to two weeks after being announced.</em></p><p></p>"		2026-04-14T05:54:44Z	2027-10-14T05:54:44Z	2026-07-06T14:22:31Z	2026-09-30		northeurope	00288c16-f581-4bb4-9c52-6954dce102f4	not_available				false	not_needed	full	retirement_date_derived_from_text	"{""event_source"":""resource_health_events""}"
Azure Monitor	DEV-P4PA	azure-retirements-2721348d-5d3e-4374-adc4-06d277cdf144	2026-07-28	subscriptions	service_health_event_region	resource_health_events	Microsoft.ResourceHealth/events/0QXK-41Z	0QXK-41Z	0QXK-41Z	HealthAdvisory	Retirement	ServiceHealth	Warning	Warning	Active		Action recommended: Migrate to managed identity authentication in Azure Monitor Container Insights before 30 September 2026	Action recommended: Migrate to managed identity authentication in Azure Monitor Container Insights before 30 September 2026	<p><em>You're receiving this notification because you have one or more Azure subscriptions currently using legacy authentication in Azure Monitor Container Insights.</em></p>	"<p><em>You're receiving this notification because you have one or more Azure subscriptions currently using legacy authentication in Azure Monitor Container Insights.</em></p> <p>On 30 September 2026, we'll retire legacy authentication in Azure Monitor Container Insights. To avoid disruptions, <a href=""https://aka.ms/CILegacyAuthMigration"" target=""_blank"">migrate</a> to managed identity authentication before 30 September 2026.</p> <p>Managed identity authentication is more secure and gives you access to newer Azure Monitor Container Insights features, such as syslog collection and high scale mode.</p> <h2>Recommended action</h2> <p>To avoid disruptions, migrate from legacy to managed identity authentication before 30 September 2026. Read our <a href=""https://aka.ms/CILegacyAuthMigration"" target=""_blank"">documentation</a> to learn how to migrate your Azure Kubernetes Service (AKS) clusters with a single click in the Azure portal. You'll also find command line options and a bulk migration script.</p> <p></p><h2>Help and support</h2><p>If you have questions, get answers from community experts in <a href=""https://learn.microsoft.com/answers/tags/20/azure-monitor"" target=""_blank"">Microsoft Q&amp;A</a>. If you have a support plan and need technical help, please create a <a href=""https://portal.azure.com/#blade/Microsoft_Azure_Support/HelpAndSupportBlade/newsupportrequest"" target=""_blank"">support request</a>.</p><p><em>Learn more about service retirements that may impact your resources in the </em><a href=""https://aka.ms/ServicesRetirementWorkbook"" target=""_blank""><em>Azure Retirement Workbook</em></a><em>. Please note that retirements may not be visible in the workbook for up to two weeks after being announced.</em></p><p></p>"		2026-04-14T05:54:44Z	2027-10-14T05:54:44Z	2026-07-06T14:22:31Z	2026-09-30		westeurope	00288c16-f581-4bb4-9c52-6954dce102f4	not_available				false	not_needed	full	retirement_date_derived_from_text	"{""event_source"":""resource_health_events""}"
Azure Kubernetes Service (AKS)	DEV-P4PA	azure-retirements-2721348d-5d3e-4374-adc4-06d277cdf144	2026-07-28	subscriptions	service_health_event_region	resource_health_events	Microsoft.ResourceHealth/events/9Y2Z-_K8	9Y2Z-_K8	9Y2Z-_K8	HealthAdvisory	Retirement	ServiceHealth	Warning	Warning	Active		Transition Ubuntu 22.04 clusters to Ubuntu 24.04 or later by 30 June 2027	Transition Ubuntu 22.04 clusters to Ubuntu 24.04 or later by 30 June 2027	<p><em>You’re receiving this notification because you’re associated with one or more Azure subscriptions that use Ubuntu 22.04 for Azure Kubernetes Service (AKS) clusters. For reference, you can find this notification in the Azure portal under&nbsp;Service Health/Health advisories&nbsp;using tracking ID: 9Y2Z-_K8.</em></p>	"<p><em>You’re receiving this notification because you’re associated with one or more Azure subscriptions that use Ubuntu 22.04 for Azure Kubernetes Service (AKS) clusters. For reference, you can find this notification in the Azure portal under&nbsp;Service Health/Health advisories&nbsp;using tracking ID: 9Y2Z-_K8.</em></p> <p><em>On 30 June 2027, we’ll retire Ubuntu 22.04 on Azure Kubernetes Service. To avoid disruptions,&nbsp;</em><a href=""https://learn.microsoft.com/azure/aks/upgrade-os-version"" target=""_blank""><strong>transition</strong>&nbsp;to Ubuntu 24.04 or later by that date.</a><a href=""https://aka.ms/aks/supported-ubuntu-versions"" target=""_blank"">&nbsp;</a>Newer supported versions<strong>&nbsp;</strong>include&nbsp;<a href=""https://discourse.ubuntu.com/t/ubuntu-24-04-lts-noble-numbat-release-notes/39890"" target=""_blank"">kernel updates and security improvements</a>.</p> <p>Between now and 30 June 2027, you can continue to use Ubuntu 22.04 on AKS without disruption. If you don’t migrate by 30 June 2027, you won’t be able to create new node pools, AKS&nbsp;won’t produce new node images, and you’ll no longer receive security patches for existing node pools. If you'd like to enable long-term support with Kubernetes version 1.33 or later, first update your node pools to Ubuntu 24.04.</p> <p>Additionally, on&nbsp;30 April 2028 AKS will remove Ubuntu 22.04 node images and existing code, causing scaling&nbsp;and remediation operations to fail.&nbsp;</p> <h2>Recommended action</h2> <p>To avoid service disruptions such as security vulnerabilities, failed node image upgrades, and scaling failures,&nbsp;<a href=""https://aka.ms/aks/upgrade-os-version"" target=""_blank""><strong>migrate</strong>&nbsp;to Ubuntu 24.04 or later by 30 June 2027.&nbsp;</a>Your migration options include:</p> <p></p><ul><li>Default&nbsp;Operating System SKU (OSSku): If you’re using ‘Ubuntu,’&nbsp;you’ll&nbsp;automatically migrate to Ubuntu 24.04 when you upgrade your Kubernetes version to 1.35 or later.</li><li>Versioned OSSku: If you’re using ‘Ubuntu2204,’ update your OSSku to ‘Ubuntu’ for Kubernetes 1.35 or later, or ‘Ubuntu2404’ for Kubernetes 1.32 or later.</li></ul><h2>Help and support&nbsp;</h2><p>If you have questions, get answers from community experts in&nbsp;<a href=""https://learn.microsoft.com/answers/tags/200/azure-kubernetes-service"" target=""_blank"">Microsoft Q&amp;A</a>&nbsp;or&nbsp;AKS GitHub. If you have a support plan and need technical help, follow our&nbsp;<a href=""https://learn.microsoft.com/azure/azure-portal/supportability/how-to-create-azure-support-request#open-a-support-request-from-the-global-header"" target=""_blank"">documentation</a>&nbsp;to create a support request.</p><p><em>Learn more about service retirements that may impact your resources in the&nbsp;</em><a href=""https://aka.ms/ServicesRetirementWorkbook"" target=""_blank""><em>Azure Retirement Workbook</em></a><em>. Please note that retirements may not be visible in the workbook for up to two weeks after being announced.</em></p><p></p>"		2026-02-19T21:31:43Z	2027-06-30T00:00:00Z	2026-04-13T09:49:39Z	2027-06-30		germanywestcentral	00288c16-f581-4bb4-9c52-6954dce102f4	not_available				false	not_needed	full	retirement_date_derived_from_text	"{""event_source"":""resource_health_events""}"
Azure Kubernetes Service (AKS)	DEV-P4PA	azure-retirements-2721348d-5d3e-4374-adc4-06d277cdf144	2026-07-28	subscriptions	service_health_event_region	resource_health_events	Microsoft.ResourceHealth/events/9Y2Z-_K8	9Y2Z-_K8	9Y2Z-_K8	HealthAdvisory	Retirement	ServiceHealth	Warning	Warning	Active		Transition Ubuntu 22.04 clusters to Ubuntu 24.04 or later by 30 June 2027	Transition Ubuntu 22.04 clusters to Ubuntu 24.04 or later by 30 June 2027	<p><em>You’re receiving this notification because you’re associated with one or more Azure subscriptions that use Ubuntu 22.04 for Azure Kubernetes Service (AKS) clusters. For reference, you can find this notification in the Azure portal under&nbsp;Service Health/Health advisories&nbsp;using tracking ID: 9Y2Z-_K8.</em></p>	"<p><em>You’re receiving this notification because you’re associated with one or more Azure subscriptions that use Ubuntu 22.04 for Azure Kubernetes Service (AKS) clusters. For reference, you can find this notification in the Azure portal under&nbsp;Service Health/Health advisories&nbsp;using tracking ID: 9Y2Z-_K8.</em></p> <p><em>On 30 June 2027, we’ll retire Ubuntu 22.04 on Azure Kubernetes Service. To avoid disruptions,&nbsp;</em><a href=""https://learn.microsoft.com/azure/aks/upgrade-os-version"" target=""_blank""><strong>transition</strong>&nbsp;to Ubuntu 24.04 or later by that date.</a><a href=""https://aka.ms/aks/supported-ubuntu-versions"" target=""_blank"">&nbsp;</a>Newer supported versions<strong>&nbsp;</strong>include&nbsp;<a href=""https://discourse.ubuntu.com/t/ubuntu-24-04-lts-noble-numbat-release-notes/39890"" target=""_blank"">kernel updates and security improvements</a>.</p> <p>Between now and 30 June 2027, you can continue to use Ubuntu 22.04 on AKS without disruption. If you don’t migrate by 30 June 2027, you won’t be able to create new node pools, AKS&nbsp;won’t produce new node images, and you’ll no longer receive security patches for existing node pools. If you'd like to enable long-term support with Kubernetes version 1.33 or later, first update your node pools to Ubuntu 24.04.</p> <p>Additionally, on&nbsp;30 April 2028 AKS will remove Ubuntu 22.04 node images and existing code, causing scaling&nbsp;and remediation operations to fail.&nbsp;</p> <h2>Recommended action</h2> <p>To avoid service disruptions such as security vulnerabilities, failed node image upgrades, and scaling failures,&nbsp;<a href=""https://aka.ms/aks/upgrade-os-version"" target=""_blank""><strong>migrate</strong>&nbsp;to Ubuntu 24.04 or later by 30 June 2027.&nbsp;</a>Your migration options include:</p> <p></p><ul><li>Default&nbsp;Operating System SKU (OSSku): If you’re using ‘Ubuntu,’&nbsp;you’ll&nbsp;automatically migrate to Ubuntu 24.04 when you upgrade your Kubernetes version to 1.35 or later.</li><li>Versioned OSSku: If you’re using ‘Ubuntu2204,’ update your OSSku to ‘Ubuntu’ for Kubernetes 1.35 or later, or ‘Ubuntu2404’ for Kubernetes 1.32 or later.</li></ul><h2>Help and support&nbsp;</h2><p>If you have questions, get answers from community experts in&nbsp;<a href=""https://learn.microsoft.com/answers/tags/200/azure-kubernetes-service"" target=""_blank"">Microsoft Q&amp;A</a>&nbsp;or&nbsp;AKS GitHub. If you have a support plan and need technical help, follow our&nbsp;<a href=""https://learn.microsoft.com/azure/azure-portal/supportability/how-to-create-azure-support-request#open-a-support-request-from-the-global-header"" target=""_blank"">documentation</a>&nbsp;to create a support request.</p><p><em>Learn more about service retirements that may impact your resources in the&nbsp;</em><a href=""https://aka.ms/ServicesRetirementWorkbook"" target=""_blank""><em>Azure Retirement Workbook</em></a><em>. Please note that retirements may not be visible in the workbook for up to two weeks after being announced.</em></p><p></p>"		2026-02-19T21:31:43Z	2027-06-30T00:00:00Z	2026-04-13T09:49:39Z	2027-06-30		italynorth	00288c16-f581-4bb4-9c52-6954dce102f4	not_available				false	not_needed	full	retirement_date_derived_from_text	"{""event_source"":""resource_health_events""}"
Azure Kubernetes Service (AKS)	DEV-P4PA	azure-retirements-2721348d-5d3e-4374-adc4-06d277cdf144	2026-07-28	subscriptions	service_health_event_region	resource_health_events	Microsoft.ResourceHealth/events/9Y2Z-_K8	9Y2Z-_K8	9Y2Z-_K8	HealthAdvisory	Retirement	ServiceHealth	Warning	Warning	Active		Transition Ubuntu 22.04 clusters to Ubuntu 24.04 or later by 30 June 2027	Transition Ubuntu 22.04 clusters to Ubuntu 24.04 or later by 30 June 2027	<p><em>You’re receiving this notification because you’re associated with one or more Azure subscriptions that use Ubuntu 22.04 for Azure Kubernetes Service (AKS) clusters. For reference, you can find this notification in the Azure portal under&nbsp;Service Health/Health advisories&nbsp;using tracking ID: 9Y2Z-_K8.</em></p>	"<p><em>You’re receiving this notification because you’re associated with one or more Azure subscriptions that use Ubuntu 22.04 for Azure Kubernetes Service (AKS) clusters. For reference, you can find this notification in the Azure portal under&nbsp;Service Health/Health advisories&nbsp;using tracking ID: 9Y2Z-_K8.</em></p> <p><em>On 30 June 2027, we’ll retire Ubuntu 22.04 on Azure Kubernetes Service. To avoid disruptions,&nbsp;</em><a href=""https://learn.microsoft.com/azure/aks/upgrade-os-version"" target=""_blank""><strong>transition</strong>&nbsp;to Ubuntu 24.04 or later by that date.</a><a href=""https://aka.ms/aks/supported-ubuntu-versions"" target=""_blank"">&nbsp;</a>Newer supported versions<strong>&nbsp;</strong>include&nbsp;<a href=""https://discourse.ubuntu.com/t/ubuntu-24-04-lts-noble-numbat-release-notes/39890"" target=""_blank"">kernel updates and security improvements</a>.</p> <p>Between now and 30 June 2027, you can continue to use Ubuntu 22.04 on AKS without disruption. If you don’t migrate by 30 June 2027, you won’t be able to create new node pools, AKS&nbsp;won’t produce new node images, and you’ll no longer receive security patches for existing node pools. If you'd like to enable long-term support with Kubernetes version 1.33 or later, first update your node pools to Ubuntu 24.04.</p> <p>Additionally, on&nbsp;30 April 2028 AKS will remove Ubuntu 22.04 node images and existing code, causing scaling&nbsp;and remediation operations to fail.&nbsp;</p> <h2>Recommended action</h2> <p>To avoid service disruptions such as security vulnerabilities, failed node image upgrades, and scaling failures,&nbsp;<a href=""https://aka.ms/aks/upgrade-os-version"" target=""_blank""><strong>migrate</strong>&nbsp;to Ubuntu 24.04 or later by 30 June 2027.&nbsp;</a>Your migration options include:</p> <p></p><ul><li>Default&nbsp;Operating System SKU (OSSku): If you’re using ‘Ubuntu,’&nbsp;you’ll&nbsp;automatically migrate to Ubuntu 24.04 when you upgrade your Kubernetes version to 1.35 or later.</li><li>Versioned OSSku: If you’re using ‘Ubuntu2204,’ update your OSSku to ‘Ubuntu’ for Kubernetes 1.35 or later, or ‘Ubuntu2404’ for Kubernetes 1.32 or later.</li></ul><h2>Help and support&nbsp;</h2><p>If you have questions, get answers from community experts in&nbsp;<a href=""https://learn.microsoft.com/answers/tags/200/azure-kubernetes-service"" target=""_blank"">Microsoft Q&amp;A</a>&nbsp;or&nbsp;AKS GitHub. If you have a support plan and need technical help, follow our&nbsp;<a href=""https://learn.microsoft.com/azure/azure-portal/supportability/how-to-create-azure-support-request#open-a-support-request-from-the-global-header"" target=""_blank"">documentation</a>&nbsp;to create a support request.</p><p><em>Learn more about service retirements that may impact your resources in the&nbsp;</em><a href=""https://aka.ms/ServicesRetirementWorkbook"" target=""_blank""><em>Azure Retirement Workbook</em></a><em>. Please note that retirements may not be visible in the workbook for up to two weeks after being announced.</em></p><p></p>"		2026-02-19T21:31:43Z	2027-06-30T00:00:00Z	2026-04-13T09:49:39Z	2027-06-30		northeurope	00288c16-f581-4bb4-9c52-6954dce102f4	not_available				false	not_needed	full	retirement_date_derived_from_text	"{""event_source"":""resource_health_events""}"
Azure Kubernetes Service (AKS)	DEV-P4PA	azure-retirements-2721348d-5d3e-4374-adc4-06d277cdf144	2026-07-28	subscriptions	service_health_event_region	resource_health_events	Microsoft.ResourceHealth/events/9Y2Z-_K8	9Y2Z-_K8	9Y2Z-_K8	HealthAdvisory	Retirement	ServiceHealth	Warning	Warning	Active		Transition Ubuntu 22.04 clusters to Ubuntu 24.04 or later by 30 June 2027	Transition Ubuntu 22.04 clusters to Ubuntu 24.04 or later by 30 June 2027	<p><em>You’re receiving this notification because you’re associated with one or more Azure subscriptions that use Ubuntu 22.04 for Azure Kubernetes Service (AKS) clusters. For reference, you can find this notification in the Azure portal under&nbsp;Service Health/Health advisories&nbsp;using tracking ID: 9Y2Z-_K8.</em></p>	"<p><em>You’re receiving this notification because you’re associated with one or more Azure subscriptions that use Ubuntu 22.04 for Azure Kubernetes Service (AKS) clusters. For reference, you can find this notification in the Azure portal under&nbsp;Service Health/Health advisories&nbsp;using tracking ID: 9Y2Z-_K8.</em></p> <p><em>On 30 June 2027, we’ll retire Ubuntu 22.04 on Azure Kubernetes Service. To avoid disruptions,&nbsp;</em><a href=""https://learn.microsoft.com/azure/aks/upgrade-os-version"" target=""_blank""><strong>transition</strong>&nbsp;to Ubuntu 24.04 or later by that date.</a><a href=""https://aka.ms/aks/supported-ubuntu-versions"" target=""_blank"">&nbsp;</a>Newer supported versions<strong>&nbsp;</strong>include&nbsp;<a href=""https://discourse.ubuntu.com/t/ubuntu-24-04-lts-noble-numbat-release-notes/39890"" target=""_blank"">kernel updates and security improvements</a>.</p> <p>Between now and 30 June 2027, you can continue to use Ubuntu 22.04 on AKS without disruption. If you don’t migrate by 30 June 2027, you won’t be able to create new node pools, AKS&nbsp;won’t produce new node images, and you’ll no longer receive security patches for existing node pools. If you'd like to enable long-term support with Kubernetes version 1.33 or later, first update your node pools to Ubuntu 24.04.</p> <p>Additionally, on&nbsp;30 April 2028 AKS will remove Ubuntu 22.04 node images and existing code, causing scaling&nbsp;and remediation operations to fail.&nbsp;</p> <h2>Recommended action</h2> <p>To avoid service disruptions such as security vulnerabilities, failed node image upgrades, and scaling failures,&nbsp;<a href=""https://aka.ms/aks/upgrade-os-version"" target=""_blank""><strong>migrate</strong>&nbsp;to Ubuntu 24.04 or later by 30 June 2027.&nbsp;</a>Your migration options include:</p> <p></p><ul><li>Default&nbsp;Operating System SKU (OSSku): If you’re using ‘Ubuntu,’&nbsp;you’ll&nbsp;automatically migrate to Ubuntu 24.04 when you upgrade your Kubernetes version to 1.35 or later.</li><li>Versioned OSSku: If you’re using ‘Ubuntu2204,’ update your OSSku to ‘Ubuntu’ for Kubernetes 1.35 or later, or ‘Ubuntu2404’ for Kubernetes 1.32 or later.</li></ul><h2>Help and support&nbsp;</h2><p>If you have questions, get answers from community experts in&nbsp;<a href=""https://learn.microsoft.com/answers/tags/200/azure-kubernetes-service"" target=""_blank"">Microsoft Q&amp;A</a>&nbsp;or&nbsp;AKS GitHub. If you have a support plan and need technical help, follow our&nbsp;<a href=""https://learn.microsoft.com/azure/azure-portal/supportability/how-to-create-azure-support-request#open-a-support-request-from-the-global-header"" target=""_blank"">documentation</a>&nbsp;to create a support request.</p><p><em>Learn more about service retirements that may impact your resources in the&nbsp;</em><a href=""https://aka.ms/ServicesRetirementWorkbook"" target=""_blank""><em>Azure Retirement Workbook</em></a><em>. Please note that retirements may not be visible in the workbook for up to two weeks after being announced.</em></p><p></p>"		2026-02-19T21:31:43Z	2027-06-30T00:00:00Z	2026-04-13T09:49:39Z	2027-06-30		spaincentral	00288c16-f581-4bb4-9c52-6954dce102f4	not_available				false	not_needed	full	retirement_date_derived_from_text	"{""event_source"":""resource_health_events""}"
Azure Kubernetes Service (AKS)	DEV-P4PA	azure-retirements-2721348d-5d3e-4374-adc4-06d277cdf144	2026-07-28	subscriptions	service_health_event_region	resource_health_events	Microsoft.ResourceHealth/events/9Y2Z-_K8	9Y2Z-_K8	9Y2Z-_K8	HealthAdvisory	Retirement	ServiceHealth	Warning	Warning	Active		Transition Ubuntu 22.04 clusters to Ubuntu 24.04 or later by 30 June 2027	Transition Ubuntu 22.04 clusters to Ubuntu 24.04 or later by 30 June 2027	<p><em>You’re receiving this notification because you’re associated with one or more Azure subscriptions that use Ubuntu 22.04 for Azure Kubernetes Service (AKS) clusters. For reference, you can find this notification in the Azure portal under&nbsp;Service Health/Health advisories&nbsp;using tracking ID: 9Y2Z-_K8.</em></p>	"<p><em>You’re receiving this notification because you’re associated with one or more Azure subscriptions that use Ubuntu 22.04 for Azure Kubernetes Service (AKS) clusters. For reference, you can find this notification in the Azure portal under&nbsp;Service Health/Health advisories&nbsp;using tracking ID: 9Y2Z-_K8.</em></p> <p><em>On 30 June 2027, we’ll retire Ubuntu 22.04 on Azure Kubernetes Service. To avoid disruptions,&nbsp;</em><a href=""https://learn.microsoft.com/azure/aks/upgrade-os-version"" target=""_blank""><strong>transition</strong>&nbsp;to Ubuntu 24.04 or later by that date.</a><a href=""https://aka.ms/aks/supported-ubuntu-versions"" target=""_blank"">&nbsp;</a>Newer supported versions<strong>&nbsp;</strong>include&nbsp;<a href=""https://discourse.ubuntu.com/t/ubuntu-24-04-lts-noble-numbat-release-notes/39890"" target=""_blank"">kernel updates and security improvements</a>.</p> <p>Between now and 30 June 2027, you can continue to use Ubuntu 22.04 on AKS without disruption. If you don’t migrate by 30 June 2027, you won’t be able to create new node pools, AKS&nbsp;won’t produce new node images, and you’ll no longer receive security patches for existing node pools. If you'd like to enable long-term support with Kubernetes version 1.33 or later, first update your node pools to Ubuntu 24.04.</p> <p>Additionally, on&nbsp;30 April 2028 AKS will remove Ubuntu 22.04 node images and existing code, causing scaling&nbsp;and remediation operations to fail.&nbsp;</p> <h2>Recommended action</h2> <p>To avoid service disruptions such as security vulnerabilities, failed node image upgrades, and scaling failures,&nbsp;<a href=""https://aka.ms/aks/upgrade-os-version"" target=""_blank""><strong>migrate</strong>&nbsp;to Ubuntu 24.04 or later by 30 June 2027.&nbsp;</a>Your migration options include:</p> <p></p><ul><li>Default&nbsp;Operating System SKU (OSSku): If you’re using ‘Ubuntu,’&nbsp;you’ll&nbsp;automatically migrate to Ubuntu 24.04 when you upgrade your Kubernetes version to 1.35 or later.</li><li>Versioned OSSku: If you’re using ‘Ubuntu2204,’ update your OSSku to ‘Ubuntu’ for Kubernetes 1.35 or later, or ‘Ubuntu2404’ for Kubernetes 1.32 or later.</li></ul><h2>Help and support&nbsp;</h2><p>If you have questions, get answers from community experts in&nbsp;<a href=""https://learn.microsoft.com/answers/tags/200/azure-kubernetes-service"" target=""_blank"">Microsoft Q&amp;A</a>&nbsp;or&nbsp;AKS GitHub. If you have a support plan and need technical help, follow our&nbsp;<a href=""https://learn.microsoft.com/azure/azure-portal/supportability/how-to-create-azure-support-request#open-a-support-request-from-the-global-header"" target=""_blank"">documentation</a>&nbsp;to create a support request.</p><p><em>Learn more about service retirements that may impact your resources in the&nbsp;</em><a href=""https://aka.ms/ServicesRetirementWorkbook"" target=""_blank""><em>Azure Retirement Workbook</em></a><em>. Please note that retirements may not be visible in the workbook for up to two weeks after being announced.</em></p><p></p>"		2026-02-19T21:31:43Z	2027-06-30T00:00:00Z	2026-04-13T09:49:39Z	2027-06-30		westeurope	00288c16-f581-4bb4-9c52-6954dce102f4	not_available				false	not_needed	full	retirement_date_derived_from_text	"{""event_source"":""resource_health_events""}"
Storage Accounts		azure-retirements-2721348d-5d3e-4374-adc4-06d277cdf144	2026-07-28	subscriptions	service_health_event_region	resource_health_events	Microsoft.ResourceHealth/events/XTKT-BW8	XTKT-BW8	XTKT-BW8	HealthAdvisory	Retirement	ServiceHealth	Warning	Warning	Active		Action required: Migrate your legacy Azure general-purpose v1 account to a general-purpose v2 account	Action required: Migrate your legacy Azure general-purpose v1 account to a general-purpose v2 account	<p><em>You're receiving this notification because you're associated with one or more Azure subscriptions that have a legacy blob storage account.</em></p>	"<p><em>You're receiving this notification because you're associated with one or more Azure subscriptions that have a legacy blob storage account.</em></p> <p><em>On 13 October 2026, we'll retire blob-only storage accounts. To avoid disruptions,&nbsp;</em><a href=""https://learn.microsoft.com/azure/storage/common/legacy-blob-storage-account-migration-overview"" target=""_blank""><strong>migrate your GPv1 storage accounts to GPv2 accounts before that date</strong></a>. GPv2 accounts give you access to the latest Azure Storage features while providing improved performance and true zonal redundancy support.</p> <h2>Required action</h2> <p>To avoid service disruptions,&nbsp;<a href=""https://learn.microsoft.com/azure/storage/common/legacy-blob-storage-account-migration-overview"" target=""_blank""><strong>migrate your GPv1 storage accounts to GPv2 by 13 October 2026</strong></a>. To view your impacted resources in the Azure portal, go to the&nbsp;<a href=""https://portal.azure.com/#view/Microsoft_Azure_StorageHub/StorageHub.MenuView/~/StorageAccountsBrowse"" target=""_blank""><strong>Storage Center</strong></a>&nbsp;and look for&nbsp;<strong>Kind</strong>:&nbsp;<strong>Storage</strong>.</p> <p><strong>For Azure Databricks managed storage accounts:</strong>&nbsp;If your workspace relies on a GPv1 storage account, you won’t be able to migrate that account manually. As part of this retirement,&nbsp;<strong>Microsoft will schedule and complete a managed migration of affected accounts to GPv2 on your behalf;&nbsp;</strong>no action is required.</p> <p>Azure Databricks accounts will not be part of this migration and will be done separately. When Azure Databricks account migration is planned, notifications will be sent as appropriate.</p> <p>Any&nbsp;<strong>non-Azure Databricks accounts</strong>&nbsp;that use&nbsp;<strong>GPv1&nbsp;</strong>will&nbsp;<strong>require manual migration</strong>.</p> <p></p> <h2>Automatic migration warning</h2> <p>After 13 October 2026, all existing legacy blob storage accounts will be automatically migrated over to a GPv2 account, which may result in higher billing costs. Your decision not to migrate an existing legacy blob storage account will be construed as consent for Microsoft to migrate the account on your behalf.</p> <p><strong>Creation of all new GPv1 accounts will be blocked by 13 October 2026</strong>.</p> <p></p><h2>Help and support</h2><p>If you have questions, get answers from community experts in&nbsp;<a href=""https://learn.microsoft.com/answers/tags/125/azure-blob-storage"" target=""_blank"">Microsoft Q&amp;A</a>. If you have a support plan and need technical help, open the&nbsp;<a href=""https://portal.azure.com/#blade/Microsoft_Azure_Support/HelpAndSupportBlade/overview"" target=""_blank"">Azure portal</a>&nbsp;and select the question mark icon at the top of the page.</p><p><em>Learn more about service retirements that may impact your resources in the&nbsp;</em><a href=""https://aka.ms/ServicesRetirementWorkbook"" target=""_blank""><em>Azure Retirement Workbook</em></a><em>. Please note that retirements may not be visible in the workbook for up to two weeks after being announced.</em></p><p></p><p></p>"		2025-09-30T00:00:00Z	2026-10-13T00:00:00Z	2026-05-05T18:50:09Z	2026-10-13		germanywestcentral	0da48c97-355f-4050-a520-f11a18b8be90	not_available				false	not_needed	full	retirement_date_derived_from_text	"{""event_source"":""resource_health_events""}"
Storage Accounts		azure-retirements-2721348d-5d3e-4374-adc4-06d277cdf144	2026-07-28	subscriptions	service_health_event_region	resource_health_events	Microsoft.ResourceHealth/events/XTKT-BW8	XTKT-BW8	XTKT-BW8	HealthAdvisory	Retirement	ServiceHealth	Warning	Warning	Active		Action required: Migrate your legacy Azure general-purpose v1 account to a general-purpose v2 account	Action required: Migrate your legacy Azure general-purpose v1 account to a general-purpose v2 account	<p><em>You're receiving this notification because you're associated with one or more Azure subscriptions that have a legacy blob storage account.</em></p>	"<p><em>You're receiving this notification because you're associated with one or more Azure subscriptions that have a legacy blob storage account.</em></p> <p><em>On 13 October 2026, we'll retire blob-only storage accounts. To avoid disruptions,&nbsp;</em><a href=""https://learn.microsoft.com/azure/storage/common/legacy-blob-storage-account-migration-overview"" target=""_blank""><strong>migrate your GPv1 storage accounts to GPv2 accounts before that date</strong></a>. GPv2 accounts give you access to the latest Azure Storage features while providing improved performance and true zonal redundancy support.</p> <h2>Required action</h2> <p>To avoid service disruptions,&nbsp;<a href=""https://learn.microsoft.com/azure/storage/common/legacy-blob-storage-account-migration-overview"" target=""_blank""><strong>migrate your GPv1 storage accounts to GPv2 by 13 October 2026</strong></a>. To view your impacted resources in the Azure portal, go to the&nbsp;<a href=""https://portal.azure.com/#view/Microsoft_Azure_StorageHub/StorageHub.MenuView/~/StorageAccountsBrowse"" target=""_blank""><strong>Storage Center</strong></a>&nbsp;and look for&nbsp;<strong>Kind</strong>:&nbsp;<strong>Storage</strong>.</p> <p><strong>For Azure Databricks managed storage accounts:</strong>&nbsp;If your workspace relies on a GPv1 storage account, you won’t be able to migrate that account manually. As part of this retirement,&nbsp;<strong>Microsoft will schedule and complete a managed migration of affected accounts to GPv2 on your behalf;&nbsp;</strong>no action is required.</p> <p>Azure Databricks accounts will not be part of this migration and will be done separately. When Azure Databricks account migration is planned, notifications will be sent as appropriate.</p> <p>Any&nbsp;<strong>non-Azure Databricks accounts</strong>&nbsp;that use&nbsp;<strong>GPv1&nbsp;</strong>will&nbsp;<strong>require manual migration</strong>.</p> <p></p> <h2>Automatic migration warning</h2> <p>After 13 October 2026, all existing legacy blob storage accounts will be automatically migrated over to a GPv2 account, which may result in higher billing costs. Your decision not to migrate an existing legacy blob storage account will be construed as consent for Microsoft to migrate the account on your behalf.</p> <p><strong>Creation of all new GPv1 accounts will be blocked by 13 October 2026</strong>.</p> <p></p><h2>Help and support</h2><p>If you have questions, get answers from community experts in&nbsp;<a href=""https://learn.microsoft.com/answers/tags/125/azure-blob-storage"" target=""_blank"">Microsoft Q&amp;A</a>. If you have a support plan and need technical help, open the&nbsp;<a href=""https://portal.azure.com/#blade/Microsoft_Azure_Support/HelpAndSupportBlade/overview"" target=""_blank"">Azure portal</a>&nbsp;and select the question mark icon at the top of the page.</p><p><em>Learn more about service retirements that may impact your resources in the&nbsp;</em><a href=""https://aka.ms/ServicesRetirementWorkbook"" target=""_blank""><em>Azure Retirement Workbook</em></a><em>. Please note that retirements may not be visible in the workbook for up to two weeks after being announced.</em></p><p></p><p></p>"		2025-09-30T00:00:00Z	2026-10-13T00:00:00Z	2026-05-05T18:50:09Z	2026-10-13		italynorth	0da48c97-355f-4050-a520-f11a18b8be90	not_available				false	not_needed	full	retirement_date_derived_from_text	"{""event_source"":""resource_health_events""}"
Storage Accounts		azure-retirements-2721348d-5d3e-4374-adc4-06d277cdf144	2026-07-28	subscriptions	service_health_event_region	resource_health_events	Microsoft.ResourceHealth/events/XTKT-BW8	XTKT-BW8	XTKT-BW8	HealthAdvisory	Retirement	ServiceHealth	Warning	Warning	Active		Action required: Migrate your legacy Azure general-purpose v1 account to a general-purpose v2 account	Action required: Migrate your legacy Azure general-purpose v1 account to a general-purpose v2 account	<p><em>You're receiving this notification because you're associated with one or more Azure subscriptions that have a legacy blob storage account.</em></p>	"<p><em>You're receiving this notification because you're associated with one or more Azure subscriptions that have a legacy blob storage account.</em></p> <p><em>On 13 October 2026, we'll retire blob-only storage accounts. To avoid disruptions,&nbsp;</em><a href=""https://learn.microsoft.com/azure/storage/common/legacy-blob-storage-account-migration-overview"" target=""_blank""><strong>migrate your GPv1 storage accounts to GPv2 accounts before that date</strong></a>. GPv2 accounts give you access to the latest Azure Storage features while providing improved performance and true zonal redundancy support.</p> <h2>Required action</h2> <p>To avoid service disruptions,&nbsp;<a href=""https://learn.microsoft.com/azure/storage/common/legacy-blob-storage-account-migration-overview"" target=""_blank""><strong>migrate your GPv1 storage accounts to GPv2 by 13 October 2026</strong></a>. To view your impacted resources in the Azure portal, go to the&nbsp;<a href=""https://portal.azure.com/#view/Microsoft_Azure_StorageHub/StorageHub.MenuView/~/StorageAccountsBrowse"" target=""_blank""><strong>Storage Center</strong></a>&nbsp;and look for&nbsp;<strong>Kind</strong>:&nbsp;<strong>Storage</strong>.</p> <p><strong>For Azure Databricks managed storage accounts:</strong>&nbsp;If your workspace relies on a GPv1 storage account, you won’t be able to migrate that account manually. As part of this retirement,&nbsp;<strong>Microsoft will schedule and complete a managed migration of affected accounts to GPv2 on your behalf;&nbsp;</strong>no action is required.</p> <p>Azure Databricks accounts will not be part of this migration and will be done separately. When Azure Databricks account migration is planned, notifications will be sent as appropriate.</p> <p>Any&nbsp;<strong>non-Azure Databricks accounts</strong>&nbsp;that use&nbsp;<strong>GPv1&nbsp;</strong>will&nbsp;<strong>require manual migration</strong>.</p> <p></p> <h2>Automatic migration warning</h2> <p>After 13 October 2026, all existing legacy blob storage accounts will be automatically migrated over to a GPv2 account, which may result in higher billing costs. Your decision not to migrate an existing legacy blob storage account will be construed as consent for Microsoft to migrate the account on your behalf.</p> <p><strong>Creation of all new GPv1 accounts will be blocked by 13 October 2026</strong>.</p> <p></p><h2>Help and support</h2><p>If you have questions, get answers from community experts in&nbsp;<a href=""https://learn.microsoft.com/answers/tags/125/azure-blob-storage"" target=""_blank"">Microsoft Q&amp;A</a>. If you have a support plan and need technical help, open the&nbsp;<a href=""https://portal.azure.com/#blade/Microsoft_Azure_Support/HelpAndSupportBlade/overview"" target=""_blank"">Azure portal</a>&nbsp;and select the question mark icon at the top of the page.</p><p><em>Learn more about service retirements that may impact your resources in the&nbsp;</em><a href=""https://aka.ms/ServicesRetirementWorkbook"" target=""_blank""><em>Azure Retirement Workbook</em></a><em>. Please note that retirements may not be visible in the workbook for up to two weeks after being announced.</em></p><p></p><p></p>"		2025-09-30T00:00:00Z	2026-10-13T00:00:00Z	2026-05-05T18:50:09Z	2026-10-13		northeurope	0da48c97-355f-4050-a520-f11a18b8be90	not_available				false	not_needed	full	retirement_date_derived_from_text	"{""event_source"":""resource_health_events""}"
Storage Accounts		azure-retirements-2721348d-5d3e-4374-adc4-06d277cdf144	2026-07-28	subscriptions	service_health_event_region	resource_health_events	Microsoft.ResourceHealth/events/XTKT-BW8	XTKT-BW8	XTKT-BW8	HealthAdvisory	Retirement	ServiceHealth	Warning	Warning	Active		Action required: Migrate your legacy Azure general-purpose v1 account to a general-purpose v2 account	Action required: Migrate your legacy Azure general-purpose v1 account to a general-purpose v2 account	<p><em>You're receiving this notification because you're associated with one or more Azure subscriptions that have a legacy blob storage account.</em></p>	"<p><em>You're receiving this notification because you're associated with one or more Azure subscriptions that have a legacy blob storage account.</em></p> <p><em>On 13 October 2026, we'll retire blob-only storage accounts. To avoid disruptions,&nbsp;</em><a href=""https://learn.microsoft.com/azure/storage/common/legacy-blob-storage-account-migration-overview"" target=""_blank""><strong>migrate your GPv1 storage accounts to GPv2 accounts before that date</strong></a>. GPv2 accounts give you access to the latest Azure Storage features while providing improved performance and true zonal redundancy support.</p> <h2>Required action</h2> <p>To avoid service disruptions,&nbsp;<a href=""https://learn.microsoft.com/azure/storage/common/legacy-blob-storage-account-migration-overview"" target=""_blank""><strong>migrate your GPv1 storage accounts to GPv2 by 13 October 2026</strong></a>. To view your impacted resources in the Azure portal, go to the&nbsp;<a href=""https://portal.azure.com/#view/Microsoft_Azure_StorageHub/StorageHub.MenuView/~/StorageAccountsBrowse"" target=""_blank""><strong>Storage Center</strong></a>&nbsp;and look for&nbsp;<strong>Kind</strong>:&nbsp;<strong>Storage</strong>.</p> <p><strong>For Azure Databricks managed storage accounts:</strong>&nbsp;If your workspace relies on a GPv1 storage account, you won’t be able to migrate that account manually. As part of this retirement,&nbsp;<strong>Microsoft will schedule and complete a managed migration of affected accounts to GPv2 on your behalf;&nbsp;</strong>no action is required.</p> <p>Azure Databricks accounts will not be part of this migration and will be done separately. When Azure Databricks account migration is planned, notifications will be sent as appropriate.</p> <p>Any&nbsp;<strong>non-Azure Databricks accounts</strong>&nbsp;that use&nbsp;<strong>GPv1&nbsp;</strong>will&nbsp;<strong>require manual migration</strong>.</p> <p></p> <h2>Automatic migration warning</h2> <p>After 13 October 2026, all existing legacy blob storage accounts will be automatically migrated over to a GPv2 account, which may result in higher billing costs. Your decision not to migrate an existing legacy blob storage account will be construed as consent for Microsoft to migrate the account on your behalf.</p> <p><strong>Creation of all new GPv1 accounts will be blocked by 13 October 2026</strong>.</p> <p></p><h2>Help and support</h2><p>If you have questions, get answers from community experts in&nbsp;<a href=""https://learn.microsoft.com/answers/tags/125/azure-blob-storage"" target=""_blank"">Microsoft Q&amp;A</a>. If you have a support plan and need technical help, open the&nbsp;<a href=""https://portal.azure.com/#blade/Microsoft_Azure_Support/HelpAndSupportBlade/overview"" target=""_blank"">Azure portal</a>&nbsp;and select the question mark icon at the top of the page.</p><p><em>Learn more about service retirements that may impact your resources in the&nbsp;</em><a href=""https://aka.ms/ServicesRetirementWorkbook"" target=""_blank""><em>Azure Retirement Workbook</em></a><em>. Please note that retirements may not be visible in the workbook for up to two weeks after being announced.</em></p><p></p><p></p>"		2025-09-30T00:00:00Z	2026-10-13T00:00:00Z	2026-05-05T18:50:09Z	2026-10-13		spaincentral	0da48c97-355f-4050-a520-f11a18b8be90	not_available				false	not_needed	full	retirement_date_derived_from_text	"{""event_source"":""resource_health_events""}"
Storage Accounts		azure-retirements-2721348d-5d3e-4374-adc4-06d277cdf144	2026-07-28	subscriptions	service_health_event_region	resource_health_events	Microsoft.ResourceHealth/events/XTKT-BW8	XTKT-BW8	XTKT-BW8	HealthAdvisory	Retirement	ServiceHealth	Warning	Warning	Active		Action required: Migrate your legacy Azure general-purpose v1 account to a general-purpose v2 account	Action required: Migrate your legacy Azure general-purpose v1 account to a general-purpose v2 account	<p><em>You're receiving this notification because you're associated with one or more Azure subscriptions that have a legacy blob storage account.</em></p>	"<p><em>You're receiving this notification because you're associated with one or more Azure subscriptions that have a legacy blob storage account.</em></p> <p><em>On 13 October 2026, we'll retire blob-only storage accounts. To avoid disruptions,&nbsp;</em><a href=""https://learn.microsoft.com/azure/storage/common/legacy-blob-storage-account-migration-overview"" target=""_blank""><strong>migrate your GPv1 storage accounts to GPv2 accounts before that date</strong></a>. GPv2 accounts give you access to the latest Azure Storage features while providing improved performance and true zonal redundancy support.</p> <h2>Required action</h2> <p>To avoid service disruptions,&nbsp;<a href=""https://learn.microsoft.com/azure/storage/common/legacy-blob-storage-account-migration-overview"" target=""_blank""><strong>migrate your GPv1 storage accounts to GPv2 by 13 October 2026</strong></a>. To view your impacted resources in the Azure portal, go to the&nbsp;<a href=""https://portal.azure.com/#view/Microsoft_Azure_StorageHub/StorageHub.MenuView/~/StorageAccountsBrowse"" target=""_blank""><strong>Storage Center</strong></a>&nbsp;and look for&nbsp;<strong>Kind</strong>:&nbsp;<strong>Storage</strong>.</p> <p><strong>For Azure Databricks managed storage accounts:</strong>&nbsp;If your workspace relies on a GPv1 storage account, you won’t be able to migrate that account manually. As part of this retirement,&nbsp;<strong>Microsoft will schedule and complete a managed migration of affected accounts to GPv2 on your behalf;&nbsp;</strong>no action is required.</p> <p>Azure Databricks accounts will not be part of this migration and will be done separately. When Azure Databricks account migration is planned, notifications will be sent as appropriate.</p> <p>Any&nbsp;<strong>non-Azure Databricks accounts</strong>&nbsp;that use&nbsp;<strong>GPv1&nbsp;</strong>will&nbsp;<strong>require manual migration</strong>.</p> <p></p> <h2>Automatic migration warning</h2> <p>After 13 October 2026, all existing legacy blob storage accounts will be automatically migrated over to a GPv2 account, which may result in higher billing costs. Your decision not to migrate an existing legacy blob storage account will be construed as consent for Microsoft to migrate the account on your behalf.</p> <p><strong>Creation of all new GPv1 accounts will be blocked by 13 October 2026</strong>.</p> <p></p><h2>Help and support</h2><p>If you have questions, get answers from community experts in&nbsp;<a href=""https://learn.microsoft.com/answers/tags/125/azure-blob-storage"" target=""_blank"">Microsoft Q&amp;A</a>. If you have a support plan and need technical help, open the&nbsp;<a href=""https://portal.azure.com/#blade/Microsoft_Azure_Support/HelpAndSupportBlade/overview"" target=""_blank"">Azure portal</a>&nbsp;and select the question mark icon at the top of the page.</p><p><em>Learn more about service retirements that may impact your resources in the&nbsp;</em><a href=""https://aka.ms/ServicesRetirementWorkbook"" target=""_blank""><em>Azure Retirement Workbook</em></a><em>. Please note that retirements may not be visible in the workbook for up to two weeks after being announced.</em></p><p></p><p></p>"		2025-09-30T00:00:00Z	2026-10-13T00:00:00Z	2026-05-05T18:50:09Z	2026-10-13		westeurope	0da48c97-355f-4050-a520-f11a18b8be90	not_available				false	not_needed	full	retirement_date_derived_from_text	"{""event_source"":""resource_health_events""}"
Storage Accounts	DEV-SelfCare	azure-retirements-2721348d-5d3e-4374-adc4-06d277cdf144	2026-07-28	subscriptions	service_health_event_region	resource_health_events	Microsoft.ResourceHealth/events/XTKT-BW8	XTKT-BW8	XTKT-BW8	HealthAdvisory	Retirement	ServiceHealth	Warning	Warning	Active		Action required: Migrate your legacy Azure general-purpose v1 account to a general-purpose v2 account	Action required: Migrate your legacy Azure general-purpose v1 account to a general-purpose v2 account	"<p><strong><em>You're receiving this notification because you're associated with one or more Azure subscriptions that have a GPv1 storage account. For reference, you can find this health advisory notification in the </em></strong><a href=""https://aka.ms/AzureServiceHealthAdvisories"" target=""_blank""><strong><em>Azure portal</em></strong></a><strong><em> using tracking ID: XTKT-BW8.</em></strong></p>"	"<p><strong><em>You're receiving this notification because you're associated with one or more Azure subscriptions that have a GPv1 storage account. For reference, you can find this health advisory notification in the </em></strong><a href=""https://aka.ms/AzureServiceHealthAdvisories"" target=""_blank""><strong><em>Azure portal</em></strong></a><strong><em> using tracking ID: XTKT-BW8.</em></strong></p> <p>From <strong>1 September 2026</strong> the creation of new GPv1 accounts will be blocked, the creation of GPv2 accounts will be unaffected.</p> <p>On 13 October 2026, we'll retire GPv1 storage accounts. To avoid disruptions, <a href=""https://learn.microsoft.com/azure/storage/common/storage-account-upgrade?tabs=azure-portal"" target=""_blank""><strong>migrate your GPv1 storage accounts to GPv2 accounts before that date</strong></a>. GPv2 accounts give you access to the latest Azure Storage features while providing improved performance and true zonal redundancy support.</p> <h2>Recommended action</h2> <p>To avoid service disruptions, <a href=""https://learn.microsoft.com/azure/storage/common/storage-account-upgrade?tabs=azure-portal"" target=""_blank""><strong>migrate your GPv1 storage accounts to GPv2 by 13 October 2026</strong></a>. To view your impacted resources in the Azure portal, go to the <a href=""https://portal.azure.com/#view/Microsoft_Azure_StorageHub/StorageHub.MenuView/~/StorageAccountsBrowse"" target=""_blank"">Storage Center </a>and look for <strong>Kind: Storage</strong>. For additional ways to access impacted resource information, see this <a href=""https://aka.ms/AzureRetirementImpactedResourcesChannels"" target=""_blank"">documentation</a>.</p> <p>Watch the recorded video and demo <a href=""https://aka.ms/GPv1RetirementLiveStream"" target=""_blank"">here</a>. Frequently asked questions are available in the <a href=""https://learn.microsoft.com/azure/storage/common/general-purpose-version-1-account-migration-frequently-asked-questions"" target=""_blank"">documentation.</a></p> <p><strong>For Azure Databricks managed storage accounts</strong>: If your workspace relies on a GPv1 storage account, you won't be able to migrate that account manually. As part of this retirement, <strong>Microsoft will schedule and complete a managed migration of affected accounts to GPv2 on your behalf</strong>; no action is required.</p> <p>Azure Databricks accounts will not be part of this migration and will be done separately. When Azure Databricks account migration is planned, notifications will be sent as appropriate.</p> <p>Any <strong>non-Azure Databricks accounts</strong> that use <strong>GPv1 </strong>will<strong> require manual migration.</strong></p> <p></p><h2>Automatic migration warning</h2><p>After 13 October 2026, all existing GPv1 storage accounts will be automatically migrated over to a GPv2 account, which may result in higher billing costs. Your decision not to migrate an existing GPv1 storage account will be construed as consent for Microsoft to migrate the account on your behalf.</p><h2>Help and support</h2><p>If you have questions, get answers from community experts in <a href=""https://learn.microsoft.com/answers/tags/125/azure-blob-storage"" target=""_blank"">Microsoft Q&amp;A.</a> If you have a support plan and need technical help, open the <a href=""https://portal.azure.com/#blade/Microsoft_Azure_Support/HelpAndSupportBlade/overview"" target=""_blank"">Azure portal</a> and select the question mark icon at the top of the page.</p><p></p>"		2025-09-30T00:00:00Z	2026-10-13T00:00:00Z	2026-07-16T14:11:49Z	2026-09-01		germanywestcentral	1ab5e788-3b98-4c63-bd05-de0c7388c853	not_available				false	not_needed	full	retirement_date_derived_from_text	"{""event_source"":""resource_health_events""}"
Storage Accounts	DEV-SelfCare	azure-retirements-2721348d-5d3e-4374-adc4-06d277cdf144	2026-07-28	subscriptions	service_health_event_region	resource_health_events	Microsoft.ResourceHealth/events/XTKT-BW8	XTKT-BW8	XTKT-BW8	HealthAdvisory	Retirement	ServiceHealth	Warning	Warning	Active		Action required: Migrate your legacy Azure general-purpose v1 account to a general-purpose v2 account	Action required: Migrate your legacy Azure general-purpose v1 account to a general-purpose v2 account	"<p><strong><em>You're receiving this notification because you're associated with one or more Azure subscriptions that have a GPv1 storage account. For reference, you can find this health advisory notification in the </em></strong><a href=""https://aka.ms/AzureServiceHealthAdvisories"" target=""_blank""><strong><em>Azure portal</em></strong></a><strong><em> using tracking ID: XTKT-BW8.</em></strong></p>"	"<p><strong><em>You're receiving this notification because you're associated with one or more Azure subscriptions that have a GPv1 storage account. For reference, you can find this health advisory notification in the </em></strong><a href=""https://aka.ms/AzureServiceHealthAdvisories"" target=""_blank""><strong><em>Azure portal</em></strong></a><strong><em> using tracking ID: XTKT-BW8.</em></strong></p> <p>From <strong>1 September 2026</strong> the creation of new GPv1 accounts will be blocked, the creation of GPv2 accounts will be unaffected.</p> <p>On 13 October 2026, we'll retire GPv1 storage accounts. To avoid disruptions, <a href=""https://learn.microsoft.com/azure/storage/common/storage-account-upgrade?tabs=azure-portal"" target=""_blank""><strong>migrate your GPv1 storage accounts to GPv2 accounts before that date</strong></a>. GPv2 accounts give you access to the latest Azure Storage features while providing improved performance and true zonal redundancy support.</p> <h2>Recommended action</h2> <p>To avoid service disruptions, <a href=""https://learn.microsoft.com/azure/storage/common/storage-account-upgrade?tabs=azure-portal"" target=""_blank""><strong>migrate your GPv1 storage accounts to GPv2 by 13 October 2026</strong></a>. To view your impacted resources in the Azure portal, go to the <a href=""https://portal.azure.com/#view/Microsoft_Azure_StorageHub/StorageHub.MenuView/~/StorageAccountsBrowse"" target=""_blank"">Storage Center </a>and look for <strong>Kind: Storage</strong>. For additional ways to access impacted resource information, see this <a href=""https://aka.ms/AzureRetirementImpactedResourcesChannels"" target=""_blank"">documentation</a>.</p> <p>Watch the recorded video and demo <a href=""https://aka.ms/GPv1RetirementLiveStream"" target=""_blank"">here</a>. Frequently asked questions are available in the <a href=""https://learn.microsoft.com/azure/storage/common/general-purpose-version-1-account-migration-frequently-asked-questions"" target=""_blank"">documentation.</a></p> <p><strong>For Azure Databricks managed storage accounts</strong>: If your workspace relies on a GPv1 storage account, you won't be able to migrate that account manually. As part of this retirement, <strong>Microsoft will schedule and complete a managed migration of affected accounts to GPv2 on your behalf</strong>; no action is required.</p> <p>Azure Databricks accounts will not be part of this migration and will be done separately. When Azure Databricks account migration is planned, notifications will be sent as appropriate.</p> <p>Any <strong>non-Azure Databricks accounts</strong> that use <strong>GPv1 </strong>will<strong> require manual migration.</strong></p> <p></p><h2>Automatic migration warning</h2><p>After 13 October 2026, all existing GPv1 storage accounts will be automatically migrated over to a GPv2 account, which may result in higher billing costs. Your decision not to migrate an existing GPv1 storage account will be construed as consent for Microsoft to migrate the account on your behalf.</p><h2>Help and support</h2><p>If you have questions, get answers from community experts in <a href=""https://learn.microsoft.com/answers/tags/125/azure-blob-storage"" target=""_blank"">Microsoft Q&amp;A.</a> If you have a support plan and need technical help, open the <a href=""https://portal.azure.com/#blade/Microsoft_Azure_Support/HelpAndSupportBlade/overview"" target=""_blank"">Azure portal</a> and select the question mark icon at the top of the page.</p><p></p>"		2025-09-30T00:00:00Z	2026-10-13T00:00:00Z	2026-07-16T14:11:49Z	2026-09-01		italynorth	1ab5e788-3b98-4c63-bd05-de0c7388c853	not_available				false	not_needed	full	retirement_date_derived_from_text	"{""event_source"":""resource_health_events""}"
Storage Accounts	DEV-SelfCare	azure-retirements-2721348d-5d3e-4374-adc4-06d277cdf144	2026-07-28	subscriptions	service_health_event_region	resource_health_events	Microsoft.ResourceHealth/events/XTKT-BW8	XTKT-BW8	XTKT-BW8	HealthAdvisory	Retirement	ServiceHealth	Warning	Warning	Active		Action required: Migrate your legacy Azure general-purpose v1 account to a general-purpose v2 account	Action required: Migrate your legacy Azure general-purpose v1 account to a general-purpose v2 account	"<p><strong><em>You're receiving this notification because you're associated with one or more Azure subscriptions that have a GPv1 storage account. For reference, you can find this health advisory notification in the </em></strong><a href=""https://aka.ms/AzureServiceHealthAdvisories"" target=""_blank""><strong><em>Azure portal</em></strong></a><strong><em> using tracking ID: XTKT-BW8.</em></strong></p>"	"<p><strong><em>You're receiving this notification because you're associated with one or more Azure subscriptions that have a GPv1 storage account. For reference, you can find this health advisory notification in the </em></strong><a href=""https://aka.ms/AzureServiceHealthAdvisories"" target=""_blank""><strong><em>Azure portal</em></strong></a><strong><em> using tracking ID: XTKT-BW8.</em></strong></p> <p>From <strong>1 September 2026</strong> the creation of new GPv1 accounts will be blocked, the creation of GPv2 accounts will be unaffected.</p> <p>On 13 October 2026, we'll retire GPv1 storage accounts. To avoid disruptions, <a href=""https://learn.microsoft.com/azure/storage/common/storage-account-upgrade?tabs=azure-portal"" target=""_blank""><strong>migrate your GPv1 storage accounts to GPv2 accounts before that date</strong></a>. GPv2 accounts give you access to the latest Azure Storage features while providing improved performance and true zonal redundancy support.</p> <h2>Recommended action</h2> <p>To avoid service disruptions, <a href=""https://learn.microsoft.com/azure/storage/common/storage-account-upgrade?tabs=azure-portal"" target=""_blank""><strong>migrate your GPv1 storage accounts to GPv2 by 13 October 2026</strong></a>. To view your impacted resources in the Azure portal, go to the <a href=""https://portal.azure.com/#view/Microsoft_Azure_StorageHub/StorageHub.MenuView/~/StorageAccountsBrowse"" target=""_blank"">Storage Center </a>and look for <strong>Kind: Storage</strong>. For additional ways to access impacted resource information, see this <a href=""https://aka.ms/AzureRetirementImpactedResourcesChannels"" target=""_blank"">documentation</a>.</p> <p>Watch the recorded video and demo <a href=""https://aka.ms/GPv1RetirementLiveStream"" target=""_blank"">here</a>. Frequently asked questions are available in the <a href=""https://learn.microsoft.com/azure/storage/common/general-purpose-version-1-account-migration-frequently-asked-questions"" target=""_blank"">documentation.</a></p> <p><strong>For Azure Databricks managed storage accounts</strong>: If your workspace relies on a GPv1 storage account, you won't be able to migrate that account manually. As part of this retirement, <strong>Microsoft will schedule and complete a managed migration of affected accounts to GPv2 on your behalf</strong>; no action is required.</p> <p>Azure Databricks accounts will not be part of this migration and will be done separately. When Azure Databricks account migration is planned, notifications will be sent as appropriate.</p> <p>Any <strong>non-Azure Databricks accounts</strong> that use <strong>GPv1 </strong>will<strong> require manual migration.</strong></p> <p></p><h2>Automatic migration warning</h2><p>After 13 October 2026, all existing GPv1 storage accounts will be automatically migrated over to a GPv2 account, which may result in higher billing costs. Your decision not to migrate an existing GPv1 storage account will be construed as consent for Microsoft to migrate the account on your behalf.</p><h2>Help and support</h2><p>If you have questions, get answers from community experts in <a href=""https://learn.microsoft.com/answers/tags/125/azure-blob-storage"" target=""_blank"">Microsoft Q&amp;A.</a> If you have a support plan and need technical help, open the <a href=""https://portal.azure.com/#blade/Microsoft_Azure_Support/HelpAndSupportBlade/overview"" target=""_blank"">Azure portal</a> and select the question mark icon at the top of the page.</p><p></p>"		2025-09-30T00:00:00Z	2026-10-13T00:00:00Z	2026-07-16T14:11:49Z	2026-09-01		northeurope	1ab5e788-3b98-4c63-bd05-de0c7388c853	not_available				false	not_needed	full	retirement_date_derived_from_text	"{""event_source"":""resource_health_events""}"
Storage Accounts	DEV-SelfCare	azure-retirements-2721348d-5d3e-4374-adc4-06d277cdf144	2026-07-28	subscriptions	service_health_event_region	resource_health_events	Microsoft.ResourceHealth/events/XTKT-BW8	XTKT-BW8	XTKT-BW8	HealthAdvisory	Retirement	ServiceHealth	Warning	Warning	Active		Action required: Migrate your legacy Azure general-purpose v1 account to a general-purpose v2 account	Action required: Migrate your legacy Azure general-purpose v1 account to a general-purpose v2 account	"<p><strong><em>You're receiving this notification because you're associated with one or more Azure subscriptions that have a GPv1 storage account. For reference, you can find this health advisory notification in the </em></strong><a href=""https://aka.ms/AzureServiceHealthAdvisories"" target=""_blank""><strong><em>Azure portal</em></strong></a><strong><em> using tracking ID: XTKT-BW8.</em></strong></p>"	"<p><strong><em>You're receiving this notification because you're associated with one or more Azure subscriptions that have a GPv1 storage account. For reference, you can find this health advisory notification in the </em></strong><a href=""https://aka.ms/AzureServiceHealthAdvisories"" target=""_blank""><strong><em>Azure portal</em></strong></a><strong><em> using tracking ID: XTKT-BW8.</em></strong></p> <p>From <strong>1 September 2026</strong> the creation of new GPv1 accounts will be blocked, the creation of GPv2 accounts will be unaffected.</p> <p>On 13 October 2026, we'll retire GPv1 storage accounts. To avoid disruptions, <a href=""https://learn.microsoft.com/azure/storage/common/storage-account-upgrade?tabs=azure-portal"" target=""_blank""><strong>migrate your GPv1 storage accounts to GPv2 accounts before that date</strong></a>. GPv2 accounts give you access to the latest Azure Storage features while providing improved performance and true zonal redundancy support.</p> <h2>Recommended action</h2> <p>To avoid service disruptions, <a href=""https://learn.microsoft.com/azure/storage/common/storage-account-upgrade?tabs=azure-portal"" target=""_blank""><strong>migrate your GPv1 storage accounts to GPv2 by 13 October 2026</strong></a>. To view your impacted resources in the Azure portal, go to the <a href=""https://portal.azure.com/#view/Microsoft_Azure_StorageHub/StorageHub.MenuView/~/StorageAccountsBrowse"" target=""_blank"">Storage Center </a>and look for <strong>Kind: Storage</strong>. For additional ways to access impacted resource information, see this <a href=""https://aka.ms/AzureRetirementImpactedResourcesChannels"" target=""_blank"">documentation</a>.</p> <p>Watch the recorded video and demo <a href=""https://aka.ms/GPv1RetirementLiveStream"" target=""_blank"">here</a>. Frequently asked questions are available in the <a href=""https://learn.microsoft.com/azure/storage/common/general-purpose-version-1-account-migration-frequently-asked-questions"" target=""_blank"">documentation.</a></p> <p><strong>For Azure Databricks managed storage accounts</strong>: If your workspace relies on a GPv1 storage account, you won't be able to migrate that account manually. As part of this retirement, <strong>Microsoft will schedule and complete a managed migration of affected accounts to GPv2 on your behalf</strong>; no action is required.</p> <p>Azure Databricks accounts will not be part of this migration and will be done separately. When Azure Databricks account migration is planned, notifications will be sent as appropriate.</p> <p>Any <strong>non-Azure Databricks accounts</strong> that use <strong>GPv1 </strong>will<strong> require manual migration.</strong></p> <p></p><h2>Automatic migration warning</h2><p>After 13 October 2026, all existing GPv1 storage accounts will be automatically migrated over to a GPv2 account, which may result in higher billing costs. Your decision not to migrate an existing GPv1 storage account will be construed as consent for Microsoft to migrate the account on your behalf.</p><h2>Help and support</h2><p>If you have questions, get answers from community experts in <a href=""https://learn.microsoft.com/answers/tags/125/azure-blob-storage"" target=""_blank"">Microsoft Q&amp;A.</a> If you have a support plan and need technical help, open the <a href=""https://portal.azure.com/#blade/Microsoft_Azure_Support/HelpAndSupportBlade/overview"" target=""_blank"">Azure portal</a> and select the question mark icon at the top of the page.</p><p></p>"		2025-09-30T00:00:00Z	2026-10-13T00:00:00Z	2026-07-16T14:11:49Z	2026-09-01		spaincentral	1ab5e788-3b98-4c63-bd05-de0c7388c853	not_available				false	not_needed	full	retirement_date_derived_from_text	"{""event_source"":""resource_health_events""}"
Storage Accounts	DEV-SelfCare	azure-retirements-2721348d-5d3e-4374-adc4-06d277cdf144	2026-07-28	subscriptions	service_health_event_region	resource_health_events	Microsoft.ResourceHealth/events/XTKT-BW8	XTKT-BW8	XTKT-BW8	HealthAdvisory	Retirement	ServiceHealth	Warning	Warning	Active		Action required: Migrate your legacy Azure general-purpose v1 account to a general-purpose v2 account	Action required: Migrate your legacy Azure general-purpose v1 account to a general-purpose v2 account	"<p><strong><em>You're receiving this notification because you're associated with one or more Azure subscriptions that have a GPv1 storage account. For reference, you can find this health advisory notification in the </em></strong><a href=""https://aka.ms/AzureServiceHealthAdvisories"" target=""_blank""><strong><em>Azure portal</em></strong></a><strong><em> using tracking ID: XTKT-BW8.</em></strong></p>"	"<p><strong><em>You're receiving this notification because you're associated with one or more Azure subscriptions that have a GPv1 storage account. For reference, you can find this health advisory notification in the </em></strong><a href=""https://aka.ms/AzureServiceHealthAdvisories"" target=""_blank""><strong><em>Azure portal</em></strong></a><strong><em> using tracking ID: XTKT-BW8.</em></strong></p> <p>From <strong>1 September 2026</strong> the creation of new GPv1 accounts will be blocked, the creation of GPv2 accounts will be unaffected.</p> <p>On 13 October 2026, we'll retire GPv1 storage accounts. To avoid disruptions, <a href=""https://learn.microsoft.com/azure/storage/common/storage-account-upgrade?tabs=azure-portal"" target=""_blank""><strong>migrate your GPv1 storage accounts to GPv2 accounts before that date</strong></a>. GPv2 accounts give you access to the latest Azure Storage features while providing improved performance and true zonal redundancy support.</p> <h2>Recommended action</h2> <p>To avoid service disruptions, <a href=""https://learn.microsoft.com/azure/storage/common/storage-account-upgrade?tabs=azure-portal"" target=""_blank""><strong>migrate your GPv1 storage accounts to GPv2 by 13 October 2026</strong></a>. To view your impacted resources in the Azure portal, go to the <a href=""https://portal.azure.com/#view/Microsoft_Azure_StorageHub/StorageHub.MenuView/~/StorageAccountsBrowse"" target=""_blank"">Storage Center </a>and look for <strong>Kind: Storage</strong>. For additional ways to access impacted resource information, see this <a href=""https://aka.ms/AzureRetirementImpactedResourcesChannels"" target=""_blank"">documentation</a>.</p> <p>Watch the recorded video and demo <a href=""https://aka.ms/GPv1RetirementLiveStream"" target=""_blank"">here</a>. Frequently asked questions are available in the <a href=""https://learn.microsoft.com/azure/storage/common/general-purpose-version-1-account-migration-frequently-asked-questions"" target=""_blank"">documentation.</a></p> <p><strong>For Azure Databricks managed storage accounts</strong>: If your workspace relies on a GPv1 storage account, you won't be able to migrate that account manually. As part of this retirement, <strong>Microsoft will schedule and complete a managed migration of affected accounts to GPv2 on your behalf</strong>; no action is required.</p> <p>Azure Databricks accounts will not be part of this migration and will be done separately. When Azure Databricks account migration is planned, notifications will be sent as appropriate.</p> <p>Any <strong>non-Azure Databricks accounts</strong> that use <strong>GPv1 </strong>will<strong> require manual migration.</strong></p> <p></p><h2>Automatic migration warning</h2><p>After 13 October 2026, all existing GPv1 storage accounts will be automatically migrated over to a GPv2 account, which may result in higher billing costs. Your decision not to migrate an existing GPv1 storage account will be construed as consent for Microsoft to migrate the account on your behalf.</p><h2>Help and support</h2><p>If you have questions, get answers from community experts in <a href=""https://learn.microsoft.com/answers/tags/125/azure-blob-storage"" target=""_blank"">Microsoft Q&amp;A.</a> If you have a support plan and need technical help, open the <a href=""https://portal.azure.com/#blade/Microsoft_Azure_Support/HelpAndSupportBlade/overview"" target=""_blank"">Azure portal</a> and select the question mark icon at the top of the page.</p><p></p>"		2025-09-30T00:00:00Z	2026-10-13T00:00:00Z	2026-07-16T14:11:49Z	2026-09-01		westeurope	1ab5e788-3b98-4c63-bd05-de0c7388c853	not_available				false	not_needed	full	retirement_date_derived_from_text	"{""event_source"":""resource_health_events""}"
Storage Accounts	DEV-SelfCare	azure-retirements-2721348d-5d3e-4374-adc4-06d277cdf144	2026-07-28	subscriptions	service_health_event_region	resource_health_events	Microsoft.ResourceHealth/events/XTKT-BW8	XTKT-BW8	XTKT-BW8	HealthAdvisory	Retirement	ServiceHealth	Warning	Warning	Active		Action required: Migrate your legacy Azure general-purpose v1 account to a general-purpose v2 account	Action required: Migrate your legacy Azure general-purpose v1 account to a general-purpose v2 account	"<p><strong><em>You're receiving this notification because you're associated with one or more Azure subscriptions that have a GPv1 storage account. For reference, you can find this health advisory notification in the </em></strong><a href=""https://aka.ms/AzureServiceHealthAdvisories"" target=""_blank""><strong><em>Azure portal</em></strong></a><strong><em> using tracking ID: XTKT-BW8.</em></strong></p>"	"<p><strong><em>You're receiving this notification because you're associated with one or more Azure subscriptions that have a GPv1 storage account. For reference, you can find this health advisory notification in the </em></strong><a href=""https://aka.ms/AzureServiceHealthAdvisories"" target=""_blank""><strong><em>Azure portal</em></strong></a><strong><em> using tracking ID: XTKT-BW8.</em></strong></p> <p>From <strong>1 September 2026</strong> the creation of new GPv1 accounts will be blocked, the creation of GPv2 accounts will be unaffected.</p> <p>On 13 October 2026, we'll retire GPv1 storage accounts. To avoid disruptions, <a href=""https://learn.microsoft.com/azure/storage/common/storage-account-upgrade?tabs=azure-portal"" target=""_blank""><strong>migrate your GPv1 storage accounts to GPv2 accounts before that date</strong></a>. GPv2 accounts give you access to the latest Azure Storage features while providing improved performance and true zonal redundancy support.</p> <h2>Recommended action</h2> <p>To avoid service disruptions, <a href=""https://learn.microsoft.com/azure/storage/common/storage-account-upgrade?tabs=azure-portal"" target=""_blank""><strong>migrate your GPv1 storage accounts to GPv2 by 13 October 2026</strong></a>. To view your impacted resources in the Azure portal, go to the <a href=""https://portal.azure.com/#view/Microsoft_Azure_StorageHub/StorageHub.MenuView/~/StorageAccountsBrowse"" target=""_blank"">Storage Center </a>and look for <strong>Kind: Storage</strong>. For additional ways to access impacted resource information, see this <a href=""https://aka.ms/AzureRetirementImpactedResourcesChannels"" target=""_blank"">documentation</a>.</p> <p>Watch the recorded video and demo <a href=""https://aka.ms/GPv1RetirementLiveStream"" target=""_blank"">here</a>. Frequently asked questions are available in the <a href=""https://learn.microsoft.com/azure/storage/common/general-purpose-version-1-account-migration-frequently-asked-questions"" target=""_blank"">documentation.</a></p> <p><strong>For Azure Databricks managed storage accounts</strong>: If your workspace relies on a GPv1 storage account, you won't be able to migrate that account manually. As part of this retirement, <strong>Microsoft will schedule and complete a managed migration of affected accounts to GPv2 on your behalf</strong>; no action is required.</p> <p>Azure Databricks accounts will not be part of this migration and will be done separately. When Azure Databricks account migration is planned, notifications will be sent as appropriate.</p> <p>Any <strong>non-Azure Databricks accounts</strong> that use <strong>GPv1 </strong>will<strong> require manual migration.</strong></p> <p></p><h2>Automatic migration warning</h2><p>After 13 October 2026, all existing GPv1 storage accounts will be automatically migrated over to a GPv2 account, which may result in higher billing costs. Your decision not to migrate an existing GPv1 storage account will be construed as consent for Microsoft to migrate the account on your behalf.</p><h2>Help and support</h2><p>If you have questions, get answers from community experts in <a href=""https://learn.microsoft.com/answers/tags/125/azure-blob-storage"" target=""_blank"">Microsoft Q&amp;A.</a> If you have a support plan and need technical help, open the <a href=""https://portal.azure.com/#blade/Microsoft_Azure_Support/HelpAndSupportBlade/overview"" target=""_blank"">Azure portal</a> and select the question mark icon at the top of the page.</p><p></p>"		2025-09-30T00:00:00Z	2026-10-13T00:00:00Z	2026-07-16T14:11:49Z	2026-09-01		global	1ab5e788-3b98-4c63-bd05-de0c7388c853	not_available				false	not_needed	full	retirement_date_derived_from_text	"{""event_source"":""resource_health_events""}"
Azure Monitor	UAT-P4PA	azure-retirements-2721348d-5d3e-4374-adc4-06d277cdf144	2026-07-28	subscriptions	service_health_event_region	resource_health_events	Microsoft.ResourceHealth/events/0QXK-41Z	0QXK-41Z	0QXK-41Z	HealthAdvisory	Retirement	ServiceHealth	Warning	Warning	Active		Action recommended: Migrate to managed identity authentication in Azure Monitor Container Insights before 30 September 2026	Action recommended: Migrate to managed identity authentication in Azure Monitor Container Insights before 30 September 2026	<p><em>You're receiving this notification because you have one or more Azure subscriptions currently using legacy authentication in Azure Monitor Container Insights.</em></p>	"<p><em>You're receiving this notification because you have one or more Azure subscriptions currently using legacy authentication in Azure Monitor Container Insights.</em></p> <p>On 30 September 2026, we'll retire legacy authentication in Azure Monitor Container Insights. To avoid disruptions, <a href=""https://aka.ms/CILegacyAuthMigration"" target=""_blank"">migrate</a> to managed identity authentication before 30 September 2026.</p> <p>Managed identity authentication is more secure and gives you access to newer Azure Monitor Container Insights features, such as syslog collection and high scale mode.</p> <h2>Recommended action</h2> <p>To avoid disruptions, migrate from legacy to managed identity authentication before 30 September 2026. Read our <a href=""https://aka.ms/CILegacyAuthMigration"" target=""_blank"">documentation</a> to learn how to migrate your Azure Kubernetes Service (AKS) clusters with a single click in the Azure portal. You'll also find command line options and a bulk migration script.</p> <p></p><h2>Help and support</h2><p>If you have questions, get answers from community experts in <a href=""https://learn.microsoft.com/answers/tags/20/azure-monitor"" target=""_blank"">Microsoft Q&amp;A</a>. If you have a support plan and need technical help, please create a <a href=""https://portal.azure.com/#blade/Microsoft_Azure_Support/HelpAndSupportBlade/newsupportrequest"" target=""_blank"">support request</a>.</p><p><em>Learn more about service retirements that may impact your resources in the </em><a href=""https://aka.ms/ServicesRetirementWorkbook"" target=""_blank""><em>Azure Retirement Workbook</em></a><em>. Please note that retirements may not be visible in the workbook for up to two weeks after being announced.</em></p><p></p>"		2026-04-14T05:54:44Z	2027-10-14T05:54:44Z	2026-07-06T14:22:31Z	2026-09-30		germanywestcentral	1b06ce19-c192-49b3-8418-0f5bf013ea5f	not_available				false	not_needed	full	retirement_date_derived_from_text	"{""event_source"":""resource_health_events""}"
Azure Monitor	UAT-P4PA	azure-retirements-2721348d-5d3e-4374-adc4-06d277cdf144	2026-07-28	subscriptions	service_health_event_region	resource_health_events	Microsoft.ResourceHealth/events/0QXK-41Z	0QXK-41Z	0QXK-41Z	HealthAdvisory	Retirement	ServiceHealth	Warning	Warning	Active		Action recommended: Migrate to managed identity authentication in Azure Monitor Container Insights before 30 September 2026	Action recommended: Migrate to managed identity authentication in Azure Monitor Container Insights before 30 September 2026	<p><em>You're receiving this notification because you have one or more Azure subscriptions currently using legacy authentication in Azure Monitor Container Insights.</em></p>	"<p><em>You're receiving this notification because you have one or more Azure subscriptions currently using legacy authentication in Azure Monitor Container Insights.</em></p> <p>On 30 September 2026, we'll retire legacy authentication in Azure Monitor Container Insights. To avoid disruptions, <a href=""https://aka.ms/CILegacyAuthMigration"" target=""_blank"">migrate</a> to managed identity authentication before 30 September 2026.</p> <p>Managed identity authentication is more secure and gives you access to newer Azure Monitor Container Insights features, such as syslog collection and high scale mode.</p> <h2>Recommended action</h2> <p>To avoid disruptions, migrate from legacy to managed identity authentication before 30 September 2026. Read our <a href=""https://aka.ms/CILegacyAuthMigration"" target=""_blank"">documentation</a> to learn how to migrate your Azure Kubernetes Service (AKS) clusters with a single click in the Azure portal. You'll also find command line options and a bulk migration script.</p> <p></p><h2>Help and support</h2><p>If you have questions, get answers from community experts in <a href=""https://learn.microsoft.com/answers/tags/20/azure-monitor"" target=""_blank"">Microsoft Q&amp;A</a>. If you have a support plan and need technical help, please create a <a href=""https://portal.azure.com/#blade/Microsoft_Azure_Support/HelpAndSupportBlade/newsupportrequest"" target=""_blank"">support request</a>.</p><p><em>Learn more about service retirements that may impact your resources in the </em><a href=""https://aka.ms/ServicesRetirementWorkbook"" target=""_blank""><em>Azure Retirement Workbook</em></a><em>. Please note that retirements may not be visible in the workbook for up to two weeks after being announced.</em></p><p></p>"		2026-04-14T05:54:44Z	2027-10-14T05:54:44Z	2026-07-06T14:22:31Z	2026-09-30		global	1b06ce19-c192-49b3-8418-0f5bf013ea5f	not_available				false	not_needed	full	retirement_date_derived_from_text	"{""event_source"":""resource_health_events""}"
Azure Monitor	UAT-P4PA	azure-retirements-2721348d-5d3e-4374-adc4-06d277cdf144	2026-07-28	subscriptions	service_health_event_region	resource_health_events	Microsoft.ResourceHealth/events/0QXK-41Z	0QXK-41Z	0QXK-41Z	HealthAdvisory	Retirement	ServiceHealth	Warning	Warning	Active		Action recommended: Migrate to managed identity authentication in Azure Monitor Container Insights before 30 September 2026	Action recommended: Migrate to managed identity authentication in Azure Monitor Container Insights before 30 September 2026	<p><em>You're receiving this notification because you have one or more Azure subscriptions currently using legacy authentication in Azure Monitor Container Insights.</em></p>	"<p><em>You're receiving this notification because you have one or more Azure subscriptions currently using legacy authentication in Azure Monitor Container Insights.</em></p> <p>On 30 September 2026, we'll retire legacy authentication in Azure Monitor Container Insights. To avoid disruptions, <a href=""https://aka.ms/CILegacyAuthMigration"" target=""_blank"">migrate</a> to managed identity authentication before 30 September 2026.</p> <p>Managed identity authentication is more secure and gives you access to newer Azure Monitor Container Insights features, such as syslog collection and high scale mode.</p> <h2>Recommended action</h2> <p>To avoid disruptions, migrate from legacy to managed identity authentication before 30 September 2026. Read our <a href=""https://aka.ms/CILegacyAuthMigration"" target=""_blank"">documentation</a> to learn how to migrate your Azure Kubernetes Service (AKS) clusters with a single click in the Azure portal. You'll also find command line options and a bulk migration script.</p> <p></p><h2>Help and support</h2><p>If you have questions, get answers from community experts in <a href=""https://learn.microsoft.com/answers/tags/20/azure-monitor"" target=""_blank"">Microsoft Q&amp;A</a>. If you have a support plan and need technical help, please create a <a href=""https://portal.azure.com/#blade/Microsoft_Azure_Support/HelpAndSupportBlade/newsupportrequest"" target=""_blank"">support request</a>.</p><p><em>Learn more about service retirements that may impact your resources in the </em><a href=""https://aka.ms/ServicesRetirementWorkbook"" target=""_blank""><em>Azure Retirement Workbook</em></a><em>. Please note that retirements may not be visible in the workbook for up to two weeks after being announced.</em></p><p></p>"		2026-04-14T05:54:44Z	2027-10-14T05:54:44Z	2026-07-06T14:22:31Z	2026-09-30		northeurope	1b06ce19-c192-49b3-8418-0f5bf013ea5f	not_available				false	not_needed	full	retirement_date_derived_from_text	"{""event_source"":""resource_health_events""}"
Azure Monitor	UAT-P4PA	azure-retirements-2721348d-5d3e-4374-adc4-06d277cdf144	2026-07-28	subscriptions	service_health_event_region	resource_health_events	Microsoft.ResourceHealth/events/0QXK-41Z	0QXK-41Z	0QXK-41Z	HealthAdvisory	Retirement	ServiceHealth	Warning	Warning	Active		Action recommended: Migrate to managed identity authentication in Azure Monitor Container Insights before 30 September 2026	Action recommended: Migrate to managed identity authentication in Azure Monitor Container Insights before 30 September 2026	<p><em>You're receiving this notification because you have one or more Azure subscriptions currently using legacy authentication in Azure Monitor Container Insights.</em></p>	"<p><em>You're receiving this notification because you have one or more Azure subscriptions currently using legacy authentication in Azure Monitor Container Insights.</em></p> <p>On 30 September 2026, we'll retire legacy authentication in Azure Monitor Container Insights. To avoid disruptions, <a href=""https://aka.ms/CILegacyAuthMigration"" target=""_blank"">migrate</a> to managed identity authentication before 30 September 2026.</p> <p>Managed identity authentication is more secure and gives you access to newer Azure Monitor Container Insights features, such as syslog collection and high scale mode.</p> <h2>Recommended action</h2> <p>To avoid disruptions, migrate from legacy to managed identity authentication before 30 September 2026. Read our <a href=""https://aka.ms/CILegacyAuthMigration"" target=""_blank"">documentation</a> to learn how to migrate your Azure Kubernetes Service (AKS) clusters with a single click in the Azure portal. You'll also find command line options and a bulk migration script.</p> <p></p><h2>Help and support</h2><p>If you have questions, get answers from community experts in <a href=""https://learn.microsoft.com/answers/tags/20/azure-monitor"" target=""_blank"">Microsoft Q&amp;A</a>. If you have a support plan and need technical help, please create a <a href=""https://portal.azure.com/#blade/Microsoft_Azure_Support/HelpAndSupportBlade/newsupportrequest"" target=""_blank"">support request</a>.</p><p><em>Learn more about service retirements that may impact your resources in the </em><a href=""https://aka.ms/ServicesRetirementWorkbook"" target=""_blank""><em>Azure Retirement Workbook</em></a><em>. Please note that retirements may not be visible in the workbook for up to two weeks after being announced.</em></p><p></p>"		2026-04-14T05:54:44Z	2027-10-14T05:54:44Z	2026-07-06T14:22:31Z	2026-09-30		westeurope	1b06ce19-c192-49b3-8418-0f5bf013ea5f	not_available				false	not_needed	full	retirement_date_derived_from_text	"{""event_source"":""resource_health_events""}"
Azure Kubernetes Service (AKS)	UAT-P4PA	azure-retirements-2721348d-5d3e-4374-adc4-06d277cdf144	2026-07-28	subscriptions	service_health_event_region	resource_health_events	Microsoft.ResourceHealth/events/9Y2Z-_K8	9Y2Z-_K8	9Y2Z-_K8	HealthAdvisory	Retirement	ServiceHealth	Warning	Warning	Active		Retirement notice: Transition Ubuntu 22.04 clusters to Ubuntu 24.04 or later before 30 June 2027	Retirement notice: Transition Ubuntu 22.04 clusters to Ubuntu 24.04 or later before 30 June 2027	<p><em>You’re receiving this notification because you’re associated with one or more Azure subscriptions that use Ubuntu 22.04 for Azure Kubernetes Service (AKS) clusters. For reference, you can find this notification in the Azure portal under&nbsp;Service Health/Health advisories&nbsp;using tracking ID: 9Y2Z-_K8.</em></p>	"<p><em>You’re receiving this notification because you’re associated with one or more Azure subscriptions that use Ubuntu 22.04 for Azure Kubernetes Service (AKS) clusters. For reference, you can find this notification in the Azure portal under&nbsp;Service Health/Health advisories&nbsp;using tracking ID: 9Y2Z-_K8.</em></p> <p><em>On 30 June 2027, we’ll retire Ubuntu 22.04 on Azure Kubernetes Service. To avoid disruptions,&nbsp;</em><a href=""https://learn.microsoft.com/azure/aks/upgrade-os-version"" target=""_blank""><strong>transition</strong>&nbsp;to Ubuntu 24.04 or later by that date.</a><a href=""https://aka.ms/aks/supported-ubuntu-versions"" target=""_blank"">&nbsp;</a>Newer supported versions<strong>&nbsp;</strong>include&nbsp;<a href=""https://discourse.ubuntu.com/t/ubuntu-24-04-lts-noble-numbat-release-notes/39890"" target=""_blank"">kernel updates and security improvements</a>.</p> <p>Between now and 30 June 2027, you can continue to use Ubuntu 22.04 on AKS without disruption. If you don’t migrate by 30 June 2027, you won’t be able to create new node pools, AKS&nbsp;won’t produce new node images, and you’ll no longer receive security patches for existing node pools. If you'd like to enable long-term support with Kubernetes version 1.33 or later, first update your node pools to Ubuntu 24.04.</p> <p>Additionally, on&nbsp;30 April 2028 AKS will remove Ubuntu 22.04 node images and existing code, causing scaling&nbsp;and remediation operations to fail.&nbsp;</p> <h2>Recommended action</h2> <p>To avoid service disruptions such as security vulnerabilities, failed node image upgrades, and scaling failures,&nbsp;<a href=""https://aka.ms/aks/upgrade-os-version"" target=""_blank""><strong>migrate</strong>&nbsp;to Ubuntu 24.04 or later by 30 June 2027.&nbsp;</a>Your migration options include:</p> <p></p><ul><li>Default&nbsp;Operating System SKU (OSSku): If you’re using ‘Ubuntu,’&nbsp;you’ll&nbsp;automatically migrate to Ubuntu 24.04 when you upgrade your Kubernetes version to 1.35 or later.</li><li>Versioned OSSku: If you’re using ‘Ubuntu2204,’ update your OSSku to ‘Ubuntu’ for Kubernetes 1.35 or later, or ‘Ubuntu2404’ for Kubernetes 1.32 or later.</li></ul><h2>Help and support&nbsp;</h2><p>If you have questions, get answers from community experts in&nbsp;<a href=""https://learn.microsoft.com/answers/tags/200/azure-kubernetes-service"" target=""_blank"">Microsoft Q&amp;A</a>&nbsp;or&nbsp;AKS GitHub. If you have a support plan and need technical help, follow our&nbsp;<a href=""https://learn.microsoft.com/azure/azure-portal/supportability/how-to-create-azure-support-request#open-a-support-request-from-the-global-header"" target=""_blank"">documentation</a>&nbsp;to create a support request.</p><p><em>Learn more about service retirements that may impact your resources in the&nbsp;</em><a href=""https://aka.ms/ServicesRetirementWorkbook"" target=""_blank""><em>Azure Retirement Workbook</em></a><em>. Please note that retirements may not be visible in the workbook for up to two weeks after being announced.</em></p><p></p>"		2026-02-19T21:31:43Z	2027-06-30T00:00:00Z	2026-04-13T09:49:41Z	2027-06-30		germanywestcentral	1b06ce19-c192-49b3-8418-0f5bf013ea5f	not_available				false	not_needed	full	retirement_date_derived_from_text	"{""event_source"":""resource_health_events""}"
Azure Kubernetes Service (AKS)	UAT-P4PA	azure-retirements-2721348d-5d3e-4374-adc4-06d277cdf144	2026-07-28	subscriptions	service_health_event_region	resource_health_events	Microsoft.ResourceHealth/events/9Y2Z-_K8	9Y2Z-_K8	9Y2Z-_K8	HealthAdvisory	Retirement	ServiceHealth	Warning	Warning	Active		Retirement notice: Transition Ubuntu 22.04 clusters to Ubuntu 24.04 or later before 30 June 2027	Retirement notice: Transition Ubuntu 22.04 clusters to Ubuntu 24.04 or later before 30 June 2027	<p><em>You’re receiving this notification because you’re associated with one or more Azure subscriptions that use Ubuntu 22.04 for Azure Kubernetes Service (AKS) clusters. For reference, you can find this notification in the Azure portal under&nbsp;Service Health/Health advisories&nbsp;using tracking ID: 9Y2Z-_K8.</em></p>	"<p><em>You’re receiving this notification because you’re associated with one or more Azure subscriptions that use Ubuntu 22.04 for Azure Kubernetes Service (AKS) clusters. For reference, you can find this notification in the Azure portal under&nbsp;Service Health/Health advisories&nbsp;using tracking ID: 9Y2Z-_K8.</em></p> <p><em>On 30 June 2027, we’ll retire Ubuntu 22.04 on Azure Kubernetes Service. To avoid disruptions,&nbsp;</em><a href=""https://learn.microsoft.com/azure/aks/upgrade-os-version"" target=""_blank""><strong>transition</strong>&nbsp;to Ubuntu 24.04 or later by that date.</a><a href=""https://aka.ms/aks/supported-ubuntu-versions"" target=""_blank"">&nbsp;</a>Newer supported versions<strong>&nbsp;</strong>include&nbsp;<a href=""https://discourse.ubuntu.com/t/ubuntu-24-04-lts-noble-numbat-release-notes/39890"" target=""_blank"">kernel updates and security improvements</a>.</p> <p>Between now and 30 June 2027, you can continue to use Ubuntu 22.04 on AKS without disruption. If you don’t migrate by 30 June 2027, you won’t be able to create new node pools, AKS&nbsp;won’t produce new node images, and you’ll no longer receive security patches for existing node pools. If you'd like to enable long-term support with Kubernetes version 1.33 or later, first update your node pools to Ubuntu 24.04.</p> <p>Additionally, on&nbsp;30 April 2028 AKS will remove Ubuntu 22.04 node images and existing code, causing scaling&nbsp;and remediation operations to fail.&nbsp;</p> <h2>Recommended action</h2> <p>To avoid service disruptions such as security vulnerabilities, failed node image upgrades, and scaling failures,&nbsp;<a href=""https://aka.ms/aks/upgrade-os-version"" target=""_blank""><strong>migrate</strong>&nbsp;to Ubuntu 24.04 or later by 30 June 2027.&nbsp;</a>Your migration options include:</p> <p></p><ul><li>Default&nbsp;Operating System SKU (OSSku): If you’re using ‘Ubuntu,’&nbsp;you’ll&nbsp;automatically migrate to Ubuntu 24.04 when you upgrade your Kubernetes version to 1.35 or later.</li><li>Versioned OSSku: If you’re using ‘Ubuntu2204,’ update your OSSku to ‘Ubuntu’ for Kubernetes 1.35 or later, or ‘Ubuntu2404’ for Kubernetes 1.32 or later.</li></ul><h2>Help and support&nbsp;</h2><p>If you have questions, get answers from community experts in&nbsp;<a href=""https://learn.microsoft.com/answers/tags/200/azure-kubernetes-service"" target=""_blank"">Microsoft Q&amp;A</a>&nbsp;or&nbsp;AKS GitHub. If you have a support plan and need technical help, follow our&nbsp;<a href=""https://learn.microsoft.com/azure/azure-portal/supportability/how-to-create-azure-support-request#open-a-support-request-from-the-global-header"" target=""_blank"">documentation</a>&nbsp;to create a support request.</p><p><em>Learn more about service retirements that may impact your resources in the&nbsp;</em><a href=""https://aka.ms/ServicesRetirementWorkbook"" target=""_blank""><em>Azure Retirement Workbook</em></a><em>. Please note that retirements may not be visible in the workbook for up to two weeks after being announced.</em></p><p></p>"		2026-02-19T21:31:43Z	2027-06-30T00:00:00Z	2026-04-13T09:49:41Z	2027-06-30		italynorth	1b06ce19-c192-49b3-8418-0f5bf013ea5f	not_available				false	not_needed	full	retirement_date_derived_from_text	"{""event_source"":""resource_health_events""}"
Azure Kubernetes Service (AKS)	UAT-P4PA	azure-retirements-2721348d-5d3e-4374-adc4-06d277cdf144	2026-07-28	subscriptions	service_health_event_region	resource_health_events	Microsoft.ResourceHealth/events/9Y2Z-_K8	9Y2Z-_K8	9Y2Z-_K8	HealthAdvisory	Retirement	ServiceHealth	Warning	Warning	Active		Retirement notice: Transition Ubuntu 22.04 clusters to Ubuntu 24.04 or later before 30 June 2027	Retirement notice: Transition Ubuntu 22.04 clusters to Ubuntu 24.04 or later before 30 June 2027	<p><em>You’re receiving this notification because you’re associated with one or more Azure subscriptions that use Ubuntu 22.04 for Azure Kubernetes Service (AKS) clusters. For reference, you can find this notification in the Azure portal under&nbsp;Service Health/Health advisories&nbsp;using tracking ID: 9Y2Z-_K8.</em></p>	"<p><em>You’re receiving this notification because you’re associated with one or more Azure subscriptions that use Ubuntu 22.04 for Azure Kubernetes Service (AKS) clusters. For reference, you can find this notification in the Azure portal under&nbsp;Service Health/Health advisories&nbsp;using tracking ID: 9Y2Z-_K8.</em></p> <p><em>On 30 June 2027, we’ll retire Ubuntu 22.04 on Azure Kubernetes Service. To avoid disruptions,&nbsp;</em><a href=""https://learn.microsoft.com/azure/aks/upgrade-os-version"" target=""_blank""><strong>transition</strong>&nbsp;to Ubuntu 24.04 or later by that date.</a><a href=""https://aka.ms/aks/supported-ubuntu-versions"" target=""_blank"">&nbsp;</a>Newer supported versions<strong>&nbsp;</strong>include&nbsp;<a href=""https://discourse.ubuntu.com/t/ubuntu-24-04-lts-noble-numbat-release-notes/39890"" target=""_blank"">kernel updates and security improvements</a>.</p> <p>Between now and 30 June 2027, you can continue to use Ubuntu 22.04 on AKS without disruption. If you don’t migrate by 30 June 2027, you won’t be able to create new node pools, AKS&nbsp;won’t produce new node images, and you’ll no longer receive security patches for existing node pools. If you'd like to enable long-term support with Kubernetes version 1.33 or later, first update your node pools to Ubuntu 24.04.</p> <p>Additionally, on&nbsp;30 April 2028 AKS will remove Ubuntu 22.04 node images and existing code, causing scaling&nbsp;and remediation operations to fail.&nbsp;</p> <h2>Recommended action</h2> <p>To avoid service disruptions such as security vulnerabilities, failed node image upgrades, and scaling failures,&nbsp;<a href=""https://aka.ms/aks/upgrade-os-version"" target=""_blank""><strong>migrate</strong>&nbsp;to Ubuntu 24.04 or later by 30 June 2027.&nbsp;</a>Your migration options include:</p> <p></p><ul><li>Default&nbsp;Operating System SKU (OSSku): If you’re using ‘Ubuntu,’&nbsp;you’ll&nbsp;automatically migrate to Ubuntu 24.04 when you upgrade your Kubernetes version to 1.35 or later.</li><li>Versioned OSSku: If you’re using ‘Ubuntu2204,’ update your OSSku to ‘Ubuntu’ for Kubernetes 1.35 or later, or ‘Ubuntu2404’ for Kubernetes 1.32 or later.</li></ul><h2>Help and support&nbsp;</h2><p>If you have questions, get answers from community experts in&nbsp;<a href=""https://learn.microsoft.com/answers/tags/200/azure-kubernetes-service"" target=""_blank"">Microsoft Q&amp;A</a>&nbsp;or&nbsp;AKS GitHub. If you have a support plan and need technical help, follow our&nbsp;<a href=""https://learn.microsoft.com/azure/azure-portal/supportability/how-to-create-azure-support-request#open-a-support-request-from-the-global-header"" target=""_blank"">documentation</a>&nbsp;to create a support request.</p><p><em>Learn more about service retirements that may impact your resources in the&nbsp;</em><a href=""https://aka.ms/ServicesRetirementWorkbook"" target=""_blank""><em>Azure Retirement Workbook</em></a><em>. Please note that retirements may not be visible in the workbook for up to two weeks after being announced.</em></p><p></p>"		2026-02-19T21:31:43Z	2027-06-30T00:00:00Z	2026-04-13T09:49:41Z	2027-06-30		northeurope	1b06ce19-c192-49b3-8418-0f5bf013ea5f	not_available				false	not_needed	full	retirement_date_derived_from_text	"{""event_source"":""resource_health_events""}"
Azure Kubernetes Service (AKS)	UAT-P4PA	azure-retirements-2721348d-5d3e-4374-adc4-06d277cdf144	2026-07-28	subscriptions	service_health_event_region	resource_health_events	Microsoft.ResourceHealth/events/9Y2Z-_K8	9Y2Z-_K8	9Y2Z-_K8	HealthAdvisory	Retirement	ServiceHealth	Warning	Warning	Active		Retirement notice: Transition Ubuntu 22.04 clusters to Ubuntu 24.04 or later before 30 June 2027	Retirement notice: Transition Ubuntu 22.04 clusters to Ubuntu 24.04 or later before 30 June 2027	<p><em>You’re receiving this notification because you’re associated with one or more Azure subscriptions that use Ubuntu 22.04 for Azure Kubernetes Service (AKS) clusters. For reference, you can find this notification in the Azure portal under&nbsp;Service Health/Health advisories&nbsp;using tracking ID: 9Y2Z-_K8.</em></p>	"<p><em>You’re receiving this notification because you’re associated with one or more Azure subscriptions that use Ubuntu 22.04 for Azure Kubernetes Service (AKS) clusters. For reference, you can find this notification in the Azure portal under&nbsp;Service Health/Health advisories&nbsp;using tracking ID: 9Y2Z-_K8.</em></p> <p><em>On 30 June 2027, we’ll retire Ubuntu 22.04 on Azure Kubernetes Service. To avoid disruptions,&nbsp;</em><a href=""https://learn.microsoft.com/azure/aks/upgrade-os-version"" target=""_blank""><strong>transition</strong>&nbsp;to Ubuntu 24.04 or later by that date.</a><a href=""https://aka.ms/aks/supported-ubuntu-versions"" target=""_blank"">&nbsp;</a>Newer supported versions<strong>&nbsp;</strong>include&nbsp;<a href=""https://discourse.ubuntu.com/t/ubuntu-24-04-lts-noble-numbat-release-notes/39890"" target=""_blank"">kernel updates and security improvements</a>.</p> <p>Between now and 30 June 2027, you can continue to use Ubuntu 22.04 on AKS without disruption. If you don’t migrate by 30 June 2027, you won’t be able to create new node pools, AKS&nbsp;won’t produce new node images, and you’ll no longer receive security patches for existing node pools. If you'd like to enable long-term support with Kubernetes version 1.33 or later, first update your node pools to Ubuntu 24.04.</p> <p>Additionally, on&nbsp;30 April 2028 AKS will remove Ubuntu 22.04 node images and existing code, causing scaling&nbsp;and remediation operations to fail.&nbsp;</p> <h2>Recommended action</h2> <p>To avoid service disruptions such as security vulnerabilities, failed node image upgrades, and scaling failures,&nbsp;<a href=""https://aka.ms/aks/upgrade-os-version"" target=""_blank""><strong>migrate</strong>&nbsp;to Ubuntu 24.04 or later by 30 June 2027.&nbsp;</a>Your migration options include:</p> <p></p><ul><li>Default&nbsp;Operating System SKU (OSSku): If you’re using ‘Ubuntu,’&nbsp;you’ll&nbsp;automatically migrate to Ubuntu 24.04 when you upgrade your Kubernetes version to 1.35 or later.</li><li>Versioned OSSku: If you’re using ‘Ubuntu2204,’ update your OSSku to ‘Ubuntu’ for Kubernetes 1.35 or later, or ‘Ubuntu2404’ for Kubernetes 1.32 or later.</li></ul><h2>Help and support&nbsp;</h2><p>If you have questions, get answers from community experts in&nbsp;<a href=""https://learn.microsoft.com/answers/tags/200/azure-kubernetes-service"" target=""_blank"">Microsoft Q&amp;A</a>&nbsp;or&nbsp;AKS GitHub. If you have a support plan and need technical help, follow our&nbsp;<a href=""https://learn.microsoft.com/azure/azure-portal/supportability/how-to-create-azure-support-request#open-a-support-request-from-the-global-header"" target=""_blank"">documentation</a>&nbsp;to create a support request.</p><p><em>Learn more about service retirements that may impact your resources in the&nbsp;</em><a href=""https://aka.ms/ServicesRetirementWorkbook"" target=""_blank""><em>Azure Retirement Workbook</em></a><em>. Please note that retirements may not be visible in the workbook for up to two weeks after being announced.</em></p><p></p>"		2026-02-19T21:31:43Z	2027-06-30T00:00:00Z	2026-04-13T09:49:41Z	2027-06-30		spaincentral	1b06ce19-c192-49b3-8418-0f5bf013ea5f	not_available				false	not_needed	full	retirement_date_derived_from_text	"{""event_source"":""resource_health_events""}"
Azure Kubernetes Service (AKS)	UAT-P4PA	azure-retirements-2721348d-5d3e-4374-adc4-06d277cdf144	2026-07-28	subscriptions	service_health_event_region	resource_health_events	Microsoft.ResourceHealth/events/9Y2Z-_K8	9Y2Z-_K8	9Y2Z-_K8	HealthAdvisory	Retirement	ServiceHealth	Warning	Warning	Active		Retirement notice: Transition Ubuntu 22.04 clusters to Ubuntu 24.04 or later before 30 June 2027	Retirement notice: Transition Ubuntu 22.04 clusters to Ubuntu 24.04 or later before 30 June 2027	<p><em>You’re receiving this notification because you’re associated with one or more Azure subscriptions that use Ubuntu 22.04 for Azure Kubernetes Service (AKS) clusters. For reference, you can find this notification in the Azure portal under&nbsp;Service Health/Health advisories&nbsp;using tracking ID: 9Y2Z-_K8.</em></p>	"<p><em>You’re receiving this notification because you’re associated with one or more Azure subscriptions that use Ubuntu 22.04 for Azure Kubernetes Service (AKS) clusters. For reference, you can find this notification in the Azure portal under&nbsp;Service Health/Health advisories&nbsp;using tracking ID: 9Y2Z-_K8.</em></p> <p><em>On 30 June 2027, we’ll retire Ubuntu 22.04 on Azure Kubernetes Service. To avoid disruptions,&nbsp;</em><a href=""https://learn.microsoft.com/azure/aks/upgrade-os-version"" target=""_blank""><strong>transition</strong>&nbsp;to Ubuntu 24.04 or later by that date.</a><a href=""https://aka.ms/aks/supported-ubuntu-versions"" target=""_blank"">&nbsp;</a>Newer supported versions<strong>&nbsp;</strong>include&nbsp;<a href=""https://discourse.ubuntu.com/t/ubuntu-24-04-lts-noble-numbat-release-notes/39890"" target=""_blank"">kernel updates and security improvements</a>.</p> <p>Between now and 30 June 2027, you can continue to use Ubuntu 22.04 on AKS without disruption. If you don’t migrate by 30 June 2027, you won’t be able to create new node pools, AKS&nbsp;won’t produce new node images, and you’ll no longer receive security patches for existing node pools. If you'd like to enable long-term support with Kubernetes version 1.33 or later, first update your node pools to Ubuntu 24.04.</p> <p>Additionally, on&nbsp;30 April 2028 AKS will remove Ubuntu 22.04 node images and existing code, causing scaling&nbsp;and remediation operations to fail.&nbsp;</p> <h2>Recommended action</h2> <p>To avoid service disruptions such as security vulnerabilities, failed node image upgrades, and scaling failures,&nbsp;<a href=""https://aka.ms/aks/upgrade-os-version"" target=""_blank""><strong>migrate</strong>&nbsp;to Ubuntu 24.04 or later by 30 June 2027.&nbsp;</a>Your migration options include:</p> <p></p><ul><li>Default&nbsp;Operating System SKU (OSSku): If you’re using ‘Ubuntu,’&nbsp;you’ll&nbsp;automatically migrate to Ubuntu 24.04 when you upgrade your Kubernetes version to 1.35 or later.</li><li>Versioned OSSku: If you’re using ‘Ubuntu2204,’ update your OSSku to ‘Ubuntu’ for Kubernetes 1.35 or later, or ‘Ubuntu2404’ for Kubernetes 1.32 or later.</li></ul><h2>Help and support&nbsp;</h2><p>If you have questions, get answers from community experts in&nbsp;<a href=""https://learn.microsoft.com/answers/tags/200/azure-kubernetes-service"" target=""_blank"">Microsoft Q&amp;A</a>&nbsp;or&nbsp;AKS GitHub. If you have a support plan and need technical help, follow our&nbsp;<a href=""https://learn.microsoft.com/azure/azure-portal/supportability/how-to-create-azure-support-request#open-a-support-request-from-the-global-header"" target=""_blank"">documentation</a>&nbsp;to create a support request.</p><p><em>Learn more about service retirements that may impact your resources in the&nbsp;</em><a href=""https://aka.ms/ServicesRetirementWorkbook"" target=""_blank""><em>Azure Retirement Workbook</em></a><em>. Please note that retirements may not be visible in the workbook for up to two weeks after being announced.</em></p><p></p>"		2026-02-19T21:31:43Z	2027-06-30T00:00:00Z	2026-04-13T09:49:41Z	2027-06-30		westeurope	1b06ce19-c192-49b3-8418-0f5bf013ea5f	not_available				false	not_needed	full	retirement_date_derived_from_text	"{""event_source"":""resource_health_events""}"
Azure Monitor	PROD-P4PA	azure-retirements-2721348d-5d3e-4374-adc4-06d277cdf144	2026-07-28	subscriptions	service_health_event_region	resource_health_events	Microsoft.ResourceHealth/events/0QXK-41Z	0QXK-41Z	0QXK-41Z	HealthAdvisory	Retirement	ServiceHealth	Warning	Warning	Active		Action recommended: Migrate to managed identity authentication in Azure Monitor Container Insights before 30 September 2026	Action recommended: Migrate to managed identity authentication in Azure Monitor Container Insights before 30 September 2026	<p><em>You're receiving this notification because you have one or more Azure subscriptions currently using legacy authentication in Azure Monitor Container Insights.</em></p>	"<p><em>You're receiving this notification because you have one or more Azure subscriptions currently using legacy authentication in Azure Monitor Container Insights.</em></p> <p>On 30 September 2026, we'll retire legacy authentication in Azure Monitor Container Insights. To avoid disruptions, <a href=""https://aka.ms/CILegacyAuthMigration"" target=""_blank"">migrate</a> to managed identity authentication before 30 September 2026.</p> <p>Managed identity authentication is more secure and gives you access to newer Azure Monitor Container Insights features, such as syslog collection and high scale mode.</p> <h2>Recommended action</h2> <p>To avoid disruptions, migrate from legacy to managed identity authentication before 30 September 2026. Read our <a href=""https://aka.ms/CILegacyAuthMigration"" target=""_blank"">documentation</a> to learn how to migrate your Azure Kubernetes Service (AKS) clusters with a single click in the Azure portal. You'll also find command line options and a bulk migration script.</p> <p></p><h2>Help and support</h2><p>If you have questions, get answers from community experts in <a href=""https://learn.microsoft.com/answers/tags/20/azure-monitor"" target=""_blank"">Microsoft Q&amp;A</a>. If you have a support plan and need technical help, please create a <a href=""https://portal.azure.com/#blade/Microsoft_Azure_Support/HelpAndSupportBlade/newsupportrequest"" target=""_blank"">support request</a>.</p><p><em>Learn more about service retirements that may impact your resources in the </em><a href=""https://aka.ms/ServicesRetirementWorkbook"" target=""_blank""><em>Azure Retirement Workbook</em></a><em>. Please note that retirements may not be visible in the workbook for up to two weeks after being announced.</em></p><p></p>"		2026-04-14T05:54:44Z	2027-10-14T05:54:44Z	2026-07-06T14:22:31Z	2026-09-30		germanywestcentral	1f1a5d38-ab5b-44af-b709-1d4085443abb	not_available				false	not_needed	full	retirement_date_derived_from_text	"{""event_source"":""resource_health_events""}"
Azure Monitor	PROD-P4PA	azure-retirements-2721348d-5d3e-4374-adc4-06d277cdf144	2026-07-28	subscriptions	service_health_event_region	resource_health_events	Microsoft.ResourceHealth/events/0QXK-41Z	0QXK-41Z	0QXK-41Z	HealthAdvisory	Retirement	ServiceHealth	Warning	Warning	Active		Action recommended: Migrate to managed identity authentication in Azure Monitor Container Insights before 30 September 2026	Action recommended: Migrate to managed identity authentication in Azure Monitor Container Insights before 30 September 2026	<p><em>You're receiving this notification because you have one or more Azure subscriptions currently using legacy authentication in Azure Monitor Container Insights.</em></p>	"<p><em>You're receiving this notification because you have one or more Azure subscriptions currently using legacy authentication in Azure Monitor Container Insights.</em></p> <p>On 30 September 2026, we'll retire legacy authentication in Azure Monitor Container Insights. To avoid disruptions, <a href=""https://aka.ms/CILegacyAuthMigration"" target=""_blank"">migrate</a> to managed identity authentication before 30 September 2026.</p> <p>Managed identity authentication is more secure and gives you access to newer Azure Monitor Container Insights features, such as syslog collection and high scale mode.</p> <h2>Recommended action</h2> <p>To avoid disruptions, migrate from legacy to managed identity authentication before 30 September 2026. Read our <a href=""https://aka.ms/CILegacyAuthMigration"" target=""_blank"">documentation</a> to learn how to migrate your Azure Kubernetes Service (AKS) clusters with a single click in the Azure portal. You'll also find command line options and a bulk migration script.</p> <p></p><h2>Help and support</h2><p>If you have questions, get answers from community experts in <a href=""https://learn.microsoft.com/answers/tags/20/azure-monitor"" target=""_blank"">Microsoft Q&amp;A</a>. If you have a support plan and need technical help, please create a <a href=""https://portal.azure.com/#blade/Microsoft_Azure_Support/HelpAndSupportBlade/newsupportrequest"" target=""_blank"">support request</a>.</p><p><em>Learn more about service retirements that may impact your resources in the </em><a href=""https://aka.ms/ServicesRetirementWorkbook"" target=""_blank""><em>Azure Retirement Workbook</em></a><em>. Please note that retirements may not be visible in the workbook for up to two weeks after being announced.</em></p><p></p>"		2026-04-14T05:54:44Z	2027-10-14T05:54:44Z	2026-07-06T14:22:31Z	2026-09-30		global	1f1a5d38-ab5b-44af-b709-1d4085443abb	not_available				false	not_needed	full	retirement_date_derived_from_text	"{""event_source"":""resource_health_events""}"
Azure Monitor	PROD-P4PA	azure-retirements-2721348d-5d3e-4374-adc4-06d277cdf144	2026-07-28	subscriptions	service_health_event_region	resource_health_events	Microsoft.ResourceHealth/events/0QXK-41Z	0QXK-41Z	0QXK-41Z	HealthAdvisory	Retirement	ServiceHealth	Warning	Warning	Active		Action recommended: Migrate to managed identity authentication in Azure Monitor Container Insights before 30 September 2026	Action recommended: Migrate to managed identity authentication in Azure Monitor Container Insights before 30 September 2026	<p><em>You're receiving this notification because you have one or more Azure subscriptions currently using legacy authentication in Azure Monitor Container Insights.</em></p>	"<p><em>You're receiving this notification because you have one or more Azure subscriptions currently using legacy authentication in Azure Monitor Container Insights.</em></p> <p>On 30 September 2026, we'll retire legacy authentication in Azure Monitor Container Insights. To avoid disruptions, <a href=""https://aka.ms/CILegacyAuthMigration"" target=""_blank"">migrate</a> to managed identity authentication before 30 September 2026.</p> <p>Managed identity authentication is more secure and gives you access to newer Azure Monitor Container Insights features, such as syslog collection and high scale mode.</p> <h2>Recommended action</h2> <p>To avoid disruptions, migrate from legacy to managed identity authentication before 30 September 2026. Read our <a href=""https://aka.ms/CILegacyAuthMigration"" target=""_blank"">documentation</a> to learn how to migrate your Azure Kubernetes Service (AKS) clusters with a single click in the Azure portal. You'll also find command line options and a bulk migration script.</p> <p></p><h2>Help and support</h2><p>If you have questions, get answers from community experts in <a href=""https://learn.microsoft.com/answers/tags/20/azure-monitor"" target=""_blank"">Microsoft Q&amp;A</a>. If you have a support plan and need technical help, please create a <a href=""https://portal.azure.com/#blade/Microsoft_Azure_Support/HelpAndSupportBlade/newsupportrequest"" target=""_blank"">support request</a>.</p><p><em>Learn more about service retirements that may impact your resources in the </em><a href=""https://aka.ms/ServicesRetirementWorkbook"" target=""_blank""><em>Azure Retirement Workbook</em></a><em>. Please note that retirements may not be visible in the workbook for up to two weeks after being announced.</em></p><p></p>"		2026-04-14T05:54:44Z	2027-10-14T05:54:44Z	2026-07-06T14:22:31Z	2026-09-30		northeurope	1f1a5d38-ab5b-44af-b709-1d4085443abb	not_available				false	not_needed	full	retirement_date_derived_from_text	"{""event_source"":""resource_health_events""}"
Azure Monitor	PROD-P4PA	azure-retirements-2721348d-5d3e-4374-adc4-06d277cdf144	2026-07-28	subscriptions	service_health_event_region	resource_health_events	Microsoft.ResourceHealth/events/0QXK-41Z	0QXK-41Z	0QXK-41Z	HealthAdvisory	Retirement	ServiceHealth	Warning	Warning	Active		Action recommended: Migrate to managed identity authentication in Azure Monitor Container Insights before 30 September 2026	Action recommended: Migrate to managed identity authentication in Azure Monitor Container Insights before 30 September 2026	<p><em>You're receiving this notification because you have one or more Azure subscriptions currently using legacy authentication in Azure Monitor Container Insights.</em></p>	"<p><em>You're receiving this notification because you have one or more Azure subscriptions currently using legacy authentication in Azure Monitor Container Insights.</em></p> <p>On 30 September 2026, we'll retire legacy authentication in Azure Monitor Container Insights. To avoid disruptions, <a href=""https://aka.ms/CILegacyAuthMigration"" target=""_blank"">migrate</a> to managed identity authentication before 30 September 2026.</p> <p>Managed identity authentication is more secure and gives you access to newer Azure Monitor Container Insights features, such as syslog collection and high scale mode.</p> <h2>Recommended action</h2> <p>To avoid disruptions, migrate from legacy to managed identity authentication before 30 September 2026. Read our <a href=""https://aka.ms/CILegacyAuthMigration"" target=""_blank"">documentation</a> to learn how to migrate your Azure Kubernetes Service (AKS) clusters with a single click in the Azure portal. You'll also find command line options and a bulk migration script.</p> <p></p><h2>Help and support</h2><p>If you have questions, get answers from community experts in <a href=""https://learn.microsoft.com/answers/tags/20/azure-monitor"" target=""_blank"">Microsoft Q&amp;A</a>. If you have a support plan and need technical help, please create a <a href=""https://portal.azure.com/#blade/Microsoft_Azure_Support/HelpAndSupportBlade/newsupportrequest"" target=""_blank"">support request</a>.</p><p><em>Learn more about service retirements that may impact your resources in the </em><a href=""https://aka.ms/ServicesRetirementWorkbook"" target=""_blank""><em>Azure Retirement Workbook</em></a><em>. Please note that retirements may not be visible in the workbook for up to two weeks after being announced.</em></p><p></p>"		2026-04-14T05:54:44Z	2027-10-14T05:54:44Z	2026-07-06T14:22:31Z	2026-09-30		westeurope	1f1a5d38-ab5b-44af-b709-1d4085443abb	not_available				false	not_needed	full	retirement_date_derived_from_text	"{""event_source"":""resource_health_events""}"
App Service	UAT-pagoPA	azure-retirements-2721348d-5d3e-4374-adc4-06d277cdf144	2026-07-28	subscriptions	service_health_event_region	resource_health_events	Microsoft.ResourceHealth/events/CRN7-_LG	CRN7-_LG	CRN7-_LG	HealthAdvisory		ServiceHealth	Warning	Warning	Active		Action required: Validate Java TLS compatibility before App Service JDK security updates (starting 20 October 2026)	Action required: Validate Java TLS compatibility before App Service JDK security updates (starting 20 October 2026)	<p><strong><em>You’re receiving this notification because one or more of your Azure subscriptions use Java workloads on Azure App Service.</em></strong></p>	"<p><strong><em>You’re receiving this notification because one or more of your Azure subscriptions use Java workloads on Azure App Service.</em></strong></p> <p>Starting on <strong>20 October 2026</strong> (phased rollout), App Service Java runtimes may begin updating to JDK 11.0.30+, 17.0.18+, and 21.0.10+ (and later patch versions) during region-specific maintenance windows/non-business hours.</p> <p><strong>In these JDK versions:</strong></p> <ul><li>SHA-1 is disabled for TLS 1.2 and DTLS 1.2 handshake signatures.</li><li>TLS_RSA cipher suites are disabled by default.</li></ul> <p>These changes improve security by removing legacy cryptographic algorithms, but they can cause compatibility issues with older endpoints or dependencies.</p> <p>For production workloads, Microsoft guidance remains to use pinned patch JVM versions to reduce unanticipated outages from patch auto-update:</p> <p><a href=""https://learn.microsoft.com/azure/app-service/configure-language-java-deploy-run?tabs=windows&amp;pivot%E2%80%A6"" target=""_blank"">Deploy and Configure Tomcat, JBoss EAP, or Java SE Apps - Azure App Service | Microsoft Learn</a></p> <p><strong>Potential impact</strong></p> <p><strong><em>Applications that depend on legacy TLS settings may experience connection failures, commonly seen as SSLHandshakeException in application logs (often not platform logs), including:</em></strong></p> <p></p><ul><li>""No appropriate protocol (protocol is disabled or cipher suites are inappropriate)""This usually indicates the remote endpoint only supports TLS<em>RSA cipher suites.</em></li><li><em>""No supported signature algorithm…""This usually indicates the remote endpoint signs TLS 1.2 handshakes with SHA-1.</em></li></ul><h2>Action required</h2><p>1.Identify impacted connections.</p><ul><li>Review application logs for SSLHandshakeException.</li><li>Audit dependencies/endpoints for SHA-1 handshake signatures or TLS<em>RSA-only cipher support.</em></li></ul><p><em>2.Remediate incompatible dependencies.</em></p><ul><li><em>Update endpoints/libraries to support modern cryptographic settings, such as SHA-256+ signatures and stronger cipher suites.</em></li></ul><p><em>3.Validate in pre-production.</em></p><ul><li><em>Test compatibility before rollout.</em></li><li><em>For testing environments, set Platform Release Setting to ""latest"" so runtime changes are exercised early.</em></li></ul><p><em>4.Use temporary mitigation if needed for production continuity.</em></p><ul><li><em>If remediation cannot complete before rollout, consider pinning to a known-good Java patch version as a short-term mitigation.</em></li><li><em>Track and remove this mitigation once dependencies are updated.</em></li></ul><p><em>5.Override Java security settings only as a last resort (not recommended long-term).</em></p><ul><li><em>This can reduce cryptographic security posture and should be time-boxed.</em></li></ul><p><em>&nbsp;Create a file named security-override.properties in your site directory (example path shown below):</em></p><p><em># D:\home\site\security-override.properties</em></p><p><em>jdk.tls.disabledAlgorithms=SSLv3, TLSv1, TLSv1.1, DTLSv1.0, RC4, DES, MD5withRSA, DH keySize &lt; 1024, EC keySize &lt; 224, 3DES</em>EDE<em>CBC, anon, NULL</em></p><p><em>&nbsp;</em></p><p><em>Then add the following JVM argument to your app’s JAVA</em>OPTS:</p><p>-Djava.security.properties=D:\home\site\security-override.properties</p><p>&nbsp;</p><p>Important: Treat this override as temporary. Plan removal after endpoint/dependency remediation.</p><h2>Help and support</h2><p>If you have questions, get answers from community experts in <a href=""https://learn.microsoft.com/answers/tags/20/azure-monitor"" target=""_blank"">Microsoft Q&amp;A</a>. If you have a support plan and need technical help, please submit a <a href=""https://learn.microsoft.com/azure/azure-portal/supportability/how-to-create-azure-support-request"" target=""_blank"">support request</a>. If you have additional questions, please contact us at java-core@microsoft.com</p><h2>Account Information</h2><p>{% for item in items %}</p><p><strong>Subscription ID: </strong>{{ item.subscriptionId }}</p><p><strong>Subscription name: </strong>{{ item.subscriptionName }}</p><p>{% endfor %}</p><p></p>"		2026-06-12T21:43:49Z	2026-10-20T18:20:56Z	2026-07-21T19:56:46Z	2026-10-20		germanywestcentral	26abc801-0d8f-4a6e-ac5f-8e81bcc09112	not_available				false	not_needed	full		"{""event_source"":""resource_health_events""}"
App Service	UAT-pagoPA	azure-retirements-2721348d-5d3e-4374-adc4-06d277cdf144	2026-07-28	subscriptions	service_health_event_region	resource_health_events	Microsoft.ResourceHealth/events/CRN7-_LG	CRN7-_LG	CRN7-_LG	HealthAdvisory		ServiceHealth	Warning	Warning	Active		Action required: Validate Java TLS compatibility before App Service JDK security updates (starting 20 October 2026)	Action required: Validate Java TLS compatibility before App Service JDK security updates (starting 20 October 2026)	<p><strong><em>You’re receiving this notification because one or more of your Azure subscriptions use Java workloads on Azure App Service.</em></strong></p>	"<p><strong><em>You’re receiving this notification because one or more of your Azure subscriptions use Java workloads on Azure App Service.</em></strong></p> <p>Starting on <strong>20 October 2026</strong> (phased rollout), App Service Java runtimes may begin updating to JDK 11.0.30+, 17.0.18+, and 21.0.10+ (and later patch versions) during region-specific maintenance windows/non-business hours.</p> <p><strong>In these JDK versions:</strong></p> <ul><li>SHA-1 is disabled for TLS 1.2 and DTLS 1.2 handshake signatures.</li><li>TLS_RSA cipher suites are disabled by default.</li></ul> <p>These changes improve security by removing legacy cryptographic algorithms, but they can cause compatibility issues with older endpoints or dependencies.</p> <p>For production workloads, Microsoft guidance remains to use pinned patch JVM versions to reduce unanticipated outages from patch auto-update:</p> <p><a href=""https://learn.microsoft.com/azure/app-service/configure-language-java-deploy-run?tabs=windows&amp;pivot%E2%80%A6"" target=""_blank"">Deploy and Configure Tomcat, JBoss EAP, or Java SE Apps - Azure App Service | Microsoft Learn</a></p> <p><strong>Potential impact</strong></p> <p><strong><em>Applications that depend on legacy TLS settings may experience connection failures, commonly seen as SSLHandshakeException in application logs (often not platform logs), including:</em></strong></p> <p></p><ul><li>""No appropriate protocol (protocol is disabled or cipher suites are inappropriate)""This usually indicates the remote endpoint only supports TLS<em>RSA cipher suites.</em></li><li><em>""No supported signature algorithm…""This usually indicates the remote endpoint signs TLS 1.2 handshakes with SHA-1.</em></li></ul><h2>Action required</h2><p>1.Identify impacted connections.</p><ul><li>Review application logs for SSLHandshakeException.</li><li>Audit dependencies/endpoints for SHA-1 handshake signatures or TLS<em>RSA-only cipher support.</em></li></ul><p><em>2.Remediate incompatible dependencies.</em></p><ul><li><em>Update endpoints/libraries to support modern cryptographic settings, such as SHA-256+ signatures and stronger cipher suites.</em></li></ul><p><em>3.Validate in pre-production.</em></p><ul><li><em>Test compatibility before rollout.</em></li><li><em>For testing environments, set Platform Release Setting to ""latest"" so runtime changes are exercised early.</em></li></ul><p><em>4.Use temporary mitigation if needed for production continuity.</em></p><ul><li><em>If remediation cannot complete before rollout, consider pinning to a known-good Java patch version as a short-term mitigation.</em></li><li><em>Track and remove this mitigation once dependencies are updated.</em></li></ul><p><em>5.Override Java security settings only as a last resort (not recommended long-term).</em></p><ul><li><em>This can reduce cryptographic security posture and should be time-boxed.</em></li></ul><p><em>&nbsp;Create a file named security-override.properties in your site directory (example path shown below):</em></p><p><em># D:\home\site\security-override.properties</em></p><p><em>jdk.tls.disabledAlgorithms=SSLv3, TLSv1, TLSv1.1, DTLSv1.0, RC4, DES, MD5withRSA, DH keySize &lt; 1024, EC keySize &lt; 224, 3DES</em>EDE<em>CBC, anon, NULL</em></p><p><em>&nbsp;</em></p><p><em>Then add the following JVM argument to your app’s JAVA</em>OPTS:</p><p>-Djava.security.properties=D:\home\site\security-override.properties</p><p>&nbsp;</p><p>Important: Treat this override as temporary. Plan removal after endpoint/dependency remediation.</p><h2>Help and support</h2><p>If you have questions, get answers from community experts in <a href=""https://learn.microsoft.com/answers/tags/20/azure-monitor"" target=""_blank"">Microsoft Q&amp;A</a>. If you have a support plan and need technical help, please submit a <a href=""https://learn.microsoft.com/azure/azure-portal/supportability/how-to-create-azure-support-request"" target=""_blank"">support request</a>. If you have additional questions, please contact us at java-core@microsoft.com</p><h2>Account Information</h2><p>{% for item in items %}</p><p><strong>Subscription ID: </strong>{{ item.subscriptionId }}</p><p><strong>Subscription name: </strong>{{ item.subscriptionName }}</p><p>{% endfor %}</p><p></p>"		2026-06-12T21:43:49Z	2026-10-20T18:20:56Z	2026-07-21T19:56:46Z	2026-10-20		italynorth	26abc801-0d8f-4a6e-ac5f-8e81bcc09112	not_available				false	not_needed	full		"{""event_source"":""resource_health_events""}"
App Service	UAT-pagoPA	azure-retirements-2721348d-5d3e-4374-adc4-06d277cdf144	2026-07-28	subscriptions	service_health_event_region	resource_health_events	Microsoft.ResourceHealth/events/CRN7-_LG	CRN7-_LG	CRN7-_LG	HealthAdvisory		ServiceHealth	Warning	Warning	Active		Action required: Validate Java TLS compatibility before App Service JDK security updates (starting 20 October 2026)	Action required: Validate Java TLS compatibility before App Service JDK security updates (starting 20 October 2026)	<p><strong><em>You’re receiving this notification because one or more of your Azure subscriptions use Java workloads on Azure App Service.</em></strong></p>	"<p><strong><em>You’re receiving this notification because one or more of your Azure subscriptions use Java workloads on Azure App Service.</em></strong></p> <p>Starting on <strong>20 October 2026</strong> (phased rollout), App Service Java runtimes may begin updating to JDK 11.0.30+, 17.0.18+, and 21.0.10+ (and later patch versions) during region-specific maintenance windows/non-business hours.</p> <p><strong>In these JDK versions:</strong></p> <ul><li>SHA-1 is disabled for TLS 1.2 and DTLS 1.2 handshake signatures.</li><li>TLS_RSA cipher suites are disabled by default.</li></ul> <p>These changes improve security by removing legacy cryptographic algorithms, but they can cause compatibility issues with older endpoints or dependencies.</p> <p>For production workloads, Microsoft guidance remains to use pinned patch JVM versions to reduce unanticipated outages from patch auto-update:</p> <p><a href=""https://learn.microsoft.com/azure/app-service/configure-language-java-deploy-run?tabs=windows&amp;pivot%E2%80%A6"" target=""_blank"">Deploy and Configure Tomcat, JBoss EAP, or Java SE Apps - Azure App Service | Microsoft Learn</a></p> <p><strong>Potential impact</strong></p> <p><strong><em>Applications that depend on legacy TLS settings may experience connection failures, commonly seen as SSLHandshakeException in application logs (often not platform logs), including:</em></strong></p> <p></p><ul><li>""No appropriate protocol (protocol is disabled or cipher suites are inappropriate)""This usually indicates the remote endpoint only supports TLS<em>RSA cipher suites.</em></li><li><em>""No supported signature algorithm…""This usually indicates the remote endpoint signs TLS 1.2 handshakes with SHA-1.</em></li></ul><h2>Action required</h2><p>1.Identify impacted connections.</p><ul><li>Review application logs for SSLHandshakeException.</li><li>Audit dependencies/endpoints for SHA-1 handshake signatures or TLS<em>RSA-only cipher support.</em></li></ul><p><em>2.Remediate incompatible dependencies.</em></p><ul><li><em>Update endpoints/libraries to support modern cryptographic settings, such as SHA-256+ signatures and stronger cipher suites.</em></li></ul><p><em>3.Validate in pre-production.</em></p><ul><li><em>Test compatibility before rollout.</em></li><li><em>For testing environments, set Platform Release Setting to ""latest"" so runtime changes are exercised early.</em></li></ul><p><em>4.Use temporary mitigation if needed for production continuity.</em></p><ul><li><em>If remediation cannot complete before rollout, consider pinning to a known-good Java patch version as a short-term mitigation.</em></li><li><em>Track and remove this mitigation once dependencies are updated.</em></li></ul><p><em>5.Override Java security settings only as a last resort (not recommended long-term).</em></p><ul><li><em>This can reduce cryptographic security posture and should be time-boxed.</em></li></ul><p><em>&nbsp;Create a file named security-override.properties in your site directory (example path shown below):</em></p><p><em># D:\home\site\security-override.properties</em></p><p><em>jdk.tls.disabledAlgorithms=SSLv3, TLSv1, TLSv1.1, DTLSv1.0, RC4, DES, MD5withRSA, DH keySize &lt; 1024, EC keySize &lt; 224, 3DES</em>EDE<em>CBC, anon, NULL</em></p><p><em>&nbsp;</em></p><p><em>Then add the following JVM argument to your app’s JAVA</em>OPTS:</p><p>-Djava.security.properties=D:\home\site\security-override.properties</p><p>&nbsp;</p><p>Important: Treat this override as temporary. Plan removal after endpoint/dependency remediation.</p><h2>Help and support</h2><p>If you have questions, get answers from community experts in <a href=""https://learn.microsoft.com/answers/tags/20/azure-monitor"" target=""_blank"">Microsoft Q&amp;A</a>. If you have a support plan and need technical help, please submit a <a href=""https://learn.microsoft.com/azure/azure-portal/supportability/how-to-create-azure-support-request"" target=""_blank"">support request</a>. If you have additional questions, please contact us at java-core@microsoft.com</p><h2>Account Information</h2><p>{% for item in items %}</p><p><strong>Subscription ID: </strong>{{ item.subscriptionId }}</p><p><strong>Subscription name: </strong>{{ item.subscriptionName }}</p><p>{% endfor %}</p><p></p>"		2026-06-12T21:43:49Z	2026-10-20T18:20:56Z	2026-07-21T19:56:46Z	2026-10-20		northeurope	26abc801-0d8f-4a6e-ac5f-8e81bcc09112	not_available				false	not_needed	full		"{""event_source"":""resource_health_events""}"
App Service	UAT-pagoPA	azure-retirements-2721348d-5d3e-4374-adc4-06d277cdf144	2026-07-28	subscriptions	service_health_event_region	resource_health_events	Microsoft.ResourceHealth/events/CRN7-_LG	CRN7-_LG	CRN7-_LG	HealthAdvisory		ServiceHealth	Warning	Warning	Active		Action required: Validate Java TLS compatibility before App Service JDK security updates (starting 20 October 2026)	Action required: Validate Java TLS compatibility before App Service JDK security updates (starting 20 October 2026)	<p><strong><em>You’re receiving this notification because one or more of your Azure subscriptions use Java workloads on Azure App Service.</em></strong></p>	"<p><strong><em>You’re receiving this notification because one or more of your Azure subscriptions use Java workloads on Azure App Service.</em></strong></p> <p>Starting on <strong>20 October 2026</strong> (phased rollout), App Service Java runtimes may begin updating to JDK 11.0.30+, 17.0.18+, and 21.0.10+ (and later patch versions) during region-specific maintenance windows/non-business hours.</p> <p><strong>In these JDK versions:</strong></p> <ul><li>SHA-1 is disabled for TLS 1.2 and DTLS 1.2 handshake signatures.</li><li>TLS_RSA cipher suites are disabled by default.</li></ul> <p>These changes improve security by removing legacy cryptographic algorithms, but they can cause compatibility issues with older endpoints or dependencies.</p> <p>For production workloads, Microsoft guidance remains to use pinned patch JVM versions to reduce unanticipated outages from patch auto-update:</p> <p><a href=""https://learn.microsoft.com/azure/app-service/configure-language-java-deploy-run?tabs=windows&amp;pivot%E2%80%A6"" target=""_blank"">Deploy and Configure Tomcat, JBoss EAP, or Java SE Apps - Azure App Service | Microsoft Learn</a></p> <p><strong>Potential impact</strong></p> <p><strong><em>Applications that depend on legacy TLS settings may experience connection failures, commonly seen as SSLHandshakeException in application logs (often not platform logs), including:</em></strong></p> <p></p><ul><li>""No appropriate protocol (protocol is disabled or cipher suites are inappropriate)""This usually indicates the remote endpoint only supports TLS<em>RSA cipher suites.</em></li><li><em>""No supported signature algorithm…""This usually indicates the remote endpoint signs TLS 1.2 handshakes with SHA-1.</em></li></ul><h2>Action required</h2><p>1.Identify impacted connections.</p><ul><li>Review application logs for SSLHandshakeException.</li><li>Audit dependencies/endpoints for SHA-1 handshake signatures or TLS<em>RSA-only cipher support.</em></li></ul><p><em>2.Remediate incompatible dependencies.</em></p><ul><li><em>Update endpoints/libraries to support modern cryptographic settings, such as SHA-256+ signatures and stronger cipher suites.</em></li></ul><p><em>3.Validate in pre-production.</em></p><ul><li><em>Test compatibility before rollout.</em></li><li><em>For testing environments, set Platform Release Setting to ""latest"" so runtime changes are exercised early.</em></li></ul><p><em>4.Use temporary mitigation if needed for production continuity.</em></p><ul><li><em>If remediation cannot complete before rollout, consider pinning to a known-good Java patch version as a short-term mitigation.</em></li><li><em>Track and remove this mitigation once dependencies are updated.</em></li></ul><p><em>5.Override Java security settings only as a last resort (not recommended long-term).</em></p><ul><li><em>This can reduce cryptographic security posture and should be time-boxed.</em></li></ul><p><em>&nbsp;Create a file named security-override.properties in your site directory (example path shown below):</em></p><p><em># D:\home\site\security-override.properties</em></p><p><em>jdk.tls.disabledAlgorithms=SSLv3, TLSv1, TLSv1.1, DTLSv1.0, RC4, DES, MD5withRSA, DH keySize &lt; 1024, EC keySize &lt; 224, 3DES</em>EDE<em>CBC, anon, NULL</em></p><p><em>&nbsp;</em></p><p><em>Then add the following JVM argument to your app’s JAVA</em>OPTS:</p><p>-Djava.security.properties=D:\home\site\security-override.properties</p><p>&nbsp;</p><p>Important: Treat this override as temporary. Plan removal after endpoint/dependency remediation.</p><h2>Help and support</h2><p>If you have questions, get answers from community experts in <a href=""https://learn.microsoft.com/answers/tags/20/azure-monitor"" target=""_blank"">Microsoft Q&amp;A</a>. If you have a support plan and need technical help, please submit a <a href=""https://learn.microsoft.com/azure/azure-portal/supportability/how-to-create-azure-support-request"" target=""_blank"">support request</a>. If you have additional questions, please contact us at java-core@microsoft.com</p><h2>Account Information</h2><p>{% for item in items %}</p><p><strong>Subscription ID: </strong>{{ item.subscriptionId }}</p><p><strong>Subscription name: </strong>{{ item.subscriptionName }}</p><p>{% endfor %}</p><p></p>"		2026-06-12T21:43:49Z	2026-10-20T18:20:56Z	2026-07-21T19:56:46Z	2026-10-20		spaincentral	26abc801-0d8f-4a6e-ac5f-8e81bcc09112	not_available				false	not_needed	full		"{""event_source"":""resource_health_events""}"
App Service	UAT-pagoPA	azure-retirements-2721348d-5d3e-4374-adc4-06d277cdf144	2026-07-28	subscriptions	service_health_event_region	resource_health_events	Microsoft.ResourceHealth/events/CRN7-_LG	CRN7-_LG	CRN7-_LG	HealthAdvisory		ServiceHealth	Warning	Warning	Active		Action required: Validate Java TLS compatibility before App Service JDK security updates (starting 20 October 2026)	Action required: Validate Java TLS compatibility before App Service JDK security updates (starting 20 October 2026)	<p><strong><em>You’re receiving this notification because one or more of your Azure subscriptions use Java workloads on Azure App Service.</em></strong></p>	"<p><strong><em>You’re receiving this notification because one or more of your Azure subscriptions use Java workloads on Azure App Service.</em></strong></p> <p>Starting on <strong>20 October 2026</strong> (phased rollout), App Service Java runtimes may begin updating to JDK 11.0.30+, 17.0.18+, and 21.0.10+ (and later patch versions) during region-specific maintenance windows/non-business hours.</p> <p><strong>In these JDK versions:</strong></p> <ul><li>SHA-1 is disabled for TLS 1.2 and DTLS 1.2 handshake signatures.</li><li>TLS_RSA cipher suites are disabled by default.</li></ul> <p>These changes improve security by removing legacy cryptographic algorithms, but they can cause compatibility issues with older endpoints or dependencies.</p> <p>For production workloads, Microsoft guidance remains to use pinned patch JVM versions to reduce unanticipated outages from patch auto-update:</p> <p><a href=""https://learn.microsoft.com/azure/app-service/configure-language-java-deploy-run?tabs=windows&amp;pivot%E2%80%A6"" target=""_blank"">Deploy and Configure Tomcat, JBoss EAP, or Java SE Apps - Azure App Service | Microsoft Learn</a></p> <p><strong>Potential impact</strong></p> <p><strong><em>Applications that depend on legacy TLS settings may experience connection failures, commonly seen as SSLHandshakeException in application logs (often not platform logs), including:</em></strong></p> <p></p><ul><li>""No appropriate protocol (protocol is disabled or cipher suites are inappropriate)""This usually indicates the remote endpoint only supports TLS<em>RSA cipher suites.</em></li><li><em>""No supported signature algorithm…""This usually indicates the remote endpoint signs TLS 1.2 handshakes with SHA-1.</em></li></ul><h2>Action required</h2><p>1.Identify impacted connections.</p><ul><li>Review application logs for SSLHandshakeException.</li><li>Audit dependencies/endpoints for SHA-1 handshake signatures or TLS<em>RSA-only cipher support.</em></li></ul><p><em>2.Remediate incompatible dependencies.</em></p><ul><li><em>Update endpoints/libraries to support modern cryptographic settings, such as SHA-256+ signatures and stronger cipher suites.</em></li></ul><p><em>3.Validate in pre-production.</em></p><ul><li><em>Test compatibility before rollout.</em></li><li><em>For testing environments, set Platform Release Setting to ""latest"" so runtime changes are exercised early.</em></li></ul><p><em>4.Use temporary mitigation if needed for production continuity.</em></p><ul><li><em>If remediation cannot complete before rollout, consider pinning to a known-good Java patch version as a short-term mitigation.</em></li><li><em>Track and remove this mitigation once dependencies are updated.</em></li></ul><p><em>5.Override Java security settings only as a last resort (not recommended long-term).</em></p><ul><li><em>This can reduce cryptographic security posture and should be time-boxed.</em></li></ul><p><em>&nbsp;Create a file named security-override.properties in your site directory (example path shown below):</em></p><p><em># D:\home\site\security-override.properties</em></p><p><em>jdk.tls.disabledAlgorithms=SSLv3, TLSv1, TLSv1.1, DTLSv1.0, RC4, DES, MD5withRSA, DH keySize &lt; 1024, EC keySize &lt; 224, 3DES</em>EDE<em>CBC, anon, NULL</em></p><p><em>&nbsp;</em></p><p><em>Then add the following JVM argument to your app’s JAVA</em>OPTS:</p><p>-Djava.security.properties=D:\home\site\security-override.properties</p><p>&nbsp;</p><p>Important: Treat this override as temporary. Plan removal after endpoint/dependency remediation.</p><h2>Help and support</h2><p>If you have questions, get answers from community experts in <a href=""https://learn.microsoft.com/answers/tags/20/azure-monitor"" target=""_blank"">Microsoft Q&amp;A</a>. If you have a support plan and need technical help, please submit a <a href=""https://learn.microsoft.com/azure/azure-portal/supportability/how-to-create-azure-support-request"" target=""_blank"">support request</a>. If you have additional questions, please contact us at java-core@microsoft.com</p><h2>Account Information</h2><p>{% for item in items %}</p><p><strong>Subscription ID: </strong>{{ item.subscriptionId }}</p><p><strong>Subscription name: </strong>{{ item.subscriptionName }}</p><p>{% endfor %}</p><p></p>"		2026-06-12T21:43:49Z	2026-10-20T18:20:56Z	2026-07-21T19:56:46Z	2026-10-20		westeurope	26abc801-0d8f-4a6e-ac5f-8e81bcc09112	not_available				false	not_needed	full		"{""event_source"":""resource_health_events""}"
Azure Monitor	UAT-pagoPA	azure-retirements-2721348d-5d3e-4374-adc4-06d277cdf144	2026-07-28	subscriptions	service_health_event_region	resource_health_events	Microsoft.ResourceHealth/events/0QXK-41Z	0QXK-41Z	0QXK-41Z	HealthAdvisory	Retirement	ServiceHealth	Warning	Warning	Active		Action recommended: Migrate to managed identity authentication in Azure Monitor Container Insights before 30 September 2026	Action recommended: Migrate to managed identity authentication in Azure Monitor Container Insights before 30 September 2026	<p><em>You're receiving this notification because you have one or more Azure subscriptions currently using legacy authentication in Azure Monitor Container Insights.</em></p>	"<p><em>You're receiving this notification because you have one or more Azure subscriptions currently using legacy authentication in Azure Monitor Container Insights.</em></p> <p>On 30 September 2026, we'll retire legacy authentication in Azure Monitor Container Insights. To avoid disruptions, <a href=""https://aka.ms/CILegacyAuthMigration"" target=""_blank"">migrate</a> to managed identity authentication before 30 September 2026.</p> <p>Managed identity authentication is more secure and gives you access to newer Azure Monitor Container Insights features, such as syslog collection and high scale mode.</p> <h2>Recommended action</h2> <p>To avoid disruptions, migrate from legacy to managed identity authentication before 30 September 2026. Read our <a href=""https://aka.ms/CILegacyAuthMigration"" target=""_blank"">documentation</a> to learn how to migrate your Azure Kubernetes Service (AKS) clusters with a single click in the Azure portal. You'll also find command line options and a bulk migration script.</p> <p></p><h2>Help and support</h2><p>If you have questions, get answers from community experts in <a href=""https://learn.microsoft.com/answers/tags/20/azure-monitor"" target=""_blank"">Microsoft Q&amp;A</a>. If you have a support plan and need technical help, please create a <a href=""https://portal.azure.com/#blade/Microsoft_Azure_Support/HelpAndSupportBlade/newsupportrequest"" target=""_blank"">support request</a>.</p><p><em>Learn more about service retirements that may impact your resources in the </em><a href=""https://aka.ms/ServicesRetirementWorkbook"" target=""_blank""><em>Azure Retirement Workbook</em></a><em>. Please note that retirements may not be visible in the workbook for up to two weeks after being announced.</em></p><p></p>"		2026-04-14T05:54:44Z	2027-10-14T05:54:44Z	2026-07-06T14:22:31Z	2026-09-30		germanywestcentral	26abc801-0d8f-4a6e-ac5f-8e81bcc09112	not_available				false	not_needed	full	retirement_date_derived_from_text	"{""event_source"":""resource_health_events""}"
Azure Monitor	UAT-pagoPA	azure-retirements-2721348d-5d3e-4374-adc4-06d277cdf144	2026-07-28	subscriptions	service_health_event_region	resource_health_events	Microsoft.ResourceHealth/events/0QXK-41Z	0QXK-41Z	0QXK-41Z	HealthAdvisory	Retirement	ServiceHealth	Warning	Warning	Active		Action recommended: Migrate to managed identity authentication in Azure Monitor Container Insights before 30 September 2026	Action recommended: Migrate to managed identity authentication in Azure Monitor Container Insights before 30 September 2026	<p><em>You're receiving this notification because you have one or more Azure subscriptions currently using legacy authentication in Azure Monitor Container Insights.</em></p>	"<p><em>You're receiving this notification because you have one or more Azure subscriptions currently using legacy authentication in Azure Monitor Container Insights.</em></p> <p>On 30 September 2026, we'll retire legacy authentication in Azure Monitor Container Insights. To avoid disruptions, <a href=""https://aka.ms/CILegacyAuthMigration"" target=""_blank"">migrate</a> to managed identity authentication before 30 September 2026.</p> <p>Managed identity authentication is more secure and gives you access to newer Azure Monitor Container Insights features, such as syslog collection and high scale mode.</p> <h2>Recommended action</h2> <p>To avoid disruptions, migrate from legacy to managed identity authentication before 30 September 2026. Read our <a href=""https://aka.ms/CILegacyAuthMigration"" target=""_blank"">documentation</a> to learn how to migrate your Azure Kubernetes Service (AKS) clusters with a single click in the Azure portal. You'll also find command line options and a bulk migration script.</p> <p></p><h2>Help and support</h2><p>If you have questions, get answers from community experts in <a href=""https://learn.microsoft.com/answers/tags/20/azure-monitor"" target=""_blank"">Microsoft Q&amp;A</a>. If you have a support plan and need technical help, please create a <a href=""https://portal.azure.com/#blade/Microsoft_Azure_Support/HelpAndSupportBlade/newsupportrequest"" target=""_blank"">support request</a>.</p><p><em>Learn more about service retirements that may impact your resources in the </em><a href=""https://aka.ms/ServicesRetirementWorkbook"" target=""_blank""><em>Azure Retirement Workbook</em></a><em>. Please note that retirements may not be visible in the workbook for up to two weeks after being announced.</em></p><p></p>"		2026-04-14T05:54:44Z	2027-10-14T05:54:44Z	2026-07-06T14:22:31Z	2026-09-30		global	26abc801-0d8f-4a6e-ac5f-8e81bcc09112	not_available				false	not_needed	full	retirement_date_derived_from_text	"{""event_source"":""resource_health_events""}"
Azure Monitor	UAT-pagoPA	azure-retirements-2721348d-5d3e-4374-adc4-06d277cdf144	2026-07-28	subscriptions	service_health_event_region	resource_health_events	Microsoft.ResourceHealth/events/0QXK-41Z	0QXK-41Z	0QXK-41Z	HealthAdvisory	Retirement	ServiceHealth	Warning	Warning	Active		Action recommended: Migrate to managed identity authentication in Azure Monitor Container Insights before 30 September 2026	Action recommended: Migrate to managed identity authentication in Azure Monitor Container Insights before 30 September 2026	<p><em>You're receiving this notification because you have one or more Azure subscriptions currently using legacy authentication in Azure Monitor Container Insights.</em></p>	"<p><em>You're receiving this notification because you have one or more Azure subscriptions currently using legacy authentication in Azure Monitor Container Insights.</em></p> <p>On 30 September 2026, we'll retire legacy authentication in Azure Monitor Container Insights. To avoid disruptions, <a href=""https://aka.ms/CILegacyAuthMigration"" target=""_blank"">migrate</a> to managed identity authentication before 30 September 2026.</p> <p>Managed identity authentication is more secure and gives you access to newer Azure Monitor Container Insights features, such as syslog collection and high scale mode.</p> <h2>Recommended action</h2> <p>To avoid disruptions, migrate from legacy to managed identity authentication before 30 September 2026. Read our <a href=""https://aka.ms/CILegacyAuthMigration"" target=""_blank"">documentation</a> to learn how to migrate your Azure Kubernetes Service (AKS) clusters with a single click in the Azure portal. You'll also find command line options and a bulk migration script.</p> <p></p><h2>Help and support</h2><p>If you have questions, get answers from community experts in <a href=""https://learn.microsoft.com/answers/tags/20/azure-monitor"" target=""_blank"">Microsoft Q&amp;A</a>. If you have a support plan and need technical help, please create a <a href=""https://portal.azure.com/#blade/Microsoft_Azure_Support/HelpAndSupportBlade/newsupportrequest"" target=""_blank"">support request</a>.</p><p><em>Learn more about service retirements that may impact your resources in the </em><a href=""https://aka.ms/ServicesRetirementWorkbook"" target=""_blank""><em>Azure Retirement Workbook</em></a><em>. Please note that retirements may not be visible in the workbook for up to two weeks after being announced.</em></p><p></p>"		2026-04-14T05:54:44Z	2027-10-14T05:54:44Z	2026-07-06T14:22:31Z	2026-09-30		northeurope	26abc801-0d8f-4a6e-ac5f-8e81bcc09112	not_available				false	not_needed	full	retirement_date_derived_from_text	"{""event_source"":""resource_health_events""}"
Azure Monitor	UAT-pagoPA	azure-retirements-2721348d-5d3e-4374-adc4-06d277cdf144	2026-07-28	subscriptions	service_health_event_region	resource_health_events	Microsoft.ResourceHealth/events/0QXK-41Z	0QXK-41Z	0QXK-41Z	HealthAdvisory	Retirement	ServiceHealth	Warning	Warning	Active		Action recommended: Migrate to managed identity authentication in Azure Monitor Container Insights before 30 September 2026	Action recommended: Migrate to managed identity authentication in Azure Monitor Container Insights before 30 September 2026	<p><em>You're receiving this notification because you have one or more Azure subscriptions currently using legacy authentication in Azure Monitor Container Insights.</em></p>	"<p><em>You're receiving this notification because you have one or more Azure subscriptions currently using legacy authentication in Azure Monitor Container Insights.</em></p> <p>On 30 September 2026, we'll retire legacy authentication in Azure Monitor Container Insights. To avoid disruptions, <a href=""https://aka.ms/CILegacyAuthMigration"" target=""_blank"">migrate</a> to managed identity authentication before 30 September 2026.</p> <p>Managed identity authentication is more secure and gives you access to newer Azure Monitor Container Insights features, such as syslog collection and high scale mode.</p> <h2>Recommended action</h2> <p>To avoid disruptions, migrate from legacy to managed identity authentication before 30 September 2026. Read our <a href=""https://aka.ms/CILegacyAuthMigration"" target=""_blank"">documentation</a> to learn how to migrate your Azure Kubernetes Service (AKS) clusters with a single click in the Azure portal. You'll also find command line options and a bulk migration script.</p> <p></p><h2>Help and support</h2><p>If you have questions, get answers from community experts in <a href=""https://learn.microsoft.com/answers/tags/20/azure-monitor"" target=""_blank"">Microsoft Q&amp;A</a>. If you have a support plan and need technical help, please create a <a href=""https://portal.azure.com/#blade/Microsoft_Azure_Support/HelpAndSupportBlade/newsupportrequest"" target=""_blank"">support request</a>.</p><p><em>Learn more about service retirements that may impact your resources in the </em><a href=""https://aka.ms/ServicesRetirementWorkbook"" target=""_blank""><em>Azure Retirement Workbook</em></a><em>. Please note that retirements may not be visible in the workbook for up to two weeks after being announced.</em></p><p></p>"		2026-04-14T05:54:44Z	2027-10-14T05:54:44Z	2026-07-06T14:22:31Z	2026-09-30		westeurope	26abc801-0d8f-4a6e-ac5f-8e81bcc09112	not_available				false	not_needed	full	retirement_date_derived_from_text	"{""event_source"":""resource_health_events""}"
Virtual Machines	UAT-pagoPA	azure-retirements-2721348d-5d3e-4374-adc4-06d277cdf144	2026-07-28	subscriptions	service_health_event_region	resource_health_events	Microsoft.ResourceHealth/events/5RWW-K4G	5RWW-K4G	5RWW-K4G	HealthAdvisory		ServiceHealth	Warning	Warning	Active		Action required: Verify your OS compatibility with Microsoft Azure Network Adapter (MANA) hardware for Intel D- and E- v5-series VMs and Cobalt 100 D- and E- v6-series VM 	Action required: Verify your OS compatibility with Microsoft Azure Network Adapter (MANA) hardware for Intel D- and E- v5-series VMs and Cobalt 100 D- and E- v6-series VM 	<p><em>You are receiving this notification because you are running one or more Azure virtual machines that may be affected by an upcoming infrastructure change.</em></p>	"<p><em>You are receiving this notification because you are running one or more Azure virtual machines that may be affected by an upcoming infrastructure change.</em></p> <p>As previously communicated on 29 May 2026, Azure has begun a staged roll out of the following virtual machines (VMs) on <a href=""https://learn.microsoft.com/azure/virtual-network/accelerated-networking-mana-overview"" target=""_blank"">Microsoft Azure Network Adapter</a>-enabled hardware:</p> <ul><li><strong>Intel:</strong> Dsv5, Dv5, Ddsv5, Ddv5, Dlsv5, Dldsv5, Esv5, Ev5, Edsv5, Edv5</li><li><strong>Cobalt 100:</strong> Dpsv6, Dpdsv6, Dplsv6, Dpldsv6, Epsv6, Epdsv6</li></ul> <p>If accelerated networking is not being used or if you are already running a <a href=""https://learn.microsoft.com/azure/virtual-network/accelerated-networking-overview?tabs=NetworkManager"" target=""_blank"">supported Windows or Linux OS version</a> on these VMs, no further action is required.</p> <p>The regions already enabled for these VMs on MANA-capable hardware are: West Central US, East Asia, Norway West, Spain Central.</p> <p>This update is announcing additional regional deployments of MANA-capable hardware for the VMs above:</p> <p></p><ul><li>29 June 2026: UK South, US Central, US East</li><li>30 June 2026: US North, US South, Europe West</li><li>6 July 2026: US East 2, US West 2, and all remaining public regions</li></ul><p>If you're <strong>running VM series listed above using Accelerated Networking, </strong>any <em>new</em> VM deployments or <em>existing</em> VMs which are redeployed due to maintenance events or customer action may land on MANA-enabled hardware once live in your region.</p><p>If your VMs are running Network Virtual Appliance (NVA) workloads, <strong>you'll need to verify that they are compatible with MANA-enabled hardware in your region(s).</strong> Some NVA and high network concurrency workloads may see performance degradation if not running on an OS with the MANA driver. Most other types of workloads are expected to run without performance degradation using an alternate netvsc networking path.</p><h2>Action required</h2><p>Verify that your workloads are compatible with MANA-enabled hardware by following the steps below:</p><ul><li>Identify all Intel D- and E- v5-series and Cobalt 100 D- and E- v6-series VMs using Accelerated Networking running NVA workloads.</li><li><strong>Verify </strong>your <a href=""https://learn.microsoft.com/azure/virtual-network/accelerated-networking-mana-linux"" target=""_blank"">OS is MANA compatible.</a></li><li>If your OS isn't MANA compatible, upgrade to an OS or NVA product that is. Contact your NVA provider for a list of MANA compatible products.</li><li>If you have NVA workloads and need additional time to complete step 3 (MANA Compatibility), you can establish a temporary MANA exception by <a href=""https://learn.microsoft.com/azure/virtual-network/accelerated-networking-mana-network-virtual-appliance-opt-out#temporary-mana-exception-with-legacyvmnva"" target=""_blank"">applying and enabling the ""LegacyVMNVA"" tag</a>. This step can be done at any time up until the tag expiration date of <strong>31 May 2027</strong>. If the ""LegacyVMNVA"" tag isn't applied <strong>and </strong>enabled <strong>before </strong>your region has the MANA-enabled hardware, your VMs may be deployed on that hardware.</li><li><strong>Upgrade </strong>to a MANA compatible OS or NVA product by 31 May 2027. After that date, the tag will no longer be valid and any VM could land on MANA-enabled hardware.</li></ul><p>If you continue using the above VMs without MANA compatibility, they'll remain supported on both existing Mellanox and new MANAenabled hardware until the size is retired.</p><h2>Help and support</h2><p>If you have questions or run into any issues, please contact your Customer Support Account Manager (CSAM), if available, or reach out to <a href=""https://learn.microsoft.com/azure/virtual-machines/vm-support-help"" target=""_blank"">Support</a> for assistance.</p><p>The following resources are available to support you:</p><ul><li>Landing page: <a href=""https://microsoft.sharepoint.com/teams/AzureReliabilityPortal/SitePages/Legacy-VMs-on-MANA-Rollout.aspx?TeamsCID=dd6d9562-c6a9-4756-ac58-62a1fb7fe900&amp;OR=Teams-HL&amp;CT=1781881120544&amp;linkOpenTime=1782158414535&amp;isSPOFile=1&amp;xsdata=MDV8MDJ8fDJhMjVmNjUwN2VmZTQxOWUyODE3MDhkZWNlMTg2YjNkfDcyZjk4OGJmODZmMTQxYWY5MWFiMmQ3Y2QwMTFkYjQ3fDB8MHw2MzkxNzQ4MDE0MDY4OTYxNTF8VW5rbm93bnxWR1ZoYlhOVFpXTjFjbWwwZVZObGNuWnBZMlY4ZXlKRFFTSTZJbFJsWVcxelgwRlVVRk5sY25acFkyVmZVMUJQVEU5R0lpd2lWaUk2SWpBdU1DNHdNREF3SWl3aVVDSTZJbGRwYmpNeUlpd2lRVTRpT2lKUGRHaGxjaUlzSWxkVUlqb3hNWDA9fDF8TDJOb1lYUnpMekU1T2pFNFlqbGlPR1kxTFRKbVpXSXRORFkzWXkxaE9EWmtMV0V5WW1VNFl6Qm1ObUpoT1Y5aE1UWTRNMlF3TlMwMFlqRTVMVFEyTnpZdE9XUTJOUzAyWXpFd01XSXdOR1JoWTJOQWRXNXhMbWRpYkM1emNHRmpaWE12YldWemMyRm5aWE12TVRjNE1UZzRNek16T1RBeU5nPT18ZTYxYzEwMzE2MWZiNDMzZWM1YTUwOGRlY2UxODZiM2F8YWZhODNkODY0N2JjNDViZWE4NzliNTAwODIyZGZhNWE%3D&amp;sdata=WUZ5YzNpcitvTDZzblgxWWFjMldjUW1LaDV1akV0UnJ2RjNNZEkxWWwzaz0%3D&amp;ovuser=72f988bf-86f1-41af-91ab-2d7cd011db47%2Canreicha%40microsoft.com&amp;clickparams=eyJBcHBOYW1lIjoiVGVhbXMtRGVza3RvcCIsIkFwcFZlcnNpb24iOiI0OS8yNjA1MjkwNjExOCJ9"" target=""_blank"">Legacy VMs on MANA Rollout</a></li><li><a href=""https://learn.microsoft.com/azure/virtual-network/accelerated-networking-mana-overview"" target=""_blank"">Microsoft Azure Network Adapter overview</a></li><li><a href=""https://learn.microsoft.com/azure/virtual-network/accelerated-networking-mana-existing-sizes"" target=""_blank"">MANA support for existing VM sizes</a></li><li><a href=""https://learn.microsoft.com/azure/virtual-network/accelerated-networking-mana-network-virtual-appliance-opt-out"" target=""_blank"">MANA support for Network Virtual Appliances</a></li><li><a href=""https://learn.microsoft.com/azure/virtual-network/accelerated-networking-mana-windows#verify-that-traffic-is-flowing-through-mana"" target=""_blank"">Windows VMs with the Microsoft Azure Network Adapter</a></li><li><a href=""https://learn.microsoft.com/azure/virtual-machines/vm-support-help"" target=""_blank"">Support</a></li></ul><p></p>"		2026-05-22T00:00:00Z	2027-06-01T00:00:00Z	2026-06-26T19:10:05Z	2026-05-29		germanywestcentral	26abc801-0d8f-4a6e-ac5f-8e81bcc09112	not_available				false	not_needed	full	retirement_date_derived_from_text	"{""event_source"":""resource_health_events""}"
Virtual Machines	UAT-pagoPA	azure-retirements-2721348d-5d3e-4374-adc4-06d277cdf144	2026-07-28	subscriptions	service_health_event_region	resource_health_events	Microsoft.ResourceHealth/events/5RWW-K4G	5RWW-K4G	5RWW-K4G	HealthAdvisory		ServiceHealth	Warning	Warning	Active		Action required: Verify your OS compatibility with Microsoft Azure Network Adapter (MANA) hardware for Intel D- and E- v5-series VMs and Cobalt 100 D- and E- v6-series VM 	Action required: Verify your OS compatibility with Microsoft Azure Network Adapter (MANA) hardware for Intel D- and E- v5-series VMs and Cobalt 100 D- and E- v6-series VM 	<p><em>You are receiving this notification because you are running one or more Azure virtual machines that may be affected by an upcoming infrastructure change.</em></p>	"<p><em>You are receiving this notification because you are running one or more Azure virtual machines that may be affected by an upcoming infrastructure change.</em></p> <p>As previously communicated on 29 May 2026, Azure has begun a staged roll out of the following virtual machines (VMs) on <a href=""https://learn.microsoft.com/azure/virtual-network/accelerated-networking-mana-overview"" target=""_blank"">Microsoft Azure Network Adapter</a>-enabled hardware:</p> <ul><li><strong>Intel:</strong> Dsv5, Dv5, Ddsv5, Ddv5, Dlsv5, Dldsv5, Esv5, Ev5, Edsv5, Edv5</li><li><strong>Cobalt 100:</strong> Dpsv6, Dpdsv6, Dplsv6, Dpldsv6, Epsv6, Epdsv6</li></ul> <p>If accelerated networking is not being used or if you are already running a <a href=""https://learn.microsoft.com/azure/virtual-network/accelerated-networking-overview?tabs=NetworkManager"" target=""_blank"">supported Windows or Linux OS version</a> on these VMs, no further action is required.</p> <p>The regions already enabled for these VMs on MANA-capable hardware are: West Central US, East Asia, Norway West, Spain Central.</p> <p>This update is announcing additional regional deployments of MANA-capable hardware for the VMs above:</p> <p></p><ul><li>29 June 2026: UK South, US Central, US East</li><li>30 June 2026: US North, US South, Europe West</li><li>6 July 2026: US East 2, US West 2, and all remaining public regions</li></ul><p>If you're <strong>running VM series listed above using Accelerated Networking, </strong>any <em>new</em> VM deployments or <em>existing</em> VMs which are redeployed due to maintenance events or customer action may land on MANA-enabled hardware once live in your region.</p><p>If your VMs are running Network Virtual Appliance (NVA) workloads, <strong>you'll need to verify that they are compatible with MANA-enabled hardware in your region(s).</strong> Some NVA and high network concurrency workloads may see performance degradation if not running on an OS with the MANA driver. Most other types of workloads are expected to run without performance degradation using an alternate netvsc networking path.</p><h2>Action required</h2><p>Verify that your workloads are compatible with MANA-enabled hardware by following the steps below:</p><ul><li>Identify all Intel D- and E- v5-series and Cobalt 100 D- and E- v6-series VMs using Accelerated Networking running NVA workloads.</li><li><strong>Verify </strong>your <a href=""https://learn.microsoft.com/azure/virtual-network/accelerated-networking-mana-linux"" target=""_blank"">OS is MANA compatible.</a></li><li>If your OS isn't MANA compatible, upgrade to an OS or NVA product that is. Contact your NVA provider for a list of MANA compatible products.</li><li>If you have NVA workloads and need additional time to complete step 3 (MANA Compatibility), you can establish a temporary MANA exception by <a href=""https://learn.microsoft.com/azure/virtual-network/accelerated-networking-mana-network-virtual-appliance-opt-out#temporary-mana-exception-with-legacyvmnva"" target=""_blank"">applying and enabling the ""LegacyVMNVA"" tag</a>. This step can be done at any time up until the tag expiration date of <strong>31 May 2027</strong>. If the ""LegacyVMNVA"" tag isn't applied <strong>and </strong>enabled <strong>before </strong>your region has the MANA-enabled hardware, your VMs may be deployed on that hardware.</li><li><strong>Upgrade </strong>to a MANA compatible OS or NVA product by 31 May 2027. After that date, the tag will no longer be valid and any VM could land on MANA-enabled hardware.</li></ul><p>If you continue using the above VMs without MANA compatibility, they'll remain supported on both existing Mellanox and new MANAenabled hardware until the size is retired.</p><h2>Help and support</h2><p>If you have questions or run into any issues, please contact your Customer Support Account Manager (CSAM), if available, or reach out to <a href=""https://learn.microsoft.com/azure/virtual-machines/vm-support-help"" target=""_blank"">Support</a> for assistance.</p><p>The following resources are available to support you:</p><ul><li>Landing page: <a href=""https://microsoft.sharepoint.com/teams/AzureReliabilityPortal/SitePages/Legacy-VMs-on-MANA-Rollout.aspx?TeamsCID=dd6d9562-c6a9-4756-ac58-62a1fb7fe900&amp;OR=Teams-HL&amp;CT=1781881120544&amp;linkOpenTime=1782158414535&amp;isSPOFile=1&amp;xsdata=MDV8MDJ8fDJhMjVmNjUwN2VmZTQxOWUyODE3MDhkZWNlMTg2YjNkfDcyZjk4OGJmODZmMTQxYWY5MWFiMmQ3Y2QwMTFkYjQ3fDB8MHw2MzkxNzQ4MDE0MDY4OTYxNTF8VW5rbm93bnxWR1ZoYlhOVFpXTjFjbWwwZVZObGNuWnBZMlY4ZXlKRFFTSTZJbFJsWVcxelgwRlVVRk5sY25acFkyVmZVMUJQVEU5R0lpd2lWaUk2SWpBdU1DNHdNREF3SWl3aVVDSTZJbGRwYmpNeUlpd2lRVTRpT2lKUGRHaGxjaUlzSWxkVUlqb3hNWDA9fDF8TDJOb1lYUnpMekU1T2pFNFlqbGlPR1kxTFRKbVpXSXRORFkzWXkxaE9EWmtMV0V5WW1VNFl6Qm1ObUpoT1Y5aE1UWTRNMlF3TlMwMFlqRTVMVFEyTnpZdE9XUTJOUzAyWXpFd01XSXdOR1JoWTJOQWRXNXhMbWRpYkM1emNHRmpaWE12YldWemMyRm5aWE12TVRjNE1UZzRNek16T1RBeU5nPT18ZTYxYzEwMzE2MWZiNDMzZWM1YTUwOGRlY2UxODZiM2F8YWZhODNkODY0N2JjNDViZWE4NzliNTAwODIyZGZhNWE%3D&amp;sdata=WUZ5YzNpcitvTDZzblgxWWFjMldjUW1LaDV1akV0UnJ2RjNNZEkxWWwzaz0%3D&amp;ovuser=72f988bf-86f1-41af-91ab-2d7cd011db47%2Canreicha%40microsoft.com&amp;clickparams=eyJBcHBOYW1lIjoiVGVhbXMtRGVza3RvcCIsIkFwcFZlcnNpb24iOiI0OS8yNjA1MjkwNjExOCJ9"" target=""_blank"">Legacy VMs on MANA Rollout</a></li><li><a href=""https://learn.microsoft.com/azure/virtual-network/accelerated-networking-mana-overview"" target=""_blank"">Microsoft Azure Network Adapter overview</a></li><li><a href=""https://learn.microsoft.com/azure/virtual-network/accelerated-networking-mana-existing-sizes"" target=""_blank"">MANA support for existing VM sizes</a></li><li><a href=""https://learn.microsoft.com/azure/virtual-network/accelerated-networking-mana-network-virtual-appliance-opt-out"" target=""_blank"">MANA support for Network Virtual Appliances</a></li><li><a href=""https://learn.microsoft.com/azure/virtual-network/accelerated-networking-mana-windows#verify-that-traffic-is-flowing-through-mana"" target=""_blank"">Windows VMs with the Microsoft Azure Network Adapter</a></li><li><a href=""https://learn.microsoft.com/azure/virtual-machines/vm-support-help"" target=""_blank"">Support</a></li></ul><p></p>"		2026-05-22T00:00:00Z	2027-06-01T00:00:00Z	2026-06-26T19:10:05Z	2026-05-29		italynorth	26abc801-0d8f-4a6e-ac5f-8e81bcc09112	not_available				false	not_needed	full	retirement_date_derived_from_text	"{""event_source"":""resource_health_events""}"
Virtual Machines	UAT-pagoPA	azure-retirements-2721348d-5d3e-4374-adc4-06d277cdf144	2026-07-28	subscriptions	service_health_event_region	resource_health_events	Microsoft.ResourceHealth/events/5RWW-K4G	5RWW-K4G	5RWW-K4G	HealthAdvisory		ServiceHealth	Warning	Warning	Active		Action required: Verify your OS compatibility with Microsoft Azure Network Adapter (MANA) hardware for Intel D- and E- v5-series VMs and Cobalt 100 D- and E- v6-series VM 	Action required: Verify your OS compatibility with Microsoft Azure Network Adapter (MANA) hardware for Intel D- and E- v5-series VMs and Cobalt 100 D- and E- v6-series VM 	<p><em>You are receiving this notification because you are running one or more Azure virtual machines that may be affected by an upcoming infrastructure change.</em></p>	"<p><em>You are receiving this notification because you are running one or more Azure virtual machines that may be affected by an upcoming infrastructure change.</em></p> <p>As previously communicated on 29 May 2026, Azure has begun a staged roll out of the following virtual machines (VMs) on <a href=""https://learn.microsoft.com/azure/virtual-network/accelerated-networking-mana-overview"" target=""_blank"">Microsoft Azure Network Adapter</a>-enabled hardware:</p> <ul><li><strong>Intel:</strong> Dsv5, Dv5, Ddsv5, Ddv5, Dlsv5, Dldsv5, Esv5, Ev5, Edsv5, Edv5</li><li><strong>Cobalt 100:</strong> Dpsv6, Dpdsv6, Dplsv6, Dpldsv6, Epsv6, Epdsv6</li></ul> <p>If accelerated networking is not being used or if you are already running a <a href=""https://learn.microsoft.com/azure/virtual-network/accelerated-networking-overview?tabs=NetworkManager"" target=""_blank"">supported Windows or Linux OS version</a> on these VMs, no further action is required.</p> <p>The regions already enabled for these VMs on MANA-capable hardware are: West Central US, East Asia, Norway West, Spain Central.</p> <p>This update is announcing additional regional deployments of MANA-capable hardware for the VMs above:</p> <p></p><ul><li>29 June 2026: UK South, US Central, US East</li><li>30 June 2026: US North, US South, Europe West</li><li>6 July 2026: US East 2, US West 2, and all remaining public regions</li></ul><p>If you're <strong>running VM series listed above using Accelerated Networking, </strong>any <em>new</em> VM deployments or <em>existing</em> VMs which are redeployed due to maintenance events or customer action may land on MANA-enabled hardware once live in your region.</p><p>If your VMs are running Network Virtual Appliance (NVA) workloads, <strong>you'll need to verify that they are compatible with MANA-enabled hardware in your region(s).</strong> Some NVA and high network concurrency workloads may see performance degradation if not running on an OS with the MANA driver. Most other types of workloads are expected to run without performance degradation using an alternate netvsc networking path.</p><h2>Action required</h2><p>Verify that your workloads are compatible with MANA-enabled hardware by following the steps below:</p><ul><li>Identify all Intel D- and E- v5-series and Cobalt 100 D- and E- v6-series VMs using Accelerated Networking running NVA workloads.</li><li><strong>Verify </strong>your <a href=""https://learn.microsoft.com/azure/virtual-network/accelerated-networking-mana-linux"" target=""_blank"">OS is MANA compatible.</a></li><li>If your OS isn't MANA compatible, upgrade to an OS or NVA product that is. Contact your NVA provider for a list of MANA compatible products.</li><li>If you have NVA workloads and need additional time to complete step 3 (MANA Compatibility), you can establish a temporary MANA exception by <a href=""https://learn.microsoft.com/azure/virtual-network/accelerated-networking-mana-network-virtual-appliance-opt-out#temporary-mana-exception-with-legacyvmnva"" target=""_blank"">applying and enabling the ""LegacyVMNVA"" tag</a>. This step can be done at any time up until the tag expiration date of <strong>31 May 2027</strong>. If the ""LegacyVMNVA"" tag isn't applied <strong>and </strong>enabled <strong>before </strong>your region has the MANA-enabled hardware, your VMs may be deployed on that hardware.</li><li><strong>Upgrade </strong>to a MANA compatible OS or NVA product by 31 May 2027. After that date, the tag will no longer be valid and any VM could land on MANA-enabled hardware.</li></ul><p>If you continue using the above VMs without MANA compatibility, they'll remain supported on both existing Mellanox and new MANAenabled hardware until the size is retired.</p><h2>Help and support</h2><p>If you have questions or run into any issues, please contact your Customer Support Account Manager (CSAM), if available, or reach out to <a href=""https://learn.microsoft.com/azure/virtual-machines/vm-support-help"" target=""_blank"">Support</a> for assistance.</p><p>The following resources are available to support you:</p><ul><li>Landing page: <a href=""https://microsoft.sharepoint.com/teams/AzureReliabilityPortal/SitePages/Legacy-VMs-on-MANA-Rollout.aspx?TeamsCID=dd6d9562-c6a9-4756-ac58-62a1fb7fe900&amp;OR=Teams-HL&amp;CT=1781881120544&amp;linkOpenTime=1782158414535&amp;isSPOFile=1&amp;xsdata=MDV8MDJ8fDJhMjVmNjUwN2VmZTQxOWUyODE3MDhkZWNlMTg2YjNkfDcyZjk4OGJmODZmMTQxYWY5MWFiMmQ3Y2QwMTFkYjQ3fDB8MHw2MzkxNzQ4MDE0MDY4OTYxNTF8VW5rbm93bnxWR1ZoYlhOVFpXTjFjbWwwZVZObGNuWnBZMlY4ZXlKRFFTSTZJbFJsWVcxelgwRlVVRk5sY25acFkyVmZVMUJQVEU5R0lpd2lWaUk2SWpBdU1DNHdNREF3SWl3aVVDSTZJbGRwYmpNeUlpd2lRVTRpT2lKUGRHaGxjaUlzSWxkVUlqb3hNWDA9fDF8TDJOb1lYUnpMekU1T2pFNFlqbGlPR1kxTFRKbVpXSXRORFkzWXkxaE9EWmtMV0V5WW1VNFl6Qm1ObUpoT1Y5aE1UWTRNMlF3TlMwMFlqRTVMVFEyTnpZdE9XUTJOUzAyWXpFd01XSXdOR1JoWTJOQWRXNXhMbWRpYkM1emNHRmpaWE12YldWemMyRm5aWE12TVRjNE1UZzRNek16T1RBeU5nPT18ZTYxYzEwMzE2MWZiNDMzZWM1YTUwOGRlY2UxODZiM2F8YWZhODNkODY0N2JjNDViZWE4NzliNTAwODIyZGZhNWE%3D&amp;sdata=WUZ5YzNpcitvTDZzblgxWWFjMldjUW1LaDV1akV0UnJ2RjNNZEkxWWwzaz0%3D&amp;ovuser=72f988bf-86f1-41af-91ab-2d7cd011db47%2Canreicha%40microsoft.com&amp;clickparams=eyJBcHBOYW1lIjoiVGVhbXMtRGVza3RvcCIsIkFwcFZlcnNpb24iOiI0OS8yNjA1MjkwNjExOCJ9"" target=""_blank"">Legacy VMs on MANA Rollout</a></li><li><a href=""https://learn.microsoft.com/azure/virtual-network/accelerated-networking-mana-overview"" target=""_blank"">Microsoft Azure Network Adapter overview</a></li><li><a href=""https://learn.microsoft.com/azure/virtual-network/accelerated-networking-mana-existing-sizes"" target=""_blank"">MANA support for existing VM sizes</a></li><li><a href=""https://learn.microsoft.com/azure/virtual-network/accelerated-networking-mana-network-virtual-appliance-opt-out"" target=""_blank"">MANA support for Network Virtual Appliances</a></li><li><a href=""https://learn.microsoft.com/azure/virtual-network/accelerated-networking-mana-windows#verify-that-traffic-is-flowing-through-mana"" target=""_blank"">Windows VMs with the Microsoft Azure Network Adapter</a></li><li><a href=""https://learn.microsoft.com/azure/virtual-machines/vm-support-help"" target=""_blank"">Support</a></li></ul><p></p>"		2026-05-22T00:00:00Z	2027-06-01T00:00:00Z	2026-06-26T19:10:05Z	2026-05-29		northeurope	26abc801-0d8f-4a6e-ac5f-8e81bcc09112	not_available				false	not_needed	full	retirement_date_derived_from_text	"{""event_source"":""resource_health_events""}"
Virtual Machines	UAT-pagoPA	azure-retirements-2721348d-5d3e-4374-adc4-06d277cdf144	2026-07-28	subscriptions	service_health_event_region	resource_health_events	Microsoft.ResourceHealth/events/5RWW-K4G	5RWW-K4G	5RWW-K4G	HealthAdvisory		ServiceHealth	Warning	Warning	Active		Action required: Verify your OS compatibility with Microsoft Azure Network Adapter (MANA) hardware for Intel D- and E- v5-series VMs and Cobalt 100 D- and E- v6-series VM 	Action required: Verify your OS compatibility with Microsoft Azure Network Adapter (MANA) hardware for Intel D- and E- v5-series VMs and Cobalt 100 D- and E- v6-series VM 	<p><em>You are receiving this notification because you are running one or more Azure virtual machines that may be affected by an upcoming infrastructure change.</em></p>	"<p><em>You are receiving this notification because you are running one or more Azure virtual machines that may be affected by an upcoming infrastructure change.</em></p> <p>As previously communicated on 29 May 2026, Azure has begun a staged roll out of the following virtual machines (VMs) on <a href=""https://learn.microsoft.com/azure/virtual-network/accelerated-networking-mana-overview"" target=""_blank"">Microsoft Azure Network Adapter</a>-enabled hardware:</p> <ul><li><strong>Intel:</strong> Dsv5, Dv5, Ddsv5, Ddv5, Dlsv5, Dldsv5, Esv5, Ev5, Edsv5, Edv5</li><li><strong>Cobalt 100:</strong> Dpsv6, Dpdsv6, Dplsv6, Dpldsv6, Epsv6, Epdsv6</li></ul> <p>If accelerated networking is not being used or if you are already running a <a href=""https://learn.microsoft.com/azure/virtual-network/accelerated-networking-overview?tabs=NetworkManager"" target=""_blank"">supported Windows or Linux OS version</a> on these VMs, no further action is required.</p> <p>The regions already enabled for these VMs on MANA-capable hardware are: West Central US, East Asia, Norway West, Spain Central.</p> <p>This update is announcing additional regional deployments of MANA-capable hardware for the VMs above:</p> <p></p><ul><li>29 June 2026: UK South, US Central, US East</li><li>30 June 2026: US North, US South, Europe West</li><li>6 July 2026: US East 2, US West 2, and all remaining public regions</li></ul><p>If you're <strong>running VM series listed above using Accelerated Networking, </strong>any <em>new</em> VM deployments or <em>existing</em> VMs which are redeployed due to maintenance events or customer action may land on MANA-enabled hardware once live in your region.</p><p>If your VMs are running Network Virtual Appliance (NVA) workloads, <strong>you'll need to verify that they are compatible with MANA-enabled hardware in your region(s).</strong> Some NVA and high network concurrency workloads may see performance degradation if not running on an OS with the MANA driver. Most other types of workloads are expected to run without performance degradation using an alternate netvsc networking path.</p><h2>Action required</h2><p>Verify that your workloads are compatible with MANA-enabled hardware by following the steps below:</p><ul><li>Identify all Intel D- and E- v5-series and Cobalt 100 D- and E- v6-series VMs using Accelerated Networking running NVA workloads.</li><li><strong>Verify </strong>your <a href=""https://learn.microsoft.com/azure/virtual-network/accelerated-networking-mana-linux"" target=""_blank"">OS is MANA compatible.</a></li><li>If your OS isn't MANA compatible, upgrade to an OS or NVA product that is. Contact your NVA provider for a list of MANA compatible products.</li><li>If you have NVA workloads and need additional time to complete step 3 (MANA Compatibility), you can establish a temporary MANA exception by <a href=""https://learn.microsoft.com/azure/virtual-network/accelerated-networking-mana-network-virtual-appliance-opt-out#temporary-mana-exception-with-legacyvmnva"" target=""_blank"">applying and enabling the ""LegacyVMNVA"" tag</a>. This step can be done at any time up until the tag expiration date of <strong>31 May 2027</strong>. If the ""LegacyVMNVA"" tag isn't applied <strong>and </strong>enabled <strong>before </strong>your region has the MANA-enabled hardware, your VMs may be deployed on that hardware.</li><li><strong>Upgrade </strong>to a MANA compatible OS or NVA product by 31 May 2027. After that date, the tag will no longer be valid and any VM could land on MANA-enabled hardware.</li></ul><p>If you continue using the above VMs without MANA compatibility, they'll remain supported on both existing Mellanox and new MANAenabled hardware until the size is retired.</p><h2>Help and support</h2><p>If you have questions or run into any issues, please contact your Customer Support Account Manager (CSAM), if available, or reach out to <a href=""https://learn.microsoft.com/azure/virtual-machines/vm-support-help"" target=""_blank"">Support</a> for assistance.</p><p>The following resources are available to support you:</p><ul><li>Landing page: <a href=""https://microsoft.sharepoint.com/teams/AzureReliabilityPortal/SitePages/Legacy-VMs-on-MANA-Rollout.aspx?TeamsCID=dd6d9562-c6a9-4756-ac58-62a1fb7fe900&amp;OR=Teams-HL&amp;CT=1781881120544&amp;linkOpenTime=1782158414535&amp;isSPOFile=1&amp;xsdata=MDV8MDJ8fDJhMjVmNjUwN2VmZTQxOWUyODE3MDhkZWNlMTg2YjNkfDcyZjk4OGJmODZmMTQxYWY5MWFiMmQ3Y2QwMTFkYjQ3fDB8MHw2MzkxNzQ4MDE0MDY4OTYxNTF8VW5rbm93bnxWR1ZoYlhOVFpXTjFjbWwwZVZObGNuWnBZMlY4ZXlKRFFTSTZJbFJsWVcxelgwRlVVRk5sY25acFkyVmZVMUJQVEU5R0lpd2lWaUk2SWpBdU1DNHdNREF3SWl3aVVDSTZJbGRwYmpNeUlpd2lRVTRpT2lKUGRHaGxjaUlzSWxkVUlqb3hNWDA9fDF8TDJOb1lYUnpMekU1T2pFNFlqbGlPR1kxTFRKbVpXSXRORFkzWXkxaE9EWmtMV0V5WW1VNFl6Qm1ObUpoT1Y5aE1UWTRNMlF3TlMwMFlqRTVMVFEyTnpZdE9XUTJOUzAyWXpFd01XSXdOR1JoWTJOQWRXNXhMbWRpYkM1emNHRmpaWE12YldWemMyRm5aWE12TVRjNE1UZzRNek16T1RBeU5nPT18ZTYxYzEwMzE2MWZiNDMzZWM1YTUwOGRlY2UxODZiM2F8YWZhODNkODY0N2JjNDViZWE4NzliNTAwODIyZGZhNWE%3D&amp;sdata=WUZ5YzNpcitvTDZzblgxWWFjMldjUW1LaDV1akV0UnJ2RjNNZEkxWWwzaz0%3D&amp;ovuser=72f988bf-86f1-41af-91ab-2d7cd011db47%2Canreicha%40microsoft.com&amp;clickparams=eyJBcHBOYW1lIjoiVGVhbXMtRGVza3RvcCIsIkFwcFZlcnNpb24iOiI0OS8yNjA1MjkwNjExOCJ9"" target=""_blank"">Legacy VMs on MANA Rollout</a></li><li><a href=""https://learn.microsoft.com/azure/virtual-network/accelerated-networking-mana-overview"" target=""_blank"">Microsoft Azure Network Adapter overview</a></li><li><a href=""https://learn.microsoft.com/azure/virtual-network/accelerated-networking-mana-existing-sizes"" target=""_blank"">MANA support for existing VM sizes</a></li><li><a href=""https://learn.microsoft.com/azure/virtual-network/accelerated-networking-mana-network-virtual-appliance-opt-out"" target=""_blank"">MANA support for Network Virtual Appliances</a></li><li><a href=""https://learn.microsoft.com/azure/virtual-network/accelerated-networking-mana-windows#verify-that-traffic-is-flowing-through-mana"" target=""_blank"">Windows VMs with the Microsoft Azure Network Adapter</a></li><li><a href=""https://learn.microsoft.com/azure/virtual-machines/vm-support-help"" target=""_blank"">Support</a></li></ul><p></p>"		2026-05-22T00:00:00Z	2027-06-01T00:00:00Z	2026-06-26T19:10:05Z	2026-05-29		spaincentral	26abc801-0d8f-4a6e-ac5f-8e81bcc09112	not_available				false	not_needed	full	retirement_date_derived_from_text	"{""event_source"":""resource_health_events""}"
Virtual Machines	UAT-pagoPA	azure-retirements-2721348d-5d3e-4374-adc4-06d277cdf144	2026-07-28	subscriptions	service_health_event_region	resource_health_events	Microsoft.ResourceHealth/events/5RWW-K4G	5RWW-K4G	5RWW-K4G	HealthAdvisory		ServiceHealth	Warning	Warning	Active		Action required: Verify your OS compatibility with Microsoft Azure Network Adapter (MANA) hardware for Intel D- and E- v5-series VMs and Cobalt 100 D- and E- v6-series VM 	Action required: Verify your OS compatibility with Microsoft Azure Network Adapter (MANA) hardware for Intel D- and E- v5-series VMs and Cobalt 100 D- and E- v6-series VM 	<p><em>You are receiving this notification because you are running one or more Azure virtual machines that may be affected by an upcoming infrastructure change.</em></p>	"<p><em>You are receiving this notification because you are running one or more Azure virtual machines that may be affected by an upcoming infrastructure change.</em></p> <p>As previously communicated on 29 May 2026, Azure has begun a staged roll out of the following virtual machines (VMs) on <a href=""https://learn.microsoft.com/azure/virtual-network/accelerated-networking-mana-overview"" target=""_blank"">Microsoft Azure Network Adapter</a>-enabled hardware:</p> <ul><li><strong>Intel:</strong> Dsv5, Dv5, Ddsv5, Ddv5, Dlsv5, Dldsv5, Esv5, Ev5, Edsv5, Edv5</li><li><strong>Cobalt 100:</strong> Dpsv6, Dpdsv6, Dplsv6, Dpldsv6, Epsv6, Epdsv6</li></ul> <p>If accelerated networking is not being used or if you are already running a <a href=""https://learn.microsoft.com/azure/virtual-network/accelerated-networking-overview?tabs=NetworkManager"" target=""_blank"">supported Windows or Linux OS version</a> on these VMs, no further action is required.</p> <p>The regions already enabled for these VMs on MANA-capable hardware are: West Central US, East Asia, Norway West, Spain Central.</p> <p>This update is announcing additional regional deployments of MANA-capable hardware for the VMs above:</p> <p></p><ul><li>29 June 2026: UK South, US Central, US East</li><li>30 June 2026: US North, US South, Europe West</li><li>6 July 2026: US East 2, US West 2, and all remaining public regions</li></ul><p>If you're <strong>running VM series listed above using Accelerated Networking, </strong>any <em>new</em> VM deployments or <em>existing</em> VMs which are redeployed due to maintenance events or customer action may land on MANA-enabled hardware once live in your region.</p><p>If your VMs are running Network Virtual Appliance (NVA) workloads, <strong>you'll need to verify that they are compatible with MANA-enabled hardware in your region(s).</strong> Some NVA and high network concurrency workloads may see performance degradation if not running on an OS with the MANA driver. Most other types of workloads are expected to run without performance degradation using an alternate netvsc networking path.</p><h2>Action required</h2><p>Verify that your workloads are compatible with MANA-enabled hardware by following the steps below:</p><ul><li>Identify all Intel D- and E- v5-series and Cobalt 100 D- and E- v6-series VMs using Accelerated Networking running NVA workloads.</li><li><strong>Verify </strong>your <a href=""https://learn.microsoft.com/azure/virtual-network/accelerated-networking-mana-linux"" target=""_blank"">OS is MANA compatible.</a></li><li>If your OS isn't MANA compatible, upgrade to an OS or NVA product that is. Contact your NVA provider for a list of MANA compatible products.</li><li>If you have NVA workloads and need additional time to complete step 3 (MANA Compatibility), you can establish a temporary MANA exception by <a href=""https://learn.microsoft.com/azure/virtual-network/accelerated-networking-mana-network-virtual-appliance-opt-out#temporary-mana-exception-with-legacyvmnva"" target=""_blank"">applying and enabling the ""LegacyVMNVA"" tag</a>. This step can be done at any time up until the tag expiration date of <strong>31 May 2027</strong>. If the ""LegacyVMNVA"" tag isn't applied <strong>and </strong>enabled <strong>before </strong>your region has the MANA-enabled hardware, your VMs may be deployed on that hardware.</li><li><strong>Upgrade </strong>to a MANA compatible OS or NVA product by 31 May 2027. After that date, the tag will no longer be valid and any VM could land on MANA-enabled hardware.</li></ul><p>If you continue using the above VMs without MANA compatibility, they'll remain supported on both existing Mellanox and new MANAenabled hardware until the size is retired.</p><h2>Help and support</h2><p>If you have questions or run into any issues, please contact your Customer Support Account Manager (CSAM), if available, or reach out to <a href=""https://learn.microsoft.com/azure/virtual-machines/vm-support-help"" target=""_blank"">Support</a> for assistance.</p><p>The following resources are available to support you:</p><ul><li>Landing page: <a href=""https://microsoft.sharepoint.com/teams/AzureReliabilityPortal/SitePages/Legacy-VMs-on-MANA-Rollout.aspx?TeamsCID=dd6d9562-c6a9-4756-ac58-62a1fb7fe900&amp;OR=Teams-HL&amp;CT=1781881120544&amp;linkOpenTime=1782158414535&amp;isSPOFile=1&amp;xsdata=MDV8MDJ8fDJhMjVmNjUwN2VmZTQxOWUyODE3MDhkZWNlMTg2YjNkfDcyZjk4OGJmODZmMTQxYWY5MWFiMmQ3Y2QwMTFkYjQ3fDB8MHw2MzkxNzQ4MDE0MDY4OTYxNTF8VW5rbm93bnxWR1ZoYlhOVFpXTjFjbWwwZVZObGNuWnBZMlY4ZXlKRFFTSTZJbFJsWVcxelgwRlVVRk5sY25acFkyVmZVMUJQVEU5R0lpd2lWaUk2SWpBdU1DNHdNREF3SWl3aVVDSTZJbGRwYmpNeUlpd2lRVTRpT2lKUGRHaGxjaUlzSWxkVUlqb3hNWDA9fDF8TDJOb1lYUnpMekU1T2pFNFlqbGlPR1kxTFRKbVpXSXRORFkzWXkxaE9EWmtMV0V5WW1VNFl6Qm1ObUpoT1Y5aE1UWTRNMlF3TlMwMFlqRTVMVFEyTnpZdE9XUTJOUzAyWXpFd01XSXdOR1JoWTJOQWRXNXhMbWRpYkM1emNHRmpaWE12YldWemMyRm5aWE12TVRjNE1UZzRNek16T1RBeU5nPT18ZTYxYzEwMzE2MWZiNDMzZWM1YTUwOGRlY2UxODZiM2F8YWZhODNkODY0N2JjNDViZWE4NzliNTAwODIyZGZhNWE%3D&amp;sdata=WUZ5YzNpcitvTDZzblgxWWFjMldjUW1LaDV1akV0UnJ2RjNNZEkxWWwzaz0%3D&amp;ovuser=72f988bf-86f1-41af-91ab-2d7cd011db47%2Canreicha%40microsoft.com&amp;clickparams=eyJBcHBOYW1lIjoiVGVhbXMtRGVza3RvcCIsIkFwcFZlcnNpb24iOiI0OS8yNjA1MjkwNjExOCJ9"" target=""_blank"">Legacy VMs on MANA Rollout</a></li><li><a href=""https://learn.microsoft.com/azure/virtual-network/accelerated-networking-mana-overview"" target=""_blank"">Microsoft Azure Network Adapter overview</a></li><li><a href=""https://learn.microsoft.com/azure/virtual-network/accelerated-networking-mana-existing-sizes"" target=""_blank"">MANA support for existing VM sizes</a></li><li><a href=""https://learn.microsoft.com/azure/virtual-network/accelerated-networking-mana-network-virtual-appliance-opt-out"" target=""_blank"">MANA support for Network Virtual Appliances</a></li><li><a href=""https://learn.microsoft.com/azure/virtual-network/accelerated-networking-mana-windows#verify-that-traffic-is-flowing-through-mana"" target=""_blank"">Windows VMs with the Microsoft Azure Network Adapter</a></li><li><a href=""https://learn.microsoft.com/azure/virtual-machines/vm-support-help"" target=""_blank"">Support</a></li></ul><p></p>"		2026-05-22T00:00:00Z	2027-06-01T00:00:00Z	2026-06-26T19:10:05Z	2026-05-29		westeurope	26abc801-0d8f-4a6e-ac5f-8e81bcc09112	not_available				false	not_needed	full	retirement_date_derived_from_text	"{""event_source"":""resource_health_events""}"
Azure Cosmos DB	UAT-pagoPA	azure-retirements-2721348d-5d3e-4374-adc4-06d277cdf144	2026-07-28	subscriptions	service_health_event_region	resource_health_events	Microsoft.ResourceHealth/events/9JYQ-GL0	9JYQ-GL0	9JYQ-GL0	HealthAdvisory	Retirement	ServiceHealth	Warning	Warning	Active		Migrate or disable Azure Synapse Link for Azure Cosmos DB NoSQL by 31 March 2029	Migrate or disable Azure Synapse Link for Azure Cosmos DB NoSQL by 31 March 2029	<p><strong><em>We recently sent you an email regarding Azure Synapse Link for Azure Cosmos DB (NoSQL). We sincerely apologize that the previous communication did not include the required account details, specifically the resourceGroupName and databaseAccountName. This follow-up email includes the missing information. We regret any confusion or inconvenience this may have caused and appreciate your understanding.</em></strong></p>	"<p><strong><em>We recently sent you an email regarding Azure Synapse Link for Azure Cosmos DB (NoSQL). We sincerely apologize that the previous communication did not include the required account details, specifically the resourceGroupName and databaseAccountName. This follow-up email includes the missing information. We regret any confusion or inconvenience this may have caused and appreciate your understanding.</em></strong></p> <p><strong><em>-----------------------------------------------------</em></strong></p> <p><em>You're receiving this notification because you’re associated with one or more Azure subscriptions that currently use Azure Synapse Link for Azure Cosmos DB NoSQL. For reference, you can find this notification in the Azure portal under Service Health/</em><a href=""https://aka.ms/AzureServiceHealthAdvisories"" target=""_blank""><strong><em>Health advisories</em></strong></a><em> using tracking ID: 9JYQ-GL0.</em></p> <p>Azure Synapse Link for Azure Cosmos DB NoSQL will be retired on 31 March 2029, transition to <a href=""https://learn.microsoft.com/fabric/mirroring/azure-cosmos-db"" target=""_blank"">Cosmos DB Mirroring in Microsoft Fabric</a> by that date or, if you are not using the analytical capabilities, disable Azure Synapse Link on those accounts using our <a href=""https://github.com/AzureCosmosDB/cosmos-fabric-samples/tree/main/disable-synapse-link"" target=""_blank"">provided script</a>. Cosmos DB Mirroring in Microsoft Fabric is the supported successor for Synapse Link's analytical scenarios.</p> <p>On 31 March 2029, workloads running Azure Synapse Link for Azure Cosmos DB NoSQL will face disruptions to their analytical workloads as they will no longer have access to the Analytical Store. If your account has any historical data in your Analytical Store that exceeds your transactional retention window, that data will no longer be accessible after retirement. Resources to aid in your migration can be found below.</p> <p><strong>Action recommended</strong></p> <p>Disable Synapse Link for Azure Cosmos DB NoSQL on your accounts before 31 March 2029. Use our <a href=""https://github.com/AzureCosmosDB/cosmos-fabric-samples/tree/main/disable-synapse-link"" target=""_blank"">script</a> to identify and disable affected containers.&nbsp;</p> <p><strong>Caution: Disabling is irreversible.</strong> Disabling Synapse Link removes your Analytical Store data permanently. If you have analytical workloads running against the Analytical Store, or if you use the Analytical Store to retain historical data beyond your transactional TTL, <a href=""https://aka.ms/CosmosMirrorSynapseMigration"" target=""_blank"">migrate to Cosmos DB Mirroring</a> first. If you are unsure whether you have analytical data, check out your Synapse workspace before disabling.</p> <p><strong>Help and support</strong>&nbsp;</p> <p>If you have questions, get answers from community experts in <a href=""https://learn.microsoft.com/answers/tags/187/azure-cosmos-db/"" target=""_blank"">Microsoft Q&amp;A</a>. If you have a support plan and need technical help, <a href=""https://learn.microsoft.com/azure/azure-portal/supportability/how-to-create-azure-support-request"" target=""_blank"">create a support request</a>.&nbsp;</p> <p><em>Learn more about service retirements that may impact your resources in the </em><a href=""https://aka.ms/ServicesRetirementWorkbook"" target=""_blank""><em>Azure Retirement Workbook</em></a><em>. Please note that retirements may not be visible in the workbook for up to two weeks after being announced.</em></p>"		2026-04-01T00:00:00Z	2027-10-01T00:00:00Z	2026-06-23T12:58:59Z	2029-03-31		germanywestcentral	26abc801-0d8f-4a6e-ac5f-8e81bcc09112	not_available				false	not_needed	full	retirement_date_derived_from_text	"{""event_source"":""resource_health_events""}"
Azure Cosmos DB	UAT-pagoPA	azure-retirements-2721348d-5d3e-4374-adc4-06d277cdf144	2026-07-28	subscriptions	service_health_event_region	resource_health_events	Microsoft.ResourceHealth/events/9JYQ-GL0	9JYQ-GL0	9JYQ-GL0	HealthAdvisory	Retirement	ServiceHealth	Warning	Warning	Active		Migrate or disable Azure Synapse Link for Azure Cosmos DB NoSQL by 31 March 2029	Migrate or disable Azure Synapse Link for Azure Cosmos DB NoSQL by 31 March 2029	<p><strong><em>We recently sent you an email regarding Azure Synapse Link for Azure Cosmos DB (NoSQL). We sincerely apologize that the previous communication did not include the required account details, specifically the resourceGroupName and databaseAccountName. This follow-up email includes the missing information. We regret any confusion or inconvenience this may have caused and appreciate your understanding.</em></strong></p>	"<p><strong><em>We recently sent you an email regarding Azure Synapse Link for Azure Cosmos DB (NoSQL). We sincerely apologize that the previous communication did not include the required account details, specifically the resourceGroupName and databaseAccountName. This follow-up email includes the missing information. We regret any confusion or inconvenience this may have caused and appreciate your understanding.</em></strong></p> <p><strong><em>-----------------------------------------------------</em></strong></p> <p><em>You're receiving this notification because you’re associated with one or more Azure subscriptions that currently use Azure Synapse Link for Azure Cosmos DB NoSQL. For reference, you can find this notification in the Azure portal under Service Health/</em><a href=""https://aka.ms/AzureServiceHealthAdvisories"" target=""_blank""><strong><em>Health advisories</em></strong></a><em> using tracking ID: 9JYQ-GL0.</em></p> <p>Azure Synapse Link for Azure Cosmos DB NoSQL will be retired on 31 March 2029, transition to <a href=""https://learn.microsoft.com/fabric/mirroring/azure-cosmos-db"" target=""_blank"">Cosmos DB Mirroring in Microsoft Fabric</a> by that date or, if you are not using the analytical capabilities, disable Azure Synapse Link on those accounts using our <a href=""https://github.com/AzureCosmosDB/cosmos-fabric-samples/tree/main/disable-synapse-link"" target=""_blank"">provided script</a>. Cosmos DB Mirroring in Microsoft Fabric is the supported successor for Synapse Link's analytical scenarios.</p> <p>On 31 March 2029, workloads running Azure Synapse Link for Azure Cosmos DB NoSQL will face disruptions to their analytical workloads as they will no longer have access to the Analytical Store. If your account has any historical data in your Analytical Store that exceeds your transactional retention window, that data will no longer be accessible after retirement. Resources to aid in your migration can be found below.</p> <p><strong>Action recommended</strong></p> <p>Disable Synapse Link for Azure Cosmos DB NoSQL on your accounts before 31 March 2029. Use our <a href=""https://github.com/AzureCosmosDB/cosmos-fabric-samples/tree/main/disable-synapse-link"" target=""_blank"">script</a> to identify and disable affected containers.&nbsp;</p> <p><strong>Caution: Disabling is irreversible.</strong> Disabling Synapse Link removes your Analytical Store data permanently. If you have analytical workloads running against the Analytical Store, or if you use the Analytical Store to retain historical data beyond your transactional TTL, <a href=""https://aka.ms/CosmosMirrorSynapseMigration"" target=""_blank"">migrate to Cosmos DB Mirroring</a> first. If you are unsure whether you have analytical data, check out your Synapse workspace before disabling.</p> <p><strong>Help and support</strong>&nbsp;</p> <p>If you have questions, get answers from community experts in <a href=""https://learn.microsoft.com/answers/tags/187/azure-cosmos-db/"" target=""_blank"">Microsoft Q&amp;A</a>. If you have a support plan and need technical help, <a href=""https://learn.microsoft.com/azure/azure-portal/supportability/how-to-create-azure-support-request"" target=""_blank"">create a support request</a>.&nbsp;</p> <p><em>Learn more about service retirements that may impact your resources in the </em><a href=""https://aka.ms/ServicesRetirementWorkbook"" target=""_blank""><em>Azure Retirement Workbook</em></a><em>. Please note that retirements may not be visible in the workbook for up to two weeks after being announced.</em></p>"		2026-04-01T00:00:00Z	2027-10-01T00:00:00Z	2026-06-23T12:58:59Z	2029-03-31		italynorth	26abc801-0d8f-4a6e-ac5f-8e81bcc09112	not_available				false	not_needed	full	retirement_date_derived_from_text	"{""event_source"":""resource_health_events""}"
Azure Cosmos DB	UAT-pagoPA	azure-retirements-2721348d-5d3e-4374-adc4-06d277cdf144	2026-07-28	subscriptions	service_health_event_region	resource_health_events	Microsoft.ResourceHealth/events/9JYQ-GL0	9JYQ-GL0	9JYQ-GL0	HealthAdvisory	Retirement	ServiceHealth	Warning	Warning	Active		Migrate or disable Azure Synapse Link for Azure Cosmos DB NoSQL by 31 March 2029	Migrate or disable Azure Synapse Link for Azure Cosmos DB NoSQL by 31 March 2029	<p><strong><em>We recently sent you an email regarding Azure Synapse Link for Azure Cosmos DB (NoSQL). We sincerely apologize that the previous communication did not include the required account details, specifically the resourceGroupName and databaseAccountName. This follow-up email includes the missing information. We regret any confusion or inconvenience this may have caused and appreciate your understanding.</em></strong></p>	"<p><strong><em>We recently sent you an email regarding Azure Synapse Link for Azure Cosmos DB (NoSQL). We sincerely apologize that the previous communication did not include the required account details, specifically the resourceGroupName and databaseAccountName. This follow-up email includes the missing information. We regret any confusion or inconvenience this may have caused and appreciate your understanding.</em></strong></p> <p><strong><em>-----------------------------------------------------</em></strong></p> <p><em>You're receiving this notification because you’re associated with one or more Azure subscriptions that currently use Azure Synapse Link for Azure Cosmos DB NoSQL. For reference, you can find this notification in the Azure portal under Service Health/</em><a href=""https://aka.ms/AzureServiceHealthAdvisories"" target=""_blank""><strong><em>Health advisories</em></strong></a><em> using tracking ID: 9JYQ-GL0.</em></p> <p>Azure Synapse Link for Azure Cosmos DB NoSQL will be retired on 31 March 2029, transition to <a href=""https://learn.microsoft.com/fabric/mirroring/azure-cosmos-db"" target=""_blank"">Cosmos DB Mirroring in Microsoft Fabric</a> by that date or, if you are not using the analytical capabilities, disable Azure Synapse Link on those accounts using our <a href=""https://github.com/AzureCosmosDB/cosmos-fabric-samples/tree/main/disable-synapse-link"" target=""_blank"">provided script</a>. Cosmos DB Mirroring in Microsoft Fabric is the supported successor for Synapse Link's analytical scenarios.</p> <p>On 31 March 2029, workloads running Azure Synapse Link for Azure Cosmos DB NoSQL will face disruptions to their analytical workloads as they will no longer have access to the Analytical Store. If your account has any historical data in your Analytical Store that exceeds your transactional retention window, that data will no longer be accessible after retirement. Resources to aid in your migration can be found below.</p> <p><strong>Action recommended</strong></p> <p>Disable Synapse Link for Azure Cosmos DB NoSQL on your accounts before 31 March 2029. Use our <a href=""https://github.com/AzureCosmosDB/cosmos-fabric-samples/tree/main/disable-synapse-link"" target=""_blank"">script</a> to identify and disable affected containers.&nbsp;</p> <p><strong>Caution: Disabling is irreversible.</strong> Disabling Synapse Link removes your Analytical Store data permanently. If you have analytical workloads running against the Analytical Store, or if you use the Analytical Store to retain historical data beyond your transactional TTL, <a href=""https://aka.ms/CosmosMirrorSynapseMigration"" target=""_blank"">migrate to Cosmos DB Mirroring</a> first. If you are unsure whether you have analytical data, check out your Synapse workspace before disabling.</p> <p><strong>Help and support</strong>&nbsp;</p> <p>If you have questions, get answers from community experts in <a href=""https://learn.microsoft.com/answers/tags/187/azure-cosmos-db/"" target=""_blank"">Microsoft Q&amp;A</a>. If you have a support plan and need technical help, <a href=""https://learn.microsoft.com/azure/azure-portal/supportability/how-to-create-azure-support-request"" target=""_blank"">create a support request</a>.&nbsp;</p> <p><em>Learn more about service retirements that may impact your resources in the </em><a href=""https://aka.ms/ServicesRetirementWorkbook"" target=""_blank""><em>Azure Retirement Workbook</em></a><em>. Please note that retirements may not be visible in the workbook for up to two weeks after being announced.</em></p>"		2026-04-01T00:00:00Z	2027-10-01T00:00:00Z	2026-06-23T12:58:59Z	2029-03-31		northeurope	26abc801-0d8f-4a6e-ac5f-8e81bcc09112	not_available				false	not_needed	full	retirement_date_derived_from_text	"{""event_source"":""resource_health_events""}"
Azure Cosmos DB	UAT-pagoPA	azure-retirements-2721348d-5d3e-4374-adc4-06d277cdf144	2026-07-28	subscriptions	service_health_event_region	resource_health_events	Microsoft.ResourceHealth/events/9JYQ-GL0	9JYQ-GL0	9JYQ-GL0	HealthAdvisory	Retirement	ServiceHealth	Warning	Warning	Active		Migrate or disable Azure Synapse Link for Azure Cosmos DB NoSQL by 31 March 2029	Migrate or disable Azure Synapse Link for Azure Cosmos DB NoSQL by 31 March 2029	<p><strong><em>We recently sent you an email regarding Azure Synapse Link for Azure Cosmos DB (NoSQL). We sincerely apologize that the previous communication did not include the required account details, specifically the resourceGroupName and databaseAccountName. This follow-up email includes the missing information. We regret any confusion or inconvenience this may have caused and appreciate your understanding.</em></strong></p>	"<p><strong><em>We recently sent you an email regarding Azure Synapse Link for Azure Cosmos DB (NoSQL). We sincerely apologize that the previous communication did not include the required account details, specifically the resourceGroupName and databaseAccountName. This follow-up email includes the missing information. We regret any confusion or inconvenience this may have caused and appreciate your understanding.</em></strong></p> <p><strong><em>-----------------------------------------------------</em></strong></p> <p><em>You're receiving this notification because you’re associated with one or more Azure subscriptions that currently use Azure Synapse Link for Azure Cosmos DB NoSQL. For reference, you can find this notification in the Azure portal under Service Health/</em><a href=""https://aka.ms/AzureServiceHealthAdvisories"" target=""_blank""><strong><em>Health advisories</em></strong></a><em> using tracking ID: 9JYQ-GL0.</em></p> <p>Azure Synapse Link for Azure Cosmos DB NoSQL will be retired on 31 March 2029, transition to <a href=""https://learn.microsoft.com/fabric/mirroring/azure-cosmos-db"" target=""_blank"">Cosmos DB Mirroring in Microsoft Fabric</a> by that date or, if you are not using the analytical capabilities, disable Azure Synapse Link on those accounts using our <a href=""https://github.com/AzureCosmosDB/cosmos-fabric-samples/tree/main/disable-synapse-link"" target=""_blank"">provided script</a>. Cosmos DB Mirroring in Microsoft Fabric is the supported successor for Synapse Link's analytical scenarios.</p> <p>On 31 March 2029, workloads running Azure Synapse Link for Azure Cosmos DB NoSQL will face disruptions to their analytical workloads as they will no longer have access to the Analytical Store. If your account has any historical data in your Analytical Store that exceeds your transactional retention window, that data will no longer be accessible after retirement. Resources to aid in your migration can be found below.</p> <p><strong>Action recommended</strong></p> <p>Disable Synapse Link for Azure Cosmos DB NoSQL on your accounts before 31 March 2029. Use our <a href=""https://github.com/AzureCosmosDB/cosmos-fabric-samples/tree/main/disable-synapse-link"" target=""_blank"">script</a> to identify and disable affected containers.&nbsp;</p> <p><strong>Caution: Disabling is irreversible.</strong> Disabling Synapse Link removes your Analytical Store data permanently. If you have analytical workloads running against the Analytical Store, or if you use the Analytical Store to retain historical data beyond your transactional TTL, <a href=""https://aka.ms/CosmosMirrorSynapseMigration"" target=""_blank"">migrate to Cosmos DB Mirroring</a> first. If you are unsure whether you have analytical data, check out your Synapse workspace before disabling.</p> <p><strong>Help and support</strong>&nbsp;</p> <p>If you have questions, get answers from community experts in <a href=""https://learn.microsoft.com/answers/tags/187/azure-cosmos-db/"" target=""_blank"">Microsoft Q&amp;A</a>. If you have a support plan and need technical help, <a href=""https://learn.microsoft.com/azure/azure-portal/supportability/how-to-create-azure-support-request"" target=""_blank"">create a support request</a>.&nbsp;</p> <p><em>Learn more about service retirements that may impact your resources in the </em><a href=""https://aka.ms/ServicesRetirementWorkbook"" target=""_blank""><em>Azure Retirement Workbook</em></a><em>. Please note that retirements may not be visible in the workbook for up to two weeks after being announced.</em></p>"		2026-04-01T00:00:00Z	2027-10-01T00:00:00Z	2026-06-23T12:58:59Z	2029-03-31		spaincentral	26abc801-0d8f-4a6e-ac5f-8e81bcc09112	not_available				false	not_needed	full	retirement_date_derived_from_text	"{""event_source"":""resource_health_events""}"
Azure Cosmos DB	UAT-pagoPA	azure-retirements-2721348d-5d3e-4374-adc4-06d277cdf144	2026-07-28	subscriptions	service_health_event_region	resource_health_events	Microsoft.ResourceHealth/events/9JYQ-GL0	9JYQ-GL0	9JYQ-GL0	HealthAdvisory	Retirement	ServiceHealth	Warning	Warning	Active		Migrate or disable Azure Synapse Link for Azure Cosmos DB NoSQL by 31 March 2029	Migrate or disable Azure Synapse Link for Azure Cosmos DB NoSQL by 31 March 2029	<p><strong><em>We recently sent you an email regarding Azure Synapse Link for Azure Cosmos DB (NoSQL). We sincerely apologize that the previous communication did not include the required account details, specifically the resourceGroupName and databaseAccountName. This follow-up email includes the missing information. We regret any confusion or inconvenience this may have caused and appreciate your understanding.</em></strong></p>	"<p><strong><em>We recently sent you an email regarding Azure Synapse Link for Azure Cosmos DB (NoSQL). We sincerely apologize that the previous communication did not include the required account details, specifically the resourceGroupName and databaseAccountName. This follow-up email includes the missing information. We regret any confusion or inconvenience this may have caused and appreciate your understanding.</em></strong></p> <p><strong><em>-----------------------------------------------------</em></strong></p> <p><em>You're receiving this notification because you’re associated with one or more Azure subscriptions that currently use Azure Synapse Link for Azure Cosmos DB NoSQL. For reference, you can find this notification in the Azure portal under Service Health/</em><a href=""https://aka.ms/AzureServiceHealthAdvisories"" target=""_blank""><strong><em>Health advisories</em></strong></a><em> using tracking ID: 9JYQ-GL0.</em></p> <p>Azure Synapse Link for Azure Cosmos DB NoSQL will be retired on 31 March 2029, transition to <a href=""https://learn.microsoft.com/fabric/mirroring/azure-cosmos-db"" target=""_blank"">Cosmos DB Mirroring in Microsoft Fabric</a> by that date or, if you are not using the analytical capabilities, disable Azure Synapse Link on those accounts using our <a href=""https://github.com/AzureCosmosDB/cosmos-fabric-samples/tree/main/disable-synapse-link"" target=""_blank"">provided script</a>. Cosmos DB Mirroring in Microsoft Fabric is the supported successor for Synapse Link's analytical scenarios.</p> <p>On 31 March 2029, workloads running Azure Synapse Link for Azure Cosmos DB NoSQL will face disruptions to their analytical workloads as they will no longer have access to the Analytical Store. If your account has any historical data in your Analytical Store that exceeds your transactional retention window, that data will no longer be accessible after retirement. Resources to aid in your migration can be found below.</p> <p><strong>Action recommended</strong></p> <p>Disable Synapse Link for Azure Cosmos DB NoSQL on your accounts before 31 March 2029. Use our <a href=""https://github.com/AzureCosmosDB/cosmos-fabric-samples/tree/main/disable-synapse-link"" target=""_blank"">script</a> to identify and disable affected containers.&nbsp;</p> <p><strong>Caution: Disabling is irreversible.</strong> Disabling Synapse Link removes your Analytical Store data permanently. If you have analytical workloads running against the Analytical Store, or if you use the Analytical Store to retain historical data beyond your transactional TTL, <a href=""https://aka.ms/CosmosMirrorSynapseMigration"" target=""_blank"">migrate to Cosmos DB Mirroring</a> first. If you are unsure whether you have analytical data, check out your Synapse workspace before disabling.</p> <p><strong>Help and support</strong>&nbsp;</p> <p>If you have questions, get answers from community experts in <a href=""https://learn.microsoft.com/answers/tags/187/azure-cosmos-db/"" target=""_blank"">Microsoft Q&amp;A</a>. If you have a support plan and need technical help, <a href=""https://learn.microsoft.com/azure/azure-portal/supportability/how-to-create-azure-support-request"" target=""_blank"">create a support request</a>.&nbsp;</p> <p><em>Learn more about service retirements that may impact your resources in the </em><a href=""https://aka.ms/ServicesRetirementWorkbook"" target=""_blank""><em>Azure Retirement Workbook</em></a><em>. Please note that retirements may not be visible in the workbook for up to two weeks after being announced.</em></p>"		2026-04-01T00:00:00Z	2027-10-01T00:00:00Z	2026-06-23T12:58:59Z	2029-03-31		westeurope	26abc801-0d8f-4a6e-ac5f-8e81bcc09112	not_available				false	not_needed	full	retirement_date_derived_from_text	"{""event_source"":""resource_health_events""}"
Azure Database for PostgreSQL flexible servers	UAT-pagoPA	azure-retirements-2721348d-5d3e-4374-adc4-06d277cdf144	2026-07-28	subscriptions	service_health_event_region	resource_health_events	Microsoft.ResourceHealth/events/ZPDZ-SL8	ZPDZ-SL8	ZPDZ-SL8	HealthAdvisory		ServiceHealth	Warning	Warning	Active		Retirement notice: We're improving the high availability experience for Azure Database for PostgreSQL	Retirement notice: We're improving the high availability experience for Azure Database for PostgreSQL	"<p><em>You’re receiving this notification because you’re associated with one or more Azure subscriptions with Azure Database for PostgreSQL flexible server instances. For reference, you can find this notification in the Azure portal under&nbsp;Service Health/</em><a href=""https://aka.ms/AzureServiceHealthAdvisories"" target=""_blank""><em>Health advisories</em></a><em>&nbsp;using tracking ID:&nbsp;ZPDZ-SL8.</em></p>"	"<p><em>You’re receiving this notification because you’re associated with one or more Azure subscriptions with Azure Database for PostgreSQL flexible server instances. For reference, you can find this notification in the Azure portal under&nbsp;Service Health/</em><a href=""https://aka.ms/AzureServiceHealthAdvisories"" target=""_blank""><em>Health advisories</em></a><em>&nbsp;using tracking ID:&nbsp;ZPDZ-SL8.</em></p> <p>We've rolled out improvements to the high availability experience for Azure Database for PostgreSQL to simplify configuration and strengthen long-term resiliency against zonal failures.</p> <h2><strong>What's changing</strong></h2> <p>With this experience enabled in the Azure portal and Azure CLI, Azure will now default to zone-redundant high availability. If the selected region doesn't support that, you can choose a&nbsp;<a href=""https://learn.microsoft.com/azure/postgresql/high-availability/concepts-high-availability#configure-business-critical-high-availability-options"" target=""_blank"">fallback mechanism</a>&nbsp;by selecting the fallback checkbox in the Azure portal or by using the&nbsp;<strong>allow-same-zone</strong>&nbsp;parameter in the Azure CLI.</p> <p>Changes in the Azure portal include:</p> <p></p><ul><li>High availability is now labelled&nbsp;<strong>business critical (high availability)</strong>. If you previously had the experience enabled, no action is required from you.</li><li>A new zonal resiliency option is available. When enabled, Azure deploys a standby server in a different availability zone from the primary one, helping protect workloads from zonal outages.</li></ul><h2><strong>Automatic migration notice</strong></h2><p>Automatic migration will be supported for new servers created after 12 February 2026 as soon as regional capacity is available. Servers created before 12 February 2026 will be automatically migrated over time. You won't need to redeploy or make configuration changes.</p><p>From 1 September 2026, servers created using same-zone high availability via developer tools including Terraform, Bicep, SDKs (.NET, Python, Java, JavaScript, and Go), PowerShell, and Ansible will be automatically migrated once capacity becomes available in the region. After the transition, writes are committed across multiple availability zones. This may result in minor changes in write behaviour, with minimal latency impact and improved resiliency and durability.</p><p>If you'd like to migrate sooner, self-service migration options, such as point-in-time restore or read replicas, will allow you to move to a zone-redundant configuration at your own pace. Read our&nbsp;<a href=""https://learn.microsoft.com/azure/postgresql/high-availability/how-to-configure-high-availability?tabs=portal-enable-existing-server%2Cportal-disable-existing-server%2Cportal-enable-new-server%2Cportal-forced-failover%2Cportal-planned-failover#limitations-and-considerations"" target=""_blank"">documentation</a>&nbsp;to learn more about self-service migration options, zonal resiliency, the built-in fallback capability, and automatic migration behaviour.</p><h2><strong>Help and support</strong></h2><p>If you have questions about how these changes apply to your deployments or automation workflows, please reach out to us through Microsoft support, your account team, or the&nbsp;<a href=""https://feedback.azure.com/d365community/forum/c5e32b97-ee24-ec11-b6e6-000d3a4f0da0"" target=""_blank"">feedback forum.</a></p><p>If you have general questions, ask community experts in&nbsp;<a href=""https://learn.microsoft.com/answers/tags/214/azure-database-postgresql"" target=""_blank"">Microsoft Q&amp;A</a>. If you have a support plan and you need technical help, open the&nbsp;<a href=""https://portal.azure.com/#blade/Microsoft_Azure_Support/HelpAndSupportBlade/newsupportrequest"" target=""_blank"">Azure portal</a>&nbsp;and select the question mark icon at the top of the page.</p><p></p>"		2026-02-24T18:33:14Z	2026-08-31T00:00:00Z	2026-04-23T10:57:29Z	2026-08-31		germanywestcentral	26abc801-0d8f-4a6e-ac5f-8e81bcc09112	not_available				false	not_needed	full		"{""event_source"":""resource_health_events""}"
Azure Database for PostgreSQL flexible servers	UAT-pagoPA	azure-retirements-2721348d-5d3e-4374-adc4-06d277cdf144	2026-07-28	subscriptions	service_health_event_region	resource_health_events	Microsoft.ResourceHealth/events/ZPDZ-SL8	ZPDZ-SL8	ZPDZ-SL8	HealthAdvisory		ServiceHealth	Warning	Warning	Active		Retirement notice: We're improving the high availability experience for Azure Database for PostgreSQL	Retirement notice: We're improving the high availability experience for Azure Database for PostgreSQL	"<p><em>You’re receiving this notification because you’re associated with one or more Azure subscriptions with Azure Database for PostgreSQL flexible server instances. For reference, you can find this notification in the Azure portal under&nbsp;Service Health/</em><a href=""https://aka.ms/AzureServiceHealthAdvisories"" target=""_blank""><em>Health advisories</em></a><em>&nbsp;using tracking ID:&nbsp;ZPDZ-SL8.</em></p>"	"<p><em>You’re receiving this notification because you’re associated with one or more Azure subscriptions with Azure Database for PostgreSQL flexible server instances. For reference, you can find this notification in the Azure portal under&nbsp;Service Health/</em><a href=""https://aka.ms/AzureServiceHealthAdvisories"" target=""_blank""><em>Health advisories</em></a><em>&nbsp;using tracking ID:&nbsp;ZPDZ-SL8.</em></p> <p>We've rolled out improvements to the high availability experience for Azure Database for PostgreSQL to simplify configuration and strengthen long-term resiliency against zonal failures.</p> <h2><strong>What's changing</strong></h2> <p>With this experience enabled in the Azure portal and Azure CLI, Azure will now default to zone-redundant high availability. If the selected region doesn't support that, you can choose a&nbsp;<a href=""https://learn.microsoft.com/azure/postgresql/high-availability/concepts-high-availability#configure-business-critical-high-availability-options"" target=""_blank"">fallback mechanism</a>&nbsp;by selecting the fallback checkbox in the Azure portal or by using the&nbsp;<strong>allow-same-zone</strong>&nbsp;parameter in the Azure CLI.</p> <p>Changes in the Azure portal include:</p> <p></p><ul><li>High availability is now labelled&nbsp;<strong>business critical (high availability)</strong>. If you previously had the experience enabled, no action is required from you.</li><li>A new zonal resiliency option is available. When enabled, Azure deploys a standby server in a different availability zone from the primary one, helping protect workloads from zonal outages.</li></ul><h2><strong>Automatic migration notice</strong></h2><p>Automatic migration will be supported for new servers created after 12 February 2026 as soon as regional capacity is available. Servers created before 12 February 2026 will be automatically migrated over time. You won't need to redeploy or make configuration changes.</p><p>From 1 September 2026, servers created using same-zone high availability via developer tools including Terraform, Bicep, SDKs (.NET, Python, Java, JavaScript, and Go), PowerShell, and Ansible will be automatically migrated once capacity becomes available in the region. After the transition, writes are committed across multiple availability zones. This may result in minor changes in write behaviour, with minimal latency impact and improved resiliency and durability.</p><p>If you'd like to migrate sooner, self-service migration options, such as point-in-time restore or read replicas, will allow you to move to a zone-redundant configuration at your own pace. Read our&nbsp;<a href=""https://learn.microsoft.com/azure/postgresql/high-availability/how-to-configure-high-availability?tabs=portal-enable-existing-server%2Cportal-disable-existing-server%2Cportal-enable-new-server%2Cportal-forced-failover%2Cportal-planned-failover#limitations-and-considerations"" target=""_blank"">documentation</a>&nbsp;to learn more about self-service migration options, zonal resiliency, the built-in fallback capability, and automatic migration behaviour.</p><h2><strong>Help and support</strong></h2><p>If you have questions about how these changes apply to your deployments or automation workflows, please reach out to us through Microsoft support, your account team, or the&nbsp;<a href=""https://feedback.azure.com/d365community/forum/c5e32b97-ee24-ec11-b6e6-000d3a4f0da0"" target=""_blank"">feedback forum.</a></p><p>If you have general questions, ask community experts in&nbsp;<a href=""https://learn.microsoft.com/answers/tags/214/azure-database-postgresql"" target=""_blank"">Microsoft Q&amp;A</a>. If you have a support plan and you need technical help, open the&nbsp;<a href=""https://portal.azure.com/#blade/Microsoft_Azure_Support/HelpAndSupportBlade/newsupportrequest"" target=""_blank"">Azure portal</a>&nbsp;and select the question mark icon at the top of the page.</p><p></p>"		2026-02-24T18:33:14Z	2026-08-31T00:00:00Z	2026-04-23T10:57:29Z	2026-08-31		italynorth	26abc801-0d8f-4a6e-ac5f-8e81bcc09112	not_available				false	not_needed	full		"{""event_source"":""resource_health_events""}"
Azure Database for PostgreSQL flexible servers	UAT-pagoPA	azure-retirements-2721348d-5d3e-4374-adc4-06d277cdf144	2026-07-28	subscriptions	service_health_event_region	resource_health_events	Microsoft.ResourceHealth/events/ZPDZ-SL8	ZPDZ-SL8	ZPDZ-SL8	HealthAdvisory		ServiceHealth	Warning	Warning	Active		Retirement notice: We're improving the high availability experience for Azure Database for PostgreSQL	Retirement notice: We're improving the high availability experience for Azure Database for PostgreSQL	"<p><em>You’re receiving this notification because you’re associated with one or more Azure subscriptions with Azure Database for PostgreSQL flexible server instances. For reference, you can find this notification in the Azure portal under&nbsp;Service Health/</em><a href=""https://aka.ms/AzureServiceHealthAdvisories"" target=""_blank""><em>Health advisories</em></a><em>&nbsp;using tracking ID:&nbsp;ZPDZ-SL8.</em></p>"	"<p><em>You’re receiving this notification because you’re associated with one or more Azure subscriptions with Azure Database for PostgreSQL flexible server instances. For reference, you can find this notification in the Azure portal under&nbsp;Service Health/</em><a href=""https://aka.ms/AzureServiceHealthAdvisories"" target=""_blank""><em>Health advisories</em></a><em>&nbsp;using tracking ID:&nbsp;ZPDZ-SL8.</em></p> <p>We've rolled out improvements to the high availability experience for Azure Database for PostgreSQL to simplify configuration and strengthen long-term resiliency against zonal failures.</p> <h2><strong>What's changing</strong></h2> <p>With this experience enabled in the Azure portal and Azure CLI, Azure will now default to zone-redundant high availability. If the selected region doesn't support that, you can choose a&nbsp;<a href=""https://learn.microsoft.com/azure/postgresql/high-availability/concepts-high-availability#configure-business-critical-high-availability-options"" target=""_blank"">fallback mechanism</a>&nbsp;by selecting the fallback checkbox in the Azure portal or by using the&nbsp;<strong>allow-same-zone</strong>&nbsp;parameter in the Azure CLI.</p> <p>Changes in the Azure portal include:</p> <p></p><ul><li>High availability is now labelled&nbsp;<strong>business critical (high availability)</strong>. If you previously had the experience enabled, no action is required from you.</li><li>A new zonal resiliency option is available. When enabled, Azure deploys a standby server in a different availability zone from the primary one, helping protect workloads from zonal outages.</li></ul><h2><strong>Automatic migration notice</strong></h2><p>Automatic migration will be supported for new servers created after 12 February 2026 as soon as regional capacity is available. Servers created before 12 February 2026 will be automatically migrated over time. You won't need to redeploy or make configuration changes.</p><p>From 1 September 2026, servers created using same-zone high availability via developer tools including Terraform, Bicep, SDKs (.NET, Python, Java, JavaScript, and Go), PowerShell, and Ansible will be automatically migrated once capacity becomes available in the region. After the transition, writes are committed across multiple availability zones. This may result in minor changes in write behaviour, with minimal latency impact and improved resiliency and durability.</p><p>If you'd like to migrate sooner, self-service migration options, such as point-in-time restore or read replicas, will allow you to move to a zone-redundant configuration at your own pace. Read our&nbsp;<a href=""https://learn.microsoft.com/azure/postgresql/high-availability/how-to-configure-high-availability?tabs=portal-enable-existing-server%2Cportal-disable-existing-server%2Cportal-enable-new-server%2Cportal-forced-failover%2Cportal-planned-failover#limitations-and-considerations"" target=""_blank"">documentation</a>&nbsp;to learn more about self-service migration options, zonal resiliency, the built-in fallback capability, and automatic migration behaviour.</p><h2><strong>Help and support</strong></h2><p>If you have questions about how these changes apply to your deployments or automation workflows, please reach out to us through Microsoft support, your account team, or the&nbsp;<a href=""https://feedback.azure.com/d365community/forum/c5e32b97-ee24-ec11-b6e6-000d3a4f0da0"" target=""_blank"">feedback forum.</a></p><p>If you have general questions, ask community experts in&nbsp;<a href=""https://learn.microsoft.com/answers/tags/214/azure-database-postgresql"" target=""_blank"">Microsoft Q&amp;A</a>. If you have a support plan and you need technical help, open the&nbsp;<a href=""https://portal.azure.com/#blade/Microsoft_Azure_Support/HelpAndSupportBlade/newsupportrequest"" target=""_blank"">Azure portal</a>&nbsp;and select the question mark icon at the top of the page.</p><p></p>"		2026-02-24T18:33:14Z	2026-08-31T00:00:00Z	2026-04-23T10:57:29Z	2026-08-31		northeurope	26abc801-0d8f-4a6e-ac5f-8e81bcc09112	not_available				false	not_needed	full		"{""event_source"":""resource_health_events""}"
Azure Database for PostgreSQL flexible servers	UAT-pagoPA	azure-retirements-2721348d-5d3e-4374-adc4-06d277cdf144	2026-07-28	subscriptions	service_health_event_region	resource_health_events	Microsoft.ResourceHealth/events/ZPDZ-SL8	ZPDZ-SL8	ZPDZ-SL8	HealthAdvisory		ServiceHealth	Warning	Warning	Active		Retirement notice: We're improving the high availability experience for Azure Database for PostgreSQL	Retirement notice: We're improving the high availability experience for Azure Database for PostgreSQL	"<p><em>You’re receiving this notification because you’re associated with one or more Azure subscriptions with Azure Database for PostgreSQL flexible server instances. For reference, you can find this notification in the Azure portal under&nbsp;Service Health/</em><a href=""https://aka.ms/AzureServiceHealthAdvisories"" target=""_blank""><em>Health advisories</em></a><em>&nbsp;using tracking ID:&nbsp;ZPDZ-SL8.</em></p>"	"<p><em>You’re receiving this notification because you’re associated with one or more Azure subscriptions with Azure Database for PostgreSQL flexible server instances. For reference, you can find this notification in the Azure portal under&nbsp;Service Health/</em><a href=""https://aka.ms/AzureServiceHealthAdvisories"" target=""_blank""><em>Health advisories</em></a><em>&nbsp;using tracking ID:&nbsp;ZPDZ-SL8.</em></p> <p>We've rolled out improvements to the high availability experience for Azure Database for PostgreSQL to simplify configuration and strengthen long-term resiliency against zonal failures.</p> <h2><strong>What's changing</strong></h2> <p>With this experience enabled in the Azure portal and Azure CLI, Azure will now default to zone-redundant high availability. If the selected region doesn't support that, you can choose a&nbsp;<a href=""https://learn.microsoft.com/azure/postgresql/high-availability/concepts-high-availability#configure-business-critical-high-availability-options"" target=""_blank"">fallback mechanism</a>&nbsp;by selecting the fallback checkbox in the Azure portal or by using the&nbsp;<strong>allow-same-zone</strong>&nbsp;parameter in the Azure CLI.</p> <p>Changes in the Azure portal include:</p> <p></p><ul><li>High availability is now labelled&nbsp;<strong>business critical (high availability)</strong>. If you previously had the experience enabled, no action is required from you.</li><li>A new zonal resiliency option is available. When enabled, Azure deploys a standby server in a different availability zone from the primary one, helping protect workloads from zonal outages.</li></ul><h2><strong>Automatic migration notice</strong></h2><p>Automatic migration will be supported for new servers created after 12 February 2026 as soon as regional capacity is available. Servers created before 12 February 2026 will be automatically migrated over time. You won't need to redeploy or make configuration changes.</p><p>From 1 September 2026, servers created using same-zone high availability via developer tools including Terraform, Bicep, SDKs (.NET, Python, Java, JavaScript, and Go), PowerShell, and Ansible will be automatically migrated once capacity becomes available in the region. After the transition, writes are committed across multiple availability zones. This may result in minor changes in write behaviour, with minimal latency impact and improved resiliency and durability.</p><p>If you'd like to migrate sooner, self-service migration options, such as point-in-time restore or read replicas, will allow you to move to a zone-redundant configuration at your own pace. Read our&nbsp;<a href=""https://learn.microsoft.com/azure/postgresql/high-availability/how-to-configure-high-availability?tabs=portal-enable-existing-server%2Cportal-disable-existing-server%2Cportal-enable-new-server%2Cportal-forced-failover%2Cportal-planned-failover#limitations-and-considerations"" target=""_blank"">documentation</a>&nbsp;to learn more about self-service migration options, zonal resiliency, the built-in fallback capability, and automatic migration behaviour.</p><h2><strong>Help and support</strong></h2><p>If you have questions about how these changes apply to your deployments or automation workflows, please reach out to us through Microsoft support, your account team, or the&nbsp;<a href=""https://feedback.azure.com/d365community/forum/c5e32b97-ee24-ec11-b6e6-000d3a4f0da0"" target=""_blank"">feedback forum.</a></p><p>If you have general questions, ask community experts in&nbsp;<a href=""https://learn.microsoft.com/answers/tags/214/azure-database-postgresql"" target=""_blank"">Microsoft Q&amp;A</a>. If you have a support plan and you need technical help, open the&nbsp;<a href=""https://portal.azure.com/#blade/Microsoft_Azure_Support/HelpAndSupportBlade/newsupportrequest"" target=""_blank"">Azure portal</a>&nbsp;and select the question mark icon at the top of the page.</p><p></p>"		2026-02-24T18:33:14Z	2026-08-31T00:00:00Z	2026-04-23T10:57:29Z	2026-08-31		spaincentral	26abc801-0d8f-4a6e-ac5f-8e81bcc09112	not_available				false	not_needed	full		"{""event_source"":""resource_health_events""}"
Azure Database for PostgreSQL flexible servers	UAT-pagoPA	azure-retirements-2721348d-5d3e-4374-adc4-06d277cdf144	2026-07-28	subscriptions	service_health_event_region	resource_health_events	Microsoft.ResourceHealth/events/ZPDZ-SL8	ZPDZ-SL8	ZPDZ-SL8	HealthAdvisory		ServiceHealth	Warning	Warning	Active		Retirement notice: We're improving the high availability experience for Azure Database for PostgreSQL	Retirement notice: We're improving the high availability experience for Azure Database for PostgreSQL	"<p><em>You’re receiving this notification because you’re associated with one or more Azure subscriptions with Azure Database for PostgreSQL flexible server instances. For reference, you can find this notification in the Azure portal under&nbsp;Service Health/</em><a href=""https://aka.ms/AzureServiceHealthAdvisories"" target=""_blank""><em>Health advisories</em></a><em>&nbsp;using tracking ID:&nbsp;ZPDZ-SL8.</em></p>"	"<p><em>You’re receiving this notification because you’re associated with one or more Azure subscriptions with Azure Database for PostgreSQL flexible server instances. For reference, you can find this notification in the Azure portal under&nbsp;Service Health/</em><a href=""https://aka.ms/AzureServiceHealthAdvisories"" target=""_blank""><em>Health advisories</em></a><em>&nbsp;using tracking ID:&nbsp;ZPDZ-SL8.</em></p> <p>We've rolled out improvements to the high availability experience for Azure Database for PostgreSQL to simplify configuration and strengthen long-term resiliency against zonal failures.</p> <h2><strong>What's changing</strong></h2> <p>With this experience enabled in the Azure portal and Azure CLI, Azure will now default to zone-redundant high availability. If the selected region doesn't support that, you can choose a&nbsp;<a href=""https://learn.microsoft.com/azure/postgresql/high-availability/concepts-high-availability#configure-business-critical-high-availability-options"" target=""_blank"">fallback mechanism</a>&nbsp;by selecting the fallback checkbox in the Azure portal or by using the&nbsp;<strong>allow-same-zone</strong>&nbsp;parameter in the Azure CLI.</p> <p>Changes in the Azure portal include:</p> <p></p><ul><li>High availability is now labelled&nbsp;<strong>business critical (high availability)</strong>. If you previously had the experience enabled, no action is required from you.</li><li>A new zonal resiliency option is available. When enabled, Azure deploys a standby server in a different availability zone from the primary one, helping protect workloads from zonal outages.</li></ul><h2><strong>Automatic migration notice</strong></h2><p>Automatic migration will be supported for new servers created after 12 February 2026 as soon as regional capacity is available. Servers created before 12 February 2026 will be automatically migrated over time. You won't need to redeploy or make configuration changes.</p><p>From 1 September 2026, servers created using same-zone high availability via developer tools including Terraform, Bicep, SDKs (.NET, Python, Java, JavaScript, and Go), PowerShell, and Ansible will be automatically migrated once capacity becomes available in the region. After the transition, writes are committed across multiple availability zones. This may result in minor changes in write behaviour, with minimal latency impact and improved resiliency and durability.</p><p>If you'd like to migrate sooner, self-service migration options, such as point-in-time restore or read replicas, will allow you to move to a zone-redundant configuration at your own pace. Read our&nbsp;<a href=""https://learn.microsoft.com/azure/postgresql/high-availability/how-to-configure-high-availability?tabs=portal-enable-existing-server%2Cportal-disable-existing-server%2Cportal-enable-new-server%2Cportal-forced-failover%2Cportal-planned-failover#limitations-and-considerations"" target=""_blank"">documentation</a>&nbsp;to learn more about self-service migration options, zonal resiliency, the built-in fallback capability, and automatic migration behaviour.</p><h2><strong>Help and support</strong></h2><p>If you have questions about how these changes apply to your deployments or automation workflows, please reach out to us through Microsoft support, your account team, or the&nbsp;<a href=""https://feedback.azure.com/d365community/forum/c5e32b97-ee24-ec11-b6e6-000d3a4f0da0"" target=""_blank"">feedback forum.</a></p><p>If you have general questions, ask community experts in&nbsp;<a href=""https://learn.microsoft.com/answers/tags/214/azure-database-postgresql"" target=""_blank"">Microsoft Q&amp;A</a>. If you have a support plan and you need technical help, open the&nbsp;<a href=""https://portal.azure.com/#blade/Microsoft_Azure_Support/HelpAndSupportBlade/newsupportrequest"" target=""_blank"">Azure portal</a>&nbsp;and select the question mark icon at the top of the page.</p><p></p>"		2026-02-24T18:33:14Z	2026-08-31T00:00:00Z	2026-04-23T10:57:29Z	2026-08-31		westeurope	26abc801-0d8f-4a6e-ac5f-8e81bcc09112	not_available				false	not_needed	full		"{""event_source"":""resource_health_events""}"
Azure Kubernetes Service (AKS)	UAT-pagoPA	azure-retirements-2721348d-5d3e-4374-adc4-06d277cdf144	2026-07-28	subscriptions	service_health_event_region	resource_health_events	Microsoft.ResourceHealth/events/9Y2Z-_K8	9Y2Z-_K8	9Y2Z-_K8	HealthAdvisory	Retirement	ServiceHealth	Warning	Warning	Active		Transition Ubuntu 22.04 clusters to Ubuntu 24.04 or later by 30 June 2027	Transition Ubuntu 22.04 clusters to Ubuntu 24.04 or later by 30 June 2027	<p><em>You’re receiving this notification because you’re associated with one or more Azure subscriptions that use Ubuntu 22.04 for Azure Kubernetes Service (AKS) clusters. For reference, you can find this notification in the Azure portal under&nbsp;Service Health/Health advisories&nbsp;using tracking ID: 9Y2Z-_K8.</em></p>	"<p><em>You’re receiving this notification because you’re associated with one or more Azure subscriptions that use Ubuntu 22.04 for Azure Kubernetes Service (AKS) clusters. For reference, you can find this notification in the Azure portal under&nbsp;Service Health/Health advisories&nbsp;using tracking ID: 9Y2Z-_K8.</em></p> <p><em>On 30 June 2027, we’ll retire Ubuntu 22.04 on Azure Kubernetes Service. To avoid disruptions,&nbsp;</em><a href=""https://learn.microsoft.com/azure/aks/upgrade-os-version"" target=""_blank""><strong>transition</strong>&nbsp;to Ubuntu 24.04 or later by that date.</a><a href=""https://aka.ms/aks/supported-ubuntu-versions"" target=""_blank"">&nbsp;</a>Newer supported versions<strong>&nbsp;</strong>include&nbsp;<a href=""https://discourse.ubuntu.com/t/ubuntu-24-04-lts-noble-numbat-release-notes/39890"" target=""_blank"">kernel updates and security improvements</a>.</p> <p>Between now and 30 June 2027, you can continue to use Ubuntu 22.04 on AKS without disruption. If you don’t migrate by 30 June 2027, you won’t be able to create new node pools, AKS&nbsp;won’t produce new node images, and you’ll no longer receive security patches for existing node pools. If you'd like to enable long-term support with Kubernetes version 1.33 or later, first update your node pools to Ubuntu 24.04.</p> <p>Additionally, on&nbsp;30 April 2028 AKS will remove Ubuntu 22.04 node images and existing code, causing scaling&nbsp;and remediation operations to fail.&nbsp;</p> <h2>Recommended action</h2> <p>To avoid service disruptions such as security vulnerabilities, failed node image upgrades, and scaling failures,&nbsp;<a href=""https://aka.ms/aks/upgrade-os-version"" target=""_blank""><strong>migrate</strong>&nbsp;to Ubuntu 24.04 or later by 30 June 2027.&nbsp;</a>Your migration options include:</p> <p></p><ul><li>Default&nbsp;Operating System SKU (OSSku): If you’re using ‘Ubuntu,’&nbsp;you’ll&nbsp;automatically migrate to Ubuntu 24.04 when you upgrade your Kubernetes version to 1.35 or later.</li><li>Versioned OSSku: If you’re using ‘Ubuntu2204,’ update your OSSku to ‘Ubuntu’ for Kubernetes 1.35 or later, or ‘Ubuntu2404’ for Kubernetes 1.32 or later.</li></ul><h2>Help and support&nbsp;</h2><p>If you have questions, get answers from community experts in&nbsp;<a href=""https://learn.microsoft.com/answers/tags/200/azure-kubernetes-service"" target=""_blank"">Microsoft Q&amp;A</a>&nbsp;or&nbsp;AKS GitHub. If you have a support plan and need technical help, follow our&nbsp;<a href=""https://learn.microsoft.com/azure/azure-portal/supportability/how-to-create-azure-support-request#open-a-support-request-from-the-global-header"" target=""_blank"">documentation</a>&nbsp;to create a support request.</p><p><em>Learn more about service retirements that may impact your resources in the&nbsp;</em><a href=""https://aka.ms/ServicesRetirementWorkbook"" target=""_blank""><em>Azure Retirement Workbook</em></a><em>. Please note that retirements may not be visible in the workbook for up to two weeks after being announced.</em></p><p></p>"		2026-02-19T21:31:43Z	2027-06-30T00:00:00Z	2026-04-13T09:49:39Z	2027-06-30		germanywestcentral	26abc801-0d8f-4a6e-ac5f-8e81bcc09112	not_available				false	not_needed	full	retirement_date_derived_from_text	"{""event_source"":""resource_health_events""}"
Azure Kubernetes Service (AKS)	UAT-pagoPA	azure-retirements-2721348d-5d3e-4374-adc4-06d277cdf144	2026-07-28	subscriptions	service_health_event_region	resource_health_events	Microsoft.ResourceHealth/events/9Y2Z-_K8	9Y2Z-_K8	9Y2Z-_K8	HealthAdvisory	Retirement	ServiceHealth	Warning	Warning	Active		Transition Ubuntu 22.04 clusters to Ubuntu 24.04 or later by 30 June 2027	Transition Ubuntu 22.04 clusters to Ubuntu 24.04 or later by 30 June 2027	<p><em>You’re receiving this notification because you’re associated with one or more Azure subscriptions that use Ubuntu 22.04 for Azure Kubernetes Service (AKS) clusters. For reference, you can find this notification in the Azure portal under&nbsp;Service Health/Health advisories&nbsp;using tracking ID: 9Y2Z-_K8.</em></p>	"<p><em>You’re receiving this notification because you’re associated with one or more Azure subscriptions that use Ubuntu 22.04 for Azure Kubernetes Service (AKS) clusters. For reference, you can find this notification in the Azure portal under&nbsp;Service Health/Health advisories&nbsp;using tracking ID: 9Y2Z-_K8.</em></p> <p><em>On 30 June 2027, we’ll retire Ubuntu 22.04 on Azure Kubernetes Service. To avoid disruptions,&nbsp;</em><a href=""https://learn.microsoft.com/azure/aks/upgrade-os-version"" target=""_blank""><strong>transition</strong>&nbsp;to Ubuntu 24.04 or later by that date.</a><a href=""https://aka.ms/aks/supported-ubuntu-versions"" target=""_blank"">&nbsp;</a>Newer supported versions<strong>&nbsp;</strong>include&nbsp;<a href=""https://discourse.ubuntu.com/t/ubuntu-24-04-lts-noble-numbat-release-notes/39890"" target=""_blank"">kernel updates and security improvements</a>.</p> <p>Between now and 30 June 2027, you can continue to use Ubuntu 22.04 on AKS without disruption. If you don’t migrate by 30 June 2027, you won’t be able to create new node pools, AKS&nbsp;won’t produce new node images, and you’ll no longer receive security patches for existing node pools. If you'd like to enable long-term support with Kubernetes version 1.33 or later, first update your node pools to Ubuntu 24.04.</p> <p>Additionally, on&nbsp;30 April 2028 AKS will remove Ubuntu 22.04 node images and existing code, causing scaling&nbsp;and remediation operations to fail.&nbsp;</p> <h2>Recommended action</h2> <p>To avoid service disruptions such as security vulnerabilities, failed node image upgrades, and scaling failures,&nbsp;<a href=""https://aka.ms/aks/upgrade-os-version"" target=""_blank""><strong>migrate</strong>&nbsp;to Ubuntu 24.04 or later by 30 June 2027.&nbsp;</a>Your migration options include:</p> <p></p><ul><li>Default&nbsp;Operating System SKU (OSSku): If you’re using ‘Ubuntu,’&nbsp;you’ll&nbsp;automatically migrate to Ubuntu 24.04 when you upgrade your Kubernetes version to 1.35 or later.</li><li>Versioned OSSku: If you’re using ‘Ubuntu2204,’ update your OSSku to ‘Ubuntu’ for Kubernetes 1.35 or later, or ‘Ubuntu2404’ for Kubernetes 1.32 or later.</li></ul><h2>Help and support&nbsp;</h2><p>If you have questions, get answers from community experts in&nbsp;<a href=""https://learn.microsoft.com/answers/tags/200/azure-kubernetes-service"" target=""_blank"">Microsoft Q&amp;A</a>&nbsp;or&nbsp;AKS GitHub. If you have a support plan and need technical help, follow our&nbsp;<a href=""https://learn.microsoft.com/azure/azure-portal/supportability/how-to-create-azure-support-request#open-a-support-request-from-the-global-header"" target=""_blank"">documentation</a>&nbsp;to create a support request.</p><p><em>Learn more about service retirements that may impact your resources in the&nbsp;</em><a href=""https://aka.ms/ServicesRetirementWorkbook"" target=""_blank""><em>Azure Retirement Workbook</em></a><em>. Please note that retirements may not be visible in the workbook for up to two weeks after being announced.</em></p><p></p>"		2026-02-19T21:31:43Z	2027-06-30T00:00:00Z	2026-04-13T09:49:39Z	2027-06-30		italynorth	26abc801-0d8f-4a6e-ac5f-8e81bcc09112	not_available				false	not_needed	full	retirement_date_derived_from_text	"{""event_source"":""resource_health_events""}"
Azure Kubernetes Service (AKS)	UAT-pagoPA	azure-retirements-2721348d-5d3e-4374-adc4-06d277cdf144	2026-07-28	subscriptions	service_health_event_region	resource_health_events	Microsoft.ResourceHealth/events/9Y2Z-_K8	9Y2Z-_K8	9Y2Z-_K8	HealthAdvisory	Retirement	ServiceHealth	Warning	Warning	Active		Transition Ubuntu 22.04 clusters to Ubuntu 24.04 or later by 30 June 2027	Transition Ubuntu 22.04 clusters to Ubuntu 24.04 or later by 30 June 2027	<p><em>You’re receiving this notification because you’re associated with one or more Azure subscriptions that use Ubuntu 22.04 for Azure Kubernetes Service (AKS) clusters. For reference, you can find this notification in the Azure portal under&nbsp;Service Health/Health advisories&nbsp;using tracking ID: 9Y2Z-_K8.</em></p>	"<p><em>You’re receiving this notification because you’re associated with one or more Azure subscriptions that use Ubuntu 22.04 for Azure Kubernetes Service (AKS) clusters. For reference, you can find this notification in the Azure portal under&nbsp;Service Health/Health advisories&nbsp;using tracking ID: 9Y2Z-_K8.</em></p> <p><em>On 30 June 2027, we’ll retire Ubuntu 22.04 on Azure Kubernetes Service. To avoid disruptions,&nbsp;</em><a href=""https://learn.microsoft.com/azure/aks/upgrade-os-version"" target=""_blank""><strong>transition</strong>&nbsp;to Ubuntu 24.04 or later by that date.</a><a href=""https://aka.ms/aks/supported-ubuntu-versions"" target=""_blank"">&nbsp;</a>Newer supported versions<strong>&nbsp;</strong>include&nbsp;<a href=""https://discourse.ubuntu.com/t/ubuntu-24-04-lts-noble-numbat-release-notes/39890"" target=""_blank"">kernel updates and security improvements</a>.</p> <p>Between now and 30 June 2027, you can continue to use Ubuntu 22.04 on AKS without disruption. If you don’t migrate by 30 June 2027, you won’t be able to create new node pools, AKS&nbsp;won’t produce new node images, and you’ll no longer receive security patches for existing node pools. If you'd like to enable long-term support with Kubernetes version 1.33 or later, first update your node pools to Ubuntu 24.04.</p> <p>Additionally, on&nbsp;30 April 2028 AKS will remove Ubuntu 22.04 node images and existing code, causing scaling&nbsp;and remediation operations to fail.&nbsp;</p> <h2>Recommended action</h2> <p>To avoid service disruptions such as security vulnerabilities, failed node image upgrades, and scaling failures,&nbsp;<a href=""https://aka.ms/aks/upgrade-os-version"" target=""_blank""><strong>migrate</strong>&nbsp;to Ubuntu 24.04 or later by 30 June 2027.&nbsp;</a>Your migration options include:</p> <p></p><ul><li>Default&nbsp;Operating System SKU (OSSku): If you’re using ‘Ubuntu,’&nbsp;you’ll&nbsp;automatically migrate to Ubuntu 24.04 when you upgrade your Kubernetes version to 1.35 or later.</li><li>Versioned OSSku: If you’re using ‘Ubuntu2204,’ update your OSSku to ‘Ubuntu’ for Kubernetes 1.35 or later, or ‘Ubuntu2404’ for Kubernetes 1.32 or later.</li></ul><h2>Help and support&nbsp;</h2><p>If you have questions, get answers from community experts in&nbsp;<a href=""https://learn.microsoft.com/answers/tags/200/azure-kubernetes-service"" target=""_blank"">Microsoft Q&amp;A</a>&nbsp;or&nbsp;AKS GitHub. If you have a support plan and need technical help, follow our&nbsp;<a href=""https://learn.microsoft.com/azure/azure-portal/supportability/how-to-create-azure-support-request#open-a-support-request-from-the-global-header"" target=""_blank"">documentation</a>&nbsp;to create a support request.</p><p><em>Learn more about service retirements that may impact your resources in the&nbsp;</em><a href=""https://aka.ms/ServicesRetirementWorkbook"" target=""_blank""><em>Azure Retirement Workbook</em></a><em>. Please note that retirements may not be visible in the workbook for up to two weeks after being announced.</em></p><p></p>"		2026-02-19T21:31:43Z	2027-06-30T00:00:00Z	2026-04-13T09:49:39Z	2027-06-30		northeurope	26abc801-0d8f-4a6e-ac5f-8e81bcc09112	not_available				false	not_needed	full	retirement_date_derived_from_text	"{""event_source"":""resource_health_events""}"
Azure Kubernetes Service (AKS)	UAT-pagoPA	azure-retirements-2721348d-5d3e-4374-adc4-06d277cdf144	2026-07-28	subscriptions	service_health_event_region	resource_health_events	Microsoft.ResourceHealth/events/9Y2Z-_K8	9Y2Z-_K8	9Y2Z-_K8	HealthAdvisory	Retirement	ServiceHealth	Warning	Warning	Active		Transition Ubuntu 22.04 clusters to Ubuntu 24.04 or later by 30 June 2027	Transition Ubuntu 22.04 clusters to Ubuntu 24.04 or later by 30 June 2027	<p><em>You’re receiving this notification because you’re associated with one or more Azure subscriptions that use Ubuntu 22.04 for Azure Kubernetes Service (AKS) clusters. For reference, you can find this notification in the Azure portal under&nbsp;Service Health/Health advisories&nbsp;using tracking ID: 9Y2Z-_K8.</em></p>	"<p><em>You’re receiving this notification because you’re associated with one or more Azure subscriptions that use Ubuntu 22.04 for Azure Kubernetes Service (AKS) clusters. For reference, you can find this notification in the Azure portal under&nbsp;Service Health/Health advisories&nbsp;using tracking ID: 9Y2Z-_K8.</em></p> <p><em>On 30 June 2027, we’ll retire Ubuntu 22.04 on Azure Kubernetes Service. To avoid disruptions,&nbsp;</em><a href=""https://learn.microsoft.com/azure/aks/upgrade-os-version"" target=""_blank""><strong>transition</strong>&nbsp;to Ubuntu 24.04 or later by that date.</a><a href=""https://aka.ms/aks/supported-ubuntu-versions"" target=""_blank"">&nbsp;</a>Newer supported versions<strong>&nbsp;</strong>include&nbsp;<a href=""https://discourse.ubuntu.com/t/ubuntu-24-04-lts-noble-numbat-release-notes/39890"" target=""_blank"">kernel updates and security improvements</a>.</p> <p>Between now and 30 June 2027, you can continue to use Ubuntu 22.04 on AKS without disruption. If you don’t migrate by 30 June 2027, you won’t be able to create new node pools, AKS&nbsp;won’t produce new node images, and you’ll no longer receive security patches for existing node pools. If you'd like to enable long-term support with Kubernetes version 1.33 or later, first update your node pools to Ubuntu 24.04.</p> <p>Additionally, on&nbsp;30 April 2028 AKS will remove Ubuntu 22.04 node images and existing code, causing scaling&nbsp;and remediation operations to fail.&nbsp;</p> <h2>Recommended action</h2> <p>To avoid service disruptions such as security vulnerabilities, failed node image upgrades, and scaling failures,&nbsp;<a href=""https://aka.ms/aks/upgrade-os-version"" target=""_blank""><strong>migrate</strong>&nbsp;to Ubuntu 24.04 or later by 30 June 2027.&nbsp;</a>Your migration options include:</p> <p></p><ul><li>Default&nbsp;Operating System SKU (OSSku): If you’re using ‘Ubuntu,’&nbsp;you’ll&nbsp;automatically migrate to Ubuntu 24.04 when you upgrade your Kubernetes version to 1.35 or later.</li><li>Versioned OSSku: If you’re using ‘Ubuntu2204,’ update your OSSku to ‘Ubuntu’ for Kubernetes 1.35 or later, or ‘Ubuntu2404’ for Kubernetes 1.32 or later.</li></ul><h2>Help and support&nbsp;</h2><p>If you have questions, get answers from community experts in&nbsp;<a href=""https://learn.microsoft.com/answers/tags/200/azure-kubernetes-service"" target=""_blank"">Microsoft Q&amp;A</a>&nbsp;or&nbsp;AKS GitHub. If you have a support plan and need technical help, follow our&nbsp;<a href=""https://learn.microsoft.com/azure/azure-portal/supportability/how-to-create-azure-support-request#open-a-support-request-from-the-global-header"" target=""_blank"">documentation</a>&nbsp;to create a support request.</p><p><em>Learn more about service retirements that may impact your resources in the&nbsp;</em><a href=""https://aka.ms/ServicesRetirementWorkbook"" target=""_blank""><em>Azure Retirement Workbook</em></a><em>. Please note that retirements may not be visible in the workbook for up to two weeks after being announced.</em></p><p></p>"		2026-02-19T21:31:43Z	2027-06-30T00:00:00Z	2026-04-13T09:49:39Z	2027-06-30		spaincentral	26abc801-0d8f-4a6e-ac5f-8e81bcc09112	not_available				false	not_needed	full	retirement_date_derived_from_text	"{""event_source"":""resource_health_events""}"
Azure Kubernetes Service (AKS)	UAT-pagoPA	azure-retirements-2721348d-5d3e-4374-adc4-06d277cdf144	2026-07-28	subscriptions	service_health_event_region	resource_health_events	Microsoft.ResourceHealth/events/9Y2Z-_K8	9Y2Z-_K8	9Y2Z-_K8	HealthAdvisory	Retirement	ServiceHealth	Warning	Warning	Active		Transition Ubuntu 22.04 clusters to Ubuntu 24.04 or later by 30 June 2027	Transition Ubuntu 22.04 clusters to Ubuntu 24.04 or later by 30 June 2027	<p><em>You’re receiving this notification because you’re associated with one or more Azure subscriptions that use Ubuntu 22.04 for Azure Kubernetes Service (AKS) clusters. For reference, you can find this notification in the Azure portal under&nbsp;Service Health/Health advisories&nbsp;using tracking ID: 9Y2Z-_K8.</em></p>	"<p><em>You’re receiving this notification because you’re associated with one or more Azure subscriptions that use Ubuntu 22.04 for Azure Kubernetes Service (AKS) clusters. For reference, you can find this notification in the Azure portal under&nbsp;Service Health/Health advisories&nbsp;using tracking ID: 9Y2Z-_K8.</em></p> <p><em>On 30 June 2027, we’ll retire Ubuntu 22.04 on Azure Kubernetes Service. To avoid disruptions,&nbsp;</em><a href=""https://learn.microsoft.com/azure/aks/upgrade-os-version"" target=""_blank""><strong>transition</strong>&nbsp;to Ubuntu 24.04 or later by that date.</a><a href=""https://aka.ms/aks/supported-ubuntu-versions"" target=""_blank"">&nbsp;</a>Newer supported versions<strong>&nbsp;</strong>include&nbsp;<a href=""https://discourse.ubuntu.com/t/ubuntu-24-04-lts-noble-numbat-release-notes/39890"" target=""_blank"">kernel updates and security improvements</a>.</p> <p>Between now and 30 June 2027, you can continue to use Ubuntu 22.04 on AKS without disruption. If you don’t migrate by 30 June 2027, you won’t be able to create new node pools, AKS&nbsp;won’t produce new node images, and you’ll no longer receive security patches for existing node pools. If you'd like to enable long-term support with Kubernetes version 1.33 or later, first update your node pools to Ubuntu 24.04.</p> <p>Additionally, on&nbsp;30 April 2028 AKS will remove Ubuntu 22.04 node images and existing code, causing scaling&nbsp;and remediation operations to fail.&nbsp;</p> <h2>Recommended action</h2> <p>To avoid service disruptions such as security vulnerabilities, failed node image upgrades, and scaling failures,&nbsp;<a href=""https://aka.ms/aks/upgrade-os-version"" target=""_blank""><strong>migrate</strong>&nbsp;to Ubuntu 24.04 or later by 30 June 2027.&nbsp;</a>Your migration options include:</p> <p></p><ul><li>Default&nbsp;Operating System SKU (OSSku): If you’re using ‘Ubuntu,’&nbsp;you’ll&nbsp;automatically migrate to Ubuntu 24.04 when you upgrade your Kubernetes version to 1.35 or later.</li><li>Versioned OSSku: If you’re using ‘Ubuntu2204,’ update your OSSku to ‘Ubuntu’ for Kubernetes 1.35 or later, or ‘Ubuntu2404’ for Kubernetes 1.32 or later.</li></ul><h2>Help and support&nbsp;</h2><p>If you have questions, get answers from community experts in&nbsp;<a href=""https://learn.microsoft.com/answers/tags/200/azure-kubernetes-service"" target=""_blank"">Microsoft Q&amp;A</a>&nbsp;or&nbsp;AKS GitHub. If you have a support plan and need technical help, follow our&nbsp;<a href=""https://learn.microsoft.com/azure/azure-portal/supportability/how-to-create-azure-support-request#open-a-support-request-from-the-global-header"" target=""_blank"">documentation</a>&nbsp;to create a support request.</p><p><em>Learn more about service retirements that may impact your resources in the&nbsp;</em><a href=""https://aka.ms/ServicesRetirementWorkbook"" target=""_blank""><em>Azure Retirement Workbook</em></a><em>. Please note that retirements may not be visible in the workbook for up to two weeks after being announced.</em></p><p></p>"		2026-02-19T21:31:43Z	2027-06-30T00:00:00Z	2026-04-13T09:49:39Z	2027-06-30		westeurope	26abc801-0d8f-4a6e-ac5f-8e81bcc09112	not_available				false	not_needed	full	retirement_date_derived_from_text	"{""event_source"":""resource_health_events""}"
Azure Monitor	DEV-CSTAR	azure-retirements-2721348d-5d3e-4374-adc4-06d277cdf144	2026-07-28	subscriptions	service_health_event_region	resource_health_events	Microsoft.ResourceHealth/events/0QXK-41Z	0QXK-41Z	0QXK-41Z	HealthAdvisory	Retirement	ServiceHealth	Warning	Warning	Active		Action recommended: Migrate to managed identity authentication in Azure Monitor Container Insights before 30 September 2026	Action recommended: Migrate to managed identity authentication in Azure Monitor Container Insights before 30 September 2026	<p><em>You're receiving this notification because you have one or more Azure subscriptions currently using legacy authentication in Azure Monitor Container Insights.</em></p>	"<p><em>You're receiving this notification because you have one or more Azure subscriptions currently using legacy authentication in Azure Monitor Container Insights.</em></p> <p>On 30 September 2026, we'll retire legacy authentication in Azure Monitor Container Insights. To avoid disruptions, <a href=""https://aka.ms/CILegacyAuthMigration"" target=""_blank"">migrate</a> to managed identity authentication before 30 September 2026.</p> <p>Managed identity authentication is more secure and gives you access to newer Azure Monitor Container Insights features, such as syslog collection and high scale mode.</p> <h2>Recommended action</h2> <p>To avoid disruptions, migrate from legacy to managed identity authentication before 30 September 2026. Read our <a href=""https://aka.ms/CILegacyAuthMigration"" target=""_blank"">documentation</a> to learn how to migrate your Azure Kubernetes Service (AKS) clusters with a single click in the Azure portal. You'll also find command line options and a bulk migration script.</p> <p></p><h2>Help and support</h2><p>If you have questions, get answers from community experts in <a href=""https://learn.microsoft.com/answers/tags/20/azure-monitor"" target=""_blank"">Microsoft Q&amp;A</a>. If you have a support plan and need technical help, please create a <a href=""https://portal.azure.com/#blade/Microsoft_Azure_Support/HelpAndSupportBlade/newsupportrequest"" target=""_blank"">support request</a>.</p><p><em>Learn more about service retirements that may impact your resources in the </em><a href=""https://aka.ms/ServicesRetirementWorkbook"" target=""_blank""><em>Azure Retirement Workbook</em></a><em>. Please note that retirements may not be visible in the workbook for up to two weeks after being announced.</em></p><p></p>"		2026-04-14T05:54:44Z	2027-10-14T05:54:44Z	2026-07-06T14:22:31Z	2026-09-30		germanywestcentral	4d177dd6-5c7d-40ab-8019-0c1be380a25d	not_available				false	not_needed	full	retirement_date_derived_from_text	"{""event_source"":""resource_health_events""}"
Azure Monitor	DEV-CSTAR	azure-retirements-2721348d-5d3e-4374-adc4-06d277cdf144	2026-07-28	subscriptions	service_health_event_region	resource_health_events	Microsoft.ResourceHealth/events/0QXK-41Z	0QXK-41Z	0QXK-41Z	HealthAdvisory	Retirement	ServiceHealth	Warning	Warning	Active		Action recommended: Migrate to managed identity authentication in Azure Monitor Container Insights before 30 September 2026	Action recommended: Migrate to managed identity authentication in Azure Monitor Container Insights before 30 September 2026	<p><em>You're receiving this notification because you have one or more Azure subscriptions currently using legacy authentication in Azure Monitor Container Insights.</em></p>	"<p><em>You're receiving this notification because you have one or more Azure subscriptions currently using legacy authentication in Azure Monitor Container Insights.</em></p> <p>On 30 September 2026, we'll retire legacy authentication in Azure Monitor Container Insights. To avoid disruptions, <a href=""https://aka.ms/CILegacyAuthMigration"" target=""_blank"">migrate</a> to managed identity authentication before 30 September 2026.</p> <p>Managed identity authentication is more secure and gives you access to newer Azure Monitor Container Insights features, such as syslog collection and high scale mode.</p> <h2>Recommended action</h2> <p>To avoid disruptions, migrate from legacy to managed identity authentication before 30 September 2026. Read our <a href=""https://aka.ms/CILegacyAuthMigration"" target=""_blank"">documentation</a> to learn how to migrate your Azure Kubernetes Service (AKS) clusters with a single click in the Azure portal. You'll also find command line options and a bulk migration script.</p> <p></p><h2>Help and support</h2><p>If you have questions, get answers from community experts in <a href=""https://learn.microsoft.com/answers/tags/20/azure-monitor"" target=""_blank"">Microsoft Q&amp;A</a>. If you have a support plan and need technical help, please create a <a href=""https://portal.azure.com/#blade/Microsoft_Azure_Support/HelpAndSupportBlade/newsupportrequest"" target=""_blank"">support request</a>.</p><p><em>Learn more about service retirements that may impact your resources in the </em><a href=""https://aka.ms/ServicesRetirementWorkbook"" target=""_blank""><em>Azure Retirement Workbook</em></a><em>. Please note that retirements may not be visible in the workbook for up to two weeks after being announced.</em></p><p></p>"		2026-04-14T05:54:44Z	2027-10-14T05:54:44Z	2026-07-06T14:22:31Z	2026-09-30		global	4d177dd6-5c7d-40ab-8019-0c1be380a25d	not_available				false	not_needed	full	retirement_date_derived_from_text	"{""event_source"":""resource_health_events""}"
Azure Monitor	DEV-CSTAR	azure-retirements-2721348d-5d3e-4374-adc4-06d277cdf144	2026-07-28	subscriptions	service_health_event_region	resource_health_events	Microsoft.ResourceHealth/events/0QXK-41Z	0QXK-41Z	0QXK-41Z	HealthAdvisory	Retirement	ServiceHealth	Warning	Warning	Active		Action recommended: Migrate to managed identity authentication in Azure Monitor Container Insights before 30 September 2026	Action recommended: Migrate to managed identity authentication in Azure Monitor Container Insights before 30 September 2026	<p><em>You're receiving this notification because you have one or more Azure subscriptions currently using legacy authentication in Azure Monitor Container Insights.</em></p>	"<p><em>You're receiving this notification because you have one or more Azure subscriptions currently using legacy authentication in Azure Monitor Container Insights.</em></p> <p>On 30 September 2026, we'll retire legacy authentication in Azure Monitor Container Insights. To avoid disruptions, <a href=""https://aka.ms/CILegacyAuthMigration"" target=""_blank"">migrate</a> to managed identity authentication before 30 September 2026.</p> <p>Managed identity authentication is more secure and gives you access to newer Azure Monitor Container Insights features, such as syslog collection and high scale mode.</p> <h2>Recommended action</h2> <p>To avoid disruptions, migrate from legacy to managed identity authentication before 30 September 2026. Read our <a href=""https://aka.ms/CILegacyAuthMigration"" target=""_blank"">documentation</a> to learn how to migrate your Azure Kubernetes Service (AKS) clusters with a single click in the Azure portal. You'll also find command line options and a bulk migration script.</p> <p></p><h2>Help and support</h2><p>If you have questions, get answers from community experts in <a href=""https://learn.microsoft.com/answers/tags/20/azure-monitor"" target=""_blank"">Microsoft Q&amp;A</a>. If you have a support plan and need technical help, please create a <a href=""https://portal.azure.com/#blade/Microsoft_Azure_Support/HelpAndSupportBlade/newsupportrequest"" target=""_blank"">support request</a>.</p><p><em>Learn more about service retirements that may impact your resources in the </em><a href=""https://aka.ms/ServicesRetirementWorkbook"" target=""_blank""><em>Azure Retirement Workbook</em></a><em>. Please note that retirements may not be visible in the workbook for up to two weeks after being announced.</em></p><p></p>"		2026-04-14T05:54:44Z	2027-10-14T05:54:44Z	2026-07-06T14:22:31Z	2026-09-30		northeurope	4d177dd6-5c7d-40ab-8019-0c1be380a25d	not_available				false	not_needed	full	retirement_date_derived_from_text	"{""event_source"":""resource_health_events""}"
Azure Monitor	DEV-CSTAR	azure-retirements-2721348d-5d3e-4374-adc4-06d277cdf144	2026-07-28	subscriptions	service_health_event_region	resource_health_events	Microsoft.ResourceHealth/events/0QXK-41Z	0QXK-41Z	0QXK-41Z	HealthAdvisory	Retirement	ServiceHealth	Warning	Warning	Active		Action recommended: Migrate to managed identity authentication in Azure Monitor Container Insights before 30 September 2026	Action recommended: Migrate to managed identity authentication in Azure Monitor Container Insights before 30 September 2026	<p><em>You're receiving this notification because you have one or more Azure subscriptions currently using legacy authentication in Azure Monitor Container Insights.</em></p>	"<p><em>You're receiving this notification because you have one or more Azure subscriptions currently using legacy authentication in Azure Monitor Container Insights.</em></p> <p>On 30 September 2026, we'll retire legacy authentication in Azure Monitor Container Insights. To avoid disruptions, <a href=""https://aka.ms/CILegacyAuthMigration"" target=""_blank"">migrate</a> to managed identity authentication before 30 September 2026.</p> <p>Managed identity authentication is more secure and gives you access to newer Azure Monitor Container Insights features, such as syslog collection and high scale mode.</p> <h2>Recommended action</h2> <p>To avoid disruptions, migrate from legacy to managed identity authentication before 30 September 2026. Read our <a href=""https://aka.ms/CILegacyAuthMigration"" target=""_blank"">documentation</a> to learn how to migrate your Azure Kubernetes Service (AKS) clusters with a single click in the Azure portal. You'll also find command line options and a bulk migration script.</p> <p></p><h2>Help and support</h2><p>If you have questions, get answers from community experts in <a href=""https://learn.microsoft.com/answers/tags/20/azure-monitor"" target=""_blank"">Microsoft Q&amp;A</a>. If you have a support plan and need technical help, please create a <a href=""https://portal.azure.com/#blade/Microsoft_Azure_Support/HelpAndSupportBlade/newsupportrequest"" target=""_blank"">support request</a>.</p><p><em>Learn more about service retirements that may impact your resources in the </em><a href=""https://aka.ms/ServicesRetirementWorkbook"" target=""_blank""><em>Azure Retirement Workbook</em></a><em>. Please note that retirements may not be visible in the workbook for up to two weeks after being announced.</em></p><p></p>"		2026-04-14T05:54:44Z	2027-10-14T05:54:44Z	2026-07-06T14:22:31Z	2026-09-30		westeurope	4d177dd6-5c7d-40ab-8019-0c1be380a25d	not_available				false	not_needed	full	retirement_date_derived_from_text	"{""event_source"":""resource_health_events""}"
Azure Kubernetes Service (AKS)	DEV-CSTAR	azure-retirements-2721348d-5d3e-4374-adc4-06d277cdf144	2026-07-28	subscriptions	service_health_event_region	resource_health_events	Microsoft.ResourceHealth/events/9Y2Z-_K8	9Y2Z-_K8	9Y2Z-_K8	HealthAdvisory	Retirement	ServiceHealth	Warning	Warning	Active		Retirement notice: Transition Ubuntu 22.04 clusters to Ubuntu 24.04 or later before 30 June 2027	Retirement notice: Transition Ubuntu 22.04 clusters to Ubuntu 24.04 or later before 30 June 2027	<p><em>You’re receiving this notification because you’re associated with one or more Azure subscriptions that use Ubuntu 22.04 for Azure Kubernetes Service (AKS) clusters. For reference, you can find this notification in the Azure portal under&nbsp;Service Health/Health advisories&nbsp;using tracking ID: 9Y2Z-_K8.</em></p>	"<p><em>You’re receiving this notification because you’re associated with one or more Azure subscriptions that use Ubuntu 22.04 for Azure Kubernetes Service (AKS) clusters. For reference, you can find this notification in the Azure portal under&nbsp;Service Health/Health advisories&nbsp;using tracking ID: 9Y2Z-_K8.</em></p> <p><em>On 30 June 2027, we’ll retire Ubuntu 22.04 on Azure Kubernetes Service. To avoid disruptions,&nbsp;</em><a href=""https://learn.microsoft.com/azure/aks/upgrade-os-version"" target=""_blank""><strong>transition</strong>&nbsp;to Ubuntu 24.04 or later by that date.</a><a href=""https://aka.ms/aks/supported-ubuntu-versions"" target=""_blank"">&nbsp;</a>Newer supported versions<strong>&nbsp;</strong>include&nbsp;<a href=""https://discourse.ubuntu.com/t/ubuntu-24-04-lts-noble-numbat-release-notes/39890"" target=""_blank"">kernel updates and security improvements</a>.</p> <p>Between now and 30 June 2027, you can continue to use Ubuntu 22.04 on AKS without disruption. If you don’t migrate by 30 June 2027, you won’t be able to create new node pools, AKS&nbsp;won’t produce new node images, and you’ll no longer receive security patches for existing node pools. If you'd like to enable long-term support with Kubernetes version 1.33 or later, first update your node pools to Ubuntu 24.04.</p> <p>Additionally, on&nbsp;30 April 2028 AKS will remove Ubuntu 22.04 node images and existing code, causing scaling&nbsp;and remediation operations to fail.&nbsp;</p> <h2>Recommended action</h2> <p>To avoid service disruptions such as security vulnerabilities, failed node image upgrades, and scaling failures,&nbsp;<a href=""https://aka.ms/aks/upgrade-os-version"" target=""_blank""><strong>migrate</strong>&nbsp;to Ubuntu 24.04 or later by 30 June 2027.&nbsp;</a>Your migration options include:</p> <p></p><ul><li>Default&nbsp;Operating System SKU (OSSku): If you’re using ‘Ubuntu,’&nbsp;you’ll&nbsp;automatically migrate to Ubuntu 24.04 when you upgrade your Kubernetes version to 1.35 or later.</li><li>Versioned OSSku: If you’re using ‘Ubuntu2204,’ update your OSSku to ‘Ubuntu’ for Kubernetes 1.35 or later, or ‘Ubuntu2404’ for Kubernetes 1.32 or later.</li></ul><h2>Help and support&nbsp;</h2><p>If you have questions, get answers from community experts in&nbsp;<a href=""https://learn.microsoft.com/answers/tags/200/azure-kubernetes-service"" target=""_blank"">Microsoft Q&amp;A</a>&nbsp;or&nbsp;AKS GitHub. If you have a support plan and need technical help, follow our&nbsp;<a href=""https://learn.microsoft.com/azure/azure-portal/supportability/how-to-create-azure-support-request#open-a-support-request-from-the-global-header"" target=""_blank"">documentation</a>&nbsp;to create a support request.</p><p><em>Learn more about service retirements that may impact your resources in the&nbsp;</em><a href=""https://aka.ms/ServicesRetirementWorkbook"" target=""_blank""><em>Azure Retirement Workbook</em></a><em>. Please note that retirements may not be visible in the workbook for up to two weeks after being announced.</em></p><p></p>"		2026-02-19T21:31:43Z	2027-06-30T00:00:00Z	2026-04-13T09:49:41Z	2027-06-30		germanywestcentral	4d177dd6-5c7d-40ab-8019-0c1be380a25d	not_available				false	not_needed	full	retirement_date_derived_from_text	"{""event_source"":""resource_health_events""}"
Azure Kubernetes Service (AKS)	DEV-CSTAR	azure-retirements-2721348d-5d3e-4374-adc4-06d277cdf144	2026-07-28	subscriptions	service_health_event_region	resource_health_events	Microsoft.ResourceHealth/events/9Y2Z-_K8	9Y2Z-_K8	9Y2Z-_K8	HealthAdvisory	Retirement	ServiceHealth	Warning	Warning	Active		Retirement notice: Transition Ubuntu 22.04 clusters to Ubuntu 24.04 or later before 30 June 2027	Retirement notice: Transition Ubuntu 22.04 clusters to Ubuntu 24.04 or later before 30 June 2027	<p><em>You’re receiving this notification because you’re associated with one or more Azure subscriptions that use Ubuntu 22.04 for Azure Kubernetes Service (AKS) clusters. For reference, you can find this notification in the Azure portal under&nbsp;Service Health/Health advisories&nbsp;using tracking ID: 9Y2Z-_K8.</em></p>	"<p><em>You’re receiving this notification because you’re associated with one or more Azure subscriptions that use Ubuntu 22.04 for Azure Kubernetes Service (AKS) clusters. For reference, you can find this notification in the Azure portal under&nbsp;Service Health/Health advisories&nbsp;using tracking ID: 9Y2Z-_K8.</em></p> <p><em>On 30 June 2027, we’ll retire Ubuntu 22.04 on Azure Kubernetes Service. To avoid disruptions,&nbsp;</em><a href=""https://learn.microsoft.com/azure/aks/upgrade-os-version"" target=""_blank""><strong>transition</strong>&nbsp;to Ubuntu 24.04 or later by that date.</a><a href=""https://aka.ms/aks/supported-ubuntu-versions"" target=""_blank"">&nbsp;</a>Newer supported versions<strong>&nbsp;</strong>include&nbsp;<a href=""https://discourse.ubuntu.com/t/ubuntu-24-04-lts-noble-numbat-release-notes/39890"" target=""_blank"">kernel updates and security improvements</a>.</p> <p>Between now and 30 June 2027, you can continue to use Ubuntu 22.04 on AKS without disruption. If you don’t migrate by 30 June 2027, you won’t be able to create new node pools, AKS&nbsp;won’t produce new node images, and you’ll no longer receive security patches for existing node pools. If you'd like to enable long-term support with Kubernetes version 1.33 or later, first update your node pools to Ubuntu 24.04.</p> <p>Additionally, on&nbsp;30 April 2028 AKS will remove Ubuntu 22.04 node images and existing code, causing scaling&nbsp;and remediation operations to fail.&nbsp;</p> <h2>Recommended action</h2> <p>To avoid service disruptions such as security vulnerabilities, failed node image upgrades, and scaling failures,&nbsp;<a href=""https://aka.ms/aks/upgrade-os-version"" target=""_blank""><strong>migrate</strong>&nbsp;to Ubuntu 24.04 or later by 30 June 2027.&nbsp;</a>Your migration options include:</p> <p></p><ul><li>Default&nbsp;Operating System SKU (OSSku): If you’re using ‘Ubuntu,’&nbsp;you’ll&nbsp;automatically migrate to Ubuntu 24.04 when you upgrade your Kubernetes version to 1.35 or later.</li><li>Versioned OSSku: If you’re using ‘Ubuntu2204,’ update your OSSku to ‘Ubuntu’ for Kubernetes 1.35 or later, or ‘Ubuntu2404’ for Kubernetes 1.32 or later.</li></ul><h2>Help and support&nbsp;</h2><p>If you have questions, get answers from community experts in&nbsp;<a href=""https://learn.microsoft.com/answers/tags/200/azure-kubernetes-service"" target=""_blank"">Microsoft Q&amp;A</a>&nbsp;or&nbsp;AKS GitHub. If you have a support plan and need technical help, follow our&nbsp;<a href=""https://learn.microsoft.com/azure/azure-portal/supportability/how-to-create-azure-support-request#open-a-support-request-from-the-global-header"" target=""_blank"">documentation</a>&nbsp;to create a support request.</p><p><em>Learn more about service retirements that may impact your resources in the&nbsp;</em><a href=""https://aka.ms/ServicesRetirementWorkbook"" target=""_blank""><em>Azure Retirement Workbook</em></a><em>. Please note that retirements may not be visible in the workbook for up to two weeks after being announced.</em></p><p></p>"		2026-02-19T21:31:43Z	2027-06-30T00:00:00Z	2026-04-13T09:49:41Z	2027-06-30		italynorth	4d177dd6-5c7d-40ab-8019-0c1be380a25d	not_available				false	not_needed	full	retirement_date_derived_from_text	"{""event_source"":""resource_health_events""}"
Azure Kubernetes Service (AKS)	DEV-CSTAR	azure-retirements-2721348d-5d3e-4374-adc4-06d277cdf144	2026-07-28	subscriptions	service_health_event_region	resource_health_events	Microsoft.ResourceHealth/events/9Y2Z-_K8	9Y2Z-_K8	9Y2Z-_K8	HealthAdvisory	Retirement	ServiceHealth	Warning	Warning	Active		Retirement notice: Transition Ubuntu 22.04 clusters to Ubuntu 24.04 or later before 30 June 2027	Retirement notice: Transition Ubuntu 22.04 clusters to Ubuntu 24.04 or later before 30 June 2027	<p><em>You’re receiving this notification because you’re associated with one or more Azure subscriptions that use Ubuntu 22.04 for Azure Kubernetes Service (AKS) clusters. For reference, you can find this notification in the Azure portal under&nbsp;Service Health/Health advisories&nbsp;using tracking ID: 9Y2Z-_K8.</em></p>	"<p><em>You’re receiving this notification because you’re associated with one or more Azure subscriptions that use Ubuntu 22.04 for Azure Kubernetes Service (AKS) clusters. For reference, you can find this notification in the Azure portal under&nbsp;Service Health/Health advisories&nbsp;using tracking ID: 9Y2Z-_K8.</em></p> <p><em>On 30 June 2027, we’ll retire Ubuntu 22.04 on Azure Kubernetes Service. To avoid disruptions,&nbsp;</em><a href=""https://learn.microsoft.com/azure/aks/upgrade-os-version"" target=""_blank""><strong>transition</strong>&nbsp;to Ubuntu 24.04 or later by that date.</a><a href=""https://aka.ms/aks/supported-ubuntu-versions"" target=""_blank"">&nbsp;</a>Newer supported versions<strong>&nbsp;</strong>include&nbsp;<a href=""https://discourse.ubuntu.com/t/ubuntu-24-04-lts-noble-numbat-release-notes/39890"" target=""_blank"">kernel updates and security improvements</a>.</p> <p>Between now and 30 June 2027, you can continue to use Ubuntu 22.04 on AKS without disruption. If you don’t migrate by 30 June 2027, you won’t be able to create new node pools, AKS&nbsp;won’t produce new node images, and you’ll no longer receive security patches for existing node pools. If you'd like to enable long-term support with Kubernetes version 1.33 or later, first update your node pools to Ubuntu 24.04.</p> <p>Additionally, on&nbsp;30 April 2028 AKS will remove Ubuntu 22.04 node images and existing code, causing scaling&nbsp;and remediation operations to fail.&nbsp;</p> <h2>Recommended action</h2> <p>To avoid service disruptions such as security vulnerabilities, failed node image upgrades, and scaling failures,&nbsp;<a href=""https://aka.ms/aks/upgrade-os-version"" target=""_blank""><strong>migrate</strong>&nbsp;to Ubuntu 24.04 or later by 30 June 2027.&nbsp;</a>Your migration options include:</p> <p></p><ul><li>Default&nbsp;Operating System SKU (OSSku): If you’re using ‘Ubuntu,’&nbsp;you’ll&nbsp;automatically migrate to Ubuntu 24.04 when you upgrade your Kubernetes version to 1.35 or later.</li><li>Versioned OSSku: If you’re using ‘Ubuntu2204,’ update your OSSku to ‘Ubuntu’ for Kubernetes 1.35 or later, or ‘Ubuntu2404’ for Kubernetes 1.32 or later.</li></ul><h2>Help and support&nbsp;</h2><p>If you have questions, get answers from community experts in&nbsp;<a href=""https://learn.microsoft.com/answers/tags/200/azure-kubernetes-service"" target=""_blank"">Microsoft Q&amp;A</a>&nbsp;or&nbsp;AKS GitHub. If you have a support plan and need technical help, follow our&nbsp;<a href=""https://learn.microsoft.com/azure/azure-portal/supportability/how-to-create-azure-support-request#open-a-support-request-from-the-global-header"" target=""_blank"">documentation</a>&nbsp;to create a support request.</p><p><em>Learn more about service retirements that may impact your resources in the&nbsp;</em><a href=""https://aka.ms/ServicesRetirementWorkbook"" target=""_blank""><em>Azure Retirement Workbook</em></a><em>. Please note that retirements may not be visible in the workbook for up to two weeks after being announced.</em></p><p></p>"		2026-02-19T21:31:43Z	2027-06-30T00:00:00Z	2026-04-13T09:49:41Z	2027-06-30		northeurope	4d177dd6-5c7d-40ab-8019-0c1be380a25d	not_available				false	not_needed	full	retirement_date_derived_from_text	"{""event_source"":""resource_health_events""}"
Azure Kubernetes Service (AKS)	DEV-CSTAR	azure-retirements-2721348d-5d3e-4374-adc4-06d277cdf144	2026-07-28	subscriptions	service_health_event_region	resource_health_events	Microsoft.ResourceHealth/events/9Y2Z-_K8	9Y2Z-_K8	9Y2Z-_K8	HealthAdvisory	Retirement	ServiceHealth	Warning	Warning	Active		Retirement notice: Transition Ubuntu 22.04 clusters to Ubuntu 24.04 or later before 30 June 2027	Retirement notice: Transition Ubuntu 22.04 clusters to Ubuntu 24.04 or later before 30 June 2027	<p><em>You’re receiving this notification because you’re associated with one or more Azure subscriptions that use Ubuntu 22.04 for Azure Kubernetes Service (AKS) clusters. For reference, you can find this notification in the Azure portal under&nbsp;Service Health/Health advisories&nbsp;using tracking ID: 9Y2Z-_K8.</em></p>	"<p><em>You’re receiving this notification because you’re associated with one or more Azure subscriptions that use Ubuntu 22.04 for Azure Kubernetes Service (AKS) clusters. For reference, you can find this notification in the Azure portal under&nbsp;Service Health/Health advisories&nbsp;using tracking ID: 9Y2Z-_K8.</em></p> <p><em>On 30 June 2027, we’ll retire Ubuntu 22.04 on Azure Kubernetes Service. To avoid disruptions,&nbsp;</em><a href=""https://learn.microsoft.com/azure/aks/upgrade-os-version"" target=""_blank""><strong>transition</strong>&nbsp;to Ubuntu 24.04 or later by that date.</a><a href=""https://aka.ms/aks/supported-ubuntu-versions"" target=""_blank"">&nbsp;</a>Newer supported versions<strong>&nbsp;</strong>include&nbsp;<a href=""https://discourse.ubuntu.com/t/ubuntu-24-04-lts-noble-numbat-release-notes/39890"" target=""_blank"">kernel updates and security improvements</a>.</p> <p>Between now and 30 June 2027, you can continue to use Ubuntu 22.04 on AKS without disruption. If you don’t migrate by 30 June 2027, you won’t be able to create new node pools, AKS&nbsp;won’t produce new node images, and you’ll no longer receive security patches for existing node pools. If you'd like to enable long-term support with Kubernetes version 1.33 or later, first update your node pools to Ubuntu 24.04.</p> <p>Additionally, on&nbsp;30 April 2028 AKS will remove Ubuntu 22.04 node images and existing code, causing scaling&nbsp;and remediation operations to fail.&nbsp;</p> <h2>Recommended action</h2> <p>To avoid service disruptions such as security vulnerabilities, failed node image upgrades, and scaling failures,&nbsp;<a href=""https://aka.ms/aks/upgrade-os-version"" target=""_blank""><strong>migrate</strong>&nbsp;to Ubuntu 24.04 or later by 30 June 2027.&nbsp;</a>Your migration options include:</p> <p></p><ul><li>Default&nbsp;Operating System SKU (OSSku): If you’re using ‘Ubuntu,’&nbsp;you’ll&nbsp;automatically migrate to Ubuntu 24.04 when you upgrade your Kubernetes version to 1.35 or later.</li><li>Versioned OSSku: If you’re using ‘Ubuntu2204,’ update your OSSku to ‘Ubuntu’ for Kubernetes 1.35 or later, or ‘Ubuntu2404’ for Kubernetes 1.32 or later.</li></ul><h2>Help and support&nbsp;</h2><p>If you have questions, get answers from community experts in&nbsp;<a href=""https://learn.microsoft.com/answers/tags/200/azure-kubernetes-service"" target=""_blank"">Microsoft Q&amp;A</a>&nbsp;or&nbsp;AKS GitHub. If you have a support plan and need technical help, follow our&nbsp;<a href=""https://learn.microsoft.com/azure/azure-portal/supportability/how-to-create-azure-support-request#open-a-support-request-from-the-global-header"" target=""_blank"">documentation</a>&nbsp;to create a support request.</p><p><em>Learn more about service retirements that may impact your resources in the&nbsp;</em><a href=""https://aka.ms/ServicesRetirementWorkbook"" target=""_blank""><em>Azure Retirement Workbook</em></a><em>. Please note that retirements may not be visible in the workbook for up to two weeks after being announced.</em></p><p></p>"		2026-02-19T21:31:43Z	2027-06-30T00:00:00Z	2026-04-13T09:49:41Z	2027-06-30		spaincentral	4d177dd6-5c7d-40ab-8019-0c1be380a25d	not_available				false	not_needed	full	retirement_date_derived_from_text	"{""event_source"":""resource_health_events""}"
Azure Kubernetes Service (AKS)	DEV-CSTAR	azure-retirements-2721348d-5d3e-4374-adc4-06d277cdf144	2026-07-28	subscriptions	service_health_event_region	resource_health_events	Microsoft.ResourceHealth/events/9Y2Z-_K8	9Y2Z-_K8	9Y2Z-_K8	HealthAdvisory	Retirement	ServiceHealth	Warning	Warning	Active		Retirement notice: Transition Ubuntu 22.04 clusters to Ubuntu 24.04 or later before 30 June 2027	Retirement notice: Transition Ubuntu 22.04 clusters to Ubuntu 24.04 or later before 30 June 2027	<p><em>You’re receiving this notification because you’re associated with one or more Azure subscriptions that use Ubuntu 22.04 for Azure Kubernetes Service (AKS) clusters. For reference, you can find this notification in the Azure portal under&nbsp;Service Health/Health advisories&nbsp;using tracking ID: 9Y2Z-_K8.</em></p>	"<p><em>You’re receiving this notification because you’re associated with one or more Azure subscriptions that use Ubuntu 22.04 for Azure Kubernetes Service (AKS) clusters. For reference, you can find this notification in the Azure portal under&nbsp;Service Health/Health advisories&nbsp;using tracking ID: 9Y2Z-_K8.</em></p> <p><em>On 30 June 2027, we’ll retire Ubuntu 22.04 on Azure Kubernetes Service. To avoid disruptions,&nbsp;</em><a href=""https://learn.microsoft.com/azure/aks/upgrade-os-version"" target=""_blank""><strong>transition</strong>&nbsp;to Ubuntu 24.04 or later by that date.</a><a href=""https://aka.ms/aks/supported-ubuntu-versions"" target=""_blank"">&nbsp;</a>Newer supported versions<strong>&nbsp;</strong>include&nbsp;<a href=""https://discourse.ubuntu.com/t/ubuntu-24-04-lts-noble-numbat-release-notes/39890"" target=""_blank"">kernel updates and security improvements</a>.</p> <p>Between now and 30 June 2027, you can continue to use Ubuntu 22.04 on AKS without disruption. If you don’t migrate by 30 June 2027, you won’t be able to create new node pools, AKS&nbsp;won’t produce new node images, and you’ll no longer receive security patches for existing node pools. If you'd like to enable long-term support with Kubernetes version 1.33 or later, first update your node pools to Ubuntu 24.04.</p> <p>Additionally, on&nbsp;30 April 2028 AKS will remove Ubuntu 22.04 node images and existing code, causing scaling&nbsp;and remediation operations to fail.&nbsp;</p> <h2>Recommended action</h2> <p>To avoid service disruptions such as security vulnerabilities, failed node image upgrades, and scaling failures,&nbsp;<a href=""https://aka.ms/aks/upgrade-os-version"" target=""_blank""><strong>migrate</strong>&nbsp;to Ubuntu 24.04 or later by 30 June 2027.&nbsp;</a>Your migration options include:</p> <p></p><ul><li>Default&nbsp;Operating System SKU (OSSku): If you’re using ‘Ubuntu,’&nbsp;you’ll&nbsp;automatically migrate to Ubuntu 24.04 when you upgrade your Kubernetes version to 1.35 or later.</li><li>Versioned OSSku: If you’re using ‘Ubuntu2204,’ update your OSSku to ‘Ubuntu’ for Kubernetes 1.35 or later, or ‘Ubuntu2404’ for Kubernetes 1.32 or later.</li></ul><h2>Help and support&nbsp;</h2><p>If you have questions, get answers from community experts in&nbsp;<a href=""https://learn.microsoft.com/answers/tags/200/azure-kubernetes-service"" target=""_blank"">Microsoft Q&amp;A</a>&nbsp;or&nbsp;AKS GitHub. If you have a support plan and need technical help, follow our&nbsp;<a href=""https://learn.microsoft.com/azure/azure-portal/supportability/how-to-create-azure-support-request#open-a-support-request-from-the-global-header"" target=""_blank"">documentation</a>&nbsp;to create a support request.</p><p><em>Learn more about service retirements that may impact your resources in the&nbsp;</em><a href=""https://aka.ms/ServicesRetirementWorkbook"" target=""_blank""><em>Azure Retirement Workbook</em></a><em>. Please note that retirements may not be visible in the workbook for up to two weeks after being announced.</em></p><p></p>"		2026-02-19T21:31:43Z	2027-06-30T00:00:00Z	2026-04-13T09:49:41Z	2027-06-30		westeurope	4d177dd6-5c7d-40ab-8019-0c1be380a25d	not_available				false	not_needed	full	retirement_date_derived_from_text	"{""event_source"":""resource_health_events""}"
Azure Functions	DEV-FATTURAZIONE	azure-retirements-2721348d-5d3e-4374-adc4-06d277cdf144	2026-07-28	subscriptions	service_health_event_region	resource_health_events	Microsoft.ResourceHealth/events/0RYZ-CKZ	0RYZ-CKZ	0RYZ-CKZ	HealthAdvisory	Retirement	ServiceHealth	Warning	Warning	Active		End of support notice: Support for .NET 8 ends on 10 November 2026—upgrade your apps to .NET 10	End of support notice: Support for .NET 8 ends on 10 November 2026—upgrade your apps to .NET 10	"<p><em>You’re receiving this notification because you’re associated with one or more Azure subscriptions that use .NET 8 app(s) on Azure Functions. For reference, you can find this notification in the Azure portal under Service Health/</em><a href=""https://aka.ms/AzureServiceHealthAdvisories"" target=""_blank""><em>Health advisories</em></a><em> using tracking ID: 0RYZ-CKZ.</em>&nbsp;</p>"	"<p><em>You’re receiving this notification because you’re associated with one or more Azure subscriptions that use .NET 8 app(s) on Azure Functions. For reference, you can find this notification in the Azure portal under Service Health/</em><a href=""https://aka.ms/AzureServiceHealthAdvisories"" target=""_blank""><em>Health advisories</em></a><em> using tracking ID: 0RYZ-CKZ.</em>&nbsp;</p> <p>Support for <strong>.NET 8</strong> will end on <strong>10 November 2026</strong>. Please transition to <strong>.NET 10</strong> by that date.&nbsp;</p> <p>Your Azure Function Apps will continue to operate, but security updates will no longer be provided, and support for .NET 8 on Azure Functions will end. Running Function Apps on an unsupported runtime or language version might lead to security and performance issues.&nbsp;</p> <p>Upgrade to .NET 10 before 10 November 2026 to remain on a supported version. Learn more about <a href=""https://learn.microsoft.com/azure/azure-functions/language-support-policy"" target=""_blank"">Azure Functions stack version</a> support.&nbsp;</p> <p><strong>Recommended action</strong>&nbsp;</p> <p>To avoid potential security vulnerabilities, minimize risk for your Azure Functions apps, and take advantage of latest features, you must take action based on your current configuration:&nbsp;</p> <p><strong>If your app is using the in-process model:</strong></p> <p><em> Migrate your app to the isolated worker model, then upgrade to .NET 10. For guidance, see:</em></p> <ul><li>&lt;<a href=""https://learn.microsoft.com/azure/azure-functions/migrate-dotnet-to-isolated-model?tabs=net8"" target=""_blank"">Migrate C# Apps from In-Process to Isolated Worker Model</a>&gt;</li><li>&lt;<a href=""https://learn.microsoft.com/azure/azure-functions/update-language-versions?tabs=azure-portal%2Cwindows&amp;pivots=programming-language-csharp"" target=""_blank"">Update Language Versions in Azure Functions</a>&gt;</li></ul> <p><strong>If your app is already using the isolated worker model:</strong></p> <p><em> Upgrade your app directly to .NET 10 by following </em></p> <p><em>·&nbsp;&nbsp;&nbsp;&nbsp;&nbsp;&nbsp;&nbsp;&lt;</em><a href=""https://learn.microsoft.com/azure/azure-functions/update-language-versions?tabs=azure-portal%2Cwindows&amp;pivots=programming-language-csharp"" target=""_blank"">Update Language Versions in Azure Functions</a>&gt;</p> <p>Complete all required upgrades<strong> </strong>and ensure your app has moved off the in-process model before <strong>10 November 2026</strong>.</p> <p><strong>Help and support</strong>&nbsp;</p> <p>If you have questions, get answers from community experts in <a href=""https://learn.microsoft.com/answers/tags/87/azure-functions"" target=""_blank"">Microsoft Q&amp;A.</a> If you have a support plan and need technical help, please follow our <a href=""https://learn.microsoft.com/azure/azure-portal/supportability/how-to-create-azure-support-request#open-a-support-request-from-the-global-header"" target=""_blank"">documentation</a> to create a support request.&nbsp;&nbsp;</p> <p><em>Learn more about service retirements that may impact your resources in the </em><a href=""https://aka.ms/ServicesRetirementWorkbook"" target=""_blank""><em>Azure Retirement Workbook</em></a><em>. Please note that retirements may not be visible in the workbook for up to two weeks after being announced.</em></p>"		2026-05-28T15:31:30Z	2027-11-28T15:31:30Z	2026-06-25T21:21:26Z	2026-11-10		germanywestcentral	5c587d75-fb91-4559-bda2-8612949a2b7d	not_available				false	not_needed	full	retirement_date_derived_from_text	"{""event_source"":""resource_health_events""}"
Azure Functions	DEV-FATTURAZIONE	azure-retirements-2721348d-5d3e-4374-adc4-06d277cdf144	2026-07-28	subscriptions	service_health_event_region	resource_health_events	Microsoft.ResourceHealth/events/0RYZ-CKZ	0RYZ-CKZ	0RYZ-CKZ	HealthAdvisory	Retirement	ServiceHealth	Warning	Warning	Active		End of support notice: Support for .NET 8 ends on 10 November 2026—upgrade your apps to .NET 10	End of support notice: Support for .NET 8 ends on 10 November 2026—upgrade your apps to .NET 10	"<p><em>You’re receiving this notification because you’re associated with one or more Azure subscriptions that use .NET 8 app(s) on Azure Functions. For reference, you can find this notification in the Azure portal under Service Health/</em><a href=""https://aka.ms/AzureServiceHealthAdvisories"" target=""_blank""><em>Health advisories</em></a><em> using tracking ID: 0RYZ-CKZ.</em>&nbsp;</p>"	"<p><em>You’re receiving this notification because you’re associated with one or more Azure subscriptions that use .NET 8 app(s) on Azure Functions. For reference, you can find this notification in the Azure portal under Service Health/</em><a href=""https://aka.ms/AzureServiceHealthAdvisories"" target=""_blank""><em>Health advisories</em></a><em> using tracking ID: 0RYZ-CKZ.</em>&nbsp;</p> <p>Support for <strong>.NET 8</strong> will end on <strong>10 November 2026</strong>. Please transition to <strong>.NET 10</strong> by that date.&nbsp;</p> <p>Your Azure Function Apps will continue to operate, but security updates will no longer be provided, and support for .NET 8 on Azure Functions will end. Running Function Apps on an unsupported runtime or language version might lead to security and performance issues.&nbsp;</p> <p>Upgrade to .NET 10 before 10 November 2026 to remain on a supported version. Learn more about <a href=""https://learn.microsoft.com/azure/azure-functions/language-support-policy"" target=""_blank"">Azure Functions stack version</a> support.&nbsp;</p> <p><strong>Recommended action</strong>&nbsp;</p> <p>To avoid potential security vulnerabilities, minimize risk for your Azure Functions apps, and take advantage of latest features, you must take action based on your current configuration:&nbsp;</p> <p><strong>If your app is using the in-process model:</strong></p> <p><em> Migrate your app to the isolated worker model, then upgrade to .NET 10. For guidance, see:</em></p> <ul><li>&lt;<a href=""https://learn.microsoft.com/azure/azure-functions/migrate-dotnet-to-isolated-model?tabs=net8"" target=""_blank"">Migrate C# Apps from In-Process to Isolated Worker Model</a>&gt;</li><li>&lt;<a href=""https://learn.microsoft.com/azure/azure-functions/update-language-versions?tabs=azure-portal%2Cwindows&amp;pivots=programming-language-csharp"" target=""_blank"">Update Language Versions in Azure Functions</a>&gt;</li></ul> <p><strong>If your app is already using the isolated worker model:</strong></p> <p><em> Upgrade your app directly to .NET 10 by following </em></p> <p><em>·&nbsp;&nbsp;&nbsp;&nbsp;&nbsp;&nbsp;&nbsp;&lt;</em><a href=""https://learn.microsoft.com/azure/azure-functions/update-language-versions?tabs=azure-portal%2Cwindows&amp;pivots=programming-language-csharp"" target=""_blank"">Update Language Versions in Azure Functions</a>&gt;</p> <p>Complete all required upgrades<strong> </strong>and ensure your app has moved off the in-process model before <strong>10 November 2026</strong>.</p> <p><strong>Help and support</strong>&nbsp;</p> <p>If you have questions, get answers from community experts in <a href=""https://learn.microsoft.com/answers/tags/87/azure-functions"" target=""_blank"">Microsoft Q&amp;A.</a> If you have a support plan and need technical help, please follow our <a href=""https://learn.microsoft.com/azure/azure-portal/supportability/how-to-create-azure-support-request#open-a-support-request-from-the-global-header"" target=""_blank"">documentation</a> to create a support request.&nbsp;&nbsp;</p> <p><em>Learn more about service retirements that may impact your resources in the </em><a href=""https://aka.ms/ServicesRetirementWorkbook"" target=""_blank""><em>Azure Retirement Workbook</em></a><em>. Please note that retirements may not be visible in the workbook for up to two weeks after being announced.</em></p>"		2026-05-28T15:31:30Z	2027-11-28T15:31:30Z	2026-06-25T21:21:26Z	2026-11-10		italynorth	5c587d75-fb91-4559-bda2-8612949a2b7d	not_available				false	not_needed	full	retirement_date_derived_from_text	"{""event_source"":""resource_health_events""}"
Azure Functions	DEV-FATTURAZIONE	azure-retirements-2721348d-5d3e-4374-adc4-06d277cdf144	2026-07-28	subscriptions	service_health_event_region	resource_health_events	Microsoft.ResourceHealth/events/0RYZ-CKZ	0RYZ-CKZ	0RYZ-CKZ	HealthAdvisory	Retirement	ServiceHealth	Warning	Warning	Active		End of support notice: Support for .NET 8 ends on 10 November 2026—upgrade your apps to .NET 10	End of support notice: Support for .NET 8 ends on 10 November 2026—upgrade your apps to .NET 10	"<p><em>You’re receiving this notification because you’re associated with one or more Azure subscriptions that use .NET 8 app(s) on Azure Functions. For reference, you can find this notification in the Azure portal under Service Health/</em><a href=""https://aka.ms/AzureServiceHealthAdvisories"" target=""_blank""><em>Health advisories</em></a><em> using tracking ID: 0RYZ-CKZ.</em>&nbsp;</p>"	"<p><em>You’re receiving this notification because you’re associated with one or more Azure subscriptions that use .NET 8 app(s) on Azure Functions. For reference, you can find this notification in the Azure portal under Service Health/</em><a href=""https://aka.ms/AzureServiceHealthAdvisories"" target=""_blank""><em>Health advisories</em></a><em> using tracking ID: 0RYZ-CKZ.</em>&nbsp;</p> <p>Support for <strong>.NET 8</strong> will end on <strong>10 November 2026</strong>. Please transition to <strong>.NET 10</strong> by that date.&nbsp;</p> <p>Your Azure Function Apps will continue to operate, but security updates will no longer be provided, and support for .NET 8 on Azure Functions will end. Running Function Apps on an unsupported runtime or language version might lead to security and performance issues.&nbsp;</p> <p>Upgrade to .NET 10 before 10 November 2026 to remain on a supported version. Learn more about <a href=""https://learn.microsoft.com/azure/azure-functions/language-support-policy"" target=""_blank"">Azure Functions stack version</a> support.&nbsp;</p> <p><strong>Recommended action</strong>&nbsp;</p> <p>To avoid potential security vulnerabilities, minimize risk for your Azure Functions apps, and take advantage of latest features, you must take action based on your current configuration:&nbsp;</p> <p><strong>If your app is using the in-process model:</strong></p> <p><em> Migrate your app to the isolated worker model, then upgrade to .NET 10. For guidance, see:</em></p> <ul><li>&lt;<a href=""https://learn.microsoft.com/azure/azure-functions/migrate-dotnet-to-isolated-model?tabs=net8"" target=""_blank"">Migrate C# Apps from In-Process to Isolated Worker Model</a>&gt;</li><li>&lt;<a href=""https://learn.microsoft.com/azure/azure-functions/update-language-versions?tabs=azure-portal%2Cwindows&amp;pivots=programming-language-csharp"" target=""_blank"">Update Language Versions in Azure Functions</a>&gt;</li></ul> <p><strong>If your app is already using the isolated worker model:</strong></p> <p><em> Upgrade your app directly to .NET 10 by following </em></p> <p><em>·&nbsp;&nbsp;&nbsp;&nbsp;&nbsp;&nbsp;&nbsp;&lt;</em><a href=""https://learn.microsoft.com/azure/azure-functions/update-language-versions?tabs=azure-portal%2Cwindows&amp;pivots=programming-language-csharp"" target=""_blank"">Update Language Versions in Azure Functions</a>&gt;</p> <p>Complete all required upgrades<strong> </strong>and ensure your app has moved off the in-process model before <strong>10 November 2026</strong>.</p> <p><strong>Help and support</strong>&nbsp;</p> <p>If you have questions, get answers from community experts in <a href=""https://learn.microsoft.com/answers/tags/87/azure-functions"" target=""_blank"">Microsoft Q&amp;A.</a> If you have a support plan and need technical help, please follow our <a href=""https://learn.microsoft.com/azure/azure-portal/supportability/how-to-create-azure-support-request#open-a-support-request-from-the-global-header"" target=""_blank"">documentation</a> to create a support request.&nbsp;&nbsp;</p> <p><em>Learn more about service retirements that may impact your resources in the </em><a href=""https://aka.ms/ServicesRetirementWorkbook"" target=""_blank""><em>Azure Retirement Workbook</em></a><em>. Please note that retirements may not be visible in the workbook for up to two weeks after being announced.</em></p>"		2026-05-28T15:31:30Z	2027-11-28T15:31:30Z	2026-06-25T21:21:26Z	2026-11-10		northeurope	5c587d75-fb91-4559-bda2-8612949a2b7d	not_available				false	not_needed	full	retirement_date_derived_from_text	"{""event_source"":""resource_health_events""}"
Azure Functions	DEV-FATTURAZIONE	azure-retirements-2721348d-5d3e-4374-adc4-06d277cdf144	2026-07-28	subscriptions	service_health_event_region	resource_health_events	Microsoft.ResourceHealth/events/0RYZ-CKZ	0RYZ-CKZ	0RYZ-CKZ	HealthAdvisory	Retirement	ServiceHealth	Warning	Warning	Active		End of support notice: Support for .NET 8 ends on 10 November 2026—upgrade your apps to .NET 10	End of support notice: Support for .NET 8 ends on 10 November 2026—upgrade your apps to .NET 10	"<p><em>You’re receiving this notification because you’re associated with one or more Azure subscriptions that use .NET 8 app(s) on Azure Functions. For reference, you can find this notification in the Azure portal under Service Health/</em><a href=""https://aka.ms/AzureServiceHealthAdvisories"" target=""_blank""><em>Health advisories</em></a><em> using tracking ID: 0RYZ-CKZ.</em>&nbsp;</p>"	"<p><em>You’re receiving this notification because you’re associated with one or more Azure subscriptions that use .NET 8 app(s) on Azure Functions. For reference, you can find this notification in the Azure portal under Service Health/</em><a href=""https://aka.ms/AzureServiceHealthAdvisories"" target=""_blank""><em>Health advisories</em></a><em> using tracking ID: 0RYZ-CKZ.</em>&nbsp;</p> <p>Support for <strong>.NET 8</strong> will end on <strong>10 November 2026</strong>. Please transition to <strong>.NET 10</strong> by that date.&nbsp;</p> <p>Your Azure Function Apps will continue to operate, but security updates will no longer be provided, and support for .NET 8 on Azure Functions will end. Running Function Apps on an unsupported runtime or language version might lead to security and performance issues.&nbsp;</p> <p>Upgrade to .NET 10 before 10 November 2026 to remain on a supported version. Learn more about <a href=""https://learn.microsoft.com/azure/azure-functions/language-support-policy"" target=""_blank"">Azure Functions stack version</a> support.&nbsp;</p> <p><strong>Recommended action</strong>&nbsp;</p> <p>To avoid potential security vulnerabilities, minimize risk for your Azure Functions apps, and take advantage of latest features, you must take action based on your current configuration:&nbsp;</p> <p><strong>If your app is using the in-process model:</strong></p> <p><em> Migrate your app to the isolated worker model, then upgrade to .NET 10. For guidance, see:</em></p> <ul><li>&lt;<a href=""https://learn.microsoft.com/azure/azure-functions/migrate-dotnet-to-isolated-model?tabs=net8"" target=""_blank"">Migrate C# Apps from In-Process to Isolated Worker Model</a>&gt;</li><li>&lt;<a href=""https://learn.microsoft.com/azure/azure-functions/update-language-versions?tabs=azure-portal%2Cwindows&amp;pivots=programming-language-csharp"" target=""_blank"">Update Language Versions in Azure Functions</a>&gt;</li></ul> <p><strong>If your app is already using the isolated worker model:</strong></p> <p><em> Upgrade your app directly to .NET 10 by following </em></p> <p><em>·&nbsp;&nbsp;&nbsp;&nbsp;&nbsp;&nbsp;&nbsp;&lt;</em><a href=""https://learn.microsoft.com/azure/azure-functions/update-language-versions?tabs=azure-portal%2Cwindows&amp;pivots=programming-language-csharp"" target=""_blank"">Update Language Versions in Azure Functions</a>&gt;</p> <p>Complete all required upgrades<strong> </strong>and ensure your app has moved off the in-process model before <strong>10 November 2026</strong>.</p> <p><strong>Help and support</strong>&nbsp;</p> <p>If you have questions, get answers from community experts in <a href=""https://learn.microsoft.com/answers/tags/87/azure-functions"" target=""_blank"">Microsoft Q&amp;A.</a> If you have a support plan and need technical help, please follow our <a href=""https://learn.microsoft.com/azure/azure-portal/supportability/how-to-create-azure-support-request#open-a-support-request-from-the-global-header"" target=""_blank"">documentation</a> to create a support request.&nbsp;&nbsp;</p> <p><em>Learn more about service retirements that may impact your resources in the </em><a href=""https://aka.ms/ServicesRetirementWorkbook"" target=""_blank""><em>Azure Retirement Workbook</em></a><em>. Please note that retirements may not be visible in the workbook for up to two weeks after being announced.</em></p>"		2026-05-28T15:31:30Z	2027-11-28T15:31:30Z	2026-06-25T21:21:26Z	2026-11-10		westeurope	5c587d75-fb91-4559-bda2-8612949a2b7d	not_available				false	not_needed	full	retirement_date_derived_from_text	"{""event_source"":""resource_health_events""}"
App Service	PROD-Esercenti	azure-retirements-2721348d-5d3e-4374-adc4-06d277cdf144	2026-07-28	subscriptions	service_health_event_region	resource_health_events	Microsoft.ResourceHealth/events/CRN7-_LG	CRN7-_LG	CRN7-_LG	HealthAdvisory		ServiceHealth	Warning	Warning	Active		Action required: Validate Java TLS compatibility before App Service JDK security updates (starting 20 October 2026)	Action required: Validate Java TLS compatibility before App Service JDK security updates (starting 20 October 2026)	<p><strong><em>You’re receiving this notification because one or more of your Azure subscriptions use Java workloads on Azure App Service.</em></strong></p>	"<p><strong><em>You’re receiving this notification because one or more of your Azure subscriptions use Java workloads on Azure App Service.</em></strong></p> <p>Starting on <strong>20 October 2026</strong> (phased rollout), App Service Java runtimes may begin updating to JDK 11.0.30+, 17.0.18+, and 21.0.10+ (and later patch versions) during region-specific maintenance windows/non-business hours.</p> <p><strong>In these JDK versions:</strong></p> <ul><li>SHA-1 is disabled for TLS 1.2 and DTLS 1.2 handshake signatures.</li><li>TLS_RSA cipher suites are disabled by default.</li></ul> <p>These changes improve security by removing legacy cryptographic algorithms, but they can cause compatibility issues with older endpoints or dependencies.</p> <p>For production workloads, Microsoft guidance remains to use pinned patch JVM versions to reduce unanticipated outages from patch auto-update:</p> <p><a href=""https://learn.microsoft.com/azure/app-service/configure-language-java-deploy-run?tabs=windows&amp;pivot%E2%80%A6"" target=""_blank"">Deploy and Configure Tomcat, JBoss EAP, or Java SE Apps - Azure App Service | Microsoft Learn</a></p> <p><strong>Potential impact</strong></p> <p><strong><em>Applications that depend on legacy TLS settings may experience connection failures, commonly seen as SSLHandshakeException in application logs (often not platform logs), including:</em></strong></p> <p></p><ul><li>""No appropriate protocol (protocol is disabled or cipher suites are inappropriate)""This usually indicates the remote endpoint only supports TLS<em>RSA cipher suites.</em></li><li><em>""No supported signature algorithm…""This usually indicates the remote endpoint signs TLS 1.2 handshakes with SHA-1.</em></li></ul><h2>Action required</h2><p>1.Identify impacted connections.</p><ul><li>Review application logs for SSLHandshakeException.</li><li>Audit dependencies/endpoints for SHA-1 handshake signatures or TLS<em>RSA-only cipher support.</em></li></ul><p><em>2.Remediate incompatible dependencies.</em></p><ul><li><em>Update endpoints/libraries to support modern cryptographic settings, such as SHA-256+ signatures and stronger cipher suites.</em></li></ul><p><em>3.Validate in pre-production.</em></p><ul><li><em>Test compatibility before rollout.</em></li><li><em>For testing environments, set Platform Release Setting to ""latest"" so runtime changes are exercised early.</em></li></ul><p><em>4.Use temporary mitigation if needed for production continuity.</em></p><ul><li><em>If remediation cannot complete before rollout, consider pinning to a known-good Java patch version as a short-term mitigation.</em></li><li><em>Track and remove this mitigation once dependencies are updated.</em></li></ul><p><em>5.Override Java security settings only as a last resort (not recommended long-term).</em></p><ul><li><em>This can reduce cryptographic security posture and should be time-boxed.</em></li></ul><p><em>&nbsp;Create a file named security-override.properties in your site directory (example path shown below):</em></p><p><em># D:\home\site\security-override.properties</em></p><p><em>jdk.tls.disabledAlgorithms=SSLv3, TLSv1, TLSv1.1, DTLSv1.0, RC4, DES, MD5withRSA, DH keySize &lt; 1024, EC keySize &lt; 224, 3DES</em>EDE<em>CBC, anon, NULL</em></p><p><em>&nbsp;</em></p><p><em>Then add the following JVM argument to your app’s JAVA</em>OPTS:</p><p>-Djava.security.properties=D:\home\site\security-override.properties</p><p>&nbsp;</p><p>Important: Treat this override as temporary. Plan removal after endpoint/dependency remediation.</p><h2>Help and support</h2><p>If you have questions, get answers from community experts in <a href=""https://learn.microsoft.com/answers/tags/20/azure-monitor"" target=""_blank"">Microsoft Q&amp;A</a>. If you have a support plan and need technical help, please submit a <a href=""https://learn.microsoft.com/azure/azure-portal/supportability/how-to-create-azure-support-request"" target=""_blank"">support request</a>. If you have additional questions, please contact us at java-core@microsoft.com</p><h2>Account Information</h2><p>{% for item in items %}</p><p><strong>Subscription ID: </strong>{{ item.subscriptionId }}</p><p><strong>Subscription name: </strong>{{ item.subscriptionName }}</p><p>{% endfor %}</p><p></p>"		2026-06-12T21:43:49Z	2026-10-20T18:20:56Z	2026-07-21T19:56:47Z	2026-10-20		germanywestcentral	74da48a3-b0e7-489d-8172-da79801086ed	not_available				false	not_needed	full		"{""event_source"":""resource_health_events""}"
App Service	PROD-Esercenti	azure-retirements-2721348d-5d3e-4374-adc4-06d277cdf144	2026-07-28	subscriptions	service_health_event_region	resource_health_events	Microsoft.ResourceHealth/events/CRN7-_LG	CRN7-_LG	CRN7-_LG	HealthAdvisory		ServiceHealth	Warning	Warning	Active		Action required: Validate Java TLS compatibility before App Service JDK security updates (starting 20 October 2026)	Action required: Validate Java TLS compatibility before App Service JDK security updates (starting 20 October 2026)	<p><strong><em>You’re receiving this notification because one or more of your Azure subscriptions use Java workloads on Azure App Service.</em></strong></p>	"<p><strong><em>You’re receiving this notification because one or more of your Azure subscriptions use Java workloads on Azure App Service.</em></strong></p> <p>Starting on <strong>20 October 2026</strong> (phased rollout), App Service Java runtimes may begin updating to JDK 11.0.30+, 17.0.18+, and 21.0.10+ (and later patch versions) during region-specific maintenance windows/non-business hours.</p> <p><strong>In these JDK versions:</strong></p> <ul><li>SHA-1 is disabled for TLS 1.2 and DTLS 1.2 handshake signatures.</li><li>TLS_RSA cipher suites are disabled by default.</li></ul> <p>These changes improve security by removing legacy cryptographic algorithms, but they can cause compatibility issues with older endpoints or dependencies.</p> <p>For production workloads, Microsoft guidance remains to use pinned patch JVM versions to reduce unanticipated outages from patch auto-update:</p> <p><a href=""https://learn.microsoft.com/azure/app-service/configure-language-java-deploy-run?tabs=windows&amp;pivot%E2%80%A6"" target=""_blank"">Deploy and Configure Tomcat, JBoss EAP, or Java SE Apps - Azure App Service | Microsoft Learn</a></p> <p><strong>Potential impact</strong></p> <p><strong><em>Applications that depend on legacy TLS settings may experience connection failures, commonly seen as SSLHandshakeException in application logs (often not platform logs), including:</em></strong></p> <p></p><ul><li>""No appropriate protocol (protocol is disabled or cipher suites are inappropriate)""This usually indicates the remote endpoint only supports TLS<em>RSA cipher suites.</em></li><li><em>""No supported signature algorithm…""This usually indicates the remote endpoint signs TLS 1.2 handshakes with SHA-1.</em></li></ul><h2>Action required</h2><p>1.Identify impacted connections.</p><ul><li>Review application logs for SSLHandshakeException.</li><li>Audit dependencies/endpoints for SHA-1 handshake signatures or TLS<em>RSA-only cipher support.</em></li></ul><p><em>2.Remediate incompatible dependencies.</em></p><ul><li><em>Update endpoints/libraries to support modern cryptographic settings, such as SHA-256+ signatures and stronger cipher suites.</em></li></ul><p><em>3.Validate in pre-production.</em></p><ul><li><em>Test compatibility before rollout.</em></li><li><em>For testing environments, set Platform Release Setting to ""latest"" so runtime changes are exercised early.</em></li></ul><p><em>4.Use temporary mitigation if needed for production continuity.</em></p><ul><li><em>If remediation cannot complete before rollout, consider pinning to a known-good Java patch version as a short-term mitigation.</em></li><li><em>Track and remove this mitigation once dependencies are updated.</em></li></ul><p><em>5.Override Java security settings only as a last resort (not recommended long-term).</em></p><ul><li><em>This can reduce cryptographic security posture and should be time-boxed.</em></li></ul><p><em>&nbsp;Create a file named security-override.properties in your site directory (example path shown below):</em></p><p><em># D:\home\site\security-override.properties</em></p><p><em>jdk.tls.disabledAlgorithms=SSLv3, TLSv1, TLSv1.1, DTLSv1.0, RC4, DES, MD5withRSA, DH keySize &lt; 1024, EC keySize &lt; 224, 3DES</em>EDE<em>CBC, anon, NULL</em></p><p><em>&nbsp;</em></p><p><em>Then add the following JVM argument to your app’s JAVA</em>OPTS:</p><p>-Djava.security.properties=D:\home\site\security-override.properties</p><p>&nbsp;</p><p>Important: Treat this override as temporary. Plan removal after endpoint/dependency remediation.</p><h2>Help and support</h2><p>If you have questions, get answers from community experts in <a href=""https://learn.microsoft.com/answers/tags/20/azure-monitor"" target=""_blank"">Microsoft Q&amp;A</a>. If you have a support plan and need technical help, please submit a <a href=""https://learn.microsoft.com/azure/azure-portal/supportability/how-to-create-azure-support-request"" target=""_blank"">support request</a>. If you have additional questions, please contact us at java-core@microsoft.com</p><h2>Account Information</h2><p>{% for item in items %}</p><p><strong>Subscription ID: </strong>{{ item.subscriptionId }}</p><p><strong>Subscription name: </strong>{{ item.subscriptionName }}</p><p>{% endfor %}</p><p></p>"		2026-06-12T21:43:49Z	2026-10-20T18:20:56Z	2026-07-21T19:56:47Z	2026-10-20		italynorth	74da48a3-b0e7-489d-8172-da79801086ed	not_available				false	not_needed	full		"{""event_source"":""resource_health_events""}"
App Service	PROD-Esercenti	azure-retirements-2721348d-5d3e-4374-adc4-06d277cdf144	2026-07-28	subscriptions	service_health_event_region	resource_health_events	Microsoft.ResourceHealth/events/CRN7-_LG	CRN7-_LG	CRN7-_LG	HealthAdvisory		ServiceHealth	Warning	Warning	Active		Action required: Validate Java TLS compatibility before App Service JDK security updates (starting 20 October 2026)	Action required: Validate Java TLS compatibility before App Service JDK security updates (starting 20 October 2026)	<p><strong><em>You’re receiving this notification because one or more of your Azure subscriptions use Java workloads on Azure App Service.</em></strong></p>	"<p><strong><em>You’re receiving this notification because one or more of your Azure subscriptions use Java workloads on Azure App Service.</em></strong></p> <p>Starting on <strong>20 October 2026</strong> (phased rollout), App Service Java runtimes may begin updating to JDK 11.0.30+, 17.0.18+, and 21.0.10+ (and later patch versions) during region-specific maintenance windows/non-business hours.</p> <p><strong>In these JDK versions:</strong></p> <ul><li>SHA-1 is disabled for TLS 1.2 and DTLS 1.2 handshake signatures.</li><li>TLS_RSA cipher suites are disabled by default.</li></ul> <p>These changes improve security by removing legacy cryptographic algorithms, but they can cause compatibility issues with older endpoints or dependencies.</p> <p>For production workloads, Microsoft guidance remains to use pinned patch JVM versions to reduce unanticipated outages from patch auto-update:</p> <p><a href=""https://learn.microsoft.com/azure/app-service/configure-language-java-deploy-run?tabs=windows&amp;pivot%E2%80%A6"" target=""_blank"">Deploy and Configure Tomcat, JBoss EAP, or Java SE Apps - Azure App Service | Microsoft Learn</a></p> <p><strong>Potential impact</strong></p> <p><strong><em>Applications that depend on legacy TLS settings may experience connection failures, commonly seen as SSLHandshakeException in application logs (often not platform logs), including:</em></strong></p> <p></p><ul><li>""No appropriate protocol (protocol is disabled or cipher suites are inappropriate)""This usually indicates the remote endpoint only supports TLS<em>RSA cipher suites.</em></li><li><em>""No supported signature algorithm…""This usually indicates the remote endpoint signs TLS 1.2 handshakes with SHA-1.</em></li></ul><h2>Action required</h2><p>1.Identify impacted connections.</p><ul><li>Review application logs for SSLHandshakeException.</li><li>Audit dependencies/endpoints for SHA-1 handshake signatures or TLS<em>RSA-only cipher support.</em></li></ul><p><em>2.Remediate incompatible dependencies.</em></p><ul><li><em>Update endpoints/libraries to support modern cryptographic settings, such as SHA-256+ signatures and stronger cipher suites.</em></li></ul><p><em>3.Validate in pre-production.</em></p><ul><li><em>Test compatibility before rollout.</em></li><li><em>For testing environments, set Platform Release Setting to ""latest"" so runtime changes are exercised early.</em></li></ul><p><em>4.Use temporary mitigation if needed for production continuity.</em></p><ul><li><em>If remediation cannot complete before rollout, consider pinning to a known-good Java patch version as a short-term mitigation.</em></li><li><em>Track and remove this mitigation once dependencies are updated.</em></li></ul><p><em>5.Override Java security settings only as a last resort (not recommended long-term).</em></p><ul><li><em>This can reduce cryptographic security posture and should be time-boxed.</em></li></ul><p><em>&nbsp;Create a file named security-override.properties in your site directory (example path shown below):</em></p><p><em># D:\home\site\security-override.properties</em></p><p><em>jdk.tls.disabledAlgorithms=SSLv3, TLSv1, TLSv1.1, DTLSv1.0, RC4, DES, MD5withRSA, DH keySize &lt; 1024, EC keySize &lt; 224, 3DES</em>EDE<em>CBC, anon, NULL</em></p><p><em>&nbsp;</em></p><p><em>Then add the following JVM argument to your app’s JAVA</em>OPTS:</p><p>-Djava.security.properties=D:\home\site\security-override.properties</p><p>&nbsp;</p><p>Important: Treat this override as temporary. Plan removal after endpoint/dependency remediation.</p><h2>Help and support</h2><p>If you have questions, get answers from community experts in <a href=""https://learn.microsoft.com/answers/tags/20/azure-monitor"" target=""_blank"">Microsoft Q&amp;A</a>. If you have a support plan and need technical help, please submit a <a href=""https://learn.microsoft.com/azure/azure-portal/supportability/how-to-create-azure-support-request"" target=""_blank"">support request</a>. If you have additional questions, please contact us at java-core@microsoft.com</p><h2>Account Information</h2><p>{% for item in items %}</p><p><strong>Subscription ID: </strong>{{ item.subscriptionId }}</p><p><strong>Subscription name: </strong>{{ item.subscriptionName }}</p><p>{% endfor %}</p><p></p>"		2026-06-12T21:43:49Z	2026-10-20T18:20:56Z	2026-07-21T19:56:47Z	2026-10-20		northeurope	74da48a3-b0e7-489d-8172-da79801086ed	not_available				false	not_needed	full		"{""event_source"":""resource_health_events""}"
App Service	PROD-Esercenti	azure-retirements-2721348d-5d3e-4374-adc4-06d277cdf144	2026-07-28	subscriptions	service_health_event_region	resource_health_events	Microsoft.ResourceHealth/events/CRN7-_LG	CRN7-_LG	CRN7-_LG	HealthAdvisory		ServiceHealth	Warning	Warning	Active		Action required: Validate Java TLS compatibility before App Service JDK security updates (starting 20 October 2026)	Action required: Validate Java TLS compatibility before App Service JDK security updates (starting 20 October 2026)	<p><strong><em>You’re receiving this notification because one or more of your Azure subscriptions use Java workloads on Azure App Service.</em></strong></p>	"<p><strong><em>You’re receiving this notification because one or more of your Azure subscriptions use Java workloads on Azure App Service.</em></strong></p> <p>Starting on <strong>20 October 2026</strong> (phased rollout), App Service Java runtimes may begin updating to JDK 11.0.30+, 17.0.18+, and 21.0.10+ (and later patch versions) during region-specific maintenance windows/non-business hours.</p> <p><strong>In these JDK versions:</strong></p> <ul><li>SHA-1 is disabled for TLS 1.2 and DTLS 1.2 handshake signatures.</li><li>TLS_RSA cipher suites are disabled by default.</li></ul> <p>These changes improve security by removing legacy cryptographic algorithms, but they can cause compatibility issues with older endpoints or dependencies.</p> <p>For production workloads, Microsoft guidance remains to use pinned patch JVM versions to reduce unanticipated outages from patch auto-update:</p> <p><a href=""https://learn.microsoft.com/azure/app-service/configure-language-java-deploy-run?tabs=windows&amp;pivot%E2%80%A6"" target=""_blank"">Deploy and Configure Tomcat, JBoss EAP, or Java SE Apps - Azure App Service | Microsoft Learn</a></p> <p><strong>Potential impact</strong></p> <p><strong><em>Applications that depend on legacy TLS settings may experience connection failures, commonly seen as SSLHandshakeException in application logs (often not platform logs), including:</em></strong></p> <p></p><ul><li>""No appropriate protocol (protocol is disabled or cipher suites are inappropriate)""This usually indicates the remote endpoint only supports TLS<em>RSA cipher suites.</em></li><li><em>""No supported signature algorithm…""This usually indicates the remote endpoint signs TLS 1.2 handshakes with SHA-1.</em></li></ul><h2>Action required</h2><p>1.Identify impacted connections.</p><ul><li>Review application logs for SSLHandshakeException.</li><li>Audit dependencies/endpoints for SHA-1 handshake signatures or TLS<em>RSA-only cipher support.</em></li></ul><p><em>2.Remediate incompatible dependencies.</em></p><ul><li><em>Update endpoints/libraries to support modern cryptographic settings, such as SHA-256+ signatures and stronger cipher suites.</em></li></ul><p><em>3.Validate in pre-production.</em></p><ul><li><em>Test compatibility before rollout.</em></li><li><em>For testing environments, set Platform Release Setting to ""latest"" so runtime changes are exercised early.</em></li></ul><p><em>4.Use temporary mitigation if needed for production continuity.</em></p><ul><li><em>If remediation cannot complete before rollout, consider pinning to a known-good Java patch version as a short-term mitigation.</em></li><li><em>Track and remove this mitigation once dependencies are updated.</em></li></ul><p><em>5.Override Java security settings only as a last resort (not recommended long-term).</em></p><ul><li><em>This can reduce cryptographic security posture and should be time-boxed.</em></li></ul><p><em>&nbsp;Create a file named security-override.properties in your site directory (example path shown below):</em></p><p><em># D:\home\site\security-override.properties</em></p><p><em>jdk.tls.disabledAlgorithms=SSLv3, TLSv1, TLSv1.1, DTLSv1.0, RC4, DES, MD5withRSA, DH keySize &lt; 1024, EC keySize &lt; 224, 3DES</em>EDE<em>CBC, anon, NULL</em></p><p><em>&nbsp;</em></p><p><em>Then add the following JVM argument to your app’s JAVA</em>OPTS:</p><p>-Djava.security.properties=D:\home\site\security-override.properties</p><p>&nbsp;</p><p>Important: Treat this override as temporary. Plan removal after endpoint/dependency remediation.</p><h2>Help and support</h2><p>If you have questions, get answers from community experts in <a href=""https://learn.microsoft.com/answers/tags/20/azure-monitor"" target=""_blank"">Microsoft Q&amp;A</a>. If you have a support plan and need technical help, please submit a <a href=""https://learn.microsoft.com/azure/azure-portal/supportability/how-to-create-azure-support-request"" target=""_blank"">support request</a>. If you have additional questions, please contact us at java-core@microsoft.com</p><h2>Account Information</h2><p>{% for item in items %}</p><p><strong>Subscription ID: </strong>{{ item.subscriptionId }}</p><p><strong>Subscription name: </strong>{{ item.subscriptionName }}</p><p>{% endfor %}</p><p></p>"		2026-06-12T21:43:49Z	2026-10-20T18:20:56Z	2026-07-21T19:56:47Z	2026-10-20		spaincentral	74da48a3-b0e7-489d-8172-da79801086ed	not_available				false	not_needed	full		"{""event_source"":""resource_health_events""}"
App Service	PROD-Esercenti	azure-retirements-2721348d-5d3e-4374-adc4-06d277cdf144	2026-07-28	subscriptions	service_health_event_region	resource_health_events	Microsoft.ResourceHealth/events/CRN7-_LG	CRN7-_LG	CRN7-_LG	HealthAdvisory		ServiceHealth	Warning	Warning	Active		Action required: Validate Java TLS compatibility before App Service JDK security updates (starting 20 October 2026)	Action required: Validate Java TLS compatibility before App Service JDK security updates (starting 20 October 2026)	<p><strong><em>You’re receiving this notification because one or more of your Azure subscriptions use Java workloads on Azure App Service.</em></strong></p>	"<p><strong><em>You’re receiving this notification because one or more of your Azure subscriptions use Java workloads on Azure App Service.</em></strong></p> <p>Starting on <strong>20 October 2026</strong> (phased rollout), App Service Java runtimes may begin updating to JDK 11.0.30+, 17.0.18+, and 21.0.10+ (and later patch versions) during region-specific maintenance windows/non-business hours.</p> <p><strong>In these JDK versions:</strong></p> <ul><li>SHA-1 is disabled for TLS 1.2 and DTLS 1.2 handshake signatures.</li><li>TLS_RSA cipher suites are disabled by default.</li></ul> <p>These changes improve security by removing legacy cryptographic algorithms, but they can cause compatibility issues with older endpoints or dependencies.</p> <p>For production workloads, Microsoft guidance remains to use pinned patch JVM versions to reduce unanticipated outages from patch auto-update:</p> <p><a href=""https://learn.microsoft.com/azure/app-service/configure-language-java-deploy-run?tabs=windows&amp;pivot%E2%80%A6"" target=""_blank"">Deploy and Configure Tomcat, JBoss EAP, or Java SE Apps - Azure App Service | Microsoft Learn</a></p> <p><strong>Potential impact</strong></p> <p><strong><em>Applications that depend on legacy TLS settings may experience connection failures, commonly seen as SSLHandshakeException in application logs (often not platform logs), including:</em></strong></p> <p></p><ul><li>""No appropriate protocol (protocol is disabled or cipher suites are inappropriate)""This usually indicates the remote endpoint only supports TLS<em>RSA cipher suites.</em></li><li><em>""No supported signature algorithm…""This usually indicates the remote endpoint signs TLS 1.2 handshakes with SHA-1.</em></li></ul><h2>Action required</h2><p>1.Identify impacted connections.</p><ul><li>Review application logs for SSLHandshakeException.</li><li>Audit dependencies/endpoints for SHA-1 handshake signatures or TLS<em>RSA-only cipher support.</em></li></ul><p><em>2.Remediate incompatible dependencies.</em></p><ul><li><em>Update endpoints/libraries to support modern cryptographic settings, such as SHA-256+ signatures and stronger cipher suites.</em></li></ul><p><em>3.Validate in pre-production.</em></p><ul><li><em>Test compatibility before rollout.</em></li><li><em>For testing environments, set Platform Release Setting to ""latest"" so runtime changes are exercised early.</em></li></ul><p><em>4.Use temporary mitigation if needed for production continuity.</em></p><ul><li><em>If remediation cannot complete before rollout, consider pinning to a known-good Java patch version as a short-term mitigation.</em></li><li><em>Track and remove this mitigation once dependencies are updated.</em></li></ul><p><em>5.Override Java security settings only as a last resort (not recommended long-term).</em></p><ul><li><em>This can reduce cryptographic security posture and should be time-boxed.</em></li></ul><p><em>&nbsp;Create a file named security-override.properties in your site directory (example path shown below):</em></p><p><em># D:\home\site\security-override.properties</em></p><p><em>jdk.tls.disabledAlgorithms=SSLv3, TLSv1, TLSv1.1, DTLSv1.0, RC4, DES, MD5withRSA, DH keySize &lt; 1024, EC keySize &lt; 224, 3DES</em>EDE<em>CBC, anon, NULL</em></p><p><em>&nbsp;</em></p><p><em>Then add the following JVM argument to your app’s JAVA</em>OPTS:</p><p>-Djava.security.properties=D:\home\site\security-override.properties</p><p>&nbsp;</p><p>Important: Treat this override as temporary. Plan removal after endpoint/dependency remediation.</p><h2>Help and support</h2><p>If you have questions, get answers from community experts in <a href=""https://learn.microsoft.com/answers/tags/20/azure-monitor"" target=""_blank"">Microsoft Q&amp;A</a>. If you have a support plan and need technical help, please submit a <a href=""https://learn.microsoft.com/azure/azure-portal/supportability/how-to-create-azure-support-request"" target=""_blank"">support request</a>. If you have additional questions, please contact us at java-core@microsoft.com</p><h2>Account Information</h2><p>{% for item in items %}</p><p><strong>Subscription ID: </strong>{{ item.subscriptionId }}</p><p><strong>Subscription name: </strong>{{ item.subscriptionName }}</p><p>{% endfor %}</p><p></p>"		2026-06-12T21:43:49Z	2026-10-20T18:20:56Z	2026-07-21T19:56:47Z	2026-10-20		westeurope	74da48a3-b0e7-489d-8172-da79801086ed	not_available				false	not_needed	full		"{""event_source"":""resource_health_events""}"
Storage Accounts	PROD-FATTURAZIONE	azure-retirements-2721348d-5d3e-4374-adc4-06d277cdf144	2026-07-28	subscriptions	service_health_event_region	resource_health_events	Microsoft.ResourceHealth/events/XTKT-BW8	XTKT-BW8	XTKT-BW8	HealthAdvisory	Retirement	ServiceHealth	Warning	Warning	Active		Action required: Migrate your legacy Azure general-purpose v1 account to a general-purpose v2 account	Action required: Migrate your legacy Azure general-purpose v1 account to a general-purpose v2 account	"<p><strong><em>You're receiving this notification because you're associated with one or more Azure subscriptions that have a GPv1 storage account. For reference, you can find this health advisory notification in the </em></strong><a href=""https://aka.ms/AzureServiceHealthAdvisories"" target=""_blank""><strong><em>Azure portal</em></strong></a><strong><em> using tracking ID: XTKT-BW8.</em></strong></p>"	"<p><strong><em>You're receiving this notification because you're associated with one or more Azure subscriptions that have a GPv1 storage account. For reference, you can find this health advisory notification in the </em></strong><a href=""https://aka.ms/AzureServiceHealthAdvisories"" target=""_blank""><strong><em>Azure portal</em></strong></a><strong><em> using tracking ID: XTKT-BW8.</em></strong></p> <p>From <strong>1 September 2026</strong> the creation of new GPv1 accounts will be blocked, the creation of GPv2 accounts will be unaffected.</p> <p>On 13 October 2026, we'll retire GPv1 storage accounts. To avoid disruptions, <a href=""https://learn.microsoft.com/azure/storage/common/storage-account-upgrade?tabs=azure-portal"" target=""_blank""><strong>migrate your GPv1 storage accounts to GPv2 accounts before that date</strong></a>. GPv2 accounts give you access to the latest Azure Storage features while providing improved performance and true zonal redundancy support.</p> <h2>Recommended action</h2> <p>To avoid service disruptions, <a href=""https://learn.microsoft.com/azure/storage/common/storage-account-upgrade?tabs=azure-portal"" target=""_blank""><strong>migrate your GPv1 storage accounts to GPv2 by 13 October 2026</strong></a>. To view your impacted resources in the Azure portal, go to the <a href=""https://portal.azure.com/#view/Microsoft_Azure_StorageHub/StorageHub.MenuView/~/StorageAccountsBrowse"" target=""_blank"">Storage Center </a>and look for <strong>Kind: Storage</strong>. For additional ways to access impacted resource information, see this <a href=""https://aka.ms/AzureRetirementImpactedResourcesChannels"" target=""_blank"">documentation</a>.</p> <p>Watch the recorded video and demo <a href=""https://aka.ms/GPv1RetirementLiveStream"" target=""_blank"">here</a>. Frequently asked questions are available in the <a href=""https://learn.microsoft.com/azure/storage/common/general-purpose-version-1-account-migration-frequently-asked-questions"" target=""_blank"">documentation.</a></p> <p><strong>For Azure Databricks managed storage accounts</strong>: If your workspace relies on a GPv1 storage account, you won't be able to migrate that account manually. As part of this retirement, <strong>Microsoft will schedule and complete a managed migration of affected accounts to GPv2 on your behalf</strong>; no action is required.</p> <p>Azure Databricks accounts will not be part of this migration and will be done separately. When Azure Databricks account migration is planned, notifications will be sent as appropriate.</p> <p>Any <strong>non-Azure Databricks accounts</strong> that use <strong>GPv1 </strong>will<strong> require manual migration.</strong></p> <p></p><h2>Automatic migration warning</h2><p>After 13 October 2026, all existing GPv1 storage accounts will be automatically migrated over to a GPv2 account, which may result in higher billing costs. Your decision not to migrate an existing GPv1 storage account will be construed as consent for Microsoft to migrate the account on your behalf.</p><h2>Help and support</h2><p>If you have questions, get answers from community experts in <a href=""https://learn.microsoft.com/answers/tags/125/azure-blob-storage"" target=""_blank"">Microsoft Q&amp;A.</a> If you have a support plan and need technical help, open the <a href=""https://portal.azure.com/#blade/Microsoft_Azure_Support/HelpAndSupportBlade/overview"" target=""_blank"">Azure portal</a> and select the question mark icon at the top of the page.</p><p></p>"		2025-09-30T00:00:00Z	2026-10-13T00:00:00Z	2026-07-16T14:11:43Z	2026-09-01		germanywestcentral	794146a8-9ae6-4002-b37c-f51d91ecc399	not_available				false	not_needed	full	retirement_date_derived_from_text	"{""event_source"":""resource_health_events""}"
Storage Accounts	PROD-FATTURAZIONE	azure-retirements-2721348d-5d3e-4374-adc4-06d277cdf144	2026-07-28	subscriptions	service_health_event_region	resource_health_events	Microsoft.ResourceHealth/events/XTKT-BW8	XTKT-BW8	XTKT-BW8	HealthAdvisory	Retirement	ServiceHealth	Warning	Warning	Active		Action required: Migrate your legacy Azure general-purpose v1 account to a general-purpose v2 account	Action required: Migrate your legacy Azure general-purpose v1 account to a general-purpose v2 account	"<p><strong><em>You're receiving this notification because you're associated with one or more Azure subscriptions that have a GPv1 storage account. For reference, you can find this health advisory notification in the </em></strong><a href=""https://aka.ms/AzureServiceHealthAdvisories"" target=""_blank""><strong><em>Azure portal</em></strong></a><strong><em> using tracking ID: XTKT-BW8.</em></strong></p>"	"<p><strong><em>You're receiving this notification because you're associated with one or more Azure subscriptions that have a GPv1 storage account. For reference, you can find this health advisory notification in the </em></strong><a href=""https://aka.ms/AzureServiceHealthAdvisories"" target=""_blank""><strong><em>Azure portal</em></strong></a><strong><em> using tracking ID: XTKT-BW8.</em></strong></p> <p>From <strong>1 September 2026</strong> the creation of new GPv1 accounts will be blocked, the creation of GPv2 accounts will be unaffected.</p> <p>On 13 October 2026, we'll retire GPv1 storage accounts. To avoid disruptions, <a href=""https://learn.microsoft.com/azure/storage/common/storage-account-upgrade?tabs=azure-portal"" target=""_blank""><strong>migrate your GPv1 storage accounts to GPv2 accounts before that date</strong></a>. GPv2 accounts give you access to the latest Azure Storage features while providing improved performance and true zonal redundancy support.</p> <h2>Recommended action</h2> <p>To avoid service disruptions, <a href=""https://learn.microsoft.com/azure/storage/common/storage-account-upgrade?tabs=azure-portal"" target=""_blank""><strong>migrate your GPv1 storage accounts to GPv2 by 13 October 2026</strong></a>. To view your impacted resources in the Azure portal, go to the <a href=""https://portal.azure.com/#view/Microsoft_Azure_StorageHub/StorageHub.MenuView/~/StorageAccountsBrowse"" target=""_blank"">Storage Center </a>and look for <strong>Kind: Storage</strong>. For additional ways to access impacted resource information, see this <a href=""https://aka.ms/AzureRetirementImpactedResourcesChannels"" target=""_blank"">documentation</a>.</p> <p>Watch the recorded video and demo <a href=""https://aka.ms/GPv1RetirementLiveStream"" target=""_blank"">here</a>. Frequently asked questions are available in the <a href=""https://learn.microsoft.com/azure/storage/common/general-purpose-version-1-account-migration-frequently-asked-questions"" target=""_blank"">documentation.</a></p> <p><strong>For Azure Databricks managed storage accounts</strong>: If your workspace relies on a GPv1 storage account, you won't be able to migrate that account manually. As part of this retirement, <strong>Microsoft will schedule and complete a managed migration of affected accounts to GPv2 on your behalf</strong>; no action is required.</p> <p>Azure Databricks accounts will not be part of this migration and will be done separately. When Azure Databricks account migration is planned, notifications will be sent as appropriate.</p> <p>Any <strong>non-Azure Databricks accounts</strong> that use <strong>GPv1 </strong>will<strong> require manual migration.</strong></p> <p></p><h2>Automatic migration warning</h2><p>After 13 October 2026, all existing GPv1 storage accounts will be automatically migrated over to a GPv2 account, which may result in higher billing costs. Your decision not to migrate an existing GPv1 storage account will be construed as consent for Microsoft to migrate the account on your behalf.</p><h2>Help and support</h2><p>If you have questions, get answers from community experts in <a href=""https://learn.microsoft.com/answers/tags/125/azure-blob-storage"" target=""_blank"">Microsoft Q&amp;A.</a> If you have a support plan and need technical help, open the <a href=""https://portal.azure.com/#blade/Microsoft_Azure_Support/HelpAndSupportBlade/overview"" target=""_blank"">Azure portal</a> and select the question mark icon at the top of the page.</p><p></p>"		2025-09-30T00:00:00Z	2026-10-13T00:00:00Z	2026-07-16T14:11:43Z	2026-09-01		italynorth	794146a8-9ae6-4002-b37c-f51d91ecc399	not_available				false	not_needed	full	retirement_date_derived_from_text	"{""event_source"":""resource_health_events""}"
Storage Accounts	PROD-FATTURAZIONE	azure-retirements-2721348d-5d3e-4374-adc4-06d277cdf144	2026-07-28	subscriptions	service_health_event_region	resource_health_events	Microsoft.ResourceHealth/events/XTKT-BW8	XTKT-BW8	XTKT-BW8	HealthAdvisory	Retirement	ServiceHealth	Warning	Warning	Active		Action required: Migrate your legacy Azure general-purpose v1 account to a general-purpose v2 account	Action required: Migrate your legacy Azure general-purpose v1 account to a general-purpose v2 account	"<p><strong><em>You're receiving this notification because you're associated with one or more Azure subscriptions that have a GPv1 storage account. For reference, you can find this health advisory notification in the </em></strong><a href=""https://aka.ms/AzureServiceHealthAdvisories"" target=""_blank""><strong><em>Azure portal</em></strong></a><strong><em> using tracking ID: XTKT-BW8.</em></strong></p>"	"<p><strong><em>You're receiving this notification because you're associated with one or more Azure subscriptions that have a GPv1 storage account. For reference, you can find this health advisory notification in the </em></strong><a href=""https://aka.ms/AzureServiceHealthAdvisories"" target=""_blank""><strong><em>Azure portal</em></strong></a><strong><em> using tracking ID: XTKT-BW8.</em></strong></p> <p>From <strong>1 September 2026</strong> the creation of new GPv1 accounts will be blocked, the creation of GPv2 accounts will be unaffected.</p> <p>On 13 October 2026, we'll retire GPv1 storage accounts. To avoid disruptions, <a href=""https://learn.microsoft.com/azure/storage/common/storage-account-upgrade?tabs=azure-portal"" target=""_blank""><strong>migrate your GPv1 storage accounts to GPv2 accounts before that date</strong></a>. GPv2 accounts give you access to the latest Azure Storage features while providing improved performance and true zonal redundancy support.</p> <h2>Recommended action</h2> <p>To avoid service disruptions, <a href=""https://learn.microsoft.com/azure/storage/common/storage-account-upgrade?tabs=azure-portal"" target=""_blank""><strong>migrate your GPv1 storage accounts to GPv2 by 13 October 2026</strong></a>. To view your impacted resources in the Azure portal, go to the <a href=""https://portal.azure.com/#view/Microsoft_Azure_StorageHub/StorageHub.MenuView/~/StorageAccountsBrowse"" target=""_blank"">Storage Center </a>and look for <strong>Kind: Storage</strong>. For additional ways to access impacted resource information, see this <a href=""https://aka.ms/AzureRetirementImpactedResourcesChannels"" target=""_blank"">documentation</a>.</p> <p>Watch the recorded video and demo <a href=""https://aka.ms/GPv1RetirementLiveStream"" target=""_blank"">here</a>. Frequently asked questions are available in the <a href=""https://learn.microsoft.com/azure/storage/common/general-purpose-version-1-account-migration-frequently-asked-questions"" target=""_blank"">documentation.</a></p> <p><strong>For Azure Databricks managed storage accounts</strong>: If your workspace relies on a GPv1 storage account, you won't be able to migrate that account manually. As part of this retirement, <strong>Microsoft will schedule and complete a managed migration of affected accounts to GPv2 on your behalf</strong>; no action is required.</p> <p>Azure Databricks accounts will not be part of this migration and will be done separately. When Azure Databricks account migration is planned, notifications will be sent as appropriate.</p> <p>Any <strong>non-Azure Databricks accounts</strong> that use <strong>GPv1 </strong>will<strong> require manual migration.</strong></p> <p></p><h2>Automatic migration warning</h2><p>After 13 October 2026, all existing GPv1 storage accounts will be automatically migrated over to a GPv2 account, which may result in higher billing costs. Your decision not to migrate an existing GPv1 storage account will be construed as consent for Microsoft to migrate the account on your behalf.</p><h2>Help and support</h2><p>If you have questions, get answers from community experts in <a href=""https://learn.microsoft.com/answers/tags/125/azure-blob-storage"" target=""_blank"">Microsoft Q&amp;A.</a> If you have a support plan and need technical help, open the <a href=""https://portal.azure.com/#blade/Microsoft_Azure_Support/HelpAndSupportBlade/overview"" target=""_blank"">Azure portal</a> and select the question mark icon at the top of the page.</p><p></p>"		2025-09-30T00:00:00Z	2026-10-13T00:00:00Z	2026-07-16T14:11:43Z	2026-09-01		northeurope	794146a8-9ae6-4002-b37c-f51d91ecc399	not_available				false	not_needed	full	retirement_date_derived_from_text	"{""event_source"":""resource_health_events""}"
Storage Accounts	PROD-FATTURAZIONE	azure-retirements-2721348d-5d3e-4374-adc4-06d277cdf144	2026-07-28	subscriptions	service_health_event_region	resource_health_events	Microsoft.ResourceHealth/events/XTKT-BW8	XTKT-BW8	XTKT-BW8	HealthAdvisory	Retirement	ServiceHealth	Warning	Warning	Active		Action required: Migrate your legacy Azure general-purpose v1 account to a general-purpose v2 account	Action required: Migrate your legacy Azure general-purpose v1 account to a general-purpose v2 account	"<p><strong><em>You're receiving this notification because you're associated with one or more Azure subscriptions that have a GPv1 storage account. For reference, you can find this health advisory notification in the </em></strong><a href=""https://aka.ms/AzureServiceHealthAdvisories"" target=""_blank""><strong><em>Azure portal</em></strong></a><strong><em> using tracking ID: XTKT-BW8.</em></strong></p>"	"<p><strong><em>You're receiving this notification because you're associated with one or more Azure subscriptions that have a GPv1 storage account. For reference, you can find this health advisory notification in the </em></strong><a href=""https://aka.ms/AzureServiceHealthAdvisories"" target=""_blank""><strong><em>Azure portal</em></strong></a><strong><em> using tracking ID: XTKT-BW8.</em></strong></p> <p>From <strong>1 September 2026</strong> the creation of new GPv1 accounts will be blocked, the creation of GPv2 accounts will be unaffected.</p> <p>On 13 October 2026, we'll retire GPv1 storage accounts. To avoid disruptions, <a href=""https://learn.microsoft.com/azure/storage/common/storage-account-upgrade?tabs=azure-portal"" target=""_blank""><strong>migrate your GPv1 storage accounts to GPv2 accounts before that date</strong></a>. GPv2 accounts give you access to the latest Azure Storage features while providing improved performance and true zonal redundancy support.</p> <h2>Recommended action</h2> <p>To avoid service disruptions, <a href=""https://learn.microsoft.com/azure/storage/common/storage-account-upgrade?tabs=azure-portal"" target=""_blank""><strong>migrate your GPv1 storage accounts to GPv2 by 13 October 2026</strong></a>. To view your impacted resources in the Azure portal, go to the <a href=""https://portal.azure.com/#view/Microsoft_Azure_StorageHub/StorageHub.MenuView/~/StorageAccountsBrowse"" target=""_blank"">Storage Center </a>and look for <strong>Kind: Storage</strong>. For additional ways to access impacted resource information, see this <a href=""https://aka.ms/AzureRetirementImpactedResourcesChannels"" target=""_blank"">documentation</a>.</p> <p>Watch the recorded video and demo <a href=""https://aka.ms/GPv1RetirementLiveStream"" target=""_blank"">here</a>. Frequently asked questions are available in the <a href=""https://learn.microsoft.com/azure/storage/common/general-purpose-version-1-account-migration-frequently-asked-questions"" target=""_blank"">documentation.</a></p> <p><strong>For Azure Databricks managed storage accounts</strong>: If your workspace relies on a GPv1 storage account, you won't be able to migrate that account manually. As part of this retirement, <strong>Microsoft will schedule and complete a managed migration of affected accounts to GPv2 on your behalf</strong>; no action is required.</p> <p>Azure Databricks accounts will not be part of this migration and will be done separately. When Azure Databricks account migration is planned, notifications will be sent as appropriate.</p> <p>Any <strong>non-Azure Databricks accounts</strong> that use <strong>GPv1 </strong>will<strong> require manual migration.</strong></p> <p></p><h2>Automatic migration warning</h2><p>After 13 October 2026, all existing GPv1 storage accounts will be automatically migrated over to a GPv2 account, which may result in higher billing costs. Your decision not to migrate an existing GPv1 storage account will be construed as consent for Microsoft to migrate the account on your behalf.</p><h2>Help and support</h2><p>If you have questions, get answers from community experts in <a href=""https://learn.microsoft.com/answers/tags/125/azure-blob-storage"" target=""_blank"">Microsoft Q&amp;A.</a> If you have a support plan and need technical help, open the <a href=""https://portal.azure.com/#blade/Microsoft_Azure_Support/HelpAndSupportBlade/overview"" target=""_blank"">Azure portal</a> and select the question mark icon at the top of the page.</p><p></p>"		2025-09-30T00:00:00Z	2026-10-13T00:00:00Z	2026-07-16T14:11:43Z	2026-09-01		spaincentral	794146a8-9ae6-4002-b37c-f51d91ecc399	not_available				false	not_needed	full	retirement_date_derived_from_text	"{""event_source"":""resource_health_events""}"
Storage Accounts	PROD-FATTURAZIONE	azure-retirements-2721348d-5d3e-4374-adc4-06d277cdf144	2026-07-28	subscriptions	service_health_event_region	resource_health_events	Microsoft.ResourceHealth/events/XTKT-BW8	XTKT-BW8	XTKT-BW8	HealthAdvisory	Retirement	ServiceHealth	Warning	Warning	Active		Action required: Migrate your legacy Azure general-purpose v1 account to a general-purpose v2 account	Action required: Migrate your legacy Azure general-purpose v1 account to a general-purpose v2 account	"<p><strong><em>You're receiving this notification because you're associated with one or more Azure subscriptions that have a GPv1 storage account. For reference, you can find this health advisory notification in the </em></strong><a href=""https://aka.ms/AzureServiceHealthAdvisories"" target=""_blank""><strong><em>Azure portal</em></strong></a><strong><em> using tracking ID: XTKT-BW8.</em></strong></p>"	"<p><strong><em>You're receiving this notification because you're associated with one or more Azure subscriptions that have a GPv1 storage account. For reference, you can find this health advisory notification in the </em></strong><a href=""https://aka.ms/AzureServiceHealthAdvisories"" target=""_blank""><strong><em>Azure portal</em></strong></a><strong><em> using tracking ID: XTKT-BW8.</em></strong></p> <p>From <strong>1 September 2026</strong> the creation of new GPv1 accounts will be blocked, the creation of GPv2 accounts will be unaffected.</p> <p>On 13 October 2026, we'll retire GPv1 storage accounts. To avoid disruptions, <a href=""https://learn.microsoft.com/azure/storage/common/storage-account-upgrade?tabs=azure-portal"" target=""_blank""><strong>migrate your GPv1 storage accounts to GPv2 accounts before that date</strong></a>. GPv2 accounts give you access to the latest Azure Storage features while providing improved performance and true zonal redundancy support.</p> <h2>Recommended action</h2> <p>To avoid service disruptions, <a href=""https://learn.microsoft.com/azure/storage/common/storage-account-upgrade?tabs=azure-portal"" target=""_blank""><strong>migrate your GPv1 storage accounts to GPv2 by 13 October 2026</strong></a>. To view your impacted resources in the Azure portal, go to the <a href=""https://portal.azure.com/#view/Microsoft_Azure_StorageHub/StorageHub.MenuView/~/StorageAccountsBrowse"" target=""_blank"">Storage Center </a>and look for <strong>Kind: Storage</strong>. For additional ways to access impacted resource information, see this <a href=""https://aka.ms/AzureRetirementImpactedResourcesChannels"" target=""_blank"">documentation</a>.</p> <p>Watch the recorded video and demo <a href=""https://aka.ms/GPv1RetirementLiveStream"" target=""_blank"">here</a>. Frequently asked questions are available in the <a href=""https://learn.microsoft.com/azure/storage/common/general-purpose-version-1-account-migration-frequently-asked-questions"" target=""_blank"">documentation.</a></p> <p><strong>For Azure Databricks managed storage accounts</strong>: If your workspace relies on a GPv1 storage account, you won't be able to migrate that account manually. As part of this retirement, <strong>Microsoft will schedule and complete a managed migration of affected accounts to GPv2 on your behalf</strong>; no action is required.</p> <p>Azure Databricks accounts will not be part of this migration and will be done separately. When Azure Databricks account migration is planned, notifications will be sent as appropriate.</p> <p>Any <strong>non-Azure Databricks accounts</strong> that use <strong>GPv1 </strong>will<strong> require manual migration.</strong></p> <p></p><h2>Automatic migration warning</h2><p>After 13 October 2026, all existing GPv1 storage accounts will be automatically migrated over to a GPv2 account, which may result in higher billing costs. Your decision not to migrate an existing GPv1 storage account will be construed as consent for Microsoft to migrate the account on your behalf.</p><h2>Help and support</h2><p>If you have questions, get answers from community experts in <a href=""https://learn.microsoft.com/answers/tags/125/azure-blob-storage"" target=""_blank"">Microsoft Q&amp;A.</a> If you have a support plan and need technical help, open the <a href=""https://portal.azure.com/#blade/Microsoft_Azure_Support/HelpAndSupportBlade/overview"" target=""_blank"">Azure portal</a> and select the question mark icon at the top of the page.</p><p></p>"		2025-09-30T00:00:00Z	2026-10-13T00:00:00Z	2026-07-16T14:11:43Z	2026-09-01		westeurope	794146a8-9ae6-4002-b37c-f51d91ecc399	not_available				false	not_needed	full	retirement_date_derived_from_text	"{""event_source"":""resource_health_events""}"
Storage Accounts	PROD-FATTURAZIONE	azure-retirements-2721348d-5d3e-4374-adc4-06d277cdf144	2026-07-28	subscriptions	service_health_event_region	resource_health_events	Microsoft.ResourceHealth/events/XTKT-BW8	XTKT-BW8	XTKT-BW8	HealthAdvisory	Retirement	ServiceHealth	Warning	Warning	Active		Action required: Migrate your legacy Azure general-purpose v1 account to a general-purpose v2 account	Action required: Migrate your legacy Azure general-purpose v1 account to a general-purpose v2 account	"<p><strong><em>You're receiving this notification because you're associated with one or more Azure subscriptions that have a GPv1 storage account. For reference, you can find this health advisory notification in the </em></strong><a href=""https://aka.ms/AzureServiceHealthAdvisories"" target=""_blank""><strong><em>Azure portal</em></strong></a><strong><em> using tracking ID: XTKT-BW8.</em></strong></p>"	"<p><strong><em>You're receiving this notification because you're associated with one or more Azure subscriptions that have a GPv1 storage account. For reference, you can find this health advisory notification in the </em></strong><a href=""https://aka.ms/AzureServiceHealthAdvisories"" target=""_blank""><strong><em>Azure portal</em></strong></a><strong><em> using tracking ID: XTKT-BW8.</em></strong></p> <p>From <strong>1 September 2026</strong> the creation of new GPv1 accounts will be blocked, the creation of GPv2 accounts will be unaffected.</p> <p>On 13 October 2026, we'll retire GPv1 storage accounts. To avoid disruptions, <a href=""https://learn.microsoft.com/azure/storage/common/storage-account-upgrade?tabs=azure-portal"" target=""_blank""><strong>migrate your GPv1 storage accounts to GPv2 accounts before that date</strong></a>. GPv2 accounts give you access to the latest Azure Storage features while providing improved performance and true zonal redundancy support.</p> <h2>Recommended action</h2> <p>To avoid service disruptions, <a href=""https://learn.microsoft.com/azure/storage/common/storage-account-upgrade?tabs=azure-portal"" target=""_blank""><strong>migrate your GPv1 storage accounts to GPv2 by 13 October 2026</strong></a>. To view your impacted resources in the Azure portal, go to the <a href=""https://portal.azure.com/#view/Microsoft_Azure_StorageHub/StorageHub.MenuView/~/StorageAccountsBrowse"" target=""_blank"">Storage Center </a>and look for <strong>Kind: Storage</strong>. For additional ways to access impacted resource information, see this <a href=""https://aka.ms/AzureRetirementImpactedResourcesChannels"" target=""_blank"">documentation</a>.</p> <p>Watch the recorded video and demo <a href=""https://aka.ms/GPv1RetirementLiveStream"" target=""_blank"">here</a>. Frequently asked questions are available in the <a href=""https://learn.microsoft.com/azure/storage/common/general-purpose-version-1-account-migration-frequently-asked-questions"" target=""_blank"">documentation.</a></p> <p><strong>For Azure Databricks managed storage accounts</strong>: If your workspace relies on a GPv1 storage account, you won't be able to migrate that account manually. As part of this retirement, <strong>Microsoft will schedule and complete a managed migration of affected accounts to GPv2 on your behalf</strong>; no action is required.</p> <p>Azure Databricks accounts will not be part of this migration and will be done separately. When Azure Databricks account migration is planned, notifications will be sent as appropriate.</p> <p>Any <strong>non-Azure Databricks accounts</strong> that use <strong>GPv1 </strong>will<strong> require manual migration.</strong></p> <p></p><h2>Automatic migration warning</h2><p>After 13 October 2026, all existing GPv1 storage accounts will be automatically migrated over to a GPv2 account, which may result in higher billing costs. Your decision not to migrate an existing GPv1 storage account will be construed as consent for Microsoft to migrate the account on your behalf.</p><h2>Help and support</h2><p>If you have questions, get answers from community experts in <a href=""https://learn.microsoft.com/answers/tags/125/azure-blob-storage"" target=""_blank"">Microsoft Q&amp;A.</a> If you have a support plan and need technical help, open the <a href=""https://portal.azure.com/#blade/Microsoft_Azure_Support/HelpAndSupportBlade/overview"" target=""_blank"">Azure portal</a> and select the question mark icon at the top of the page.</p><p></p>"		2025-09-30T00:00:00Z	2026-10-13T00:00:00Z	2026-07-16T14:11:43Z	2026-09-01		global	794146a8-9ae6-4002-b37c-f51d91ecc399	not_available				false	not_needed	full	retirement_date_derived_from_text	"{""event_source"":""resource_health_events""}"
Azure Functions	PROD-FATTURAZIONE	azure-retirements-2721348d-5d3e-4374-adc4-06d277cdf144	2026-07-28	subscriptions	service_health_event_region	resource_health_events	Microsoft.ResourceHealth/events/0RYZ-CKZ	0RYZ-CKZ	0RYZ-CKZ	HealthAdvisory	Retirement	ServiceHealth	Warning	Warning	Active		End of support notice: Support for .NET 8 ends on 10 November 2026—upgrade your apps to .NET 10	End of support notice: Support for .NET 8 ends on 10 November 2026—upgrade your apps to .NET 10	"<p><em>You’re receiving this notification because you’re associated with one or more Azure subscriptions that use .NET 8 app(s) on Azure Functions. For reference, you can find this notification in the Azure portal under Service Health/</em><a href=""https://aka.ms/AzureServiceHealthAdvisories"" target=""_blank""><em>Health advisories</em></a><em> using tracking ID: 0RYZ-CKZ.</em>&nbsp;</p>"	"<p><em>You’re receiving this notification because you’re associated with one or more Azure subscriptions that use .NET 8 app(s) on Azure Functions. For reference, you can find this notification in the Azure portal under Service Health/</em><a href=""https://aka.ms/AzureServiceHealthAdvisories"" target=""_blank""><em>Health advisories</em></a><em> using tracking ID: 0RYZ-CKZ.</em>&nbsp;</p> <p>Support for <strong>.NET 8</strong> will end on <strong>10 November 2026</strong>. Please transition to <strong>.NET 10</strong> by that date.&nbsp;</p> <p>Your Azure Function Apps will continue to operate, but security updates will no longer be provided, and support for .NET 8 on Azure Functions will end. Running Function Apps on an unsupported runtime or language version might lead to security and performance issues.&nbsp;</p> <p>Upgrade to .NET 10 before 10 November 2026 to remain on a supported version. Learn more about <a href=""https://learn.microsoft.com/azure/azure-functions/language-support-policy"" target=""_blank"">Azure Functions stack version</a> support.&nbsp;</p> <p><strong>Recommended action</strong>&nbsp;</p> <p>To avoid potential security vulnerabilities, minimize risk for your Azure Functions apps, and take advantage of latest features, you must take action based on your current configuration:&nbsp;</p> <p><strong>If your app is using the in-process model:</strong></p> <p><em> Migrate your app to the isolated worker model, then upgrade to .NET 10. For guidance, see:</em></p> <ul><li>&lt;<a href=""https://learn.microsoft.com/azure/azure-functions/migrate-dotnet-to-isolated-model?tabs=net8"" target=""_blank"">Migrate C# Apps from In-Process to Isolated Worker Model</a>&gt;</li><li>&lt;<a href=""https://learn.microsoft.com/azure/azure-functions/update-language-versions?tabs=azure-portal%2Cwindows&amp;pivots=programming-language-csharp"" target=""_blank"">Update Language Versions in Azure Functions</a>&gt;</li></ul> <p><strong>If your app is already using the isolated worker model:</strong></p> <p><em> Upgrade your app directly to .NET 10 by following </em></p> <p><em>·&nbsp;&nbsp;&nbsp;&nbsp;&nbsp;&nbsp;&nbsp;&lt;</em><a href=""https://learn.microsoft.com/azure/azure-functions/update-language-versions?tabs=azure-portal%2Cwindows&amp;pivots=programming-language-csharp"" target=""_blank"">Update Language Versions in Azure Functions</a>&gt;</p> <p>Complete all required upgrades<strong> </strong>and ensure your app has moved off the in-process model before <strong>10 November 2026</strong>.</p> <p><strong>Help and support</strong>&nbsp;</p> <p>If you have questions, get answers from community experts in <a href=""https://learn.microsoft.com/answers/tags/87/azure-functions"" target=""_blank"">Microsoft Q&amp;A.</a> If you have a support plan and need technical help, please follow our <a href=""https://learn.microsoft.com/azure/azure-portal/supportability/how-to-create-azure-support-request#open-a-support-request-from-the-global-header"" target=""_blank"">documentation</a> to create a support request.&nbsp;&nbsp;</p> <p><em>Learn more about service retirements that may impact your resources in the </em><a href=""https://aka.ms/ServicesRetirementWorkbook"" target=""_blank""><em>Azure Retirement Workbook</em></a><em>. Please note that retirements may not be visible in the workbook for up to two weeks after being announced.</em></p>"		2026-05-28T15:31:30Z	2027-11-28T15:31:30Z	2026-06-25T21:21:25Z	2026-11-10		germanywestcentral	794146a8-9ae6-4002-b37c-f51d91ecc399	not_available				false	not_needed	full	retirement_date_derived_from_text	"{""event_source"":""resource_health_events""}"
Azure Functions	PROD-FATTURAZIONE	azure-retirements-2721348d-5d3e-4374-adc4-06d277cdf144	2026-07-28	subscriptions	service_health_event_region	resource_health_events	Microsoft.ResourceHealth/events/0RYZ-CKZ	0RYZ-CKZ	0RYZ-CKZ	HealthAdvisory	Retirement	ServiceHealth	Warning	Warning	Active		End of support notice: Support for .NET 8 ends on 10 November 2026—upgrade your apps to .NET 10	End of support notice: Support for .NET 8 ends on 10 November 2026—upgrade your apps to .NET 10	"<p><em>You’re receiving this notification because you’re associated with one or more Azure subscriptions that use .NET 8 app(s) on Azure Functions. For reference, you can find this notification in the Azure portal under Service Health/</em><a href=""https://aka.ms/AzureServiceHealthAdvisories"" target=""_blank""><em>Health advisories</em></a><em> using tracking ID: 0RYZ-CKZ.</em>&nbsp;</p>"	"<p><em>You’re receiving this notification because you’re associated with one or more Azure subscriptions that use .NET 8 app(s) on Azure Functions. For reference, you can find this notification in the Azure portal under Service Health/</em><a href=""https://aka.ms/AzureServiceHealthAdvisories"" target=""_blank""><em>Health advisories</em></a><em> using tracking ID: 0RYZ-CKZ.</em>&nbsp;</p> <p>Support for <strong>.NET 8</strong> will end on <strong>10 November 2026</strong>. Please transition to <strong>.NET 10</strong> by that date.&nbsp;</p> <p>Your Azure Function Apps will continue to operate, but security updates will no longer be provided, and support for .NET 8 on Azure Functions will end. Running Function Apps on an unsupported runtime or language version might lead to security and performance issues.&nbsp;</p> <p>Upgrade to .NET 10 before 10 November 2026 to remain on a supported version. Learn more about <a href=""https://learn.microsoft.com/azure/azure-functions/language-support-policy"" target=""_blank"">Azure Functions stack version</a> support.&nbsp;</p> <p><strong>Recommended action</strong>&nbsp;</p> <p>To avoid potential security vulnerabilities, minimize risk for your Azure Functions apps, and take advantage of latest features, you must take action based on your current configuration:&nbsp;</p> <p><strong>If your app is using the in-process model:</strong></p> <p><em> Migrate your app to the isolated worker model, then upgrade to .NET 10. For guidance, see:</em></p> <ul><li>&lt;<a href=""https://learn.microsoft.com/azure/azure-functions/migrate-dotnet-to-isolated-model?tabs=net8"" target=""_blank"">Migrate C# Apps from In-Process to Isolated Worker Model</a>&gt;</li><li>&lt;<a href=""https://learn.microsoft.com/azure/azure-functions/update-language-versions?tabs=azure-portal%2Cwindows&amp;pivots=programming-language-csharp"" target=""_blank"">Update Language Versions in Azure Functions</a>&gt;</li></ul> <p><strong>If your app is already using the isolated worker model:</strong></p> <p><em> Upgrade your app directly to .NET 10 by following </em></p> <p><em>·&nbsp;&nbsp;&nbsp;&nbsp;&nbsp;&nbsp;&nbsp;&lt;</em><a href=""https://learn.microsoft.com/azure/azure-functions/update-language-versions?tabs=azure-portal%2Cwindows&amp;pivots=programming-language-csharp"" target=""_blank"">Update Language Versions in Azure Functions</a>&gt;</p> <p>Complete all required upgrades<strong> </strong>and ensure your app has moved off the in-process model before <strong>10 November 2026</strong>.</p> <p><strong>Help and support</strong>&nbsp;</p> <p>If you have questions, get answers from community experts in <a href=""https://learn.microsoft.com/answers/tags/87/azure-functions"" target=""_blank"">Microsoft Q&amp;A.</a> If you have a support plan and need technical help, please follow our <a href=""https://learn.microsoft.com/azure/azure-portal/supportability/how-to-create-azure-support-request#open-a-support-request-from-the-global-header"" target=""_blank"">documentation</a> to create a support request.&nbsp;&nbsp;</p> <p><em>Learn more about service retirements that may impact your resources in the </em><a href=""https://aka.ms/ServicesRetirementWorkbook"" target=""_blank""><em>Azure Retirement Workbook</em></a><em>. Please note that retirements may not be visible in the workbook for up to two weeks after being announced.</em></p>"		2026-05-28T15:31:30Z	2027-11-28T15:31:30Z	2026-06-25T21:21:25Z	2026-11-10		italynorth	794146a8-9ae6-4002-b37c-f51d91ecc399	not_available				false	not_needed	full	retirement_date_derived_from_text	"{""event_source"":""resource_health_events""}"
Azure Functions	PROD-FATTURAZIONE	azure-retirements-2721348d-5d3e-4374-adc4-06d277cdf144	2026-07-28	subscriptions	service_health_event_region	resource_health_events	Microsoft.ResourceHealth/events/0RYZ-CKZ	0RYZ-CKZ	0RYZ-CKZ	HealthAdvisory	Retirement	ServiceHealth	Warning	Warning	Active		End of support notice: Support for .NET 8 ends on 10 November 2026—upgrade your apps to .NET 10	End of support notice: Support for .NET 8 ends on 10 November 2026—upgrade your apps to .NET 10	"<p><em>You’re receiving this notification because you’re associated with one or more Azure subscriptions that use .NET 8 app(s) on Azure Functions. For reference, you can find this notification in the Azure portal under Service Health/</em><a href=""https://aka.ms/AzureServiceHealthAdvisories"" target=""_blank""><em>Health advisories</em></a><em> using tracking ID: 0RYZ-CKZ.</em>&nbsp;</p>"	"<p><em>You’re receiving this notification because you’re associated with one or more Azure subscriptions that use .NET 8 app(s) on Azure Functions. For reference, you can find this notification in the Azure portal under Service Health/</em><a href=""https://aka.ms/AzureServiceHealthAdvisories"" target=""_blank""><em>Health advisories</em></a><em> using tracking ID: 0RYZ-CKZ.</em>&nbsp;</p> <p>Support for <strong>.NET 8</strong> will end on <strong>10 November 2026</strong>. Please transition to <strong>.NET 10</strong> by that date.&nbsp;</p> <p>Your Azure Function Apps will continue to operate, but security updates will no longer be provided, and support for .NET 8 on Azure Functions will end. Running Function Apps on an unsupported runtime or language version might lead to security and performance issues.&nbsp;</p> <p>Upgrade to .NET 10 before 10 November 2026 to remain on a supported version. Learn more about <a href=""https://learn.microsoft.com/azure/azure-functions/language-support-policy"" target=""_blank"">Azure Functions stack version</a> support.&nbsp;</p> <p><strong>Recommended action</strong>&nbsp;</p> <p>To avoid potential security vulnerabilities, minimize risk for your Azure Functions apps, and take advantage of latest features, you must take action based on your current configuration:&nbsp;</p> <p><strong>If your app is using the in-process model:</strong></p> <p><em> Migrate your app to the isolated worker model, then upgrade to .NET 10. For guidance, see:</em></p> <ul><li>&lt;<a href=""https://learn.microsoft.com/azure/azure-functions/migrate-dotnet-to-isolated-model?tabs=net8"" target=""_blank"">Migrate C# Apps from In-Process to Isolated Worker Model</a>&gt;</li><li>&lt;<a href=""https://learn.microsoft.com/azure/azure-functions/update-language-versions?tabs=azure-portal%2Cwindows&amp;pivots=programming-language-csharp"" target=""_blank"">Update Language Versions in Azure Functions</a>&gt;</li></ul> <p><strong>If your app is already using the isolated worker model:</strong></p> <p><em> Upgrade your app directly to .NET 10 by following </em></p> <p><em>·&nbsp;&nbsp;&nbsp;&nbsp;&nbsp;&nbsp;&nbsp;&lt;</em><a href=""https://learn.microsoft.com/azure/azure-functions/update-language-versions?tabs=azure-portal%2Cwindows&amp;pivots=programming-language-csharp"" target=""_blank"">Update Language Versions in Azure Functions</a>&gt;</p> <p>Complete all required upgrades<strong> </strong>and ensure your app has moved off the in-process model before <strong>10 November 2026</strong>.</p> <p><strong>Help and support</strong>&nbsp;</p> <p>If you have questions, get answers from community experts in <a href=""https://learn.microsoft.com/answers/tags/87/azure-functions"" target=""_blank"">Microsoft Q&amp;A.</a> If you have a support plan and need technical help, please follow our <a href=""https://learn.microsoft.com/azure/azure-portal/supportability/how-to-create-azure-support-request#open-a-support-request-from-the-global-header"" target=""_blank"">documentation</a> to create a support request.&nbsp;&nbsp;</p> <p><em>Learn more about service retirements that may impact your resources in the </em><a href=""https://aka.ms/ServicesRetirementWorkbook"" target=""_blank""><em>Azure Retirement Workbook</em></a><em>. Please note that retirements may not be visible in the workbook for up to two weeks after being announced.</em></p>"		2026-05-28T15:31:30Z	2027-11-28T15:31:30Z	2026-06-25T21:21:25Z	2026-11-10		northeurope	794146a8-9ae6-4002-b37c-f51d91ecc399	not_available				false	not_needed	full	retirement_date_derived_from_text	"{""event_source"":""resource_health_events""}"
Azure Functions	PROD-FATTURAZIONE	azure-retirements-2721348d-5d3e-4374-adc4-06d277cdf144	2026-07-28	subscriptions	service_health_event_region	resource_health_events	Microsoft.ResourceHealth/events/0RYZ-CKZ	0RYZ-CKZ	0RYZ-CKZ	HealthAdvisory	Retirement	ServiceHealth	Warning	Warning	Active		End of support notice: Support for .NET 8 ends on 10 November 2026—upgrade your apps to .NET 10	End of support notice: Support for .NET 8 ends on 10 November 2026—upgrade your apps to .NET 10	"<p><em>You’re receiving this notification because you’re associated with one or more Azure subscriptions that use .NET 8 app(s) on Azure Functions. For reference, you can find this notification in the Azure portal under Service Health/</em><a href=""https://aka.ms/AzureServiceHealthAdvisories"" target=""_blank""><em>Health advisories</em></a><em> using tracking ID: 0RYZ-CKZ.</em>&nbsp;</p>"	"<p><em>You’re receiving this notification because you’re associated with one or more Azure subscriptions that use .NET 8 app(s) on Azure Functions. For reference, you can find this notification in the Azure portal under Service Health/</em><a href=""https://aka.ms/AzureServiceHealthAdvisories"" target=""_blank""><em>Health advisories</em></a><em> using tracking ID: 0RYZ-CKZ.</em>&nbsp;</p> <p>Support for <strong>.NET 8</strong> will end on <strong>10 November 2026</strong>. Please transition to <strong>.NET 10</strong> by that date.&nbsp;</p> <p>Your Azure Function Apps will continue to operate, but security updates will no longer be provided, and support for .NET 8 on Azure Functions will end. Running Function Apps on an unsupported runtime or language version might lead to security and performance issues.&nbsp;</p> <p>Upgrade to .NET 10 before 10 November 2026 to remain on a supported version. Learn more about <a href=""https://learn.microsoft.com/azure/azure-functions/language-support-policy"" target=""_blank"">Azure Functions stack version</a> support.&nbsp;</p> <p><strong>Recommended action</strong>&nbsp;</p> <p>To avoid potential security vulnerabilities, minimize risk for your Azure Functions apps, and take advantage of latest features, you must take action based on your current configuration:&nbsp;</p> <p><strong>If your app is using the in-process model:</strong></p> <p><em> Migrate your app to the isolated worker model, then upgrade to .NET 10. For guidance, see:</em></p> <ul><li>&lt;<a href=""https://learn.microsoft.com/azure/azure-functions/migrate-dotnet-to-isolated-model?tabs=net8"" target=""_blank"">Migrate C# Apps from In-Process to Isolated Worker Model</a>&gt;</li><li>&lt;<a href=""https://learn.microsoft.com/azure/azure-functions/update-language-versions?tabs=azure-portal%2Cwindows&amp;pivots=programming-language-csharp"" target=""_blank"">Update Language Versions in Azure Functions</a>&gt;</li></ul> <p><strong>If your app is already using the isolated worker model:</strong></p> <p><em> Upgrade your app directly to .NET 10 by following </em></p> <p><em>·&nbsp;&nbsp;&nbsp;&nbsp;&nbsp;&nbsp;&nbsp;&lt;</em><a href=""https://learn.microsoft.com/azure/azure-functions/update-language-versions?tabs=azure-portal%2Cwindows&amp;pivots=programming-language-csharp"" target=""_blank"">Update Language Versions in Azure Functions</a>&gt;</p> <p>Complete all required upgrades<strong> </strong>and ensure your app has moved off the in-process model before <strong>10 November 2026</strong>.</p> <p><strong>Help and support</strong>&nbsp;</p> <p>If you have questions, get answers from community experts in <a href=""https://learn.microsoft.com/answers/tags/87/azure-functions"" target=""_blank"">Microsoft Q&amp;A.</a> If you have a support plan and need technical help, please follow our <a href=""https://learn.microsoft.com/azure/azure-portal/supportability/how-to-create-azure-support-request#open-a-support-request-from-the-global-header"" target=""_blank"">documentation</a> to create a support request.&nbsp;&nbsp;</p> <p><em>Learn more about service retirements that may impact your resources in the </em><a href=""https://aka.ms/ServicesRetirementWorkbook"" target=""_blank""><em>Azure Retirement Workbook</em></a><em>. Please note that retirements may not be visible in the workbook for up to two weeks after being announced.</em></p>"		2026-05-28T15:31:30Z	2027-11-28T15:31:30Z	2026-06-25T21:21:25Z	2026-11-10		westeurope	794146a8-9ae6-4002-b37c-f51d91ecc399	not_available				false	not_needed	full	retirement_date_derived_from_text	"{""event_source"":""resource_health_events""}"
Storage Accounts	DEV-ICT	azure-retirements-2721348d-5d3e-4374-adc4-06d277cdf144	2026-07-28	subscriptions	service_health_event_region	resource_health_events	Microsoft.ResourceHealth/events/XTKT-BW8	XTKT-BW8	XTKT-BW8	HealthAdvisory	Retirement	ServiceHealth	Warning	Warning	Active		Action required: Migrate your legacy Azure general-purpose v1 account to a general-purpose v2 account	Action required: Migrate your legacy Azure general-purpose v1 account to a general-purpose v2 account	<p><em>You're receiving this notification because you're associated with one or more Azure subscriptions that have a legacy blob storage account.</em></p>	"<p><em>You're receiving this notification because you're associated with one or more Azure subscriptions that have a legacy blob storage account.</em></p> <p><em>On 13 October 2026, we'll retire blob-only storage accounts. To avoid disruptions,&nbsp;</em><a href=""https://learn.microsoft.com/azure/storage/common/legacy-blob-storage-account-migration-overview"" target=""_blank""><strong>migrate your GPv1 storage accounts to GPv2 accounts before that date</strong></a>. GPv2 accounts give you access to the latest Azure Storage features while providing improved performance and true zonal redundancy support.</p> <h2>Required action</h2> <p>To avoid service disruptions,&nbsp;<a href=""https://learn.microsoft.com/azure/storage/common/legacy-blob-storage-account-migration-overview"" target=""_blank""><strong>migrate your GPv1 storage accounts to GPv2 by 13 October 2026</strong></a>. To view your impacted resources in the Azure portal, go to the&nbsp;<a href=""https://portal.azure.com/#view/Microsoft_Azure_StorageHub/StorageHub.MenuView/~/StorageAccountsBrowse"" target=""_blank""><strong>Storage Center</strong></a>&nbsp;and look for&nbsp;<strong>Kind</strong>:&nbsp;<strong>Storage</strong>.</p> <p><strong>For Azure Databricks managed storage accounts:</strong>&nbsp;If your workspace relies on a GPv1 storage account, you won’t be able to migrate that account manually. As part of this retirement,&nbsp;<strong>Microsoft will schedule and complete a managed migration of affected accounts to GPv2 on your behalf;&nbsp;</strong>no action is required.</p> <p>Azure Databricks accounts will not be part of this migration and will be done separately. When Azure Databricks account migration is planned, notifications will be sent as appropriate.</p> <p>Any&nbsp;<strong>non-Azure Databricks accounts</strong>&nbsp;that use&nbsp;<strong>GPv1&nbsp;</strong>will&nbsp;<strong>require manual migration</strong>.</p> <p></p> <h2>Automatic migration warning</h2> <p>After 13 October 2026, all existing legacy blob storage accounts will be automatically migrated over to a GPv2 account, which may result in higher billing costs. Your decision not to migrate an existing legacy blob storage account will be construed as consent for Microsoft to migrate the account on your behalf.</p> <p><strong>Creation of all new GPv1 accounts will be blocked by 13 October 2026</strong>.</p> <p></p><h2>Help and support</h2><p>If you have questions, get answers from community experts in&nbsp;<a href=""https://learn.microsoft.com/answers/tags/125/azure-blob-storage"" target=""_blank"">Microsoft Q&amp;A</a>. If you have a support plan and need technical help, open the&nbsp;<a href=""https://portal.azure.com/#blade/Microsoft_Azure_Support/HelpAndSupportBlade/overview"" target=""_blank"">Azure portal</a>&nbsp;and select the question mark icon at the top of the page.</p><p><em>Learn more about service retirements that may impact your resources in the&nbsp;</em><a href=""https://aka.ms/ServicesRetirementWorkbook"" target=""_blank""><em>Azure Retirement Workbook</em></a><em>. Please note that retirements may not be visible in the workbook for up to two weeks after being announced.</em></p><p></p><p></p>"		2025-09-30T00:00:00Z	2026-10-13T00:00:00Z	2026-05-05T18:50:11Z	2026-10-13		germanywestcentral	82ef7414-5e6b-4383-a344-b981c2ba7267	not_available				false	not_needed	full	retirement_date_derived_from_text	"{""event_source"":""resource_health_events""}"
Storage Accounts	DEV-ICT	azure-retirements-2721348d-5d3e-4374-adc4-06d277cdf144	2026-07-28	subscriptions	service_health_event_region	resource_health_events	Microsoft.ResourceHealth/events/XTKT-BW8	XTKT-BW8	XTKT-BW8	HealthAdvisory	Retirement	ServiceHealth	Warning	Warning	Active		Action required: Migrate your legacy Azure general-purpose v1 account to a general-purpose v2 account	Action required: Migrate your legacy Azure general-purpose v1 account to a general-purpose v2 account	<p><em>You're receiving this notification because you're associated with one or more Azure subscriptions that have a legacy blob storage account.</em></p>	"<p><em>You're receiving this notification because you're associated with one or more Azure subscriptions that have a legacy blob storage account.</em></p> <p><em>On 13 October 2026, we'll retire blob-only storage accounts. To avoid disruptions,&nbsp;</em><a href=""https://learn.microsoft.com/azure/storage/common/legacy-blob-storage-account-migration-overview"" target=""_blank""><strong>migrate your GPv1 storage accounts to GPv2 accounts before that date</strong></a>. GPv2 accounts give you access to the latest Azure Storage features while providing improved performance and true zonal redundancy support.</p> <h2>Required action</h2> <p>To avoid service disruptions,&nbsp;<a href=""https://learn.microsoft.com/azure/storage/common/legacy-blob-storage-account-migration-overview"" target=""_blank""><strong>migrate your GPv1 storage accounts to GPv2 by 13 October 2026</strong></a>. To view your impacted resources in the Azure portal, go to the&nbsp;<a href=""https://portal.azure.com/#view/Microsoft_Azure_StorageHub/StorageHub.MenuView/~/StorageAccountsBrowse"" target=""_blank""><strong>Storage Center</strong></a>&nbsp;and look for&nbsp;<strong>Kind</strong>:&nbsp;<strong>Storage</strong>.</p> <p><strong>For Azure Databricks managed storage accounts:</strong>&nbsp;If your workspace relies on a GPv1 storage account, you won’t be able to migrate that account manually. As part of this retirement,&nbsp;<strong>Microsoft will schedule and complete a managed migration of affected accounts to GPv2 on your behalf;&nbsp;</strong>no action is required.</p> <p>Azure Databricks accounts will not be part of this migration and will be done separately. When Azure Databricks account migration is planned, notifications will be sent as appropriate.</p> <p>Any&nbsp;<strong>non-Azure Databricks accounts</strong>&nbsp;that use&nbsp;<strong>GPv1&nbsp;</strong>will&nbsp;<strong>require manual migration</strong>.</p> <p></p> <h2>Automatic migration warning</h2> <p>After 13 October 2026, all existing legacy blob storage accounts will be automatically migrated over to a GPv2 account, which may result in higher billing costs. Your decision not to migrate an existing legacy blob storage account will be construed as consent for Microsoft to migrate the account on your behalf.</p> <p><strong>Creation of all new GPv1 accounts will be blocked by 13 October 2026</strong>.</p> <p></p><h2>Help and support</h2><p>If you have questions, get answers from community experts in&nbsp;<a href=""https://learn.microsoft.com/answers/tags/125/azure-blob-storage"" target=""_blank"">Microsoft Q&amp;A</a>. If you have a support plan and need technical help, open the&nbsp;<a href=""https://portal.azure.com/#blade/Microsoft_Azure_Support/HelpAndSupportBlade/overview"" target=""_blank"">Azure portal</a>&nbsp;and select the question mark icon at the top of the page.</p><p><em>Learn more about service retirements that may impact your resources in the&nbsp;</em><a href=""https://aka.ms/ServicesRetirementWorkbook"" target=""_blank""><em>Azure Retirement Workbook</em></a><em>. Please note that retirements may not be visible in the workbook for up to two weeks after being announced.</em></p><p></p><p></p>"		2025-09-30T00:00:00Z	2026-10-13T00:00:00Z	2026-05-05T18:50:11Z	2026-10-13		italynorth	82ef7414-5e6b-4383-a344-b981c2ba7267	not_available				false	not_needed	full	retirement_date_derived_from_text	"{""event_source"":""resource_health_events""}"
Storage Accounts	DEV-ICT	azure-retirements-2721348d-5d3e-4374-adc4-06d277cdf144	2026-07-28	subscriptions	service_health_event_region	resource_health_events	Microsoft.ResourceHealth/events/XTKT-BW8	XTKT-BW8	XTKT-BW8	HealthAdvisory	Retirement	ServiceHealth	Warning	Warning	Active		Action required: Migrate your legacy Azure general-purpose v1 account to a general-purpose v2 account	Action required: Migrate your legacy Azure general-purpose v1 account to a general-purpose v2 account	<p><em>You're receiving this notification because you're associated with one or more Azure subscriptions that have a legacy blob storage account.</em></p>	"<p><em>You're receiving this notification because you're associated with one or more Azure subscriptions that have a legacy blob storage account.</em></p> <p><em>On 13 October 2026, we'll retire blob-only storage accounts. To avoid disruptions,&nbsp;</em><a href=""https://learn.microsoft.com/azure/storage/common/legacy-blob-storage-account-migration-overview"" target=""_blank""><strong>migrate your GPv1 storage accounts to GPv2 accounts before that date</strong></a>. GPv2 accounts give you access to the latest Azure Storage features while providing improved performance and true zonal redundancy support.</p> <h2>Required action</h2> <p>To avoid service disruptions,&nbsp;<a href=""https://learn.microsoft.com/azure/storage/common/legacy-blob-storage-account-migration-overview"" target=""_blank""><strong>migrate your GPv1 storage accounts to GPv2 by 13 October 2026</strong></a>. To view your impacted resources in the Azure portal, go to the&nbsp;<a href=""https://portal.azure.com/#view/Microsoft_Azure_StorageHub/StorageHub.MenuView/~/StorageAccountsBrowse"" target=""_blank""><strong>Storage Center</strong></a>&nbsp;and look for&nbsp;<strong>Kind</strong>:&nbsp;<strong>Storage</strong>.</p> <p><strong>For Azure Databricks managed storage accounts:</strong>&nbsp;If your workspace relies on a GPv1 storage account, you won’t be able to migrate that account manually. As part of this retirement,&nbsp;<strong>Microsoft will schedule and complete a managed migration of affected accounts to GPv2 on your behalf;&nbsp;</strong>no action is required.</p> <p>Azure Databricks accounts will not be part of this migration and will be done separately. When Azure Databricks account migration is planned, notifications will be sent as appropriate.</p> <p>Any&nbsp;<strong>non-Azure Databricks accounts</strong>&nbsp;that use&nbsp;<strong>GPv1&nbsp;</strong>will&nbsp;<strong>require manual migration</strong>.</p> <p></p> <h2>Automatic migration warning</h2> <p>After 13 October 2026, all existing legacy blob storage accounts will be automatically migrated over to a GPv2 account, which may result in higher billing costs. Your decision not to migrate an existing legacy blob storage account will be construed as consent for Microsoft to migrate the account on your behalf.</p> <p><strong>Creation of all new GPv1 accounts will be blocked by 13 October 2026</strong>.</p> <p></p><h2>Help and support</h2><p>If you have questions, get answers from community experts in&nbsp;<a href=""https://learn.microsoft.com/answers/tags/125/azure-blob-storage"" target=""_blank"">Microsoft Q&amp;A</a>. If you have a support plan and need technical help, open the&nbsp;<a href=""https://portal.azure.com/#blade/Microsoft_Azure_Support/HelpAndSupportBlade/overview"" target=""_blank"">Azure portal</a>&nbsp;and select the question mark icon at the top of the page.</p><p><em>Learn more about service retirements that may impact your resources in the&nbsp;</em><a href=""https://aka.ms/ServicesRetirementWorkbook"" target=""_blank""><em>Azure Retirement Workbook</em></a><em>. Please note that retirements may not be visible in the workbook for up to two weeks after being announced.</em></p><p></p><p></p>"		2025-09-30T00:00:00Z	2026-10-13T00:00:00Z	2026-05-05T18:50:11Z	2026-10-13		northeurope	82ef7414-5e6b-4383-a344-b981c2ba7267	not_available				false	not_needed	full	retirement_date_derived_from_text	"{""event_source"":""resource_health_events""}"
Storage Accounts	DEV-ICT	azure-retirements-2721348d-5d3e-4374-adc4-06d277cdf144	2026-07-28	subscriptions	service_health_event_region	resource_health_events	Microsoft.ResourceHealth/events/XTKT-BW8	XTKT-BW8	XTKT-BW8	HealthAdvisory	Retirement	ServiceHealth	Warning	Warning	Active		Action required: Migrate your legacy Azure general-purpose v1 account to a general-purpose v2 account	Action required: Migrate your legacy Azure general-purpose v1 account to a general-purpose v2 account	<p><em>You're receiving this notification because you're associated with one or more Azure subscriptions that have a legacy blob storage account.</em></p>	"<p><em>You're receiving this notification because you're associated with one or more Azure subscriptions that have a legacy blob storage account.</em></p> <p><em>On 13 October 2026, we'll retire blob-only storage accounts. To avoid disruptions,&nbsp;</em><a href=""https://learn.microsoft.com/azure/storage/common/legacy-blob-storage-account-migration-overview"" target=""_blank""><strong>migrate your GPv1 storage accounts to GPv2 accounts before that date</strong></a>. GPv2 accounts give you access to the latest Azure Storage features while providing improved performance and true zonal redundancy support.</p> <h2>Required action</h2> <p>To avoid service disruptions,&nbsp;<a href=""https://learn.microsoft.com/azure/storage/common/legacy-blob-storage-account-migration-overview"" target=""_blank""><strong>migrate your GPv1 storage accounts to GPv2 by 13 October 2026</strong></a>. To view your impacted resources in the Azure portal, go to the&nbsp;<a href=""https://portal.azure.com/#view/Microsoft_Azure_StorageHub/StorageHub.MenuView/~/StorageAccountsBrowse"" target=""_blank""><strong>Storage Center</strong></a>&nbsp;and look for&nbsp;<strong>Kind</strong>:&nbsp;<strong>Storage</strong>.</p> <p><strong>For Azure Databricks managed storage accounts:</strong>&nbsp;If your workspace relies on a GPv1 storage account, you won’t be able to migrate that account manually. As part of this retirement,&nbsp;<strong>Microsoft will schedule and complete a managed migration of affected accounts to GPv2 on your behalf;&nbsp;</strong>no action is required.</p> <p>Azure Databricks accounts will not be part of this migration and will be done separately. When Azure Databricks account migration is planned, notifications will be sent as appropriate.</p> <p>Any&nbsp;<strong>non-Azure Databricks accounts</strong>&nbsp;that use&nbsp;<strong>GPv1&nbsp;</strong>will&nbsp;<strong>require manual migration</strong>.</p> <p></p> <h2>Automatic migration warning</h2> <p>After 13 October 2026, all existing legacy blob storage accounts will be automatically migrated over to a GPv2 account, which may result in higher billing costs. Your decision not to migrate an existing legacy blob storage account will be construed as consent for Microsoft to migrate the account on your behalf.</p> <p><strong>Creation of all new GPv1 accounts will be blocked by 13 October 2026</strong>.</p> <p></p><h2>Help and support</h2><p>If you have questions, get answers from community experts in&nbsp;<a href=""https://learn.microsoft.com/answers/tags/125/azure-blob-storage"" target=""_blank"">Microsoft Q&amp;A</a>. If you have a support plan and need technical help, open the&nbsp;<a href=""https://portal.azure.com/#blade/Microsoft_Azure_Support/HelpAndSupportBlade/overview"" target=""_blank"">Azure portal</a>&nbsp;and select the question mark icon at the top of the page.</p><p><em>Learn more about service retirements that may impact your resources in the&nbsp;</em><a href=""https://aka.ms/ServicesRetirementWorkbook"" target=""_blank""><em>Azure Retirement Workbook</em></a><em>. Please note that retirements may not be visible in the workbook for up to two weeks after being announced.</em></p><p></p><p></p>"		2025-09-30T00:00:00Z	2026-10-13T00:00:00Z	2026-05-05T18:50:11Z	2026-10-13		spaincentral	82ef7414-5e6b-4383-a344-b981c2ba7267	not_available				false	not_needed	full	retirement_date_derived_from_text	"{""event_source"":""resource_health_events""}"
Storage Accounts	DEV-ICT	azure-retirements-2721348d-5d3e-4374-adc4-06d277cdf144	2026-07-28	subscriptions	service_health_event_region	resource_health_events	Microsoft.ResourceHealth/events/XTKT-BW8	XTKT-BW8	XTKT-BW8	HealthAdvisory	Retirement	ServiceHealth	Warning	Warning	Active		Action required: Migrate your legacy Azure general-purpose v1 account to a general-purpose v2 account	Action required: Migrate your legacy Azure general-purpose v1 account to a general-purpose v2 account	<p><em>You're receiving this notification because you're associated with one or more Azure subscriptions that have a legacy blob storage account.</em></p>	"<p><em>You're receiving this notification because you're associated with one or more Azure subscriptions that have a legacy blob storage account.</em></p> <p><em>On 13 October 2026, we'll retire blob-only storage accounts. To avoid disruptions,&nbsp;</em><a href=""https://learn.microsoft.com/azure/storage/common/legacy-blob-storage-account-migration-overview"" target=""_blank""><strong>migrate your GPv1 storage accounts to GPv2 accounts before that date</strong></a>. GPv2 accounts give you access to the latest Azure Storage features while providing improved performance and true zonal redundancy support.</p> <h2>Required action</h2> <p>To avoid service disruptions,&nbsp;<a href=""https://learn.microsoft.com/azure/storage/common/legacy-blob-storage-account-migration-overview"" target=""_blank""><strong>migrate your GPv1 storage accounts to GPv2 by 13 October 2026</strong></a>. To view your impacted resources in the Azure portal, go to the&nbsp;<a href=""https://portal.azure.com/#view/Microsoft_Azure_StorageHub/StorageHub.MenuView/~/StorageAccountsBrowse"" target=""_blank""><strong>Storage Center</strong></a>&nbsp;and look for&nbsp;<strong>Kind</strong>:&nbsp;<strong>Storage</strong>.</p> <p><strong>For Azure Databricks managed storage accounts:</strong>&nbsp;If your workspace relies on a GPv1 storage account, you won’t be able to migrate that account manually. As part of this retirement,&nbsp;<strong>Microsoft will schedule and complete a managed migration of affected accounts to GPv2 on your behalf;&nbsp;</strong>no action is required.</p> <p>Azure Databricks accounts will not be part of this migration and will be done separately. When Azure Databricks account migration is planned, notifications will be sent as appropriate.</p> <p>Any&nbsp;<strong>non-Azure Databricks accounts</strong>&nbsp;that use&nbsp;<strong>GPv1&nbsp;</strong>will&nbsp;<strong>require manual migration</strong>.</p> <p></p> <h2>Automatic migration warning</h2> <p>After 13 October 2026, all existing legacy blob storage accounts will be automatically migrated over to a GPv2 account, which may result in higher billing costs. Your decision not to migrate an existing legacy blob storage account will be construed as consent for Microsoft to migrate the account on your behalf.</p> <p><strong>Creation of all new GPv1 accounts will be blocked by 13 October 2026</strong>.</p> <p></p><h2>Help and support</h2><p>If you have questions, get answers from community experts in&nbsp;<a href=""https://learn.microsoft.com/answers/tags/125/azure-blob-storage"" target=""_blank"">Microsoft Q&amp;A</a>. If you have a support plan and need technical help, open the&nbsp;<a href=""https://portal.azure.com/#blade/Microsoft_Azure_Support/HelpAndSupportBlade/overview"" target=""_blank"">Azure portal</a>&nbsp;and select the question mark icon at the top of the page.</p><p><em>Learn more about service retirements that may impact your resources in the&nbsp;</em><a href=""https://aka.ms/ServicesRetirementWorkbook"" target=""_blank""><em>Azure Retirement Workbook</em></a><em>. Please note that retirements may not be visible in the workbook for up to two weeks after being announced.</em></p><p></p><p></p>"		2025-09-30T00:00:00Z	2026-10-13T00:00:00Z	2026-05-05T18:50:11Z	2026-10-13		westeurope	82ef7414-5e6b-4383-a344-b981c2ba7267	not_available				false	not_needed	full	retirement_date_derived_from_text	"{""event_source"":""resource_health_events""}"
Azure Monitor	PROD-CSTAR	azure-retirements-2721348d-5d3e-4374-adc4-06d277cdf144	2026-07-28	subscriptions	service_health_event_region	resource_health_events	Microsoft.ResourceHealth/events/0QXK-41Z	0QXK-41Z	0QXK-41Z	HealthAdvisory	Retirement	ServiceHealth	Warning	Warning	Active		Action recommended: Migrate to managed identity authentication in Azure Monitor Container Insights before 30 September 2026	Action recommended: Migrate to managed identity authentication in Azure Monitor Container Insights before 30 September 2026	<p><em>You're receiving this notification because you have one or more Azure subscriptions currently using legacy authentication in Azure Monitor Container Insights.</em></p>	"<p><em>You're receiving this notification because you have one or more Azure subscriptions currently using legacy authentication in Azure Monitor Container Insights.</em></p> <p>On 30 September 2026, we'll retire legacy authentication in Azure Monitor Container Insights. To avoid disruptions, <a href=""https://aka.ms/CILegacyAuthMigration"" target=""_blank"">migrate</a> to managed identity authentication before 30 September 2026.</p> <p>Managed identity authentication is more secure and gives you access to newer Azure Monitor Container Insights features, such as syslog collection and high scale mode.</p> <h2>Recommended action</h2> <p>To avoid disruptions, migrate from legacy to managed identity authentication before 30 September 2026. Read our <a href=""https://aka.ms/CILegacyAuthMigration"" target=""_blank"">documentation</a> to learn how to migrate your Azure Kubernetes Service (AKS) clusters with a single click in the Azure portal. You'll also find command line options and a bulk migration script.</p> <p></p><h2>Help and support</h2><p>If you have questions, get answers from community experts in <a href=""https://learn.microsoft.com/answers/tags/20/azure-monitor"" target=""_blank"">Microsoft Q&amp;A</a>. If you have a support plan and need technical help, please create a <a href=""https://portal.azure.com/#blade/Microsoft_Azure_Support/HelpAndSupportBlade/newsupportrequest"" target=""_blank"">support request</a>.</p><p><em>Learn more about service retirements that may impact your resources in the </em><a href=""https://aka.ms/ServicesRetirementWorkbook"" target=""_blank""><em>Azure Retirement Workbook</em></a><em>. Please note that retirements may not be visible in the workbook for up to two weeks after being announced.</em></p><p></p>"		2026-04-14T05:54:44Z	2027-10-14T05:54:44Z	2026-07-06T14:22:31Z	2026-09-30		germanywestcentral	88c709b0-11cf-4450-856e-f9bf54051c1d	not_available				false	not_needed	full	retirement_date_derived_from_text	"{""event_source"":""resource_health_events""}"
Azure Monitor	PROD-CSTAR	azure-retirements-2721348d-5d3e-4374-adc4-06d277cdf144	2026-07-28	subscriptions	service_health_event_region	resource_health_events	Microsoft.ResourceHealth/events/0QXK-41Z	0QXK-41Z	0QXK-41Z	HealthAdvisory	Retirement	ServiceHealth	Warning	Warning	Active		Action recommended: Migrate to managed identity authentication in Azure Monitor Container Insights before 30 September 2026	Action recommended: Migrate to managed identity authentication in Azure Monitor Container Insights before 30 September 2026	<p><em>You're receiving this notification because you have one or more Azure subscriptions currently using legacy authentication in Azure Monitor Container Insights.</em></p>	"<p><em>You're receiving this notification because you have one or more Azure subscriptions currently using legacy authentication in Azure Monitor Container Insights.</em></p> <p>On 30 September 2026, we'll retire legacy authentication in Azure Monitor Container Insights. To avoid disruptions, <a href=""https://aka.ms/CILegacyAuthMigration"" target=""_blank"">migrate</a> to managed identity authentication before 30 September 2026.</p> <p>Managed identity authentication is more secure and gives you access to newer Azure Monitor Container Insights features, such as syslog collection and high scale mode.</p> <h2>Recommended action</h2> <p>To avoid disruptions, migrate from legacy to managed identity authentication before 30 September 2026. Read our <a href=""https://aka.ms/CILegacyAuthMigration"" target=""_blank"">documentation</a> to learn how to migrate your Azure Kubernetes Service (AKS) clusters with a single click in the Azure portal. You'll also find command line options and a bulk migration script.</p> <p></p><h2>Help and support</h2><p>If you have questions, get answers from community experts in <a href=""https://learn.microsoft.com/answers/tags/20/azure-monitor"" target=""_blank"">Microsoft Q&amp;A</a>. If you have a support plan and need technical help, please create a <a href=""https://portal.azure.com/#blade/Microsoft_Azure_Support/HelpAndSupportBlade/newsupportrequest"" target=""_blank"">support request</a>.</p><p><em>Learn more about service retirements that may impact your resources in the </em><a href=""https://aka.ms/ServicesRetirementWorkbook"" target=""_blank""><em>Azure Retirement Workbook</em></a><em>. Please note that retirements may not be visible in the workbook for up to two weeks after being announced.</em></p><p></p>"		2026-04-14T05:54:44Z	2027-10-14T05:54:44Z	2026-07-06T14:22:31Z	2026-09-30		global	88c709b0-11cf-4450-856e-f9bf54051c1d	not_available				false	not_needed	full	retirement_date_derived_from_text	"{""event_source"":""resource_health_events""}"
Azure Monitor	PROD-CSTAR	azure-retirements-2721348d-5d3e-4374-adc4-06d277cdf144	2026-07-28	subscriptions	service_health_event_region	resource_health_events	Microsoft.ResourceHealth/events/0QXK-41Z	0QXK-41Z	0QXK-41Z	HealthAdvisory	Retirement	ServiceHealth	Warning	Warning	Active		Action recommended: Migrate to managed identity authentication in Azure Monitor Container Insights before 30 September 2026	Action recommended: Migrate to managed identity authentication in Azure Monitor Container Insights before 30 September 2026	<p><em>You're receiving this notification because you have one or more Azure subscriptions currently using legacy authentication in Azure Monitor Container Insights.</em></p>	"<p><em>You're receiving this notification because you have one or more Azure subscriptions currently using legacy authentication in Azure Monitor Container Insights.</em></p> <p>On 30 September 2026, we'll retire legacy authentication in Azure Monitor Container Insights. To avoid disruptions, <a href=""https://aka.ms/CILegacyAuthMigration"" target=""_blank"">migrate</a> to managed identity authentication before 30 September 2026.</p> <p>Managed identity authentication is more secure and gives you access to newer Azure Monitor Container Insights features, such as syslog collection and high scale mode.</p> <h2>Recommended action</h2> <p>To avoid disruptions, migrate from legacy to managed identity authentication before 30 September 2026. Read our <a href=""https://aka.ms/CILegacyAuthMigration"" target=""_blank"">documentation</a> to learn how to migrate your Azure Kubernetes Service (AKS) clusters with a single click in the Azure portal. You'll also find command line options and a bulk migration script.</p> <p></p><h2>Help and support</h2><p>If you have questions, get answers from community experts in <a href=""https://learn.microsoft.com/answers/tags/20/azure-monitor"" target=""_blank"">Microsoft Q&amp;A</a>. If you have a support plan and need technical help, please create a <a href=""https://portal.azure.com/#blade/Microsoft_Azure_Support/HelpAndSupportBlade/newsupportrequest"" target=""_blank"">support request</a>.</p><p><em>Learn more about service retirements that may impact your resources in the </em><a href=""https://aka.ms/ServicesRetirementWorkbook"" target=""_blank""><em>Azure Retirement Workbook</em></a><em>. Please note that retirements may not be visible in the workbook for up to two weeks after being announced.</em></p><p></p>"		2026-04-14T05:54:44Z	2027-10-14T05:54:44Z	2026-07-06T14:22:31Z	2026-09-30		northeurope	88c709b0-11cf-4450-856e-f9bf54051c1d	not_available				false	not_needed	full	retirement_date_derived_from_text	"{""event_source"":""resource_health_events""}"
Azure Monitor	PROD-CSTAR	azure-retirements-2721348d-5d3e-4374-adc4-06d277cdf144	2026-07-28	subscriptions	service_health_event_region	resource_health_events	Microsoft.ResourceHealth/events/0QXK-41Z	0QXK-41Z	0QXK-41Z	HealthAdvisory	Retirement	ServiceHealth	Warning	Warning	Active		Action recommended: Migrate to managed identity authentication in Azure Monitor Container Insights before 30 September 2026	Action recommended: Migrate to managed identity authentication in Azure Monitor Container Insights before 30 September 2026	<p><em>You're receiving this notification because you have one or more Azure subscriptions currently using legacy authentication in Azure Monitor Container Insights.</em></p>	"<p><em>You're receiving this notification because you have one or more Azure subscriptions currently using legacy authentication in Azure Monitor Container Insights.</em></p> <p>On 30 September 2026, we'll retire legacy authentication in Azure Monitor Container Insights. To avoid disruptions, <a href=""https://aka.ms/CILegacyAuthMigration"" target=""_blank"">migrate</a> to managed identity authentication before 30 September 2026.</p> <p>Managed identity authentication is more secure and gives you access to newer Azure Monitor Container Insights features, such as syslog collection and high scale mode.</p> <h2>Recommended action</h2> <p>To avoid disruptions, migrate from legacy to managed identity authentication before 30 September 2026. Read our <a href=""https://aka.ms/CILegacyAuthMigration"" target=""_blank"">documentation</a> to learn how to migrate your Azure Kubernetes Service (AKS) clusters with a single click in the Azure portal. You'll also find command line options and a bulk migration script.</p> <p></p><h2>Help and support</h2><p>If you have questions, get answers from community experts in <a href=""https://learn.microsoft.com/answers/tags/20/azure-monitor"" target=""_blank"">Microsoft Q&amp;A</a>. If you have a support plan and need technical help, please create a <a href=""https://portal.azure.com/#blade/Microsoft_Azure_Support/HelpAndSupportBlade/newsupportrequest"" target=""_blank"">support request</a>.</p><p><em>Learn more about service retirements that may impact your resources in the </em><a href=""https://aka.ms/ServicesRetirementWorkbook"" target=""_blank""><em>Azure Retirement Workbook</em></a><em>. Please note that retirements may not be visible in the workbook for up to two weeks after being announced.</em></p><p></p>"		2026-04-14T05:54:44Z	2027-10-14T05:54:44Z	2026-07-06T14:22:31Z	2026-09-30		westeurope	88c709b0-11cf-4450-856e-f9bf54051c1d	not_available				false	not_needed	full	retirement_date_derived_from_text	"{""event_source"":""resource_health_events""}"
Virtual Machines	PROD-CSTAR	azure-retirements-2721348d-5d3e-4374-adc4-06d277cdf144	2026-07-28	subscriptions	service_health_event_region	resource_health_events	Microsoft.ResourceHealth/events/5RWW-K4G	5RWW-K4G	5RWW-K4G	HealthAdvisory		ServiceHealth	Warning	Warning	Active		Action required: Verify your OS compatibility with Microsoft Azure Network Adapter (MANA) hardware for Intel D- and E- v5-series VMs and Cobalt 100 D- and E- v6-series VM 	Action required: Verify your OS compatibility with Microsoft Azure Network Adapter (MANA) hardware for Intel D- and E- v5-series VMs and Cobalt 100 D- and E- v6-series VM 	<p><em>You are receiving this notification because you are running one or more Azure virtual machines that may be affected by an upcoming infrastructure change.</em></p>	"<p><em>You are receiving this notification because you are running one or more Azure virtual machines that may be affected by an upcoming infrastructure change.</em></p> <p>As previously communicated on 29 May 2026, Azure has begun a staged roll out of the following virtual machines (VMs) on <a href=""https://learn.microsoft.com/azure/virtual-network/accelerated-networking-mana-overview"" target=""_blank"">Microsoft Azure Network Adapter</a>-enabled hardware:</p> <ul><li><strong>Intel:</strong> Dsv5, Dv5, Ddsv5, Ddv5, Dlsv5, Dldsv5, Esv5, Ev5, Edsv5, Edv5</li><li><strong>Cobalt 100:</strong> Dpsv6, Dpdsv6, Dplsv6, Dpldsv6, Epsv6, Epdsv6</li></ul> <p>If accelerated networking is not being used or if you are already running a <a href=""https://learn.microsoft.com/azure/virtual-network/accelerated-networking-overview?tabs=NetworkManager"" target=""_blank"">supported Windows or Linux OS version</a> on these VMs, no further action is required.</p> <p>The regions already enabled for these VMs on MANA-capable hardware are: West Central US, East Asia, Norway West, Spain Central.</p> <p>This update is announcing additional regional deployments of MANA-capable hardware for the VMs above:</p> <p></p><ul><li>29 June 2026: UK South, US Central, US East</li><li>30 June 2026: US North, US South, Europe West</li><li>6 July 2026: US East 2, US West 2, and all remaining public regions</li></ul><p>If you're <strong>running VM series listed above using Accelerated Networking, </strong>any <em>new</em> VM deployments or <em>existing</em> VMs which are redeployed due to maintenance events or customer action may land on MANA-enabled hardware once live in your region.</p><p>If your VMs are running Network Virtual Appliance (NVA) workloads, <strong>you'll need to verify that they are compatible with MANA-enabled hardware in your region(s).</strong> Some NVA and high network concurrency workloads may see performance degradation if not running on an OS with the MANA driver. Most other types of workloads are expected to run without performance degradation using an alternate netvsc networking path.</p><h2>Action required</h2><p>Verify that your workloads are compatible with MANA-enabled hardware by following the steps below:</p><ul><li>Identify all Intel D- and E- v5-series and Cobalt 100 D- and E- v6-series VMs using Accelerated Networking running NVA workloads.</li><li><strong>Verify </strong>your <a href=""https://learn.microsoft.com/azure/virtual-network/accelerated-networking-mana-linux"" target=""_blank"">OS is MANA compatible.</a></li><li>If your OS isn't MANA compatible, upgrade to an OS or NVA product that is. Contact your NVA provider for a list of MANA compatible products.</li><li>If you have NVA workloads and need additional time to complete step 3 (MANA Compatibility), you can establish a temporary MANA exception by <a href=""https://learn.microsoft.com/azure/virtual-network/accelerated-networking-mana-network-virtual-appliance-opt-out#temporary-mana-exception-with-legacyvmnva"" target=""_blank"">applying and enabling the ""LegacyVMNVA"" tag</a>. This step can be done at any time up until the tag expiration date of <strong>31 May 2027</strong>. If the ""LegacyVMNVA"" tag isn't applied <strong>and </strong>enabled <strong>before </strong>your region has the MANA-enabled hardware, your VMs may be deployed on that hardware.</li><li><strong>Upgrade </strong>to a MANA compatible OS or NVA product by 31 May 2027. After that date, the tag will no longer be valid and any VM could land on MANA-enabled hardware.</li></ul><p>If you continue using the above VMs without MANA compatibility, they'll remain supported on both existing Mellanox and new MANAenabled hardware until the size is retired.</p><h2>Help and support</h2><p>If you have questions or run into any issues, please contact your Customer Support Account Manager (CSAM), if available, or reach out to <a href=""https://learn.microsoft.com/azure/virtual-machines/vm-support-help"" target=""_blank"">Support</a> for assistance.</p><p>The following resources are available to support you:</p><ul><li>Landing page: <a href=""https://microsoft.sharepoint.com/teams/AzureReliabilityPortal/SitePages/Legacy-VMs-on-MANA-Rollout.aspx?TeamsCID=dd6d9562-c6a9-4756-ac58-62a1fb7fe900&amp;OR=Teams-HL&amp;CT=1781881120544&amp;linkOpenTime=1782158414535&amp;isSPOFile=1&amp;xsdata=MDV8MDJ8fDJhMjVmNjUwN2VmZTQxOWUyODE3MDhkZWNlMTg2YjNkfDcyZjk4OGJmODZmMTQxYWY5MWFiMmQ3Y2QwMTFkYjQ3fDB8MHw2MzkxNzQ4MDE0MDY4OTYxNTF8VW5rbm93bnxWR1ZoYlhOVFpXTjFjbWwwZVZObGNuWnBZMlY4ZXlKRFFTSTZJbFJsWVcxelgwRlVVRk5sY25acFkyVmZVMUJQVEU5R0lpd2lWaUk2SWpBdU1DNHdNREF3SWl3aVVDSTZJbGRwYmpNeUlpd2lRVTRpT2lKUGRHaGxjaUlzSWxkVUlqb3hNWDA9fDF8TDJOb1lYUnpMekU1T2pFNFlqbGlPR1kxTFRKbVpXSXRORFkzWXkxaE9EWmtMV0V5WW1VNFl6Qm1ObUpoT1Y5aE1UWTRNMlF3TlMwMFlqRTVMVFEyTnpZdE9XUTJOUzAyWXpFd01XSXdOR1JoWTJOQWRXNXhMbWRpYkM1emNHRmpaWE12YldWemMyRm5aWE12TVRjNE1UZzRNek16T1RBeU5nPT18ZTYxYzEwMzE2MWZiNDMzZWM1YTUwOGRlY2UxODZiM2F8YWZhODNkODY0N2JjNDViZWE4NzliNTAwODIyZGZhNWE%3D&amp;sdata=WUZ5YzNpcitvTDZzblgxWWFjMldjUW1LaDV1akV0UnJ2RjNNZEkxWWwzaz0%3D&amp;ovuser=72f988bf-86f1-41af-91ab-2d7cd011db47%2Canreicha%40microsoft.com&amp;clickparams=eyJBcHBOYW1lIjoiVGVhbXMtRGVza3RvcCIsIkFwcFZlcnNpb24iOiI0OS8yNjA1MjkwNjExOCJ9"" target=""_blank"">Legacy VMs on MANA Rollout</a></li><li><a href=""https://learn.microsoft.com/azure/virtual-network/accelerated-networking-mana-overview"" target=""_blank"">Microsoft Azure Network Adapter overview</a></li><li><a href=""https://learn.microsoft.com/azure/virtual-network/accelerated-networking-mana-existing-sizes"" target=""_blank"">MANA support for existing VM sizes</a></li><li><a href=""https://learn.microsoft.com/azure/virtual-network/accelerated-networking-mana-network-virtual-appliance-opt-out"" target=""_blank"">MANA support for Network Virtual Appliances</a></li><li><a href=""https://learn.microsoft.com/azure/virtual-network/accelerated-networking-mana-windows#verify-that-traffic-is-flowing-through-mana"" target=""_blank"">Windows VMs with the Microsoft Azure Network Adapter</a></li><li><a href=""https://learn.microsoft.com/azure/virtual-machines/vm-support-help"" target=""_blank"">Support</a></li></ul><p></p>"		2026-05-22T00:00:00Z	2027-06-01T00:00:00Z	2026-06-26T19:10:05Z	2026-05-29		germanywestcentral	88c709b0-11cf-4450-856e-f9bf54051c1d	not_available				false	not_needed	full	retirement_date_derived_from_text	"{""event_source"":""resource_health_events""}"
Virtual Machines	PROD-CSTAR	azure-retirements-2721348d-5d3e-4374-adc4-06d277cdf144	2026-07-28	subscriptions	service_health_event_region	resource_health_events	Microsoft.ResourceHealth/events/5RWW-K4G	5RWW-K4G	5RWW-K4G	HealthAdvisory		ServiceHealth	Warning	Warning	Active		Action required: Verify your OS compatibility with Microsoft Azure Network Adapter (MANA) hardware for Intel D- and E- v5-series VMs and Cobalt 100 D- and E- v6-series VM 	Action required: Verify your OS compatibility with Microsoft Azure Network Adapter (MANA) hardware for Intel D- and E- v5-series VMs and Cobalt 100 D- and E- v6-series VM 	<p><em>You are receiving this notification because you are running one or more Azure virtual machines that may be affected by an upcoming infrastructure change.</em></p>	"<p><em>You are receiving this notification because you are running one or more Azure virtual machines that may be affected by an upcoming infrastructure change.</em></p> <p>As previously communicated on 29 May 2026, Azure has begun a staged roll out of the following virtual machines (VMs) on <a href=""https://learn.microsoft.com/azure/virtual-network/accelerated-networking-mana-overview"" target=""_blank"">Microsoft Azure Network Adapter</a>-enabled hardware:</p> <ul><li><strong>Intel:</strong> Dsv5, Dv5, Ddsv5, Ddv5, Dlsv5, Dldsv5, Esv5, Ev5, Edsv5, Edv5</li><li><strong>Cobalt 100:</strong> Dpsv6, Dpdsv6, Dplsv6, Dpldsv6, Epsv6, Epdsv6</li></ul> <p>If accelerated networking is not being used or if you are already running a <a href=""https://learn.microsoft.com/azure/virtual-network/accelerated-networking-overview?tabs=NetworkManager"" target=""_blank"">supported Windows or Linux OS version</a> on these VMs, no further action is required.</p> <p>The regions already enabled for these VMs on MANA-capable hardware are: West Central US, East Asia, Norway West, Spain Central.</p> <p>This update is announcing additional regional deployments of MANA-capable hardware for the VMs above:</p> <p></p><ul><li>29 June 2026: UK South, US Central, US East</li><li>30 June 2026: US North, US South, Europe West</li><li>6 July 2026: US East 2, US West 2, and all remaining public regions</li></ul><p>If you're <strong>running VM series listed above using Accelerated Networking, </strong>any <em>new</em> VM deployments or <em>existing</em> VMs which are redeployed due to maintenance events or customer action may land on MANA-enabled hardware once live in your region.</p><p>If your VMs are running Network Virtual Appliance (NVA) workloads, <strong>you'll need to verify that they are compatible with MANA-enabled hardware in your region(s).</strong> Some NVA and high network concurrency workloads may see performance degradation if not running on an OS with the MANA driver. Most other types of workloads are expected to run without performance degradation using an alternate netvsc networking path.</p><h2>Action required</h2><p>Verify that your workloads are compatible with MANA-enabled hardware by following the steps below:</p><ul><li>Identify all Intel D- and E- v5-series and Cobalt 100 D- and E- v6-series VMs using Accelerated Networking running NVA workloads.</li><li><strong>Verify </strong>your <a href=""https://learn.microsoft.com/azure/virtual-network/accelerated-networking-mana-linux"" target=""_blank"">OS is MANA compatible.</a></li><li>If your OS isn't MANA compatible, upgrade to an OS or NVA product that is. Contact your NVA provider for a list of MANA compatible products.</li><li>If you have NVA workloads and need additional time to complete step 3 (MANA Compatibility), you can establish a temporary MANA exception by <a href=""https://learn.microsoft.com/azure/virtual-network/accelerated-networking-mana-network-virtual-appliance-opt-out#temporary-mana-exception-with-legacyvmnva"" target=""_blank"">applying and enabling the ""LegacyVMNVA"" tag</a>. This step can be done at any time up until the tag expiration date of <strong>31 May 2027</strong>. If the ""LegacyVMNVA"" tag isn't applied <strong>and </strong>enabled <strong>before </strong>your region has the MANA-enabled hardware, your VMs may be deployed on that hardware.</li><li><strong>Upgrade </strong>to a MANA compatible OS or NVA product by 31 May 2027. After that date, the tag will no longer be valid and any VM could land on MANA-enabled hardware.</li></ul><p>If you continue using the above VMs without MANA compatibility, they'll remain supported on both existing Mellanox and new MANAenabled hardware until the size is retired.</p><h2>Help and support</h2><p>If you have questions or run into any issues, please contact your Customer Support Account Manager (CSAM), if available, or reach out to <a href=""https://learn.microsoft.com/azure/virtual-machines/vm-support-help"" target=""_blank"">Support</a> for assistance.</p><p>The following resources are available to support you:</p><ul><li>Landing page: <a href=""https://microsoft.sharepoint.com/teams/AzureReliabilityPortal/SitePages/Legacy-VMs-on-MANA-Rollout.aspx?TeamsCID=dd6d9562-c6a9-4756-ac58-62a1fb7fe900&amp;OR=Teams-HL&amp;CT=1781881120544&amp;linkOpenTime=1782158414535&amp;isSPOFile=1&amp;xsdata=MDV8MDJ8fDJhMjVmNjUwN2VmZTQxOWUyODE3MDhkZWNlMTg2YjNkfDcyZjk4OGJmODZmMTQxYWY5MWFiMmQ3Y2QwMTFkYjQ3fDB8MHw2MzkxNzQ4MDE0MDY4OTYxNTF8VW5rbm93bnxWR1ZoYlhOVFpXTjFjbWwwZVZObGNuWnBZMlY4ZXlKRFFTSTZJbFJsWVcxelgwRlVVRk5sY25acFkyVmZVMUJQVEU5R0lpd2lWaUk2SWpBdU1DNHdNREF3SWl3aVVDSTZJbGRwYmpNeUlpd2lRVTRpT2lKUGRHaGxjaUlzSWxkVUlqb3hNWDA9fDF8TDJOb1lYUnpMekU1T2pFNFlqbGlPR1kxTFRKbVpXSXRORFkzWXkxaE9EWmtMV0V5WW1VNFl6Qm1ObUpoT1Y5aE1UWTRNMlF3TlMwMFlqRTVMVFEyTnpZdE9XUTJOUzAyWXpFd01XSXdOR1JoWTJOQWRXNXhMbWRpYkM1emNHRmpaWE12YldWemMyRm5aWE12TVRjNE1UZzRNek16T1RBeU5nPT18ZTYxYzEwMzE2MWZiNDMzZWM1YTUwOGRlY2UxODZiM2F8YWZhODNkODY0N2JjNDViZWE4NzliNTAwODIyZGZhNWE%3D&amp;sdata=WUZ5YzNpcitvTDZzblgxWWFjMldjUW1LaDV1akV0UnJ2RjNNZEkxWWwzaz0%3D&amp;ovuser=72f988bf-86f1-41af-91ab-2d7cd011db47%2Canreicha%40microsoft.com&amp;clickparams=eyJBcHBOYW1lIjoiVGVhbXMtRGVza3RvcCIsIkFwcFZlcnNpb24iOiI0OS8yNjA1MjkwNjExOCJ9"" target=""_blank"">Legacy VMs on MANA Rollout</a></li><li><a href=""https://learn.microsoft.com/azure/virtual-network/accelerated-networking-mana-overview"" target=""_blank"">Microsoft Azure Network Adapter overview</a></li><li><a href=""https://learn.microsoft.com/azure/virtual-network/accelerated-networking-mana-existing-sizes"" target=""_blank"">MANA support for existing VM sizes</a></li><li><a href=""https://learn.microsoft.com/azure/virtual-network/accelerated-networking-mana-network-virtual-appliance-opt-out"" target=""_blank"">MANA support for Network Virtual Appliances</a></li><li><a href=""https://learn.microsoft.com/azure/virtual-network/accelerated-networking-mana-windows#verify-that-traffic-is-flowing-through-mana"" target=""_blank"">Windows VMs with the Microsoft Azure Network Adapter</a></li><li><a href=""https://learn.microsoft.com/azure/virtual-machines/vm-support-help"" target=""_blank"">Support</a></li></ul><p></p>"		2026-05-22T00:00:00Z	2027-06-01T00:00:00Z	2026-06-26T19:10:05Z	2026-05-29		italynorth	88c709b0-11cf-4450-856e-f9bf54051c1d	not_available				false	not_needed	full	retirement_date_derived_from_text	"{""event_source"":""resource_health_events""}"
Virtual Machines	PROD-CSTAR	azure-retirements-2721348d-5d3e-4374-adc4-06d277cdf144	2026-07-28	subscriptions	service_health_event_region	resource_health_events	Microsoft.ResourceHealth/events/5RWW-K4G	5RWW-K4G	5RWW-K4G	HealthAdvisory		ServiceHealth	Warning	Warning	Active		Action required: Verify your OS compatibility with Microsoft Azure Network Adapter (MANA) hardware for Intel D- and E- v5-series VMs and Cobalt 100 D- and E- v6-series VM 	Action required: Verify your OS compatibility with Microsoft Azure Network Adapter (MANA) hardware for Intel D- and E- v5-series VMs and Cobalt 100 D- and E- v6-series VM 	<p><em>You are receiving this notification because you are running one or more Azure virtual machines that may be affected by an upcoming infrastructure change.</em></p>	"<p><em>You are receiving this notification because you are running one or more Azure virtual machines that may be affected by an upcoming infrastructure change.</em></p> <p>As previously communicated on 29 May 2026, Azure has begun a staged roll out of the following virtual machines (VMs) on <a href=""https://learn.microsoft.com/azure/virtual-network/accelerated-networking-mana-overview"" target=""_blank"">Microsoft Azure Network Adapter</a>-enabled hardware:</p> <ul><li><strong>Intel:</strong> Dsv5, Dv5, Ddsv5, Ddv5, Dlsv5, Dldsv5, Esv5, Ev5, Edsv5, Edv5</li><li><strong>Cobalt 100:</strong> Dpsv6, Dpdsv6, Dplsv6, Dpldsv6, Epsv6, Epdsv6</li></ul> <p>If accelerated networking is not being used or if you are already running a <a href=""https://learn.microsoft.com/azure/virtual-network/accelerated-networking-overview?tabs=NetworkManager"" target=""_blank"">supported Windows or Linux OS version</a> on these VMs, no further action is required.</p> <p>The regions already enabled for these VMs on MANA-capable hardware are: West Central US, East Asia, Norway West, Spain Central.</p> <p>This update is announcing additional regional deployments of MANA-capable hardware for the VMs above:</p> <p></p><ul><li>29 June 2026: UK South, US Central, US East</li><li>30 June 2026: US North, US South, Europe West</li><li>6 July 2026: US East 2, US West 2, and all remaining public regions</li></ul><p>If you're <strong>running VM series listed above using Accelerated Networking, </strong>any <em>new</em> VM deployments or <em>existing</em> VMs which are redeployed due to maintenance events or customer action may land on MANA-enabled hardware once live in your region.</p><p>If your VMs are running Network Virtual Appliance (NVA) workloads, <strong>you'll need to verify that they are compatible with MANA-enabled hardware in your region(s).</strong> Some NVA and high network concurrency workloads may see performance degradation if not running on an OS with the MANA driver. Most other types of workloads are expected to run without performance degradation using an alternate netvsc networking path.</p><h2>Action required</h2><p>Verify that your workloads are compatible with MANA-enabled hardware by following the steps below:</p><ul><li>Identify all Intel D- and E- v5-series and Cobalt 100 D- and E- v6-series VMs using Accelerated Networking running NVA workloads.</li><li><strong>Verify </strong>your <a href=""https://learn.microsoft.com/azure/virtual-network/accelerated-networking-mana-linux"" target=""_blank"">OS is MANA compatible.</a></li><li>If your OS isn't MANA compatible, upgrade to an OS or NVA product that is. Contact your NVA provider for a list of MANA compatible products.</li><li>If you have NVA workloads and need additional time to complete step 3 (MANA Compatibility), you can establish a temporary MANA exception by <a href=""https://learn.microsoft.com/azure/virtual-network/accelerated-networking-mana-network-virtual-appliance-opt-out#temporary-mana-exception-with-legacyvmnva"" target=""_blank"">applying and enabling the ""LegacyVMNVA"" tag</a>. This step can be done at any time up until the tag expiration date of <strong>31 May 2027</strong>. If the ""LegacyVMNVA"" tag isn't applied <strong>and </strong>enabled <strong>before </strong>your region has the MANA-enabled hardware, your VMs may be deployed on that hardware.</li><li><strong>Upgrade </strong>to a MANA compatible OS or NVA product by 31 May 2027. After that date, the tag will no longer be valid and any VM could land on MANA-enabled hardware.</li></ul><p>If you continue using the above VMs without MANA compatibility, they'll remain supported on both existing Mellanox and new MANAenabled hardware until the size is retired.</p><h2>Help and support</h2><p>If you have questions or run into any issues, please contact your Customer Support Account Manager (CSAM), if available, or reach out to <a href=""https://learn.microsoft.com/azure/virtual-machines/vm-support-help"" target=""_blank"">Support</a> for assistance.</p><p>The following resources are available to support you:</p><ul><li>Landing page: <a href=""https://microsoft.sharepoint.com/teams/AzureReliabilityPortal/SitePages/Legacy-VMs-on-MANA-Rollout.aspx?TeamsCID=dd6d9562-c6a9-4756-ac58-62a1fb7fe900&amp;OR=Teams-HL&amp;CT=1781881120544&amp;linkOpenTime=1782158414535&amp;isSPOFile=1&amp;xsdata=MDV8MDJ8fDJhMjVmNjUwN2VmZTQxOWUyODE3MDhkZWNlMTg2YjNkfDcyZjk4OGJmODZmMTQxYWY5MWFiMmQ3Y2QwMTFkYjQ3fDB8MHw2MzkxNzQ4MDE0MDY4OTYxNTF8VW5rbm93bnxWR1ZoYlhOVFpXTjFjbWwwZVZObGNuWnBZMlY4ZXlKRFFTSTZJbFJsWVcxelgwRlVVRk5sY25acFkyVmZVMUJQVEU5R0lpd2lWaUk2SWpBdU1DNHdNREF3SWl3aVVDSTZJbGRwYmpNeUlpd2lRVTRpT2lKUGRHaGxjaUlzSWxkVUlqb3hNWDA9fDF8TDJOb1lYUnpMekU1T2pFNFlqbGlPR1kxTFRKbVpXSXRORFkzWXkxaE9EWmtMV0V5WW1VNFl6Qm1ObUpoT1Y5aE1UWTRNMlF3TlMwMFlqRTVMVFEyTnpZdE9XUTJOUzAyWXpFd01XSXdOR1JoWTJOQWRXNXhMbWRpYkM1emNHRmpaWE12YldWemMyRm5aWE12TVRjNE1UZzRNek16T1RBeU5nPT18ZTYxYzEwMzE2MWZiNDMzZWM1YTUwOGRlY2UxODZiM2F8YWZhODNkODY0N2JjNDViZWE4NzliNTAwODIyZGZhNWE%3D&amp;sdata=WUZ5YzNpcitvTDZzblgxWWFjMldjUW1LaDV1akV0UnJ2RjNNZEkxWWwzaz0%3D&amp;ovuser=72f988bf-86f1-41af-91ab-2d7cd011db47%2Canreicha%40microsoft.com&amp;clickparams=eyJBcHBOYW1lIjoiVGVhbXMtRGVza3RvcCIsIkFwcFZlcnNpb24iOiI0OS8yNjA1MjkwNjExOCJ9"" target=""_blank"">Legacy VMs on MANA Rollout</a></li><li><a href=""https://learn.microsoft.com/azure/virtual-network/accelerated-networking-mana-overview"" target=""_blank"">Microsoft Azure Network Adapter overview</a></li><li><a href=""https://learn.microsoft.com/azure/virtual-network/accelerated-networking-mana-existing-sizes"" target=""_blank"">MANA support for existing VM sizes</a></li><li><a href=""https://learn.microsoft.com/azure/virtual-network/accelerated-networking-mana-network-virtual-appliance-opt-out"" target=""_blank"">MANA support for Network Virtual Appliances</a></li><li><a href=""https://learn.microsoft.com/azure/virtual-network/accelerated-networking-mana-windows#verify-that-traffic-is-flowing-through-mana"" target=""_blank"">Windows VMs with the Microsoft Azure Network Adapter</a></li><li><a href=""https://learn.microsoft.com/azure/virtual-machines/vm-support-help"" target=""_blank"">Support</a></li></ul><p></p>"		2026-05-22T00:00:00Z	2027-06-01T00:00:00Z	2026-06-26T19:10:05Z	2026-05-29		northeurope	88c709b0-11cf-4450-856e-f9bf54051c1d	not_available				false	not_needed	full	retirement_date_derived_from_text	"{""event_source"":""resource_health_events""}"
Virtual Machines	PROD-CSTAR	azure-retirements-2721348d-5d3e-4374-adc4-06d277cdf144	2026-07-28	subscriptions	service_health_event_region	resource_health_events	Microsoft.ResourceHealth/events/5RWW-K4G	5RWW-K4G	5RWW-K4G	HealthAdvisory		ServiceHealth	Warning	Warning	Active		Action required: Verify your OS compatibility with Microsoft Azure Network Adapter (MANA) hardware for Intel D- and E- v5-series VMs and Cobalt 100 D- and E- v6-series VM 	Action required: Verify your OS compatibility with Microsoft Azure Network Adapter (MANA) hardware for Intel D- and E- v5-series VMs and Cobalt 100 D- and E- v6-series VM 	<p><em>You are receiving this notification because you are running one or more Azure virtual machines that may be affected by an upcoming infrastructure change.</em></p>	"<p><em>You are receiving this notification because you are running one or more Azure virtual machines that may be affected by an upcoming infrastructure change.</em></p> <p>As previously communicated on 29 May 2026, Azure has begun a staged roll out of the following virtual machines (VMs) on <a href=""https://learn.microsoft.com/azure/virtual-network/accelerated-networking-mana-overview"" target=""_blank"">Microsoft Azure Network Adapter</a>-enabled hardware:</p> <ul><li><strong>Intel:</strong> Dsv5, Dv5, Ddsv5, Ddv5, Dlsv5, Dldsv5, Esv5, Ev5, Edsv5, Edv5</li><li><strong>Cobalt 100:</strong> Dpsv6, Dpdsv6, Dplsv6, Dpldsv6, Epsv6, Epdsv6</li></ul> <p>If accelerated networking is not being used or if you are already running a <a href=""https://learn.microsoft.com/azure/virtual-network/accelerated-networking-overview?tabs=NetworkManager"" target=""_blank"">supported Windows or Linux OS version</a> on these VMs, no further action is required.</p> <p>The regions already enabled for these VMs on MANA-capable hardware are: West Central US, East Asia, Norway West, Spain Central.</p> <p>This update is announcing additional regional deployments of MANA-capable hardware for the VMs above:</p> <p></p><ul><li>29 June 2026: UK South, US Central, US East</li><li>30 June 2026: US North, US South, Europe West</li><li>6 July 2026: US East 2, US West 2, and all remaining public regions</li></ul><p>If you're <strong>running VM series listed above using Accelerated Networking, </strong>any <em>new</em> VM deployments or <em>existing</em> VMs which are redeployed due to maintenance events or customer action may land on MANA-enabled hardware once live in your region.</p><p>If your VMs are running Network Virtual Appliance (NVA) workloads, <strong>you'll need to verify that they are compatible with MANA-enabled hardware in your region(s).</strong> Some NVA and high network concurrency workloads may see performance degradation if not running on an OS with the MANA driver. Most other types of workloads are expected to run without performance degradation using an alternate netvsc networking path.</p><h2>Action required</h2><p>Verify that your workloads are compatible with MANA-enabled hardware by following the steps below:</p><ul><li>Identify all Intel D- and E- v5-series and Cobalt 100 D- and E- v6-series VMs using Accelerated Networking running NVA workloads.</li><li><strong>Verify </strong>your <a href=""https://learn.microsoft.com/azure/virtual-network/accelerated-networking-mana-linux"" target=""_blank"">OS is MANA compatible.</a></li><li>If your OS isn't MANA compatible, upgrade to an OS or NVA product that is. Contact your NVA provider for a list of MANA compatible products.</li><li>If you have NVA workloads and need additional time to complete step 3 (MANA Compatibility), you can establish a temporary MANA exception by <a href=""https://learn.microsoft.com/azure/virtual-network/accelerated-networking-mana-network-virtual-appliance-opt-out#temporary-mana-exception-with-legacyvmnva"" target=""_blank"">applying and enabling the ""LegacyVMNVA"" tag</a>. This step can be done at any time up until the tag expiration date of <strong>31 May 2027</strong>. If the ""LegacyVMNVA"" tag isn't applied <strong>and </strong>enabled <strong>before </strong>your region has the MANA-enabled hardware, your VMs may be deployed on that hardware.</li><li><strong>Upgrade </strong>to a MANA compatible OS or NVA product by 31 May 2027. After that date, the tag will no longer be valid and any VM could land on MANA-enabled hardware.</li></ul><p>If you continue using the above VMs without MANA compatibility, they'll remain supported on both existing Mellanox and new MANAenabled hardware until the size is retired.</p><h2>Help and support</h2><p>If you have questions or run into any issues, please contact your Customer Support Account Manager (CSAM), if available, or reach out to <a href=""https://learn.microsoft.com/azure/virtual-machines/vm-support-help"" target=""_blank"">Support</a> for assistance.</p><p>The following resources are available to support you:</p><ul><li>Landing page: <a href=""https://microsoft.sharepoint.com/teams/AzureReliabilityPortal/SitePages/Legacy-VMs-on-MANA-Rollout.aspx?TeamsCID=dd6d9562-c6a9-4756-ac58-62a1fb7fe900&amp;OR=Teams-HL&amp;CT=1781881120544&amp;linkOpenTime=1782158414535&amp;isSPOFile=1&amp;xsdata=MDV8MDJ8fDJhMjVmNjUwN2VmZTQxOWUyODE3MDhkZWNlMTg2YjNkfDcyZjk4OGJmODZmMTQxYWY5MWFiMmQ3Y2QwMTFkYjQ3fDB8MHw2MzkxNzQ4MDE0MDY4OTYxNTF8VW5rbm93bnxWR1ZoYlhOVFpXTjFjbWwwZVZObGNuWnBZMlY4ZXlKRFFTSTZJbFJsWVcxelgwRlVVRk5sY25acFkyVmZVMUJQVEU5R0lpd2lWaUk2SWpBdU1DNHdNREF3SWl3aVVDSTZJbGRwYmpNeUlpd2lRVTRpT2lKUGRHaGxjaUlzSWxkVUlqb3hNWDA9fDF8TDJOb1lYUnpMekU1T2pFNFlqbGlPR1kxTFRKbVpXSXRORFkzWXkxaE9EWmtMV0V5WW1VNFl6Qm1ObUpoT1Y5aE1UWTRNMlF3TlMwMFlqRTVMVFEyTnpZdE9XUTJOUzAyWXpFd01XSXdOR1JoWTJOQWRXNXhMbWRpYkM1emNHRmpaWE12YldWemMyRm5aWE12TVRjNE1UZzRNek16T1RBeU5nPT18ZTYxYzEwMzE2MWZiNDMzZWM1YTUwOGRlY2UxODZiM2F8YWZhODNkODY0N2JjNDViZWE4NzliNTAwODIyZGZhNWE%3D&amp;sdata=WUZ5YzNpcitvTDZzblgxWWFjMldjUW1LaDV1akV0UnJ2RjNNZEkxWWwzaz0%3D&amp;ovuser=72f988bf-86f1-41af-91ab-2d7cd011db47%2Canreicha%40microsoft.com&amp;clickparams=eyJBcHBOYW1lIjoiVGVhbXMtRGVza3RvcCIsIkFwcFZlcnNpb24iOiI0OS8yNjA1MjkwNjExOCJ9"" target=""_blank"">Legacy VMs on MANA Rollout</a></li><li><a href=""https://learn.microsoft.com/azure/virtual-network/accelerated-networking-mana-overview"" target=""_blank"">Microsoft Azure Network Adapter overview</a></li><li><a href=""https://learn.microsoft.com/azure/virtual-network/accelerated-networking-mana-existing-sizes"" target=""_blank"">MANA support for existing VM sizes</a></li><li><a href=""https://learn.microsoft.com/azure/virtual-network/accelerated-networking-mana-network-virtual-appliance-opt-out"" target=""_blank"">MANA support for Network Virtual Appliances</a></li><li><a href=""https://learn.microsoft.com/azure/virtual-network/accelerated-networking-mana-windows#verify-that-traffic-is-flowing-through-mana"" target=""_blank"">Windows VMs with the Microsoft Azure Network Adapter</a></li><li><a href=""https://learn.microsoft.com/azure/virtual-machines/vm-support-help"" target=""_blank"">Support</a></li></ul><p></p>"		2026-05-22T00:00:00Z	2027-06-01T00:00:00Z	2026-06-26T19:10:05Z	2026-05-29		spaincentral	88c709b0-11cf-4450-856e-f9bf54051c1d	not_available				false	not_needed	full	retirement_date_derived_from_text	"{""event_source"":""resource_health_events""}"
Virtual Machines	PROD-CSTAR	azure-retirements-2721348d-5d3e-4374-adc4-06d277cdf144	2026-07-28	subscriptions	service_health_event_region	resource_health_events	Microsoft.ResourceHealth/events/5RWW-K4G	5RWW-K4G	5RWW-K4G	HealthAdvisory		ServiceHealth	Warning	Warning	Active		Action required: Verify your OS compatibility with Microsoft Azure Network Adapter (MANA) hardware for Intel D- and E- v5-series VMs and Cobalt 100 D- and E- v6-series VM 	Action required: Verify your OS compatibility with Microsoft Azure Network Adapter (MANA) hardware for Intel D- and E- v5-series VMs and Cobalt 100 D- and E- v6-series VM 	<p><em>You are receiving this notification because you are running one or more Azure virtual machines that may be affected by an upcoming infrastructure change.</em></p>	"<p><em>You are receiving this notification because you are running one or more Azure virtual machines that may be affected by an upcoming infrastructure change.</em></p> <p>As previously communicated on 29 May 2026, Azure has begun a staged roll out of the following virtual machines (VMs) on <a href=""https://learn.microsoft.com/azure/virtual-network/accelerated-networking-mana-overview"" target=""_blank"">Microsoft Azure Network Adapter</a>-enabled hardware:</p> <ul><li><strong>Intel:</strong> Dsv5, Dv5, Ddsv5, Ddv5, Dlsv5, Dldsv5, Esv5, Ev5, Edsv5, Edv5</li><li><strong>Cobalt 100:</strong> Dpsv6, Dpdsv6, Dplsv6, Dpldsv6, Epsv6, Epdsv6</li></ul> <p>If accelerated networking is not being used or if you are already running a <a href=""https://learn.microsoft.com/azure/virtual-network/accelerated-networking-overview?tabs=NetworkManager"" target=""_blank"">supported Windows or Linux OS version</a> on these VMs, no further action is required.</p> <p>The regions already enabled for these VMs on MANA-capable hardware are: West Central US, East Asia, Norway West, Spain Central.</p> <p>This update is announcing additional regional deployments of MANA-capable hardware for the VMs above:</p> <p></p><ul><li>29 June 2026: UK South, US Central, US East</li><li>30 June 2026: US North, US South, Europe West</li><li>6 July 2026: US East 2, US West 2, and all remaining public regions</li></ul><p>If you're <strong>running VM series listed above using Accelerated Networking, </strong>any <em>new</em> VM deployments or <em>existing</em> VMs which are redeployed due to maintenance events or customer action may land on MANA-enabled hardware once live in your region.</p><p>If your VMs are running Network Virtual Appliance (NVA) workloads, <strong>you'll need to verify that they are compatible with MANA-enabled hardware in your region(s).</strong> Some NVA and high network concurrency workloads may see performance degradation if not running on an OS with the MANA driver. Most other types of workloads are expected to run without performance degradation using an alternate netvsc networking path.</p><h2>Action required</h2><p>Verify that your workloads are compatible with MANA-enabled hardware by following the steps below:</p><ul><li>Identify all Intel D- and E- v5-series and Cobalt 100 D- and E- v6-series VMs using Accelerated Networking running NVA workloads.</li><li><strong>Verify </strong>your <a href=""https://learn.microsoft.com/azure/virtual-network/accelerated-networking-mana-linux"" target=""_blank"">OS is MANA compatible.</a></li><li>If your OS isn't MANA compatible, upgrade to an OS or NVA product that is. Contact your NVA provider for a list of MANA compatible products.</li><li>If you have NVA workloads and need additional time to complete step 3 (MANA Compatibility), you can establish a temporary MANA exception by <a href=""https://learn.microsoft.com/azure/virtual-network/accelerated-networking-mana-network-virtual-appliance-opt-out#temporary-mana-exception-with-legacyvmnva"" target=""_blank"">applying and enabling the ""LegacyVMNVA"" tag</a>. This step can be done at any time up until the tag expiration date of <strong>31 May 2027</strong>. If the ""LegacyVMNVA"" tag isn't applied <strong>and </strong>enabled <strong>before </strong>your region has the MANA-enabled hardware, your VMs may be deployed on that hardware.</li><li><strong>Upgrade </strong>to a MANA compatible OS or NVA product by 31 May 2027. After that date, the tag will no longer be valid and any VM could land on MANA-enabled hardware.</li></ul><p>If you continue using the above VMs without MANA compatibility, they'll remain supported on both existing Mellanox and new MANAenabled hardware until the size is retired.</p><h2>Help and support</h2><p>If you have questions or run into any issues, please contact your Customer Support Account Manager (CSAM), if available, or reach out to <a href=""https://learn.microsoft.com/azure/virtual-machines/vm-support-help"" target=""_blank"">Support</a> for assistance.</p><p>The following resources are available to support you:</p><ul><li>Landing page: <a href=""https://microsoft.sharepoint.com/teams/AzureReliabilityPortal/SitePages/Legacy-VMs-on-MANA-Rollout.aspx?TeamsCID=dd6d9562-c6a9-4756-ac58-62a1fb7fe900&amp;OR=Teams-HL&amp;CT=1781881120544&amp;linkOpenTime=1782158414535&amp;isSPOFile=1&amp;xsdata=MDV8MDJ8fDJhMjVmNjUwN2VmZTQxOWUyODE3MDhkZWNlMTg2YjNkfDcyZjk4OGJmODZmMTQxYWY5MWFiMmQ3Y2QwMTFkYjQ3fDB8MHw2MzkxNzQ4MDE0MDY4OTYxNTF8VW5rbm93bnxWR1ZoYlhOVFpXTjFjbWwwZVZObGNuWnBZMlY4ZXlKRFFTSTZJbFJsWVcxelgwRlVVRk5sY25acFkyVmZVMUJQVEU5R0lpd2lWaUk2SWpBdU1DNHdNREF3SWl3aVVDSTZJbGRwYmpNeUlpd2lRVTRpT2lKUGRHaGxjaUlzSWxkVUlqb3hNWDA9fDF8TDJOb1lYUnpMekU1T2pFNFlqbGlPR1kxTFRKbVpXSXRORFkzWXkxaE9EWmtMV0V5WW1VNFl6Qm1ObUpoT1Y5aE1UWTRNMlF3TlMwMFlqRTVMVFEyTnpZdE9XUTJOUzAyWXpFd01XSXdOR1JoWTJOQWRXNXhMbWRpYkM1emNHRmpaWE12YldWemMyRm5aWE12TVRjNE1UZzRNek16T1RBeU5nPT18ZTYxYzEwMzE2MWZiNDMzZWM1YTUwOGRlY2UxODZiM2F8YWZhODNkODY0N2JjNDViZWE4NzliNTAwODIyZGZhNWE%3D&amp;sdata=WUZ5YzNpcitvTDZzblgxWWFjMldjUW1LaDV1akV0UnJ2RjNNZEkxWWwzaz0%3D&amp;ovuser=72f988bf-86f1-41af-91ab-2d7cd011db47%2Canreicha%40microsoft.com&amp;clickparams=eyJBcHBOYW1lIjoiVGVhbXMtRGVza3RvcCIsIkFwcFZlcnNpb24iOiI0OS8yNjA1MjkwNjExOCJ9"" target=""_blank"">Legacy VMs on MANA Rollout</a></li><li><a href=""https://learn.microsoft.com/azure/virtual-network/accelerated-networking-mana-overview"" target=""_blank"">Microsoft Azure Network Adapter overview</a></li><li><a href=""https://learn.microsoft.com/azure/virtual-network/accelerated-networking-mana-existing-sizes"" target=""_blank"">MANA support for existing VM sizes</a></li><li><a href=""https://learn.microsoft.com/azure/virtual-network/accelerated-networking-mana-network-virtual-appliance-opt-out"" target=""_blank"">MANA support for Network Virtual Appliances</a></li><li><a href=""https://learn.microsoft.com/azure/virtual-network/accelerated-networking-mana-windows#verify-that-traffic-is-flowing-through-mana"" target=""_blank"">Windows VMs with the Microsoft Azure Network Adapter</a></li><li><a href=""https://learn.microsoft.com/azure/virtual-machines/vm-support-help"" target=""_blank"">Support</a></li></ul><p></p>"		2026-05-22T00:00:00Z	2027-06-01T00:00:00Z	2026-06-26T19:10:05Z	2026-05-29		westeurope	88c709b0-11cf-4450-856e-f9bf54051c1d	not_available				false	not_needed	full	retirement_date_derived_from_text	"{""event_source"":""resource_health_events""}"
Azure Kubernetes Service (AKS)	PROD-CSTAR	azure-retirements-2721348d-5d3e-4374-adc4-06d277cdf144	2026-07-28	subscriptions	service_health_event_region	resource_health_events	Microsoft.ResourceHealth/events/9Y2Z-_K8	9Y2Z-_K8	9Y2Z-_K8	HealthAdvisory	Retirement	ServiceHealth	Warning	Warning	Active		Transition Ubuntu 22.04 clusters to Ubuntu 24.04 or later by 30 June 2027	Transition Ubuntu 22.04 clusters to Ubuntu 24.04 or later by 30 June 2027	<p><em>You’re receiving this notification because you’re associated with one or more Azure subscriptions that use Ubuntu 22.04 for Azure Kubernetes Service (AKS) clusters. For reference, you can find this notification in the Azure portal under&nbsp;Service Health/Health advisories&nbsp;using tracking ID: 9Y2Z-_K8.</em></p>	"<p><em>You’re receiving this notification because you’re associated with one or more Azure subscriptions that use Ubuntu 22.04 for Azure Kubernetes Service (AKS) clusters. For reference, you can find this notification in the Azure portal under&nbsp;Service Health/Health advisories&nbsp;using tracking ID: 9Y2Z-_K8.</em></p> <p><em>On 30 June 2027, we’ll retire Ubuntu 22.04 on Azure Kubernetes Service. To avoid disruptions,&nbsp;</em><a href=""https://learn.microsoft.com/azure/aks/upgrade-os-version"" target=""_blank""><strong>transition</strong>&nbsp;to Ubuntu 24.04 or later by that date.</a><a href=""https://aka.ms/aks/supported-ubuntu-versions"" target=""_blank"">&nbsp;</a>Newer supported versions<strong>&nbsp;</strong>include&nbsp;<a href=""https://discourse.ubuntu.com/t/ubuntu-24-04-lts-noble-numbat-release-notes/39890"" target=""_blank"">kernel updates and security improvements</a>.</p> <p>Between now and 30 June 2027, you can continue to use Ubuntu 22.04 on AKS without disruption. If you don’t migrate by 30 June 2027, you won’t be able to create new node pools, AKS&nbsp;won’t produce new node images, and you’ll no longer receive security patches for existing node pools. If you'd like to enable long-term support with Kubernetes version 1.33 or later, first update your node pools to Ubuntu 24.04.</p> <p>Additionally, on&nbsp;30 April 2028 AKS will remove Ubuntu 22.04 node images and existing code, causing scaling&nbsp;and remediation operations to fail.&nbsp;</p> <h2>Recommended action</h2> <p>To avoid service disruptions such as security vulnerabilities, failed node image upgrades, and scaling failures,&nbsp;<a href=""https://aka.ms/aks/upgrade-os-version"" target=""_blank""><strong>migrate</strong>&nbsp;to Ubuntu 24.04 or later by 30 June 2027.&nbsp;</a>Your migration options include:</p> <p></p><ul><li>Default&nbsp;Operating System SKU (OSSku): If you’re using ‘Ubuntu,’&nbsp;you’ll&nbsp;automatically migrate to Ubuntu 24.04 when you upgrade your Kubernetes version to 1.35 or later.</li><li>Versioned OSSku: If you’re using ‘Ubuntu2204,’ update your OSSku to ‘Ubuntu’ for Kubernetes 1.35 or later, or ‘Ubuntu2404’ for Kubernetes 1.32 or later.</li></ul><h2>Help and support&nbsp;</h2><p>If you have questions, get answers from community experts in&nbsp;<a href=""https://learn.microsoft.com/answers/tags/200/azure-kubernetes-service"" target=""_blank"">Microsoft Q&amp;A</a>&nbsp;or&nbsp;AKS GitHub. If you have a support plan and need technical help, follow our&nbsp;<a href=""https://learn.microsoft.com/azure/azure-portal/supportability/how-to-create-azure-support-request#open-a-support-request-from-the-global-header"" target=""_blank"">documentation</a>&nbsp;to create a support request.</p><p><em>Learn more about service retirements that may impact your resources in the&nbsp;</em><a href=""https://aka.ms/ServicesRetirementWorkbook"" target=""_blank""><em>Azure Retirement Workbook</em></a><em>. Please note that retirements may not be visible in the workbook for up to two weeks after being announced.</em></p><p></p>"		2026-02-19T21:31:43Z	2027-06-30T00:00:00Z	2026-04-13T09:49:39Z	2027-06-30		germanywestcentral	88c709b0-11cf-4450-856e-f9bf54051c1d	not_available				false	not_needed	full	retirement_date_derived_from_text	"{""event_source"":""resource_health_events""}"
Azure Kubernetes Service (AKS)	PROD-CSTAR	azure-retirements-2721348d-5d3e-4374-adc4-06d277cdf144	2026-07-28	subscriptions	service_health_event_region	resource_health_events	Microsoft.ResourceHealth/events/9Y2Z-_K8	9Y2Z-_K8	9Y2Z-_K8	HealthAdvisory	Retirement	ServiceHealth	Warning	Warning	Active		Transition Ubuntu 22.04 clusters to Ubuntu 24.04 or later by 30 June 2027	Transition Ubuntu 22.04 clusters to Ubuntu 24.04 or later by 30 June 2027	<p><em>You’re receiving this notification because you’re associated with one or more Azure subscriptions that use Ubuntu 22.04 for Azure Kubernetes Service (AKS) clusters. For reference, you can find this notification in the Azure portal under&nbsp;Service Health/Health advisories&nbsp;using tracking ID: 9Y2Z-_K8.</em></p>	"<p><em>You’re receiving this notification because you’re associated with one or more Azure subscriptions that use Ubuntu 22.04 for Azure Kubernetes Service (AKS) clusters. For reference, you can find this notification in the Azure portal under&nbsp;Service Health/Health advisories&nbsp;using tracking ID: 9Y2Z-_K8.</em></p> <p><em>On 30 June 2027, we’ll retire Ubuntu 22.04 on Azure Kubernetes Service. To avoid disruptions,&nbsp;</em><a href=""https://learn.microsoft.com/azure/aks/upgrade-os-version"" target=""_blank""><strong>transition</strong>&nbsp;to Ubuntu 24.04 or later by that date.</a><a href=""https://aka.ms/aks/supported-ubuntu-versions"" target=""_blank"">&nbsp;</a>Newer supported versions<strong>&nbsp;</strong>include&nbsp;<a href=""https://discourse.ubuntu.com/t/ubuntu-24-04-lts-noble-numbat-release-notes/39890"" target=""_blank"">kernel updates and security improvements</a>.</p> <p>Between now and 30 June 2027, you can continue to use Ubuntu 22.04 on AKS without disruption. If you don’t migrate by 30 June 2027, you won’t be able to create new node pools, AKS&nbsp;won’t produce new node images, and you’ll no longer receive security patches for existing node pools. If you'd like to enable long-term support with Kubernetes version 1.33 or later, first update your node pools to Ubuntu 24.04.</p> <p>Additionally, on&nbsp;30 April 2028 AKS will remove Ubuntu 22.04 node images and existing code, causing scaling&nbsp;and remediation operations to fail.&nbsp;</p> <h2>Recommended action</h2> <p>To avoid service disruptions such as security vulnerabilities, failed node image upgrades, and scaling failures,&nbsp;<a href=""https://aka.ms/aks/upgrade-os-version"" target=""_blank""><strong>migrate</strong>&nbsp;to Ubuntu 24.04 or later by 30 June 2027.&nbsp;</a>Your migration options include:</p> <p></p><ul><li>Default&nbsp;Operating System SKU (OSSku): If you’re using ‘Ubuntu,’&nbsp;you’ll&nbsp;automatically migrate to Ubuntu 24.04 when you upgrade your Kubernetes version to 1.35 or later.</li><li>Versioned OSSku: If you’re using ‘Ubuntu2204,’ update your OSSku to ‘Ubuntu’ for Kubernetes 1.35 or later, or ‘Ubuntu2404’ for Kubernetes 1.32 or later.</li></ul><h2>Help and support&nbsp;</h2><p>If you have questions, get answers from community experts in&nbsp;<a href=""https://learn.microsoft.com/answers/tags/200/azure-kubernetes-service"" target=""_blank"">Microsoft Q&amp;A</a>&nbsp;or&nbsp;AKS GitHub. If you have a support plan and need technical help, follow our&nbsp;<a href=""https://learn.microsoft.com/azure/azure-portal/supportability/how-to-create-azure-support-request#open-a-support-request-from-the-global-header"" target=""_blank"">documentation</a>&nbsp;to create a support request.</p><p><em>Learn more about service retirements that may impact your resources in the&nbsp;</em><a href=""https://aka.ms/ServicesRetirementWorkbook"" target=""_blank""><em>Azure Retirement Workbook</em></a><em>. Please note that retirements may not be visible in the workbook for up to two weeks after being announced.</em></p><p></p>"		2026-02-19T21:31:43Z	2027-06-30T00:00:00Z	2026-04-13T09:49:39Z	2027-06-30		italynorth	88c709b0-11cf-4450-856e-f9bf54051c1d	not_available				false	not_needed	full	retirement_date_derived_from_text	"{""event_source"":""resource_health_events""}"
Azure Kubernetes Service (AKS)	PROD-CSTAR	azure-retirements-2721348d-5d3e-4374-adc4-06d277cdf144	2026-07-28	subscriptions	service_health_event_region	resource_health_events	Microsoft.ResourceHealth/events/9Y2Z-_K8	9Y2Z-_K8	9Y2Z-_K8	HealthAdvisory	Retirement	ServiceHealth	Warning	Warning	Active		Transition Ubuntu 22.04 clusters to Ubuntu 24.04 or later by 30 June 2027	Transition Ubuntu 22.04 clusters to Ubuntu 24.04 or later by 30 June 2027	<p><em>You’re receiving this notification because you’re associated with one or more Azure subscriptions that use Ubuntu 22.04 for Azure Kubernetes Service (AKS) clusters. For reference, you can find this notification in the Azure portal under&nbsp;Service Health/Health advisories&nbsp;using tracking ID: 9Y2Z-_K8.</em></p>	"<p><em>You’re receiving this notification because you’re associated with one or more Azure subscriptions that use Ubuntu 22.04 for Azure Kubernetes Service (AKS) clusters. For reference, you can find this notification in the Azure portal under&nbsp;Service Health/Health advisories&nbsp;using tracking ID: 9Y2Z-_K8.</em></p> <p><em>On 30 June 2027, we’ll retire Ubuntu 22.04 on Azure Kubernetes Service. To avoid disruptions,&nbsp;</em><a href=""https://learn.microsoft.com/azure/aks/upgrade-os-version"" target=""_blank""><strong>transition</strong>&nbsp;to Ubuntu 24.04 or later by that date.</a><a href=""https://aka.ms/aks/supported-ubuntu-versions"" target=""_blank"">&nbsp;</a>Newer supported versions<strong>&nbsp;</strong>include&nbsp;<a href=""https://discourse.ubuntu.com/t/ubuntu-24-04-lts-noble-numbat-release-notes/39890"" target=""_blank"">kernel updates and security improvements</a>.</p> <p>Between now and 30 June 2027, you can continue to use Ubuntu 22.04 on AKS without disruption. If you don’t migrate by 30 June 2027, you won’t be able to create new node pools, AKS&nbsp;won’t produce new node images, and you’ll no longer receive security patches for existing node pools. If you'd like to enable long-term support with Kubernetes version 1.33 or later, first update your node pools to Ubuntu 24.04.</p> <p>Additionally, on&nbsp;30 April 2028 AKS will remove Ubuntu 22.04 node images and existing code, causing scaling&nbsp;and remediation operations to fail.&nbsp;</p> <h2>Recommended action</h2> <p>To avoid service disruptions such as security vulnerabilities, failed node image upgrades, and scaling failures,&nbsp;<a href=""https://aka.ms/aks/upgrade-os-version"" target=""_blank""><strong>migrate</strong>&nbsp;to Ubuntu 24.04 or later by 30 June 2027.&nbsp;</a>Your migration options include:</p> <p></p><ul><li>Default&nbsp;Operating System SKU (OSSku): If you’re using ‘Ubuntu,’&nbsp;you’ll&nbsp;automatically migrate to Ubuntu 24.04 when you upgrade your Kubernetes version to 1.35 or later.</li><li>Versioned OSSku: If you’re using ‘Ubuntu2204,’ update your OSSku to ‘Ubuntu’ for Kubernetes 1.35 or later, or ‘Ubuntu2404’ for Kubernetes 1.32 or later.</li></ul><h2>Help and support&nbsp;</h2><p>If you have questions, get answers from community experts in&nbsp;<a href=""https://learn.microsoft.com/answers/tags/200/azure-kubernetes-service"" target=""_blank"">Microsoft Q&amp;A</a>&nbsp;or&nbsp;AKS GitHub. If you have a support plan and need technical help, follow our&nbsp;<a href=""https://learn.microsoft.com/azure/azure-portal/supportability/how-to-create-azure-support-request#open-a-support-request-from-the-global-header"" target=""_blank"">documentation</a>&nbsp;to create a support request.</p><p><em>Learn more about service retirements that may impact your resources in the&nbsp;</em><a href=""https://aka.ms/ServicesRetirementWorkbook"" target=""_blank""><em>Azure Retirement Workbook</em></a><em>. Please note that retirements may not be visible in the workbook for up to two weeks after being announced.</em></p><p></p>"		2026-02-19T21:31:43Z	2027-06-30T00:00:00Z	2026-04-13T09:49:39Z	2027-06-30		northeurope	88c709b0-11cf-4450-856e-f9bf54051c1d	not_available				false	not_needed	full	retirement_date_derived_from_text	"{""event_source"":""resource_health_events""}"
Azure Kubernetes Service (AKS)	PROD-CSTAR	azure-retirements-2721348d-5d3e-4374-adc4-06d277cdf144	2026-07-28	subscriptions	service_health_event_region	resource_health_events	Microsoft.ResourceHealth/events/9Y2Z-_K8	9Y2Z-_K8	9Y2Z-_K8	HealthAdvisory	Retirement	ServiceHealth	Warning	Warning	Active		Transition Ubuntu 22.04 clusters to Ubuntu 24.04 or later by 30 June 2027	Transition Ubuntu 22.04 clusters to Ubuntu 24.04 or later by 30 June 2027	<p><em>You’re receiving this notification because you’re associated with one or more Azure subscriptions that use Ubuntu 22.04 for Azure Kubernetes Service (AKS) clusters. For reference, you can find this notification in the Azure portal under&nbsp;Service Health/Health advisories&nbsp;using tracking ID: 9Y2Z-_K8.</em></p>	"<p><em>You’re receiving this notification because you’re associated with one or more Azure subscriptions that use Ubuntu 22.04 for Azure Kubernetes Service (AKS) clusters. For reference, you can find this notification in the Azure portal under&nbsp;Service Health/Health advisories&nbsp;using tracking ID: 9Y2Z-_K8.</em></p> <p><em>On 30 June 2027, we’ll retire Ubuntu 22.04 on Azure Kubernetes Service. To avoid disruptions,&nbsp;</em><a href=""https://learn.microsoft.com/azure/aks/upgrade-os-version"" target=""_blank""><strong>transition</strong>&nbsp;to Ubuntu 24.04 or later by that date.</a><a href=""https://aka.ms/aks/supported-ubuntu-versions"" target=""_blank"">&nbsp;</a>Newer supported versions<strong>&nbsp;</strong>include&nbsp;<a href=""https://discourse.ubuntu.com/t/ubuntu-24-04-lts-noble-numbat-release-notes/39890"" target=""_blank"">kernel updates and security improvements</a>.</p> <p>Between now and 30 June 2027, you can continue to use Ubuntu 22.04 on AKS without disruption. If you don’t migrate by 30 June 2027, you won’t be able to create new node pools, AKS&nbsp;won’t produce new node images, and you’ll no longer receive security patches for existing node pools. If you'd like to enable long-term support with Kubernetes version 1.33 or later, first update your node pools to Ubuntu 24.04.</p> <p>Additionally, on&nbsp;30 April 2028 AKS will remove Ubuntu 22.04 node images and existing code, causing scaling&nbsp;and remediation operations to fail.&nbsp;</p> <h2>Recommended action</h2> <p>To avoid service disruptions such as security vulnerabilities, failed node image upgrades, and scaling failures,&nbsp;<a href=""https://aka.ms/aks/upgrade-os-version"" target=""_blank""><strong>migrate</strong>&nbsp;to Ubuntu 24.04 or later by 30 June 2027.&nbsp;</a>Your migration options include:</p> <p></p><ul><li>Default&nbsp;Operating System SKU (OSSku): If you’re using ‘Ubuntu,’&nbsp;you’ll&nbsp;automatically migrate to Ubuntu 24.04 when you upgrade your Kubernetes version to 1.35 or later.</li><li>Versioned OSSku: If you’re using ‘Ubuntu2204,’ update your OSSku to ‘Ubuntu’ for Kubernetes 1.35 or later, or ‘Ubuntu2404’ for Kubernetes 1.32 or later.</li></ul><h2>Help and support&nbsp;</h2><p>If you have questions, get answers from community experts in&nbsp;<a href=""https://learn.microsoft.com/answers/tags/200/azure-kubernetes-service"" target=""_blank"">Microsoft Q&amp;A</a>&nbsp;or&nbsp;AKS GitHub. If you have a support plan and need technical help, follow our&nbsp;<a href=""https://learn.microsoft.com/azure/azure-portal/supportability/how-to-create-azure-support-request#open-a-support-request-from-the-global-header"" target=""_blank"">documentation</a>&nbsp;to create a support request.</p><p><em>Learn more about service retirements that may impact your resources in the&nbsp;</em><a href=""https://aka.ms/ServicesRetirementWorkbook"" target=""_blank""><em>Azure Retirement Workbook</em></a><em>. Please note that retirements may not be visible in the workbook for up to two weeks after being announced.</em></p><p></p>"		2026-02-19T21:31:43Z	2027-06-30T00:00:00Z	2026-04-13T09:49:39Z	2027-06-30		spaincentral	88c709b0-11cf-4450-856e-f9bf54051c1d	not_available				false	not_needed	full	retirement_date_derived_from_text	"{""event_source"":""resource_health_events""}"
Azure Kubernetes Service (AKS)	PROD-CSTAR	azure-retirements-2721348d-5d3e-4374-adc4-06d277cdf144	2026-07-28	subscriptions	service_health_event_region	resource_health_events	Microsoft.ResourceHealth/events/9Y2Z-_K8	9Y2Z-_K8	9Y2Z-_K8	HealthAdvisory	Retirement	ServiceHealth	Warning	Warning	Active		Transition Ubuntu 22.04 clusters to Ubuntu 24.04 or later by 30 June 2027	Transition Ubuntu 22.04 clusters to Ubuntu 24.04 or later by 30 June 2027	<p><em>You’re receiving this notification because you’re associated with one or more Azure subscriptions that use Ubuntu 22.04 for Azure Kubernetes Service (AKS) clusters. For reference, you can find this notification in the Azure portal under&nbsp;Service Health/Health advisories&nbsp;using tracking ID: 9Y2Z-_K8.</em></p>	"<p><em>You’re receiving this notification because you’re associated with one or more Azure subscriptions that use Ubuntu 22.04 for Azure Kubernetes Service (AKS) clusters. For reference, you can find this notification in the Azure portal under&nbsp;Service Health/Health advisories&nbsp;using tracking ID: 9Y2Z-_K8.</em></p> <p><em>On 30 June 2027, we’ll retire Ubuntu 22.04 on Azure Kubernetes Service. To avoid disruptions,&nbsp;</em><a href=""https://learn.microsoft.com/azure/aks/upgrade-os-version"" target=""_blank""><strong>transition</strong>&nbsp;to Ubuntu 24.04 or later by that date.</a><a href=""https://aka.ms/aks/supported-ubuntu-versions"" target=""_blank"">&nbsp;</a>Newer supported versions<strong>&nbsp;</strong>include&nbsp;<a href=""https://discourse.ubuntu.com/t/ubuntu-24-04-lts-noble-numbat-release-notes/39890"" target=""_blank"">kernel updates and security improvements</a>.</p> <p>Between now and 30 June 2027, you can continue to use Ubuntu 22.04 on AKS without disruption. If you don’t migrate by 30 June 2027, you won’t be able to create new node pools, AKS&nbsp;won’t produce new node images, and you’ll no longer receive security patches for existing node pools. If you'd like to enable long-term support with Kubernetes version 1.33 or later, first update your node pools to Ubuntu 24.04.</p> <p>Additionally, on&nbsp;30 April 2028 AKS will remove Ubuntu 22.04 node images and existing code, causing scaling&nbsp;and remediation operations to fail.&nbsp;</p> <h2>Recommended action</h2> <p>To avoid service disruptions such as security vulnerabilities, failed node image upgrades, and scaling failures,&nbsp;<a href=""https://aka.ms/aks/upgrade-os-version"" target=""_blank""><strong>migrate</strong>&nbsp;to Ubuntu 24.04 or later by 30 June 2027.&nbsp;</a>Your migration options include:</p> <p></p><ul><li>Default&nbsp;Operating System SKU (OSSku): If you’re using ‘Ubuntu,’&nbsp;you’ll&nbsp;automatically migrate to Ubuntu 24.04 when you upgrade your Kubernetes version to 1.35 or later.</li><li>Versioned OSSku: If you’re using ‘Ubuntu2204,’ update your OSSku to ‘Ubuntu’ for Kubernetes 1.35 or later, or ‘Ubuntu2404’ for Kubernetes 1.32 or later.</li></ul><h2>Help and support&nbsp;</h2><p>If you have questions, get answers from community experts in&nbsp;<a href=""https://learn.microsoft.com/answers/tags/200/azure-kubernetes-service"" target=""_blank"">Microsoft Q&amp;A</a>&nbsp;or&nbsp;AKS GitHub. If you have a support plan and need technical help, follow our&nbsp;<a href=""https://learn.microsoft.com/azure/azure-portal/supportability/how-to-create-azure-support-request#open-a-support-request-from-the-global-header"" target=""_blank"">documentation</a>&nbsp;to create a support request.</p><p><em>Learn more about service retirements that may impact your resources in the&nbsp;</em><a href=""https://aka.ms/ServicesRetirementWorkbook"" target=""_blank""><em>Azure Retirement Workbook</em></a><em>. Please note that retirements may not be visible in the workbook for up to two weeks after being announced.</em></p><p></p>"		2026-02-19T21:31:43Z	2027-06-30T00:00:00Z	2026-04-13T09:49:39Z	2027-06-30		westeurope	88c709b0-11cf-4450-856e-f9bf54051c1d	not_available				false	not_needed	full	retirement_date_derived_from_text	"{""event_source"":""resource_health_events""}"
Storage Accounts	PROD-TRIAL	azure-retirements-2721348d-5d3e-4374-adc4-06d277cdf144	2026-07-28	subscriptions	service_health_event_region	resource_health_events	Microsoft.ResourceHealth/events/XTKT-BW8	XTKT-BW8	XTKT-BW8	HealthAdvisory	Retirement	ServiceHealth	Warning	Warning	Active		Action required: Migrate your legacy Azure general-purpose v1 account to a general-purpose v2 account	Action required: Migrate your legacy Azure general-purpose v1 account to a general-purpose v2 account	"<p><strong><em>You're receiving this notification because you're associated with one or more Azure subscriptions that have a GPv1 storage account. For reference, you can find this health advisory notification in the </em></strong><a href=""https://aka.ms/AzureServiceHealthAdvisories"" target=""_blank""><strong><em>Azure portal</em></strong></a><strong><em> using tracking ID: XTKT-BW8.</em></strong></p>"	"<p><strong><em>You're receiving this notification because you're associated with one or more Azure subscriptions that have a GPv1 storage account. For reference, you can find this health advisory notification in the </em></strong><a href=""https://aka.ms/AzureServiceHealthAdvisories"" target=""_blank""><strong><em>Azure portal</em></strong></a><strong><em> using tracking ID: XTKT-BW8.</em></strong></p> <p>From <strong>1 September 2026</strong> the creation of new GPv1 accounts will be blocked, the creation of GPv2 accounts will be unaffected.</p> <p>On 13 October 2026, we'll retire GPv1 storage accounts. To avoid disruptions, <a href=""https://learn.microsoft.com/azure/storage/common/storage-account-upgrade?tabs=azure-portal"" target=""_blank""><strong>migrate your GPv1 storage accounts to GPv2 accounts before that date</strong></a>. GPv2 accounts give you access to the latest Azure Storage features while providing improved performance and true zonal redundancy support.</p> <h2>Recommended action</h2> <p>To avoid service disruptions, <a href=""https://learn.microsoft.com/azure/storage/common/storage-account-upgrade?tabs=azure-portal"" target=""_blank""><strong>migrate your GPv1 storage accounts to GPv2 by 13 October 2026</strong></a>. To view your impacted resources in the Azure portal, go to the <a href=""https://portal.azure.com/#view/Microsoft_Azure_StorageHub/StorageHub.MenuView/~/StorageAccountsBrowse"" target=""_blank"">Storage Center </a>and look for <strong>Kind: Storage</strong>. For additional ways to access impacted resource information, see this <a href=""https://aka.ms/AzureRetirementImpactedResourcesChannels"" target=""_blank"">documentation</a>.</p> <p>Watch the recorded video and demo <a href=""https://aka.ms/GPv1RetirementLiveStream"" target=""_blank"">here</a>. Frequently asked questions are available in the <a href=""https://learn.microsoft.com/azure/storage/common/general-purpose-version-1-account-migration-frequently-asked-questions"" target=""_blank"">documentation.</a></p> <p><strong>For Azure Databricks managed storage accounts</strong>: If your workspace relies on a GPv1 storage account, you won't be able to migrate that account manually. As part of this retirement, <strong>Microsoft will schedule and complete a managed migration of affected accounts to GPv2 on your behalf</strong>; no action is required.</p> <p>Azure Databricks accounts will not be part of this migration and will be done separately. When Azure Databricks account migration is planned, notifications will be sent as appropriate.</p> <p>Any <strong>non-Azure Databricks accounts</strong> that use <strong>GPv1</strong> will <strong>require manual migration</strong>.</p> <p></p><h2>Automatic migration warning</h2><p>After 13 October 2026, all existing GPv1 storage accounts will be automatically migrated over to a GPv2 account, which may result in higher billing costs. Your decision not to migrate an existing GPv1 storage account will be construed as consent for Microsoft to migrate the account on your behalf.</p><h2>Help and support</h2><p>If you have questions, get answers from community experts in <a href=""https://learn.microsoft.com/answers/tags/125/azure-blob-storage"" target=""_blank"">Microsoft Q&amp;A.</a> If you have a support plan and need technical help, open the <a href=""https://portal.azure.com/#blade/Microsoft_Azure_Support/HelpAndSupportBlade/overview"" target=""_blank"">Azure portal</a> and select the question mark icon at the top of the page.</p><p></p>"		2025-09-30T00:00:00Z	2026-10-13T00:00:00Z	2026-07-13T15:59:37Z	2026-09-01		germanywestcentral	a2124115-ba74-462f-832a-9192cbd03649	not_available				false	not_needed	full	retirement_date_derived_from_text	"{""event_source"":""resource_health_events""}"
Storage Accounts	PROD-TRIAL	azure-retirements-2721348d-5d3e-4374-adc4-06d277cdf144	2026-07-28	subscriptions	service_health_event_region	resource_health_events	Microsoft.ResourceHealth/events/XTKT-BW8	XTKT-BW8	XTKT-BW8	HealthAdvisory	Retirement	ServiceHealth	Warning	Warning	Active		Action required: Migrate your legacy Azure general-purpose v1 account to a general-purpose v2 account	Action required: Migrate your legacy Azure general-purpose v1 account to a general-purpose v2 account	"<p><strong><em>You're receiving this notification because you're associated with one or more Azure subscriptions that have a GPv1 storage account. For reference, you can find this health advisory notification in the </em></strong><a href=""https://aka.ms/AzureServiceHealthAdvisories"" target=""_blank""><strong><em>Azure portal</em></strong></a><strong><em> using tracking ID: XTKT-BW8.</em></strong></p>"	"<p><strong><em>You're receiving this notification because you're associated with one or more Azure subscriptions that have a GPv1 storage account. For reference, you can find this health advisory notification in the </em></strong><a href=""https://aka.ms/AzureServiceHealthAdvisories"" target=""_blank""><strong><em>Azure portal</em></strong></a><strong><em> using tracking ID: XTKT-BW8.</em></strong></p> <p>From <strong>1 September 2026</strong> the creation of new GPv1 accounts will be blocked, the creation of GPv2 accounts will be unaffected.</p> <p>On 13 October 2026, we'll retire GPv1 storage accounts. To avoid disruptions, <a href=""https://learn.microsoft.com/azure/storage/common/storage-account-upgrade?tabs=azure-portal"" target=""_blank""><strong>migrate your GPv1 storage accounts to GPv2 accounts before that date</strong></a>. GPv2 accounts give you access to the latest Azure Storage features while providing improved performance and true zonal redundancy support.</p> <h2>Recommended action</h2> <p>To avoid service disruptions, <a href=""https://learn.microsoft.com/azure/storage/common/storage-account-upgrade?tabs=azure-portal"" target=""_blank""><strong>migrate your GPv1 storage accounts to GPv2 by 13 October 2026</strong></a>. To view your impacted resources in the Azure portal, go to the <a href=""https://portal.azure.com/#view/Microsoft_Azure_StorageHub/StorageHub.MenuView/~/StorageAccountsBrowse"" target=""_blank"">Storage Center </a>and look for <strong>Kind: Storage</strong>. For additional ways to access impacted resource information, see this <a href=""https://aka.ms/AzureRetirementImpactedResourcesChannels"" target=""_blank"">documentation</a>.</p> <p>Watch the recorded video and demo <a href=""https://aka.ms/GPv1RetirementLiveStream"" target=""_blank"">here</a>. Frequently asked questions are available in the <a href=""https://learn.microsoft.com/azure/storage/common/general-purpose-version-1-account-migration-frequently-asked-questions"" target=""_blank"">documentation.</a></p> <p><strong>For Azure Databricks managed storage accounts</strong>: If your workspace relies on a GPv1 storage account, you won't be able to migrate that account manually. As part of this retirement, <strong>Microsoft will schedule and complete a managed migration of affected accounts to GPv2 on your behalf</strong>; no action is required.</p> <p>Azure Databricks accounts will not be part of this migration and will be done separately. When Azure Databricks account migration is planned, notifications will be sent as appropriate.</p> <p>Any <strong>non-Azure Databricks accounts</strong> that use <strong>GPv1</strong> will <strong>require manual migration</strong>.</p> <p></p><h2>Automatic migration warning</h2><p>After 13 October 2026, all existing GPv1 storage accounts will be automatically migrated over to a GPv2 account, which may result in higher billing costs. Your decision not to migrate an existing GPv1 storage account will be construed as consent for Microsoft to migrate the account on your behalf.</p><h2>Help and support</h2><p>If you have questions, get answers from community experts in <a href=""https://learn.microsoft.com/answers/tags/125/azure-blob-storage"" target=""_blank"">Microsoft Q&amp;A.</a> If you have a support plan and need technical help, open the <a href=""https://portal.azure.com/#blade/Microsoft_Azure_Support/HelpAndSupportBlade/overview"" target=""_blank"">Azure portal</a> and select the question mark icon at the top of the page.</p><p></p>"		2025-09-30T00:00:00Z	2026-10-13T00:00:00Z	2026-07-13T15:59:37Z	2026-09-01		italynorth	a2124115-ba74-462f-832a-9192cbd03649	not_available				false	not_needed	full	retirement_date_derived_from_text	"{""event_source"":""resource_health_events""}"
Storage Accounts	PROD-TRIAL	azure-retirements-2721348d-5d3e-4374-adc4-06d277cdf144	2026-07-28	subscriptions	service_health_event_region	resource_health_events	Microsoft.ResourceHealth/events/XTKT-BW8	XTKT-BW8	XTKT-BW8	HealthAdvisory	Retirement	ServiceHealth	Warning	Warning	Active		Action required: Migrate your legacy Azure general-purpose v1 account to a general-purpose v2 account	Action required: Migrate your legacy Azure general-purpose v1 account to a general-purpose v2 account	"<p><strong><em>You're receiving this notification because you're associated with one or more Azure subscriptions that have a GPv1 storage account. For reference, you can find this health advisory notification in the </em></strong><a href=""https://aka.ms/AzureServiceHealthAdvisories"" target=""_blank""><strong><em>Azure portal</em></strong></a><strong><em> using tracking ID: XTKT-BW8.</em></strong></p>"	"<p><strong><em>You're receiving this notification because you're associated with one or more Azure subscriptions that have a GPv1 storage account. For reference, you can find this health advisory notification in the </em></strong><a href=""https://aka.ms/AzureServiceHealthAdvisories"" target=""_blank""><strong><em>Azure portal</em></strong></a><strong><em> using tracking ID: XTKT-BW8.</em></strong></p> <p>From <strong>1 September 2026</strong> the creation of new GPv1 accounts will be blocked, the creation of GPv2 accounts will be unaffected.</p> <p>On 13 October 2026, we'll retire GPv1 storage accounts. To avoid disruptions, <a href=""https://learn.microsoft.com/azure/storage/common/storage-account-upgrade?tabs=azure-portal"" target=""_blank""><strong>migrate your GPv1 storage accounts to GPv2 accounts before that date</strong></a>. GPv2 accounts give you access to the latest Azure Storage features while providing improved performance and true zonal redundancy support.</p> <h2>Recommended action</h2> <p>To avoid service disruptions, <a href=""https://learn.microsoft.com/azure/storage/common/storage-account-upgrade?tabs=azure-portal"" target=""_blank""><strong>migrate your GPv1 storage accounts to GPv2 by 13 October 2026</strong></a>. To view your impacted resources in the Azure portal, go to the <a href=""https://portal.azure.com/#view/Microsoft_Azure_StorageHub/StorageHub.MenuView/~/StorageAccountsBrowse"" target=""_blank"">Storage Center </a>and look for <strong>Kind: Storage</strong>. For additional ways to access impacted resource information, see this <a href=""https://aka.ms/AzureRetirementImpactedResourcesChannels"" target=""_blank"">documentation</a>.</p> <p>Watch the recorded video and demo <a href=""https://aka.ms/GPv1RetirementLiveStream"" target=""_blank"">here</a>. Frequently asked questions are available in the <a href=""https://learn.microsoft.com/azure/storage/common/general-purpose-version-1-account-migration-frequently-asked-questions"" target=""_blank"">documentation.</a></p> <p><strong>For Azure Databricks managed storage accounts</strong>: If your workspace relies on a GPv1 storage account, you won't be able to migrate that account manually. As part of this retirement, <strong>Microsoft will schedule and complete a managed migration of affected accounts to GPv2 on your behalf</strong>; no action is required.</p> <p>Azure Databricks accounts will not be part of this migration and will be done separately. When Azure Databricks account migration is planned, notifications will be sent as appropriate.</p> <p>Any <strong>non-Azure Databricks accounts</strong> that use <strong>GPv1</strong> will <strong>require manual migration</strong>.</p> <p></p><h2>Automatic migration warning</h2><p>After 13 October 2026, all existing GPv1 storage accounts will be automatically migrated over to a GPv2 account, which may result in higher billing costs. Your decision not to migrate an existing GPv1 storage account will be construed as consent for Microsoft to migrate the account on your behalf.</p><h2>Help and support</h2><p>If you have questions, get answers from community experts in <a href=""https://learn.microsoft.com/answers/tags/125/azure-blob-storage"" target=""_blank"">Microsoft Q&amp;A.</a> If you have a support plan and need technical help, open the <a href=""https://portal.azure.com/#blade/Microsoft_Azure_Support/HelpAndSupportBlade/overview"" target=""_blank"">Azure portal</a> and select the question mark icon at the top of the page.</p><p></p>"		2025-09-30T00:00:00Z	2026-10-13T00:00:00Z	2026-07-13T15:59:37Z	2026-09-01		northeurope	a2124115-ba74-462f-832a-9192cbd03649	not_available				false	not_needed	full	retirement_date_derived_from_text	"{""event_source"":""resource_health_events""}"
Storage Accounts	PROD-TRIAL	azure-retirements-2721348d-5d3e-4374-adc4-06d277cdf144	2026-07-28	subscriptions	service_health_event_region	resource_health_events	Microsoft.ResourceHealth/events/XTKT-BW8	XTKT-BW8	XTKT-BW8	HealthAdvisory	Retirement	ServiceHealth	Warning	Warning	Active		Action required: Migrate your legacy Azure general-purpose v1 account to a general-purpose v2 account	Action required: Migrate your legacy Azure general-purpose v1 account to a general-purpose v2 account	"<p><strong><em>You're receiving this notification because you're associated with one or more Azure subscriptions that have a GPv1 storage account. For reference, you can find this health advisory notification in the </em></strong><a href=""https://aka.ms/AzureServiceHealthAdvisories"" target=""_blank""><strong><em>Azure portal</em></strong></a><strong><em> using tracking ID: XTKT-BW8.</em></strong></p>"	"<p><strong><em>You're receiving this notification because you're associated with one or more Azure subscriptions that have a GPv1 storage account. For reference, you can find this health advisory notification in the </em></strong><a href=""https://aka.ms/AzureServiceHealthAdvisories"" target=""_blank""><strong><em>Azure portal</em></strong></a><strong><em> using tracking ID: XTKT-BW8.</em></strong></p> <p>From <strong>1 September 2026</strong> the creation of new GPv1 accounts will be blocked, the creation of GPv2 accounts will be unaffected.</p> <p>On 13 October 2026, we'll retire GPv1 storage accounts. To avoid disruptions, <a href=""https://learn.microsoft.com/azure/storage/common/storage-account-upgrade?tabs=azure-portal"" target=""_blank""><strong>migrate your GPv1 storage accounts to GPv2 accounts before that date</strong></a>. GPv2 accounts give you access to the latest Azure Storage features while providing improved performance and true zonal redundancy support.</p> <h2>Recommended action</h2> <p>To avoid service disruptions, <a href=""https://learn.microsoft.com/azure/storage/common/storage-account-upgrade?tabs=azure-portal"" target=""_blank""><strong>migrate your GPv1 storage accounts to GPv2 by 13 October 2026</strong></a>. To view your impacted resources in the Azure portal, go to the <a href=""https://portal.azure.com/#view/Microsoft_Azure_StorageHub/StorageHub.MenuView/~/StorageAccountsBrowse"" target=""_blank"">Storage Center </a>and look for <strong>Kind: Storage</strong>. For additional ways to access impacted resource information, see this <a href=""https://aka.ms/AzureRetirementImpactedResourcesChannels"" target=""_blank"">documentation</a>.</p> <p>Watch the recorded video and demo <a href=""https://aka.ms/GPv1RetirementLiveStream"" target=""_blank"">here</a>. Frequently asked questions are available in the <a href=""https://learn.microsoft.com/azure/storage/common/general-purpose-version-1-account-migration-frequently-asked-questions"" target=""_blank"">documentation.</a></p> <p><strong>For Azure Databricks managed storage accounts</strong>: If your workspace relies on a GPv1 storage account, you won't be able to migrate that account manually. As part of this retirement, <strong>Microsoft will schedule and complete a managed migration of affected accounts to GPv2 on your behalf</strong>; no action is required.</p> <p>Azure Databricks accounts will not be part of this migration and will be done separately. When Azure Databricks account migration is planned, notifications will be sent as appropriate.</p> <p>Any <strong>non-Azure Databricks accounts</strong> that use <strong>GPv1</strong> will <strong>require manual migration</strong>.</p> <p></p><h2>Automatic migration warning</h2><p>After 13 October 2026, all existing GPv1 storage accounts will be automatically migrated over to a GPv2 account, which may result in higher billing costs. Your decision not to migrate an existing GPv1 storage account will be construed as consent for Microsoft to migrate the account on your behalf.</p><h2>Help and support</h2><p>If you have questions, get answers from community experts in <a href=""https://learn.microsoft.com/answers/tags/125/azure-blob-storage"" target=""_blank"">Microsoft Q&amp;A.</a> If you have a support plan and need technical help, open the <a href=""https://portal.azure.com/#blade/Microsoft_Azure_Support/HelpAndSupportBlade/overview"" target=""_blank"">Azure portal</a> and select the question mark icon at the top of the page.</p><p></p>"		2025-09-30T00:00:00Z	2026-10-13T00:00:00Z	2026-07-13T15:59:37Z	2026-09-01		spaincentral	a2124115-ba74-462f-832a-9192cbd03649	not_available				false	not_needed	full	retirement_date_derived_from_text	"{""event_source"":""resource_health_events""}"
Storage Accounts	PROD-TRIAL	azure-retirements-2721348d-5d3e-4374-adc4-06d277cdf144	2026-07-28	subscriptions	service_health_event_region	resource_health_events	Microsoft.ResourceHealth/events/XTKT-BW8	XTKT-BW8	XTKT-BW8	HealthAdvisory	Retirement	ServiceHealth	Warning	Warning	Active		Action required: Migrate your legacy Azure general-purpose v1 account to a general-purpose v2 account	Action required: Migrate your legacy Azure general-purpose v1 account to a general-purpose v2 account	"<p><strong><em>You're receiving this notification because you're associated with one or more Azure subscriptions that have a GPv1 storage account. For reference, you can find this health advisory notification in the </em></strong><a href=""https://aka.ms/AzureServiceHealthAdvisories"" target=""_blank""><strong><em>Azure portal</em></strong></a><strong><em> using tracking ID: XTKT-BW8.</em></strong></p>"	"<p><strong><em>You're receiving this notification because you're associated with one or more Azure subscriptions that have a GPv1 storage account. For reference, you can find this health advisory notification in the </em></strong><a href=""https://aka.ms/AzureServiceHealthAdvisories"" target=""_blank""><strong><em>Azure portal</em></strong></a><strong><em> using tracking ID: XTKT-BW8.</em></strong></p> <p>From <strong>1 September 2026</strong> the creation of new GPv1 accounts will be blocked, the creation of GPv2 accounts will be unaffected.</p> <p>On 13 October 2026, we'll retire GPv1 storage accounts. To avoid disruptions, <a href=""https://learn.microsoft.com/azure/storage/common/storage-account-upgrade?tabs=azure-portal"" target=""_blank""><strong>migrate your GPv1 storage accounts to GPv2 accounts before that date</strong></a>. GPv2 accounts give you access to the latest Azure Storage features while providing improved performance and true zonal redundancy support.</p> <h2>Recommended action</h2> <p>To avoid service disruptions, <a href=""https://learn.microsoft.com/azure/storage/common/storage-account-upgrade?tabs=azure-portal"" target=""_blank""><strong>migrate your GPv1 storage accounts to GPv2 by 13 October 2026</strong></a>. To view your impacted resources in the Azure portal, go to the <a href=""https://portal.azure.com/#view/Microsoft_Azure_StorageHub/StorageHub.MenuView/~/StorageAccountsBrowse"" target=""_blank"">Storage Center </a>and look for <strong>Kind: Storage</strong>. For additional ways to access impacted resource information, see this <a href=""https://aka.ms/AzureRetirementImpactedResourcesChannels"" target=""_blank"">documentation</a>.</p> <p>Watch the recorded video and demo <a href=""https://aka.ms/GPv1RetirementLiveStream"" target=""_blank"">here</a>. Frequently asked questions are available in the <a href=""https://learn.microsoft.com/azure/storage/common/general-purpose-version-1-account-migration-frequently-asked-questions"" target=""_blank"">documentation.</a></p> <p><strong>For Azure Databricks managed storage accounts</strong>: If your workspace relies on a GPv1 storage account, you won't be able to migrate that account manually. As part of this retirement, <strong>Microsoft will schedule and complete a managed migration of affected accounts to GPv2 on your behalf</strong>; no action is required.</p> <p>Azure Databricks accounts will not be part of this migration and will be done separately. When Azure Databricks account migration is planned, notifications will be sent as appropriate.</p> <p>Any <strong>non-Azure Databricks accounts</strong> that use <strong>GPv1</strong> will <strong>require manual migration</strong>.</p> <p></p><h2>Automatic migration warning</h2><p>After 13 October 2026, all existing GPv1 storage accounts will be automatically migrated over to a GPv2 account, which may result in higher billing costs. Your decision not to migrate an existing GPv1 storage account will be construed as consent for Microsoft to migrate the account on your behalf.</p><h2>Help and support</h2><p>If you have questions, get answers from community experts in <a href=""https://learn.microsoft.com/answers/tags/125/azure-blob-storage"" target=""_blank"">Microsoft Q&amp;A.</a> If you have a support plan and need technical help, open the <a href=""https://portal.azure.com/#blade/Microsoft_Azure_Support/HelpAndSupportBlade/overview"" target=""_blank"">Azure portal</a> and select the question mark icon at the top of the page.</p><p></p>"		2025-09-30T00:00:00Z	2026-10-13T00:00:00Z	2026-07-13T15:59:37Z	2026-09-01		westeurope	a2124115-ba74-462f-832a-9192cbd03649	not_available				false	not_needed	full	retirement_date_derived_from_text	"{""event_source"":""resource_health_events""}"
Storage Accounts	PROD-TRIAL	azure-retirements-2721348d-5d3e-4374-adc4-06d277cdf144	2026-07-28	subscriptions	service_health_event_region	resource_health_events	Microsoft.ResourceHealth/events/XTKT-BW8	XTKT-BW8	XTKT-BW8	HealthAdvisory	Retirement	ServiceHealth	Warning	Warning	Active		Action required: Migrate your legacy Azure general-purpose v1 account to a general-purpose v2 account	Action required: Migrate your legacy Azure general-purpose v1 account to a general-purpose v2 account	"<p><strong><em>You're receiving this notification because you're associated with one or more Azure subscriptions that have a GPv1 storage account. For reference, you can find this health advisory notification in the </em></strong><a href=""https://aka.ms/AzureServiceHealthAdvisories"" target=""_blank""><strong><em>Azure portal</em></strong></a><strong><em> using tracking ID: XTKT-BW8.</em></strong></p>"	"<p><strong><em>You're receiving this notification because you're associated with one or more Azure subscriptions that have a GPv1 storage account. For reference, you can find this health advisory notification in the </em></strong><a href=""https://aka.ms/AzureServiceHealthAdvisories"" target=""_blank""><strong><em>Azure portal</em></strong></a><strong><em> using tracking ID: XTKT-BW8.</em></strong></p> <p>From <strong>1 September 2026</strong> the creation of new GPv1 accounts will be blocked, the creation of GPv2 accounts will be unaffected.</p> <p>On 13 October 2026, we'll retire GPv1 storage accounts. To avoid disruptions, <a href=""https://learn.microsoft.com/azure/storage/common/storage-account-upgrade?tabs=azure-portal"" target=""_blank""><strong>migrate your GPv1 storage accounts to GPv2 accounts before that date</strong></a>. GPv2 accounts give you access to the latest Azure Storage features while providing improved performance and true zonal redundancy support.</p> <h2>Recommended action</h2> <p>To avoid service disruptions, <a href=""https://learn.microsoft.com/azure/storage/common/storage-account-upgrade?tabs=azure-portal"" target=""_blank""><strong>migrate your GPv1 storage accounts to GPv2 by 13 October 2026</strong></a>. To view your impacted resources in the Azure portal, go to the <a href=""https://portal.azure.com/#view/Microsoft_Azure_StorageHub/StorageHub.MenuView/~/StorageAccountsBrowse"" target=""_blank"">Storage Center </a>and look for <strong>Kind: Storage</strong>. For additional ways to access impacted resource information, see this <a href=""https://aka.ms/AzureRetirementImpactedResourcesChannels"" target=""_blank"">documentation</a>.</p> <p>Watch the recorded video and demo <a href=""https://aka.ms/GPv1RetirementLiveStream"" target=""_blank"">here</a>. Frequently asked questions are available in the <a href=""https://learn.microsoft.com/azure/storage/common/general-purpose-version-1-account-migration-frequently-asked-questions"" target=""_blank"">documentation.</a></p> <p><strong>For Azure Databricks managed storage accounts</strong>: If your workspace relies on a GPv1 storage account, you won't be able to migrate that account manually. As part of this retirement, <strong>Microsoft will schedule and complete a managed migration of affected accounts to GPv2 on your behalf</strong>; no action is required.</p> <p>Azure Databricks accounts will not be part of this migration and will be done separately. When Azure Databricks account migration is planned, notifications will be sent as appropriate.</p> <p>Any <strong>non-Azure Databricks accounts</strong> that use <strong>GPv1</strong> will <strong>require manual migration</strong>.</p> <p></p><h2>Automatic migration warning</h2><p>After 13 October 2026, all existing GPv1 storage accounts will be automatically migrated over to a GPv2 account, which may result in higher billing costs. Your decision not to migrate an existing GPv1 storage account will be construed as consent for Microsoft to migrate the account on your behalf.</p><h2>Help and support</h2><p>If you have questions, get answers from community experts in <a href=""https://learn.microsoft.com/answers/tags/125/azure-blob-storage"" target=""_blank"">Microsoft Q&amp;A.</a> If you have a support plan and need technical help, open the <a href=""https://portal.azure.com/#blade/Microsoft_Azure_Support/HelpAndSupportBlade/overview"" target=""_blank"">Azure portal</a> and select the question mark icon at the top of the page.</p><p></p>"		2025-09-30T00:00:00Z	2026-10-13T00:00:00Z	2026-07-13T15:59:37Z	2026-09-01		global	a2124115-ba74-462f-832a-9192cbd03649	not_available				false	not_needed	full	retirement_date_derived_from_text	"{""event_source"":""resource_health_events""}"
Storage Accounts	DEV-IO	azure-retirements-2721348d-5d3e-4374-adc4-06d277cdf144	2026-07-28	subscriptions	service_health_event_region	resource_health_events	Microsoft.ResourceHealth/events/XTKT-BW8	XTKT-BW8	XTKT-BW8	HealthAdvisory	Retirement	ServiceHealth	Warning	Warning	Active		Action required: Migrate your legacy Azure general-purpose v1 account to a general-purpose v2 account	Action required: Migrate your legacy Azure general-purpose v1 account to a general-purpose v2 account	"<p><strong><em>You're receiving this notification because you're associated with one or more Azure subscriptions that have a GPv1 storage account. For reference, you can find this health advisory notification in the </em></strong><a href=""https://aka.ms/AzureServiceHealthAdvisories"" target=""_blank""><strong><em>Azure portal</em></strong></a><strong><em> using tracking ID: XTKT-BW8.</em></strong></p>"	"<p><strong><em>You're receiving this notification because you're associated with one or more Azure subscriptions that have a GPv1 storage account. For reference, you can find this health advisory notification in the </em></strong><a href=""https://aka.ms/AzureServiceHealthAdvisories"" target=""_blank""><strong><em>Azure portal</em></strong></a><strong><em> using tracking ID: XTKT-BW8.</em></strong></p> <p>From <strong>1 September 2026</strong> the creation of new GPv1 accounts will be blocked, the creation of GPv2 accounts will be unaffected.</p> <p>On 13 October 2026, we'll retire GPv1 storage accounts. To avoid disruptions, <a href=""https://learn.microsoft.com/azure/storage/common/storage-account-upgrade?tabs=azure-portal"" target=""_blank""><strong>migrate your GPv1 storage accounts to GPv2 accounts before that date</strong></a>. GPv2 accounts give you access to the latest Azure Storage features while providing improved performance and true zonal redundancy support.</p> <h2>Recommended action</h2> <p>To avoid service disruptions, <a href=""https://learn.microsoft.com/azure/storage/common/storage-account-upgrade?tabs=azure-portal"" target=""_blank""><strong>migrate your GPv1 storage accounts to GPv2 by 13 October 2026</strong></a>. To view your impacted resources in the Azure portal, go to the <a href=""https://portal.azure.com/#view/Microsoft_Azure_StorageHub/StorageHub.MenuView/~/StorageAccountsBrowse"" target=""_blank"">Storage Center </a>and look for <strong>Kind: Storage</strong>. For additional ways to access impacted resource information, see this <a href=""https://aka.ms/AzureRetirementImpactedResourcesChannels"" target=""_blank"">documentation</a>.</p> <p>Watch the recorded video and demo <a href=""https://aka.ms/GPv1RetirementLiveStream"" target=""_blank"">here</a>. Frequently asked questions are available in the <a href=""https://learn.microsoft.com/azure/storage/common/general-purpose-version-1-account-migration-frequently-asked-questions"" target=""_blank"">documentation.</a></p> <p><strong>For Azure Databricks managed storage accounts</strong>: If your workspace relies on a GPv1 storage account, you won't be able to migrate that account manually. As part of this retirement, <strong>Microsoft will schedule and complete a managed migration of affected accounts to GPv2 on your behalf</strong>; no action is required.</p> <p>Azure Databricks accounts will not be part of this migration and will be done separately. When Azure Databricks account migration is planned, notifications will be sent as appropriate.</p> <p>Any <strong>non-Azure Databricks accounts</strong> that use <strong>GPv1 </strong>will<strong> require manual migration.</strong></p> <p></p><h2>Automatic migration warning</h2><p>After 13 October 2026, all existing GPv1 storage accounts will be automatically migrated over to a GPv2 account, which may result in higher billing costs. Your decision not to migrate an existing GPv1 storage account will be construed as consent for Microsoft to migrate the account on your behalf.</p><h2>Help and support</h2><p>If you have questions, get answers from community experts in <a href=""https://learn.microsoft.com/answers/tags/125/azure-blob-storage"" target=""_blank"">Microsoft Q&amp;A.</a> If you have a support plan and need technical help, open the <a href=""https://portal.azure.com/#blade/Microsoft_Azure_Support/HelpAndSupportBlade/overview"" target=""_blank"">Azure portal</a> and select the question mark icon at the top of the page.</p><p></p>"		2025-09-30T00:00:00Z	2026-10-13T00:00:00Z	2026-07-16T14:11:46Z	2026-09-01		germanywestcentral	a4e96bcd-59dc-4d66-b2f7-5547ad157c12	not_available				false	not_needed	full	retirement_date_derived_from_text	"{""event_source"":""resource_health_events""}"
Storage Accounts	DEV-IO	azure-retirements-2721348d-5d3e-4374-adc4-06d277cdf144	2026-07-28	subscriptions	service_health_event_region	resource_health_events	Microsoft.ResourceHealth/events/XTKT-BW8	XTKT-BW8	XTKT-BW8	HealthAdvisory	Retirement	ServiceHealth	Warning	Warning	Active		Action required: Migrate your legacy Azure general-purpose v1 account to a general-purpose v2 account	Action required: Migrate your legacy Azure general-purpose v1 account to a general-purpose v2 account	"<p><strong><em>You're receiving this notification because you're associated with one or more Azure subscriptions that have a GPv1 storage account. For reference, you can find this health advisory notification in the </em></strong><a href=""https://aka.ms/AzureServiceHealthAdvisories"" target=""_blank""><strong><em>Azure portal</em></strong></a><strong><em> using tracking ID: XTKT-BW8.</em></strong></p>"	"<p><strong><em>You're receiving this notification because you're associated with one or more Azure subscriptions that have a GPv1 storage account. For reference, you can find this health advisory notification in the </em></strong><a href=""https://aka.ms/AzureServiceHealthAdvisories"" target=""_blank""><strong><em>Azure portal</em></strong></a><strong><em> using tracking ID: XTKT-BW8.</em></strong></p> <p>From <strong>1 September 2026</strong> the creation of new GPv1 accounts will be blocked, the creation of GPv2 accounts will be unaffected.</p> <p>On 13 October 2026, we'll retire GPv1 storage accounts. To avoid disruptions, <a href=""https://learn.microsoft.com/azure/storage/common/storage-account-upgrade?tabs=azure-portal"" target=""_blank""><strong>migrate your GPv1 storage accounts to GPv2 accounts before that date</strong></a>. GPv2 accounts give you access to the latest Azure Storage features while providing improved performance and true zonal redundancy support.</p> <h2>Recommended action</h2> <p>To avoid service disruptions, <a href=""https://learn.microsoft.com/azure/storage/common/storage-account-upgrade?tabs=azure-portal"" target=""_blank""><strong>migrate your GPv1 storage accounts to GPv2 by 13 October 2026</strong></a>. To view your impacted resources in the Azure portal, go to the <a href=""https://portal.azure.com/#view/Microsoft_Azure_StorageHub/StorageHub.MenuView/~/StorageAccountsBrowse"" target=""_blank"">Storage Center </a>and look for <strong>Kind: Storage</strong>. For additional ways to access impacted resource information, see this <a href=""https://aka.ms/AzureRetirementImpactedResourcesChannels"" target=""_blank"">documentation</a>.</p> <p>Watch the recorded video and demo <a href=""https://aka.ms/GPv1RetirementLiveStream"" target=""_blank"">here</a>. Frequently asked questions are available in the <a href=""https://learn.microsoft.com/azure/storage/common/general-purpose-version-1-account-migration-frequently-asked-questions"" target=""_blank"">documentation.</a></p> <p><strong>For Azure Databricks managed storage accounts</strong>: If your workspace relies on a GPv1 storage account, you won't be able to migrate that account manually. As part of this retirement, <strong>Microsoft will schedule and complete a managed migration of affected accounts to GPv2 on your behalf</strong>; no action is required.</p> <p>Azure Databricks accounts will not be part of this migration and will be done separately. When Azure Databricks account migration is planned, notifications will be sent as appropriate.</p> <p>Any <strong>non-Azure Databricks accounts</strong> that use <strong>GPv1 </strong>will<strong> require manual migration.</strong></p> <p></p><h2>Automatic migration warning</h2><p>After 13 October 2026, all existing GPv1 storage accounts will be automatically migrated over to a GPv2 account, which may result in higher billing costs. Your decision not to migrate an existing GPv1 storage account will be construed as consent for Microsoft to migrate the account on your behalf.</p><h2>Help and support</h2><p>If you have questions, get answers from community experts in <a href=""https://learn.microsoft.com/answers/tags/125/azure-blob-storage"" target=""_blank"">Microsoft Q&amp;A.</a> If you have a support plan and need technical help, open the <a href=""https://portal.azure.com/#blade/Microsoft_Azure_Support/HelpAndSupportBlade/overview"" target=""_blank"">Azure portal</a> and select the question mark icon at the top of the page.</p><p></p>"		2025-09-30T00:00:00Z	2026-10-13T00:00:00Z	2026-07-16T14:11:46Z	2026-09-01		italynorth	a4e96bcd-59dc-4d66-b2f7-5547ad157c12	not_available				false	not_needed	full	retirement_date_derived_from_text	"{""event_source"":""resource_health_events""}"
Storage Accounts	DEV-IO	azure-retirements-2721348d-5d3e-4374-adc4-06d277cdf144	2026-07-28	subscriptions	service_health_event_region	resource_health_events	Microsoft.ResourceHealth/events/XTKT-BW8	XTKT-BW8	XTKT-BW8	HealthAdvisory	Retirement	ServiceHealth	Warning	Warning	Active		Action required: Migrate your legacy Azure general-purpose v1 account to a general-purpose v2 account	Action required: Migrate your legacy Azure general-purpose v1 account to a general-purpose v2 account	"<p><strong><em>You're receiving this notification because you're associated with one or more Azure subscriptions that have a GPv1 storage account. For reference, you can find this health advisory notification in the </em></strong><a href=""https://aka.ms/AzureServiceHealthAdvisories"" target=""_blank""><strong><em>Azure portal</em></strong></a><strong><em> using tracking ID: XTKT-BW8.</em></strong></p>"	"<p><strong><em>You're receiving this notification because you're associated with one or more Azure subscriptions that have a GPv1 storage account. For reference, you can find this health advisory notification in the </em></strong><a href=""https://aka.ms/AzureServiceHealthAdvisories"" target=""_blank""><strong><em>Azure portal</em></strong></a><strong><em> using tracking ID: XTKT-BW8.</em></strong></p> <p>From <strong>1 September 2026</strong> the creation of new GPv1 accounts will be blocked, the creation of GPv2 accounts will be unaffected.</p> <p>On 13 October 2026, we'll retire GPv1 storage accounts. To avoid disruptions, <a href=""https://learn.microsoft.com/azure/storage/common/storage-account-upgrade?tabs=azure-portal"" target=""_blank""><strong>migrate your GPv1 storage accounts to GPv2 accounts before that date</strong></a>. GPv2 accounts give you access to the latest Azure Storage features while providing improved performance and true zonal redundancy support.</p> <h2>Recommended action</h2> <p>To avoid service disruptions, <a href=""https://learn.microsoft.com/azure/storage/common/storage-account-upgrade?tabs=azure-portal"" target=""_blank""><strong>migrate your GPv1 storage accounts to GPv2 by 13 October 2026</strong></a>. To view your impacted resources in the Azure portal, go to the <a href=""https://portal.azure.com/#view/Microsoft_Azure_StorageHub/StorageHub.MenuView/~/StorageAccountsBrowse"" target=""_blank"">Storage Center </a>and look for <strong>Kind: Storage</strong>. For additional ways to access impacted resource information, see this <a href=""https://aka.ms/AzureRetirementImpactedResourcesChannels"" target=""_blank"">documentation</a>.</p> <p>Watch the recorded video and demo <a href=""https://aka.ms/GPv1RetirementLiveStream"" target=""_blank"">here</a>. Frequently asked questions are available in the <a href=""https://learn.microsoft.com/azure/storage/common/general-purpose-version-1-account-migration-frequently-asked-questions"" target=""_blank"">documentation.</a></p> <p><strong>For Azure Databricks managed storage accounts</strong>: If your workspace relies on a GPv1 storage account, you won't be able to migrate that account manually. As part of this retirement, <strong>Microsoft will schedule and complete a managed migration of affected accounts to GPv2 on your behalf</strong>; no action is required.</p> <p>Azure Databricks accounts will not be part of this migration and will be done separately. When Azure Databricks account migration is planned, notifications will be sent as appropriate.</p> <p>Any <strong>non-Azure Databricks accounts</strong> that use <strong>GPv1 </strong>will<strong> require manual migration.</strong></p> <p></p><h2>Automatic migration warning</h2><p>After 13 October 2026, all existing GPv1 storage accounts will be automatically migrated over to a GPv2 account, which may result in higher billing costs. Your decision not to migrate an existing GPv1 storage account will be construed as consent for Microsoft to migrate the account on your behalf.</p><h2>Help and support</h2><p>If you have questions, get answers from community experts in <a href=""https://learn.microsoft.com/answers/tags/125/azure-blob-storage"" target=""_blank"">Microsoft Q&amp;A.</a> If you have a support plan and need technical help, open the <a href=""https://portal.azure.com/#blade/Microsoft_Azure_Support/HelpAndSupportBlade/overview"" target=""_blank"">Azure portal</a> and select the question mark icon at the top of the page.</p><p></p>"		2025-09-30T00:00:00Z	2026-10-13T00:00:00Z	2026-07-16T14:11:46Z	2026-09-01		northeurope	a4e96bcd-59dc-4d66-b2f7-5547ad157c12	not_available				false	not_needed	full	retirement_date_derived_from_text	"{""event_source"":""resource_health_events""}"
Storage Accounts	DEV-IO	azure-retirements-2721348d-5d3e-4374-adc4-06d277cdf144	2026-07-28	subscriptions	service_health_event_region	resource_health_events	Microsoft.ResourceHealth/events/XTKT-BW8	XTKT-BW8	XTKT-BW8	HealthAdvisory	Retirement	ServiceHealth	Warning	Warning	Active		Action required: Migrate your legacy Azure general-purpose v1 account to a general-purpose v2 account	Action required: Migrate your legacy Azure general-purpose v1 account to a general-purpose v2 account	"<p><strong><em>You're receiving this notification because you're associated with one or more Azure subscriptions that have a GPv1 storage account. For reference, you can find this health advisory notification in the </em></strong><a href=""https://aka.ms/AzureServiceHealthAdvisories"" target=""_blank""><strong><em>Azure portal</em></strong></a><strong><em> using tracking ID: XTKT-BW8.</em></strong></p>"	"<p><strong><em>You're receiving this notification because you're associated with one or more Azure subscriptions that have a GPv1 storage account. For reference, you can find this health advisory notification in the </em></strong><a href=""https://aka.ms/AzureServiceHealthAdvisories"" target=""_blank""><strong><em>Azure portal</em></strong></a><strong><em> using tracking ID: XTKT-BW8.</em></strong></p> <p>From <strong>1 September 2026</strong> the creation of new GPv1 accounts will be blocked, the creation of GPv2 accounts will be unaffected.</p> <p>On 13 October 2026, we'll retire GPv1 storage accounts. To avoid disruptions, <a href=""https://learn.microsoft.com/azure/storage/common/storage-account-upgrade?tabs=azure-portal"" target=""_blank""><strong>migrate your GPv1 storage accounts to GPv2 accounts before that date</strong></a>. GPv2 accounts give you access to the latest Azure Storage features while providing improved performance and true zonal redundancy support.</p> <h2>Recommended action</h2> <p>To avoid service disruptions, <a href=""https://learn.microsoft.com/azure/storage/common/storage-account-upgrade?tabs=azure-portal"" target=""_blank""><strong>migrate your GPv1 storage accounts to GPv2 by 13 October 2026</strong></a>. To view your impacted resources in the Azure portal, go to the <a href=""https://portal.azure.com/#view/Microsoft_Azure_StorageHub/StorageHub.MenuView/~/StorageAccountsBrowse"" target=""_blank"">Storage Center </a>and look for <strong>Kind: Storage</strong>. For additional ways to access impacted resource information, see this <a href=""https://aka.ms/AzureRetirementImpactedResourcesChannels"" target=""_blank"">documentation</a>.</p> <p>Watch the recorded video and demo <a href=""https://aka.ms/GPv1RetirementLiveStream"" target=""_blank"">here</a>. Frequently asked questions are available in the <a href=""https://learn.microsoft.com/azure/storage/common/general-purpose-version-1-account-migration-frequently-asked-questions"" target=""_blank"">documentation.</a></p> <p><strong>For Azure Databricks managed storage accounts</strong>: If your workspace relies on a GPv1 storage account, you won't be able to migrate that account manually. As part of this retirement, <strong>Microsoft will schedule and complete a managed migration of affected accounts to GPv2 on your behalf</strong>; no action is required.</p> <p>Azure Databricks accounts will not be part of this migration and will be done separately. When Azure Databricks account migration is planned, notifications will be sent as appropriate.</p> <p>Any <strong>non-Azure Databricks accounts</strong> that use <strong>GPv1 </strong>will<strong> require manual migration.</strong></p> <p></p><h2>Automatic migration warning</h2><p>After 13 October 2026, all existing GPv1 storage accounts will be automatically migrated over to a GPv2 account, which may result in higher billing costs. Your decision not to migrate an existing GPv1 storage account will be construed as consent for Microsoft to migrate the account on your behalf.</p><h2>Help and support</h2><p>If you have questions, get answers from community experts in <a href=""https://learn.microsoft.com/answers/tags/125/azure-blob-storage"" target=""_blank"">Microsoft Q&amp;A.</a> If you have a support plan and need technical help, open the <a href=""https://portal.azure.com/#blade/Microsoft_Azure_Support/HelpAndSupportBlade/overview"" target=""_blank"">Azure portal</a> and select the question mark icon at the top of the page.</p><p></p>"		2025-09-30T00:00:00Z	2026-10-13T00:00:00Z	2026-07-16T14:11:46Z	2026-09-01		spaincentral	a4e96bcd-59dc-4d66-b2f7-5547ad157c12	not_available				false	not_needed	full	retirement_date_derived_from_text	"{""event_source"":""resource_health_events""}"
Storage Accounts	DEV-IO	azure-retirements-2721348d-5d3e-4374-adc4-06d277cdf144	2026-07-28	subscriptions	service_health_event_region	resource_health_events	Microsoft.ResourceHealth/events/XTKT-BW8	XTKT-BW8	XTKT-BW8	HealthAdvisory	Retirement	ServiceHealth	Warning	Warning	Active		Action required: Migrate your legacy Azure general-purpose v1 account to a general-purpose v2 account	Action required: Migrate your legacy Azure general-purpose v1 account to a general-purpose v2 account	"<p><strong><em>You're receiving this notification because you're associated with one or more Azure subscriptions that have a GPv1 storage account. For reference, you can find this health advisory notification in the </em></strong><a href=""https://aka.ms/AzureServiceHealthAdvisories"" target=""_blank""><strong><em>Azure portal</em></strong></a><strong><em> using tracking ID: XTKT-BW8.</em></strong></p>"	"<p><strong><em>You're receiving this notification because you're associated with one or more Azure subscriptions that have a GPv1 storage account. For reference, you can find this health advisory notification in the </em></strong><a href=""https://aka.ms/AzureServiceHealthAdvisories"" target=""_blank""><strong><em>Azure portal</em></strong></a><strong><em> using tracking ID: XTKT-BW8.</em></strong></p> <p>From <strong>1 September 2026</strong> the creation of new GPv1 accounts will be blocked, the creation of GPv2 accounts will be unaffected.</p> <p>On 13 October 2026, we'll retire GPv1 storage accounts. To avoid disruptions, <a href=""https://learn.microsoft.com/azure/storage/common/storage-account-upgrade?tabs=azure-portal"" target=""_blank""><strong>migrate your GPv1 storage accounts to GPv2 accounts before that date</strong></a>. GPv2 accounts give you access to the latest Azure Storage features while providing improved performance and true zonal redundancy support.</p> <h2>Recommended action</h2> <p>To avoid service disruptions, <a href=""https://learn.microsoft.com/azure/storage/common/storage-account-upgrade?tabs=azure-portal"" target=""_blank""><strong>migrate your GPv1 storage accounts to GPv2 by 13 October 2026</strong></a>. To view your impacted resources in the Azure portal, go to the <a href=""https://portal.azure.com/#view/Microsoft_Azure_StorageHub/StorageHub.MenuView/~/StorageAccountsBrowse"" target=""_blank"">Storage Center </a>and look for <strong>Kind: Storage</strong>. For additional ways to access impacted resource information, see this <a href=""https://aka.ms/AzureRetirementImpactedResourcesChannels"" target=""_blank"">documentation</a>.</p> <p>Watch the recorded video and demo <a href=""https://aka.ms/GPv1RetirementLiveStream"" target=""_blank"">here</a>. Frequently asked questions are available in the <a href=""https://learn.microsoft.com/azure/storage/common/general-purpose-version-1-account-migration-frequently-asked-questions"" target=""_blank"">documentation.</a></p> <p><strong>For Azure Databricks managed storage accounts</strong>: If your workspace relies on a GPv1 storage account, you won't be able to migrate that account manually. As part of this retirement, <strong>Microsoft will schedule and complete a managed migration of affected accounts to GPv2 on your behalf</strong>; no action is required.</p> <p>Azure Databricks accounts will not be part of this migration and will be done separately. When Azure Databricks account migration is planned, notifications will be sent as appropriate.</p> <p>Any <strong>non-Azure Databricks accounts</strong> that use <strong>GPv1 </strong>will<strong> require manual migration.</strong></p> <p></p><h2>Automatic migration warning</h2><p>After 13 October 2026, all existing GPv1 storage accounts will be automatically migrated over to a GPv2 account, which may result in higher billing costs. Your decision not to migrate an existing GPv1 storage account will be construed as consent for Microsoft to migrate the account on your behalf.</p><h2>Help and support</h2><p>If you have questions, get answers from community experts in <a href=""https://learn.microsoft.com/answers/tags/125/azure-blob-storage"" target=""_blank"">Microsoft Q&amp;A.</a> If you have a support plan and need technical help, open the <a href=""https://portal.azure.com/#blade/Microsoft_Azure_Support/HelpAndSupportBlade/overview"" target=""_blank"">Azure portal</a> and select the question mark icon at the top of the page.</p><p></p>"		2025-09-30T00:00:00Z	2026-10-13T00:00:00Z	2026-07-16T14:11:46Z	2026-09-01		westeurope	a4e96bcd-59dc-4d66-b2f7-5547ad157c12	not_available				false	not_needed	full	retirement_date_derived_from_text	"{""event_source"":""resource_health_events""}"
Storage Accounts	DEV-IO	azure-retirements-2721348d-5d3e-4374-adc4-06d277cdf144	2026-07-28	subscriptions	service_health_event_region	resource_health_events	Microsoft.ResourceHealth/events/XTKT-BW8	XTKT-BW8	XTKT-BW8	HealthAdvisory	Retirement	ServiceHealth	Warning	Warning	Active		Action required: Migrate your legacy Azure general-purpose v1 account to a general-purpose v2 account	Action required: Migrate your legacy Azure general-purpose v1 account to a general-purpose v2 account	"<p><strong><em>You're receiving this notification because you're associated with one or more Azure subscriptions that have a GPv1 storage account. For reference, you can find this health advisory notification in the </em></strong><a href=""https://aka.ms/AzureServiceHealthAdvisories"" target=""_blank""><strong><em>Azure portal</em></strong></a><strong><em> using tracking ID: XTKT-BW8.</em></strong></p>"	"<p><strong><em>You're receiving this notification because you're associated with one or more Azure subscriptions that have a GPv1 storage account. For reference, you can find this health advisory notification in the </em></strong><a href=""https://aka.ms/AzureServiceHealthAdvisories"" target=""_blank""><strong><em>Azure portal</em></strong></a><strong><em> using tracking ID: XTKT-BW8.</em></strong></p> <p>From <strong>1 September 2026</strong> the creation of new GPv1 accounts will be blocked, the creation of GPv2 accounts will be unaffected.</p> <p>On 13 October 2026, we'll retire GPv1 storage accounts. To avoid disruptions, <a href=""https://learn.microsoft.com/azure/storage/common/storage-account-upgrade?tabs=azure-portal"" target=""_blank""><strong>migrate your GPv1 storage accounts to GPv2 accounts before that date</strong></a>. GPv2 accounts give you access to the latest Azure Storage features while providing improved performance and true zonal redundancy support.</p> <h2>Recommended action</h2> <p>To avoid service disruptions, <a href=""https://learn.microsoft.com/azure/storage/common/storage-account-upgrade?tabs=azure-portal"" target=""_blank""><strong>migrate your GPv1 storage accounts to GPv2 by 13 October 2026</strong></a>. To view your impacted resources in the Azure portal, go to the <a href=""https://portal.azure.com/#view/Microsoft_Azure_StorageHub/StorageHub.MenuView/~/StorageAccountsBrowse"" target=""_blank"">Storage Center </a>and look for <strong>Kind: Storage</strong>. For additional ways to access impacted resource information, see this <a href=""https://aka.ms/AzureRetirementImpactedResourcesChannels"" target=""_blank"">documentation</a>.</p> <p>Watch the recorded video and demo <a href=""https://aka.ms/GPv1RetirementLiveStream"" target=""_blank"">here</a>. Frequently asked questions are available in the <a href=""https://learn.microsoft.com/azure/storage/common/general-purpose-version-1-account-migration-frequently-asked-questions"" target=""_blank"">documentation.</a></p> <p><strong>For Azure Databricks managed storage accounts</strong>: If your workspace relies on a GPv1 storage account, you won't be able to migrate that account manually. As part of this retirement, <strong>Microsoft will schedule and complete a managed migration of affected accounts to GPv2 on your behalf</strong>; no action is required.</p> <p>Azure Databricks accounts will not be part of this migration and will be done separately. When Azure Databricks account migration is planned, notifications will be sent as appropriate.</p> <p>Any <strong>non-Azure Databricks accounts</strong> that use <strong>GPv1 </strong>will<strong> require manual migration.</strong></p> <p></p><h2>Automatic migration warning</h2><p>After 13 October 2026, all existing GPv1 storage accounts will be automatically migrated over to a GPv2 account, which may result in higher billing costs. Your decision not to migrate an existing GPv1 storage account will be construed as consent for Microsoft to migrate the account on your behalf.</p><h2>Help and support</h2><p>If you have questions, get answers from community experts in <a href=""https://learn.microsoft.com/answers/tags/125/azure-blob-storage"" target=""_blank"">Microsoft Q&amp;A.</a> If you have a support plan and need technical help, open the <a href=""https://portal.azure.com/#blade/Microsoft_Azure_Support/HelpAndSupportBlade/overview"" target=""_blank"">Azure portal</a> and select the question mark icon at the top of the page.</p><p></p>"		2025-09-30T00:00:00Z	2026-10-13T00:00:00Z	2026-07-16T14:11:46Z	2026-09-01		global	a4e96bcd-59dc-4d66-b2f7-5547ad157c12	not_available				false	not_needed	full	retirement_date_derived_from_text	"{""event_source"":""resource_health_events""}"
Azure Monitor	DevOpsLab	azure-retirements-2721348d-5d3e-4374-adc4-06d277cdf144	2026-07-28	subscriptions	service_health_event_region	resource_health_events	Microsoft.ResourceHealth/events/0QXK-41Z	0QXK-41Z	0QXK-41Z	HealthAdvisory	Retirement	ServiceHealth	Warning	Warning	Active		Action recommended: Migrate to managed identity authentication in Azure Monitor Container Insights before 30 September 2026	Action recommended: Migrate to managed identity authentication in Azure Monitor Container Insights before 30 September 2026	<p><em>You're receiving this notification because you have one or more Azure subscriptions currently using legacy authentication in Azure Monitor Container Insights.</em></p>	"<p><em>You're receiving this notification because you have one or more Azure subscriptions currently using legacy authentication in Azure Monitor Container Insights.</em></p> <p>On 30 September 2026, we'll retire legacy authentication in Azure Monitor Container Insights. To avoid disruptions, <a href=""https://aka.ms/CILegacyAuthMigration"" target=""_blank"">migrate</a> to managed identity authentication before 30 September 2026.</p> <p>Managed identity authentication is more secure and gives you access to newer Azure Monitor Container Insights features, such as syslog collection and high scale mode.</p> <h2>Recommended action</h2> <p>To avoid disruptions, migrate from legacy to managed identity authentication before 30 September 2026. Read our <a href=""https://aka.ms/CILegacyAuthMigration"" target=""_blank"">documentation</a> to learn how to migrate your Azure Kubernetes Service (AKS) clusters with a single click in the Azure portal. You'll also find command line options and a bulk migration script.</p> <p></p><h2>Help and support</h2><p>If you have questions, get answers from community experts in <a href=""https://learn.microsoft.com/answers/tags/20/azure-monitor"" target=""_blank"">Microsoft Q&amp;A</a>. If you have a support plan and need technical help, please create a <a href=""https://portal.azure.com/#blade/Microsoft_Azure_Support/HelpAndSupportBlade/newsupportrequest"" target=""_blank"">support request</a>.</p><p><em>Learn more about service retirements that may impact your resources in the </em><a href=""https://aka.ms/ServicesRetirementWorkbook"" target=""_blank""><em>Azure Retirement Workbook</em></a><em>. Please note that retirements may not be visible in the workbook for up to two weeks after being announced.</em></p><p></p>"		2026-04-14T05:54:44Z	2027-10-14T05:54:44Z	2026-07-06T14:22:31Z	2026-09-30		germanywestcentral	ac17914c-79bf-48fa-831e-1359ef74c1d5	not_available				false	not_needed	full	retirement_date_derived_from_text	"{""event_source"":""resource_health_events""}"
Azure Monitor	DevOpsLab	azure-retirements-2721348d-5d3e-4374-adc4-06d277cdf144	2026-07-28	subscriptions	service_health_event_region	resource_health_events	Microsoft.ResourceHealth/events/0QXK-41Z	0QXK-41Z	0QXK-41Z	HealthAdvisory	Retirement	ServiceHealth	Warning	Warning	Active		Action recommended: Migrate to managed identity authentication in Azure Monitor Container Insights before 30 September 2026	Action recommended: Migrate to managed identity authentication in Azure Monitor Container Insights before 30 September 2026	<p><em>You're receiving this notification because you have one or more Azure subscriptions currently using legacy authentication in Azure Monitor Container Insights.</em></p>	"<p><em>You're receiving this notification because you have one or more Azure subscriptions currently using legacy authentication in Azure Monitor Container Insights.</em></p> <p>On 30 September 2026, we'll retire legacy authentication in Azure Monitor Container Insights. To avoid disruptions, <a href=""https://aka.ms/CILegacyAuthMigration"" target=""_blank"">migrate</a> to managed identity authentication before 30 September 2026.</p> <p>Managed identity authentication is more secure and gives you access to newer Azure Monitor Container Insights features, such as syslog collection and high scale mode.</p> <h2>Recommended action</h2> <p>To avoid disruptions, migrate from legacy to managed identity authentication before 30 September 2026. Read our <a href=""https://aka.ms/CILegacyAuthMigration"" target=""_blank"">documentation</a> to learn how to migrate your Azure Kubernetes Service (AKS) clusters with a single click in the Azure portal. You'll also find command line options and a bulk migration script.</p> <p></p><h2>Help and support</h2><p>If you have questions, get answers from community experts in <a href=""https://learn.microsoft.com/answers/tags/20/azure-monitor"" target=""_blank"">Microsoft Q&amp;A</a>. If you have a support plan and need technical help, please create a <a href=""https://portal.azure.com/#blade/Microsoft_Azure_Support/HelpAndSupportBlade/newsupportrequest"" target=""_blank"">support request</a>.</p><p><em>Learn more about service retirements that may impact your resources in the </em><a href=""https://aka.ms/ServicesRetirementWorkbook"" target=""_blank""><em>Azure Retirement Workbook</em></a><em>. Please note that retirements may not be visible in the workbook for up to two weeks after being announced.</em></p><p></p>"		2026-04-14T05:54:44Z	2027-10-14T05:54:44Z	2026-07-06T14:22:31Z	2026-09-30		global	ac17914c-79bf-48fa-831e-1359ef74c1d5	not_available				false	not_needed	full	retirement_date_derived_from_text	"{""event_source"":""resource_health_events""}"
Azure Monitor	DevOpsLab	azure-retirements-2721348d-5d3e-4374-adc4-06d277cdf144	2026-07-28	subscriptions	service_health_event_region	resource_health_events	Microsoft.ResourceHealth/events/0QXK-41Z	0QXK-41Z	0QXK-41Z	HealthAdvisory	Retirement	ServiceHealth	Warning	Warning	Active		Action recommended: Migrate to managed identity authentication in Azure Monitor Container Insights before 30 September 2026	Action recommended: Migrate to managed identity authentication in Azure Monitor Container Insights before 30 September 2026	<p><em>You're receiving this notification because you have one or more Azure subscriptions currently using legacy authentication in Azure Monitor Container Insights.</em></p>	"<p><em>You're receiving this notification because you have one or more Azure subscriptions currently using legacy authentication in Azure Monitor Container Insights.</em></p> <p>On 30 September 2026, we'll retire legacy authentication in Azure Monitor Container Insights. To avoid disruptions, <a href=""https://aka.ms/CILegacyAuthMigration"" target=""_blank"">migrate</a> to managed identity authentication before 30 September 2026.</p> <p>Managed identity authentication is more secure and gives you access to newer Azure Monitor Container Insights features, such as syslog collection and high scale mode.</p> <h2>Recommended action</h2> <p>To avoid disruptions, migrate from legacy to managed identity authentication before 30 September 2026. Read our <a href=""https://aka.ms/CILegacyAuthMigration"" target=""_blank"">documentation</a> to learn how to migrate your Azure Kubernetes Service (AKS) clusters with a single click in the Azure portal. You'll also find command line options and a bulk migration script.</p> <p></p><h2>Help and support</h2><p>If you have questions, get answers from community experts in <a href=""https://learn.microsoft.com/answers/tags/20/azure-monitor"" target=""_blank"">Microsoft Q&amp;A</a>. If you have a support plan and need technical help, please create a <a href=""https://portal.azure.com/#blade/Microsoft_Azure_Support/HelpAndSupportBlade/newsupportrequest"" target=""_blank"">support request</a>.</p><p><em>Learn more about service retirements that may impact your resources in the </em><a href=""https://aka.ms/ServicesRetirementWorkbook"" target=""_blank""><em>Azure Retirement Workbook</em></a><em>. Please note that retirements may not be visible in the workbook for up to two weeks after being announced.</em></p><p></p>"		2026-04-14T05:54:44Z	2027-10-14T05:54:44Z	2026-07-06T14:22:31Z	2026-09-30		northeurope	ac17914c-79bf-48fa-831e-1359ef74c1d5	not_available				false	not_needed	full	retirement_date_derived_from_text	"{""event_source"":""resource_health_events""}"
Azure Monitor	DevOpsLab	azure-retirements-2721348d-5d3e-4374-adc4-06d277cdf144	2026-07-28	subscriptions	service_health_event_region	resource_health_events	Microsoft.ResourceHealth/events/0QXK-41Z	0QXK-41Z	0QXK-41Z	HealthAdvisory	Retirement	ServiceHealth	Warning	Warning	Active		Action recommended: Migrate to managed identity authentication in Azure Monitor Container Insights before 30 September 2026	Action recommended: Migrate to managed identity authentication in Azure Monitor Container Insights before 30 September 2026	<p><em>You're receiving this notification because you have one or more Azure subscriptions currently using legacy authentication in Azure Monitor Container Insights.</em></p>	"<p><em>You're receiving this notification because you have one or more Azure subscriptions currently using legacy authentication in Azure Monitor Container Insights.</em></p> <p>On 30 September 2026, we'll retire legacy authentication in Azure Monitor Container Insights. To avoid disruptions, <a href=""https://aka.ms/CILegacyAuthMigration"" target=""_blank"">migrate</a> to managed identity authentication before 30 September 2026.</p> <p>Managed identity authentication is more secure and gives you access to newer Azure Monitor Container Insights features, such as syslog collection and high scale mode.</p> <h2>Recommended action</h2> <p>To avoid disruptions, migrate from legacy to managed identity authentication before 30 September 2026. Read our <a href=""https://aka.ms/CILegacyAuthMigration"" target=""_blank"">documentation</a> to learn how to migrate your Azure Kubernetes Service (AKS) clusters with a single click in the Azure portal. You'll also find command line options and a bulk migration script.</p> <p></p><h2>Help and support</h2><p>If you have questions, get answers from community experts in <a href=""https://learn.microsoft.com/answers/tags/20/azure-monitor"" target=""_blank"">Microsoft Q&amp;A</a>. If you have a support plan and need technical help, please create a <a href=""https://portal.azure.com/#blade/Microsoft_Azure_Support/HelpAndSupportBlade/newsupportrequest"" target=""_blank"">support request</a>.</p><p><em>Learn more about service retirements that may impact your resources in the </em><a href=""https://aka.ms/ServicesRetirementWorkbook"" target=""_blank""><em>Azure Retirement Workbook</em></a><em>. Please note that retirements may not be visible in the workbook for up to two weeks after being announced.</em></p><p></p>"		2026-04-14T05:54:44Z	2027-10-14T05:54:44Z	2026-07-06T14:22:31Z	2026-09-30		westeurope	ac17914c-79bf-48fa-831e-1359ef74c1d5	not_available				false	not_needed	full	retirement_date_derived_from_text	"{""event_source"":""resource_health_events""}"
Storage Accounts	DevOpsLab	azure-retirements-2721348d-5d3e-4374-adc4-06d277cdf144	2026-07-28	subscriptions	service_health_event_region	resource_health_events	Microsoft.ResourceHealth/events/XTKT-BW8	XTKT-BW8	XTKT-BW8	HealthAdvisory	Retirement	ServiceHealth	Warning	Warning	Active		Action required: Migrate your legacy Azure general-purpose v1 account to a general-purpose v2 account	Action required: Migrate your legacy Azure general-purpose v1 account to a general-purpose v2 account	<p><em>You're receiving this notification because you're associated with one or more Azure subscriptions that have a legacy blob storage account.</em></p>	"<p><em>You're receiving this notification because you're associated with one or more Azure subscriptions that have a legacy blob storage account.</em></p> <p><em>On 13 October 2026, we'll retire blob-only storage accounts. To avoid disruptions,&nbsp;</em><a href=""https://learn.microsoft.com/azure/storage/common/legacy-blob-storage-account-migration-overview"" target=""_blank""><strong>migrate your GPv1 storage accounts to GPv2 accounts before that date</strong></a>. GPv2 accounts give you access to the latest Azure Storage features while providing improved performance and true zonal redundancy support.</p> <h2>Required action</h2> <p>To avoid service disruptions,&nbsp;<a href=""https://learn.microsoft.com/azure/storage/common/legacy-blob-storage-account-migration-overview"" target=""_blank""><strong>migrate your GPv1 storage accounts to GPv2 by 13 October 2026</strong></a>. To view your impacted resources in the Azure portal, go to the&nbsp;<a href=""https://portal.azure.com/#view/Microsoft_Azure_StorageHub/StorageHub.MenuView/~/StorageAccountsBrowse"" target=""_blank""><strong>Storage Center</strong></a>&nbsp;and look for&nbsp;<strong>Kind</strong>:&nbsp;<strong>Storage</strong>.</p> <p><strong>For Azure Databricks managed storage accounts:</strong>&nbsp;If your workspace relies on a GPv1 storage account, you won’t be able to migrate that account manually. As part of this retirement,&nbsp;<strong>Microsoft will schedule and complete a managed migration of affected accounts to GPv2 on your behalf;&nbsp;</strong>no action is required.</p> <p>Azure Databricks accounts will not be part of this migration and will be done separately. When Azure Databricks account migration is planned, notifications will be sent as appropriate.</p> <p>Any&nbsp;<strong>non-Azure Databricks accounts</strong>&nbsp;that use&nbsp;<strong>GPv1&nbsp;</strong>will&nbsp;<strong>require manual migration</strong>.</p> <p></p> <h2>Automatic migration warning</h2> <p>After 13 October 2026, all existing legacy blob storage accounts will be automatically migrated over to a GPv2 account, which may result in higher billing costs. Your decision not to migrate an existing legacy blob storage account will be construed as consent for Microsoft to migrate the account on your behalf.</p> <p><strong>Creation of all new GPv1 accounts will be blocked by 13 October 2026</strong>.</p> <p></p><h2>Help and support</h2><p>If you have questions, get answers from community experts in&nbsp;<a href=""https://learn.microsoft.com/answers/tags/125/azure-blob-storage"" target=""_blank"">Microsoft Q&amp;A</a>. If you have a support plan and need technical help, open the&nbsp;<a href=""https://portal.azure.com/#blade/Microsoft_Azure_Support/HelpAndSupportBlade/overview"" target=""_blank"">Azure portal</a>&nbsp;and select the question mark icon at the top of the page.</p><p><em>Learn more about service retirements that may impact your resources in the&nbsp;</em><a href=""https://aka.ms/ServicesRetirementWorkbook"" target=""_blank""><em>Azure Retirement Workbook</em></a><em>. Please note that retirements may not be visible in the workbook for up to two weeks after being announced.</em></p><p></p><p></p>"		2025-09-30T00:00:00Z	2026-10-13T00:00:00Z	2026-05-05T18:50:10Z	2026-10-13		germanywestcentral	ac17914c-79bf-48fa-831e-1359ef74c1d5	not_available				false	not_needed	full	retirement_date_derived_from_text	"{""event_source"":""resource_health_events""}"
Storage Accounts	DevOpsLab	azure-retirements-2721348d-5d3e-4374-adc4-06d277cdf144	2026-07-28	subscriptions	service_health_event_region	resource_health_events	Microsoft.ResourceHealth/events/XTKT-BW8	XTKT-BW8	XTKT-BW8	HealthAdvisory	Retirement	ServiceHealth	Warning	Warning	Active		Action required: Migrate your legacy Azure general-purpose v1 account to a general-purpose v2 account	Action required: Migrate your legacy Azure general-purpose v1 account to a general-purpose v2 account	<p><em>You're receiving this notification because you're associated with one or more Azure subscriptions that have a legacy blob storage account.</em></p>	"<p><em>You're receiving this notification because you're associated with one or more Azure subscriptions that have a legacy blob storage account.</em></p> <p><em>On 13 October 2026, we'll retire blob-only storage accounts. To avoid disruptions,&nbsp;</em><a href=""https://learn.microsoft.com/azure/storage/common/legacy-blob-storage-account-migration-overview"" target=""_blank""><strong>migrate your GPv1 storage accounts to GPv2 accounts before that date</strong></a>. GPv2 accounts give you access to the latest Azure Storage features while providing improved performance and true zonal redundancy support.</p> <h2>Required action</h2> <p>To avoid service disruptions,&nbsp;<a href=""https://learn.microsoft.com/azure/storage/common/legacy-blob-storage-account-migration-overview"" target=""_blank""><strong>migrate your GPv1 storage accounts to GPv2 by 13 October 2026</strong></a>. To view your impacted resources in the Azure portal, go to the&nbsp;<a href=""https://portal.azure.com/#view/Microsoft_Azure_StorageHub/StorageHub.MenuView/~/StorageAccountsBrowse"" target=""_blank""><strong>Storage Center</strong></a>&nbsp;and look for&nbsp;<strong>Kind</strong>:&nbsp;<strong>Storage</strong>.</p> <p><strong>For Azure Databricks managed storage accounts:</strong>&nbsp;If your workspace relies on a GPv1 storage account, you won’t be able to migrate that account manually. As part of this retirement,&nbsp;<strong>Microsoft will schedule and complete a managed migration of affected accounts to GPv2 on your behalf;&nbsp;</strong>no action is required.</p> <p>Azure Databricks accounts will not be part of this migration and will be done separately. When Azure Databricks account migration is planned, notifications will be sent as appropriate.</p> <p>Any&nbsp;<strong>non-Azure Databricks accounts</strong>&nbsp;that use&nbsp;<strong>GPv1&nbsp;</strong>will&nbsp;<strong>require manual migration</strong>.</p> <p></p> <h2>Automatic migration warning</h2> <p>After 13 October 2026, all existing legacy blob storage accounts will be automatically migrated over to a GPv2 account, which may result in higher billing costs. Your decision not to migrate an existing legacy blob storage account will be construed as consent for Microsoft to migrate the account on your behalf.</p> <p><strong>Creation of all new GPv1 accounts will be blocked by 13 October 2026</strong>.</p> <p></p><h2>Help and support</h2><p>If you have questions, get answers from community experts in&nbsp;<a href=""https://learn.microsoft.com/answers/tags/125/azure-blob-storage"" target=""_blank"">Microsoft Q&amp;A</a>. If you have a support plan and need technical help, open the&nbsp;<a href=""https://portal.azure.com/#blade/Microsoft_Azure_Support/HelpAndSupportBlade/overview"" target=""_blank"">Azure portal</a>&nbsp;and select the question mark icon at the top of the page.</p><p><em>Learn more about service retirements that may impact your resources in the&nbsp;</em><a href=""https://aka.ms/ServicesRetirementWorkbook"" target=""_blank""><em>Azure Retirement Workbook</em></a><em>. Please note that retirements may not be visible in the workbook for up to two weeks after being announced.</em></p><p></p><p></p>"		2025-09-30T00:00:00Z	2026-10-13T00:00:00Z	2026-05-05T18:50:10Z	2026-10-13		italynorth	ac17914c-79bf-48fa-831e-1359ef74c1d5	not_available				false	not_needed	full	retirement_date_derived_from_text	"{""event_source"":""resource_health_events""}"
Storage Accounts	DevOpsLab	azure-retirements-2721348d-5d3e-4374-adc4-06d277cdf144	2026-07-28	subscriptions	service_health_event_region	resource_health_events	Microsoft.ResourceHealth/events/XTKT-BW8	XTKT-BW8	XTKT-BW8	HealthAdvisory	Retirement	ServiceHealth	Warning	Warning	Active		Action required: Migrate your legacy Azure general-purpose v1 account to a general-purpose v2 account	Action required: Migrate your legacy Azure general-purpose v1 account to a general-purpose v2 account	<p><em>You're receiving this notification because you're associated with one or more Azure subscriptions that have a legacy blob storage account.</em></p>	"<p><em>You're receiving this notification because you're associated with one or more Azure subscriptions that have a legacy blob storage account.</em></p> <p><em>On 13 October 2026, we'll retire blob-only storage accounts. To avoid disruptions,&nbsp;</em><a href=""https://learn.microsoft.com/azure/storage/common/legacy-blob-storage-account-migration-overview"" target=""_blank""><strong>migrate your GPv1 storage accounts to GPv2 accounts before that date</strong></a>. GPv2 accounts give you access to the latest Azure Storage features while providing improved performance and true zonal redundancy support.</p> <h2>Required action</h2> <p>To avoid service disruptions,&nbsp;<a href=""https://learn.microsoft.com/azure/storage/common/legacy-blob-storage-account-migration-overview"" target=""_blank""><strong>migrate your GPv1 storage accounts to GPv2 by 13 October 2026</strong></a>. To view your impacted resources in the Azure portal, go to the&nbsp;<a href=""https://portal.azure.com/#view/Microsoft_Azure_StorageHub/StorageHub.MenuView/~/StorageAccountsBrowse"" target=""_blank""><strong>Storage Center</strong></a>&nbsp;and look for&nbsp;<strong>Kind</strong>:&nbsp;<strong>Storage</strong>.</p> <p><strong>For Azure Databricks managed storage accounts:</strong>&nbsp;If your workspace relies on a GPv1 storage account, you won’t be able to migrate that account manually. As part of this retirement,&nbsp;<strong>Microsoft will schedule and complete a managed migration of affected accounts to GPv2 on your behalf;&nbsp;</strong>no action is required.</p> <p>Azure Databricks accounts will not be part of this migration and will be done separately. When Azure Databricks account migration is planned, notifications will be sent as appropriate.</p> <p>Any&nbsp;<strong>non-Azure Databricks accounts</strong>&nbsp;that use&nbsp;<strong>GPv1&nbsp;</strong>will&nbsp;<strong>require manual migration</strong>.</p> <p></p> <h2>Automatic migration warning</h2> <p>After 13 October 2026, all existing legacy blob storage accounts will be automatically migrated over to a GPv2 account, which may result in higher billing costs. Your decision not to migrate an existing legacy blob storage account will be construed as consent for Microsoft to migrate the account on your behalf.</p> <p><strong>Creation of all new GPv1 accounts will be blocked by 13 October 2026</strong>.</p> <p></p><h2>Help and support</h2><p>If you have questions, get answers from community experts in&nbsp;<a href=""https://learn.microsoft.com/answers/tags/125/azure-blob-storage"" target=""_blank"">Microsoft Q&amp;A</a>. If you have a support plan and need technical help, open the&nbsp;<a href=""https://portal.azure.com/#blade/Microsoft_Azure_Support/HelpAndSupportBlade/overview"" target=""_blank"">Azure portal</a>&nbsp;and select the question mark icon at the top of the page.</p><p><em>Learn more about service retirements that may impact your resources in the&nbsp;</em><a href=""https://aka.ms/ServicesRetirementWorkbook"" target=""_blank""><em>Azure Retirement Workbook</em></a><em>. Please note that retirements may not be visible in the workbook for up to two weeks after being announced.</em></p><p></p><p></p>"		2025-09-30T00:00:00Z	2026-10-13T00:00:00Z	2026-05-05T18:50:10Z	2026-10-13		northeurope	ac17914c-79bf-48fa-831e-1359ef74c1d5	not_available				false	not_needed	full	retirement_date_derived_from_text	"{""event_source"":""resource_health_events""}"
Storage Accounts	DevOpsLab	azure-retirements-2721348d-5d3e-4374-adc4-06d277cdf144	2026-07-28	subscriptions	service_health_event_region	resource_health_events	Microsoft.ResourceHealth/events/XTKT-BW8	XTKT-BW8	XTKT-BW8	HealthAdvisory	Retirement	ServiceHealth	Warning	Warning	Active		Action required: Migrate your legacy Azure general-purpose v1 account to a general-purpose v2 account	Action required: Migrate your legacy Azure general-purpose v1 account to a general-purpose v2 account	<p><em>You're receiving this notification because you're associated with one or more Azure subscriptions that have a legacy blob storage account.</em></p>	"<p><em>You're receiving this notification because you're associated with one or more Azure subscriptions that have a legacy blob storage account.</em></p> <p><em>On 13 October 2026, we'll retire blob-only storage accounts. To avoid disruptions,&nbsp;</em><a href=""https://learn.microsoft.com/azure/storage/common/legacy-blob-storage-account-migration-overview"" target=""_blank""><strong>migrate your GPv1 storage accounts to GPv2 accounts before that date</strong></a>. GPv2 accounts give you access to the latest Azure Storage features while providing improved performance and true zonal redundancy support.</p> <h2>Required action</h2> <p>To avoid service disruptions,&nbsp;<a href=""https://learn.microsoft.com/azure/storage/common/legacy-blob-storage-account-migration-overview"" target=""_blank""><strong>migrate your GPv1 storage accounts to GPv2 by 13 October 2026</strong></a>. To view your impacted resources in the Azure portal, go to the&nbsp;<a href=""https://portal.azure.com/#view/Microsoft_Azure_StorageHub/StorageHub.MenuView/~/StorageAccountsBrowse"" target=""_blank""><strong>Storage Center</strong></a>&nbsp;and look for&nbsp;<strong>Kind</strong>:&nbsp;<strong>Storage</strong>.</p> <p><strong>For Azure Databricks managed storage accounts:</strong>&nbsp;If your workspace relies on a GPv1 storage account, you won’t be able to migrate that account manually. As part of this retirement,&nbsp;<strong>Microsoft will schedule and complete a managed migration of affected accounts to GPv2 on your behalf;&nbsp;</strong>no action is required.</p> <p>Azure Databricks accounts will not be part of this migration and will be done separately. When Azure Databricks account migration is planned, notifications will be sent as appropriate.</p> <p>Any&nbsp;<strong>non-Azure Databricks accounts</strong>&nbsp;that use&nbsp;<strong>GPv1&nbsp;</strong>will&nbsp;<strong>require manual migration</strong>.</p> <p></p> <h2>Automatic migration warning</h2> <p>After 13 October 2026, all existing legacy blob storage accounts will be automatically migrated over to a GPv2 account, which may result in higher billing costs. Your decision not to migrate an existing legacy blob storage account will be construed as consent for Microsoft to migrate the account on your behalf.</p> <p><strong>Creation of all new GPv1 accounts will be blocked by 13 October 2026</strong>.</p> <p></p><h2>Help and support</h2><p>If you have questions, get answers from community experts in&nbsp;<a href=""https://learn.microsoft.com/answers/tags/125/azure-blob-storage"" target=""_blank"">Microsoft Q&amp;A</a>. If you have a support plan and need technical help, open the&nbsp;<a href=""https://portal.azure.com/#blade/Microsoft_Azure_Support/HelpAndSupportBlade/overview"" target=""_blank"">Azure portal</a>&nbsp;and select the question mark icon at the top of the page.</p><p><em>Learn more about service retirements that may impact your resources in the&nbsp;</em><a href=""https://aka.ms/ServicesRetirementWorkbook"" target=""_blank""><em>Azure Retirement Workbook</em></a><em>. Please note that retirements may not be visible in the workbook for up to two weeks after being announced.</em></p><p></p><p></p>"		2025-09-30T00:00:00Z	2026-10-13T00:00:00Z	2026-05-05T18:50:10Z	2026-10-13		spaincentral	ac17914c-79bf-48fa-831e-1359ef74c1d5	not_available				false	not_needed	full	retirement_date_derived_from_text	"{""event_source"":""resource_health_events""}"
Storage Accounts	DevOpsLab	azure-retirements-2721348d-5d3e-4374-adc4-06d277cdf144	2026-07-28	subscriptions	service_health_event_region	resource_health_events	Microsoft.ResourceHealth/events/XTKT-BW8	XTKT-BW8	XTKT-BW8	HealthAdvisory	Retirement	ServiceHealth	Warning	Warning	Active		Action required: Migrate your legacy Azure general-purpose v1 account to a general-purpose v2 account	Action required: Migrate your legacy Azure general-purpose v1 account to a general-purpose v2 account	<p><em>You're receiving this notification because you're associated with one or more Azure subscriptions that have a legacy blob storage account.</em></p>	"<p><em>You're receiving this notification because you're associated with one or more Azure subscriptions that have a legacy blob storage account.</em></p> <p><em>On 13 October 2026, we'll retire blob-only storage accounts. To avoid disruptions,&nbsp;</em><a href=""https://learn.microsoft.com/azure/storage/common/legacy-blob-storage-account-migration-overview"" target=""_blank""><strong>migrate your GPv1 storage accounts to GPv2 accounts before that date</strong></a>. GPv2 accounts give you access to the latest Azure Storage features while providing improved performance and true zonal redundancy support.</p> <h2>Required action</h2> <p>To avoid service disruptions,&nbsp;<a href=""https://learn.microsoft.com/azure/storage/common/legacy-blob-storage-account-migration-overview"" target=""_blank""><strong>migrate your GPv1 storage accounts to GPv2 by 13 October 2026</strong></a>. To view your impacted resources in the Azure portal, go to the&nbsp;<a href=""https://portal.azure.com/#view/Microsoft_Azure_StorageHub/StorageHub.MenuView/~/StorageAccountsBrowse"" target=""_blank""><strong>Storage Center</strong></a>&nbsp;and look for&nbsp;<strong>Kind</strong>:&nbsp;<strong>Storage</strong>.</p> <p><strong>For Azure Databricks managed storage accounts:</strong>&nbsp;If your workspace relies on a GPv1 storage account, you won’t be able to migrate that account manually. As part of this retirement,&nbsp;<strong>Microsoft will schedule and complete a managed migration of affected accounts to GPv2 on your behalf;&nbsp;</strong>no action is required.</p> <p>Azure Databricks accounts will not be part of this migration and will be done separately. When Azure Databricks account migration is planned, notifications will be sent as appropriate.</p> <p>Any&nbsp;<strong>non-Azure Databricks accounts</strong>&nbsp;that use&nbsp;<strong>GPv1&nbsp;</strong>will&nbsp;<strong>require manual migration</strong>.</p> <p></p> <h2>Automatic migration warning</h2> <p>After 13 October 2026, all existing legacy blob storage accounts will be automatically migrated over to a GPv2 account, which may result in higher billing costs. Your decision not to migrate an existing legacy blob storage account will be construed as consent for Microsoft to migrate the account on your behalf.</p> <p><strong>Creation of all new GPv1 accounts will be blocked by 13 October 2026</strong>.</p> <p></p><h2>Help and support</h2><p>If you have questions, get answers from community experts in&nbsp;<a href=""https://learn.microsoft.com/answers/tags/125/azure-blob-storage"" target=""_blank"">Microsoft Q&amp;A</a>. If you have a support plan and need technical help, open the&nbsp;<a href=""https://portal.azure.com/#blade/Microsoft_Azure_Support/HelpAndSupportBlade/overview"" target=""_blank"">Azure portal</a>&nbsp;and select the question mark icon at the top of the page.</p><p><em>Learn more about service retirements that may impact your resources in the&nbsp;</em><a href=""https://aka.ms/ServicesRetirementWorkbook"" target=""_blank""><em>Azure Retirement Workbook</em></a><em>. Please note that retirements may not be visible in the workbook for up to two weeks after being announced.</em></p><p></p><p></p>"		2025-09-30T00:00:00Z	2026-10-13T00:00:00Z	2026-05-05T18:50:10Z	2026-10-13		westeurope	ac17914c-79bf-48fa-831e-1359ef74c1d5	not_available				false	not_needed	full	retirement_date_derived_from_text	"{""event_source"":""resource_health_events""}"
Azure Kubernetes Service (AKS)	DevOpsLab	azure-retirements-2721348d-5d3e-4374-adc4-06d277cdf144	2026-07-28	subscriptions	service_health_event_region	resource_health_events	Microsoft.ResourceHealth/events/9Y2Z-_K8	9Y2Z-_K8	9Y2Z-_K8	HealthAdvisory	Retirement	ServiceHealth	Warning	Warning	Active		Transition Ubuntu 22.04 clusters to Ubuntu 24.04 or later by 30 June 2027	Transition Ubuntu 22.04 clusters to Ubuntu 24.04 or later by 30 June 2027	<p><em>You’re receiving this notification because you’re associated with one or more Azure subscriptions that use Ubuntu 22.04 for Azure Kubernetes Service (AKS) clusters. For reference, you can find this notification in the Azure portal under&nbsp;Service Health/Health advisories&nbsp;using tracking ID: 9Y2Z-_K8.</em></p>	"<p><em>You’re receiving this notification because you’re associated with one or more Azure subscriptions that use Ubuntu 22.04 for Azure Kubernetes Service (AKS) clusters. For reference, you can find this notification in the Azure portal under&nbsp;Service Health/Health advisories&nbsp;using tracking ID: 9Y2Z-_K8.</em></p> <p><em>On 30 June 2027, we’ll retire Ubuntu 22.04 on Azure Kubernetes Service. To avoid disruptions,&nbsp;</em><a href=""https://learn.microsoft.com/azure/aks/upgrade-os-version"" target=""_blank""><strong>transition</strong>&nbsp;to Ubuntu 24.04 or later by that date.</a><a href=""https://aka.ms/aks/supported-ubuntu-versions"" target=""_blank"">&nbsp;</a>Newer supported versions<strong>&nbsp;</strong>include&nbsp;<a href=""https://discourse.ubuntu.com/t/ubuntu-24-04-lts-noble-numbat-release-notes/39890"" target=""_blank"">kernel updates and security improvements</a>.</p> <p>Between now and 30 June 2027, you can continue to use Ubuntu 22.04 on AKS without disruption. If you don’t migrate by 30 June 2027, you won’t be able to create new node pools, AKS&nbsp;won’t produce new node images, and you’ll no longer receive security patches for existing node pools. If you'd like to enable long-term support with Kubernetes version 1.33 or later, first update your node pools to Ubuntu 24.04.</p> <p>Additionally, on&nbsp;30 April 2028 AKS will remove Ubuntu 22.04 node images and existing code, causing scaling&nbsp;and remediation operations to fail.&nbsp;</p> <h2>Recommended action</h2> <p>To avoid service disruptions such as security vulnerabilities, failed node image upgrades, and scaling failures,&nbsp;<a href=""https://aka.ms/aks/upgrade-os-version"" target=""_blank""><strong>migrate</strong>&nbsp;to Ubuntu 24.04 or later by 30 June 2027.&nbsp;</a>Your migration options include:</p> <p></p><ul><li>Default&nbsp;Operating System SKU (OSSku): If you’re using ‘Ubuntu,’&nbsp;you’ll&nbsp;automatically migrate to Ubuntu 24.04 when you upgrade your Kubernetes version to 1.35 or later.</li><li>Versioned OSSku: If you’re using ‘Ubuntu2204,’ update your OSSku to ‘Ubuntu’ for Kubernetes 1.35 or later, or ‘Ubuntu2404’ for Kubernetes 1.32 or later.</li></ul><h2>Help and support&nbsp;</h2><p>If you have questions, get answers from community experts in&nbsp;<a href=""https://learn.microsoft.com/answers/tags/200/azure-kubernetes-service"" target=""_blank"">Microsoft Q&amp;A</a>&nbsp;or&nbsp;AKS GitHub. If you have a support plan and need technical help, follow our&nbsp;<a href=""https://learn.microsoft.com/azure/azure-portal/supportability/how-to-create-azure-support-request#open-a-support-request-from-the-global-header"" target=""_blank"">documentation</a>&nbsp;to create a support request.</p><p><em>Learn more about service retirements that may impact your resources in the&nbsp;</em><a href=""https://aka.ms/ServicesRetirementWorkbook"" target=""_blank""><em>Azure Retirement Workbook</em></a><em>. Please note that retirements may not be visible in the workbook for up to two weeks after being announced.</em></p><p></p>"		2026-02-19T21:31:43Z	2027-06-30T00:00:00Z	2026-04-13T09:49:39Z	2027-06-30		germanywestcentral	ac17914c-79bf-48fa-831e-1359ef74c1d5	not_available				false	not_needed	full	retirement_date_derived_from_text	"{""event_source"":""resource_health_events""}"
Azure Kubernetes Service (AKS)	DevOpsLab	azure-retirements-2721348d-5d3e-4374-adc4-06d277cdf144	2026-07-28	subscriptions	service_health_event_region	resource_health_events	Microsoft.ResourceHealth/events/9Y2Z-_K8	9Y2Z-_K8	9Y2Z-_K8	HealthAdvisory	Retirement	ServiceHealth	Warning	Warning	Active		Transition Ubuntu 22.04 clusters to Ubuntu 24.04 or later by 30 June 2027	Transition Ubuntu 22.04 clusters to Ubuntu 24.04 or later by 30 June 2027	<p><em>You’re receiving this notification because you’re associated with one or more Azure subscriptions that use Ubuntu 22.04 for Azure Kubernetes Service (AKS) clusters. For reference, you can find this notification in the Azure portal under&nbsp;Service Health/Health advisories&nbsp;using tracking ID: 9Y2Z-_K8.</em></p>	"<p><em>You’re receiving this notification because you’re associated with one or more Azure subscriptions that use Ubuntu 22.04 for Azure Kubernetes Service (AKS) clusters. For reference, you can find this notification in the Azure portal under&nbsp;Service Health/Health advisories&nbsp;using tracking ID: 9Y2Z-_K8.</em></p> <p><em>On 30 June 2027, we’ll retire Ubuntu 22.04 on Azure Kubernetes Service. To avoid disruptions,&nbsp;</em><a href=""https://learn.microsoft.com/azure/aks/upgrade-os-version"" target=""_blank""><strong>transition</strong>&nbsp;to Ubuntu 24.04 or later by that date.</a><a href=""https://aka.ms/aks/supported-ubuntu-versions"" target=""_blank"">&nbsp;</a>Newer supported versions<strong>&nbsp;</strong>include&nbsp;<a href=""https://discourse.ubuntu.com/t/ubuntu-24-04-lts-noble-numbat-release-notes/39890"" target=""_blank"">kernel updates and security improvements</a>.</p> <p>Between now and 30 June 2027, you can continue to use Ubuntu 22.04 on AKS without disruption. If you don’t migrate by 30 June 2027, you won’t be able to create new node pools, AKS&nbsp;won’t produce new node images, and you’ll no longer receive security patches for existing node pools. If you'd like to enable long-term support with Kubernetes version 1.33 or later, first update your node pools to Ubuntu 24.04.</p> <p>Additionally, on&nbsp;30 April 2028 AKS will remove Ubuntu 22.04 node images and existing code, causing scaling&nbsp;and remediation operations to fail.&nbsp;</p> <h2>Recommended action</h2> <p>To avoid service disruptions such as security vulnerabilities, failed node image upgrades, and scaling failures,&nbsp;<a href=""https://aka.ms/aks/upgrade-os-version"" target=""_blank""><strong>migrate</strong>&nbsp;to Ubuntu 24.04 or later by 30 June 2027.&nbsp;</a>Your migration options include:</p> <p></p><ul><li>Default&nbsp;Operating System SKU (OSSku): If you’re using ‘Ubuntu,’&nbsp;you’ll&nbsp;automatically migrate to Ubuntu 24.04 when you upgrade your Kubernetes version to 1.35 or later.</li><li>Versioned OSSku: If you’re using ‘Ubuntu2204,’ update your OSSku to ‘Ubuntu’ for Kubernetes 1.35 or later, or ‘Ubuntu2404’ for Kubernetes 1.32 or later.</li></ul><h2>Help and support&nbsp;</h2><p>If you have questions, get answers from community experts in&nbsp;<a href=""https://learn.microsoft.com/answers/tags/200/azure-kubernetes-service"" target=""_blank"">Microsoft Q&amp;A</a>&nbsp;or&nbsp;AKS GitHub. If you have a support plan and need technical help, follow our&nbsp;<a href=""https://learn.microsoft.com/azure/azure-portal/supportability/how-to-create-azure-support-request#open-a-support-request-from-the-global-header"" target=""_blank"">documentation</a>&nbsp;to create a support request.</p><p><em>Learn more about service retirements that may impact your resources in the&nbsp;</em><a href=""https://aka.ms/ServicesRetirementWorkbook"" target=""_blank""><em>Azure Retirement Workbook</em></a><em>. Please note that retirements may not be visible in the workbook for up to two weeks after being announced.</em></p><p></p>"		2026-02-19T21:31:43Z	2027-06-30T00:00:00Z	2026-04-13T09:49:39Z	2027-06-30		italynorth	ac17914c-79bf-48fa-831e-1359ef74c1d5	not_available				false	not_needed	full	retirement_date_derived_from_text	"{""event_source"":""resource_health_events""}"
Azure Kubernetes Service (AKS)	DevOpsLab	azure-retirements-2721348d-5d3e-4374-adc4-06d277cdf144	2026-07-28	subscriptions	service_health_event_region	resource_health_events	Microsoft.ResourceHealth/events/9Y2Z-_K8	9Y2Z-_K8	9Y2Z-_K8	HealthAdvisory	Retirement	ServiceHealth	Warning	Warning	Active		Transition Ubuntu 22.04 clusters to Ubuntu 24.04 or later by 30 June 2027	Transition Ubuntu 22.04 clusters to Ubuntu 24.04 or later by 30 June 2027	<p><em>You’re receiving this notification because you’re associated with one or more Azure subscriptions that use Ubuntu 22.04 for Azure Kubernetes Service (AKS) clusters. For reference, you can find this notification in the Azure portal under&nbsp;Service Health/Health advisories&nbsp;using tracking ID: 9Y2Z-_K8.</em></p>	"<p><em>You’re receiving this notification because you’re associated with one or more Azure subscriptions that use Ubuntu 22.04 for Azure Kubernetes Service (AKS) clusters. For reference, you can find this notification in the Azure portal under&nbsp;Service Health/Health advisories&nbsp;using tracking ID: 9Y2Z-_K8.</em></p> <p><em>On 30 June 2027, we’ll retire Ubuntu 22.04 on Azure Kubernetes Service. To avoid disruptions,&nbsp;</em><a href=""https://learn.microsoft.com/azure/aks/upgrade-os-version"" target=""_blank""><strong>transition</strong>&nbsp;to Ubuntu 24.04 or later by that date.</a><a href=""https://aka.ms/aks/supported-ubuntu-versions"" target=""_blank"">&nbsp;</a>Newer supported versions<strong>&nbsp;</strong>include&nbsp;<a href=""https://discourse.ubuntu.com/t/ubuntu-24-04-lts-noble-numbat-release-notes/39890"" target=""_blank"">kernel updates and security improvements</a>.</p> <p>Between now and 30 June 2027, you can continue to use Ubuntu 22.04 on AKS without disruption. If you don’t migrate by 30 June 2027, you won’t be able to create new node pools, AKS&nbsp;won’t produce new node images, and you’ll no longer receive security patches for existing node pools. If you'd like to enable long-term support with Kubernetes version 1.33 or later, first update your node pools to Ubuntu 24.04.</p> <p>Additionally, on&nbsp;30 April 2028 AKS will remove Ubuntu 22.04 node images and existing code, causing scaling&nbsp;and remediation operations to fail.&nbsp;</p> <h2>Recommended action</h2> <p>To avoid service disruptions such as security vulnerabilities, failed node image upgrades, and scaling failures,&nbsp;<a href=""https://aka.ms/aks/upgrade-os-version"" target=""_blank""><strong>migrate</strong>&nbsp;to Ubuntu 24.04 or later by 30 June 2027.&nbsp;</a>Your migration options include:</p> <p></p><ul><li>Default&nbsp;Operating System SKU (OSSku): If you’re using ‘Ubuntu,’&nbsp;you’ll&nbsp;automatically migrate to Ubuntu 24.04 when you upgrade your Kubernetes version to 1.35 or later.</li><li>Versioned OSSku: If you’re using ‘Ubuntu2204,’ update your OSSku to ‘Ubuntu’ for Kubernetes 1.35 or later, or ‘Ubuntu2404’ for Kubernetes 1.32 or later.</li></ul><h2>Help and support&nbsp;</h2><p>If you have questions, get answers from community experts in&nbsp;<a href=""https://learn.microsoft.com/answers/tags/200/azure-kubernetes-service"" target=""_blank"">Microsoft Q&amp;A</a>&nbsp;or&nbsp;AKS GitHub. If you have a support plan and need technical help, follow our&nbsp;<a href=""https://learn.microsoft.com/azure/azure-portal/supportability/how-to-create-azure-support-request#open-a-support-request-from-the-global-header"" target=""_blank"">documentation</a>&nbsp;to create a support request.</p><p><em>Learn more about service retirements that may impact your resources in the&nbsp;</em><a href=""https://aka.ms/ServicesRetirementWorkbook"" target=""_blank""><em>Azure Retirement Workbook</em></a><em>. Please note that retirements may not be visible in the workbook for up to two weeks after being announced.</em></p><p></p>"		2026-02-19T21:31:43Z	2027-06-30T00:00:00Z	2026-04-13T09:49:39Z	2027-06-30		northeurope	ac17914c-79bf-48fa-831e-1359ef74c1d5	not_available				false	not_needed	full	retirement_date_derived_from_text	"{""event_source"":""resource_health_events""}"
Azure Kubernetes Service (AKS)	DevOpsLab	azure-retirements-2721348d-5d3e-4374-adc4-06d277cdf144	2026-07-28	subscriptions	service_health_event_region	resource_health_events	Microsoft.ResourceHealth/events/9Y2Z-_K8	9Y2Z-_K8	9Y2Z-_K8	HealthAdvisory	Retirement	ServiceHealth	Warning	Warning	Active		Transition Ubuntu 22.04 clusters to Ubuntu 24.04 or later by 30 June 2027	Transition Ubuntu 22.04 clusters to Ubuntu 24.04 or later by 30 June 2027	<p><em>You’re receiving this notification because you’re associated with one or more Azure subscriptions that use Ubuntu 22.04 for Azure Kubernetes Service (AKS) clusters. For reference, you can find this notification in the Azure portal under&nbsp;Service Health/Health advisories&nbsp;using tracking ID: 9Y2Z-_K8.</em></p>	"<p><em>You’re receiving this notification because you’re associated with one or more Azure subscriptions that use Ubuntu 22.04 for Azure Kubernetes Service (AKS) clusters. For reference, you can find this notification in the Azure portal under&nbsp;Service Health/Health advisories&nbsp;using tracking ID: 9Y2Z-_K8.</em></p> <p><em>On 30 June 2027, we’ll retire Ubuntu 22.04 on Azure Kubernetes Service. To avoid disruptions,&nbsp;</em><a href=""https://learn.microsoft.com/azure/aks/upgrade-os-version"" target=""_blank""><strong>transition</strong>&nbsp;to Ubuntu 24.04 or later by that date.</a><a href=""https://aka.ms/aks/supported-ubuntu-versions"" target=""_blank"">&nbsp;</a>Newer supported versions<strong>&nbsp;</strong>include&nbsp;<a href=""https://discourse.ubuntu.com/t/ubuntu-24-04-lts-noble-numbat-release-notes/39890"" target=""_blank"">kernel updates and security improvements</a>.</p> <p>Between now and 30 June 2027, you can continue to use Ubuntu 22.04 on AKS without disruption. If you don’t migrate by 30 June 2027, you won’t be able to create new node pools, AKS&nbsp;won’t produce new node images, and you’ll no longer receive security patches for existing node pools. If you'd like to enable long-term support with Kubernetes version 1.33 or later, first update your node pools to Ubuntu 24.04.</p> <p>Additionally, on&nbsp;30 April 2028 AKS will remove Ubuntu 22.04 node images and existing code, causing scaling&nbsp;and remediation operations to fail.&nbsp;</p> <h2>Recommended action</h2> <p>To avoid service disruptions such as security vulnerabilities, failed node image upgrades, and scaling failures,&nbsp;<a href=""https://aka.ms/aks/upgrade-os-version"" target=""_blank""><strong>migrate</strong>&nbsp;to Ubuntu 24.04 or later by 30 June 2027.&nbsp;</a>Your migration options include:</p> <p></p><ul><li>Default&nbsp;Operating System SKU (OSSku): If you’re using ‘Ubuntu,’&nbsp;you’ll&nbsp;automatically migrate to Ubuntu 24.04 when you upgrade your Kubernetes version to 1.35 or later.</li><li>Versioned OSSku: If you’re using ‘Ubuntu2204,’ update your OSSku to ‘Ubuntu’ for Kubernetes 1.35 or later, or ‘Ubuntu2404’ for Kubernetes 1.32 or later.</li></ul><h2>Help and support&nbsp;</h2><p>If you have questions, get answers from community experts in&nbsp;<a href=""https://learn.microsoft.com/answers/tags/200/azure-kubernetes-service"" target=""_blank"">Microsoft Q&amp;A</a>&nbsp;or&nbsp;AKS GitHub. If you have a support plan and need technical help, follow our&nbsp;<a href=""https://learn.microsoft.com/azure/azure-portal/supportability/how-to-create-azure-support-request#open-a-support-request-from-the-global-header"" target=""_blank"">documentation</a>&nbsp;to create a support request.</p><p><em>Learn more about service retirements that may impact your resources in the&nbsp;</em><a href=""https://aka.ms/ServicesRetirementWorkbook"" target=""_blank""><em>Azure Retirement Workbook</em></a><em>. Please note that retirements may not be visible in the workbook for up to two weeks after being announced.</em></p><p></p>"		2026-02-19T21:31:43Z	2027-06-30T00:00:00Z	2026-04-13T09:49:39Z	2027-06-30		spaincentral	ac17914c-79bf-48fa-831e-1359ef74c1d5	not_available				false	not_needed	full	retirement_date_derived_from_text	"{""event_source"":""resource_health_events""}"
Azure Kubernetes Service (AKS)	DevOpsLab	azure-retirements-2721348d-5d3e-4374-adc4-06d277cdf144	2026-07-28	subscriptions	service_health_event_region	resource_health_events	Microsoft.ResourceHealth/events/9Y2Z-_K8	9Y2Z-_K8	9Y2Z-_K8	HealthAdvisory	Retirement	ServiceHealth	Warning	Warning	Active		Transition Ubuntu 22.04 clusters to Ubuntu 24.04 or later by 30 June 2027	Transition Ubuntu 22.04 clusters to Ubuntu 24.04 or later by 30 June 2027	<p><em>You’re receiving this notification because you’re associated with one or more Azure subscriptions that use Ubuntu 22.04 for Azure Kubernetes Service (AKS) clusters. For reference, you can find this notification in the Azure portal under&nbsp;Service Health/Health advisories&nbsp;using tracking ID: 9Y2Z-_K8.</em></p>	"<p><em>You’re receiving this notification because you’re associated with one or more Azure subscriptions that use Ubuntu 22.04 for Azure Kubernetes Service (AKS) clusters. For reference, you can find this notification in the Azure portal under&nbsp;Service Health/Health advisories&nbsp;using tracking ID: 9Y2Z-_K8.</em></p> <p><em>On 30 June 2027, we’ll retire Ubuntu 22.04 on Azure Kubernetes Service. To avoid disruptions,&nbsp;</em><a href=""https://learn.microsoft.com/azure/aks/upgrade-os-version"" target=""_blank""><strong>transition</strong>&nbsp;to Ubuntu 24.04 or later by that date.</a><a href=""https://aka.ms/aks/supported-ubuntu-versions"" target=""_blank"">&nbsp;</a>Newer supported versions<strong>&nbsp;</strong>include&nbsp;<a href=""https://discourse.ubuntu.com/t/ubuntu-24-04-lts-noble-numbat-release-notes/39890"" target=""_blank"">kernel updates and security improvements</a>.</p> <p>Between now and 30 June 2027, you can continue to use Ubuntu 22.04 on AKS without disruption. If you don’t migrate by 30 June 2027, you won’t be able to create new node pools, AKS&nbsp;won’t produce new node images, and you’ll no longer receive security patches for existing node pools. If you'd like to enable long-term support with Kubernetes version 1.33 or later, first update your node pools to Ubuntu 24.04.</p> <p>Additionally, on&nbsp;30 April 2028 AKS will remove Ubuntu 22.04 node images and existing code, causing scaling&nbsp;and remediation operations to fail.&nbsp;</p> <h2>Recommended action</h2> <p>To avoid service disruptions such as security vulnerabilities, failed node image upgrades, and scaling failures,&nbsp;<a href=""https://aka.ms/aks/upgrade-os-version"" target=""_blank""><strong>migrate</strong>&nbsp;to Ubuntu 24.04 or later by 30 June 2027.&nbsp;</a>Your migration options include:</p> <p></p><ul><li>Default&nbsp;Operating System SKU (OSSku): If you’re using ‘Ubuntu,’&nbsp;you’ll&nbsp;automatically migrate to Ubuntu 24.04 when you upgrade your Kubernetes version to 1.35 or later.</li><li>Versioned OSSku: If you’re using ‘Ubuntu2204,’ update your OSSku to ‘Ubuntu’ for Kubernetes 1.35 or later, or ‘Ubuntu2404’ for Kubernetes 1.32 or later.</li></ul><h2>Help and support&nbsp;</h2><p>If you have questions, get answers from community experts in&nbsp;<a href=""https://learn.microsoft.com/answers/tags/200/azure-kubernetes-service"" target=""_blank"">Microsoft Q&amp;A</a>&nbsp;or&nbsp;AKS GitHub. If you have a support plan and need technical help, follow our&nbsp;<a href=""https://learn.microsoft.com/azure/azure-portal/supportability/how-to-create-azure-support-request#open-a-support-request-from-the-global-header"" target=""_blank"">documentation</a>&nbsp;to create a support request.</p><p><em>Learn more about service retirements that may impact your resources in the&nbsp;</em><a href=""https://aka.ms/ServicesRetirementWorkbook"" target=""_blank""><em>Azure Retirement Workbook</em></a><em>. Please note that retirements may not be visible in the workbook for up to two weeks after being announced.</em></p><p></p>"		2026-02-19T21:31:43Z	2027-06-30T00:00:00Z	2026-04-13T09:49:39Z	2027-06-30		westeurope	ac17914c-79bf-48fa-831e-1359ef74c1d5	not_available				false	not_needed	full	retirement_date_derived_from_text	"{""event_source"":""resource_health_events""}"
App Service	UAT-Esercenti	azure-retirements-2721348d-5d3e-4374-adc4-06d277cdf144	2026-07-28	subscriptions	service_health_event_region	resource_health_events	Microsoft.ResourceHealth/events/CRN7-_LG	CRN7-_LG	CRN7-_LG	HealthAdvisory		ServiceHealth	Warning	Warning	Active		Action required: Validate Java TLS compatibility before App Service JDK security updates (starting 20 October 2026)	Action required: Validate Java TLS compatibility before App Service JDK security updates (starting 20 October 2026)	<p><strong><em>You’re receiving this notification because one or more of your Azure subscriptions use Java workloads on Azure App Service.</em></strong></p>	"<p><strong><em>You’re receiving this notification because one or more of your Azure subscriptions use Java workloads on Azure App Service.</em></strong></p> <p>Starting on <strong>20 October 2026</strong> (phased rollout), App Service Java runtimes may begin updating to JDK 11.0.30+, 17.0.18+, and 21.0.10+ (and later patch versions) during region-specific maintenance windows/non-business hours.</p> <p><strong>In these JDK versions:</strong></p> <ul><li>SHA-1 is disabled for TLS 1.2 and DTLS 1.2 handshake signatures.</li><li>TLS_RSA cipher suites are disabled by default.</li></ul> <p>These changes improve security by removing legacy cryptographic algorithms, but they can cause compatibility issues with older endpoints or dependencies.</p> <p>For production workloads, Microsoft guidance remains to use pinned patch JVM versions to reduce unanticipated outages from patch auto-update:</p> <p><a href=""https://learn.microsoft.com/azure/app-service/configure-language-java-deploy-run?tabs=windows&amp;pivot%E2%80%A6"" target=""_blank"">Deploy and Configure Tomcat, JBoss EAP, or Java SE Apps - Azure App Service | Microsoft Learn</a></p> <p><strong>Potential impact</strong></p> <p><strong><em>Applications that depend on legacy TLS settings may experience connection failures, commonly seen as SSLHandshakeException in application logs (often not platform logs), including:</em></strong></p> <p></p><ul><li>""No appropriate protocol (protocol is disabled or cipher suites are inappropriate)""This usually indicates the remote endpoint only supports TLS<em>RSA cipher suites.</em></li><li><em>""No supported signature algorithm…""This usually indicates the remote endpoint signs TLS 1.2 handshakes with SHA-1.</em></li></ul><h2>Action required</h2><p>1.Identify impacted connections.</p><ul><li>Review application logs for SSLHandshakeException.</li><li>Audit dependencies/endpoints for SHA-1 handshake signatures or TLS<em>RSA-only cipher support.</em></li></ul><p><em>2.Remediate incompatible dependencies.</em></p><ul><li><em>Update endpoints/libraries to support modern cryptographic settings, such as SHA-256+ signatures and stronger cipher suites.</em></li></ul><p><em>3.Validate in pre-production.</em></p><ul><li><em>Test compatibility before rollout.</em></li><li><em>For testing environments, set Platform Release Setting to ""latest"" so runtime changes are exercised early.</em></li></ul><p><em>4.Use temporary mitigation if needed for production continuity.</em></p><ul><li><em>If remediation cannot complete before rollout, consider pinning to a known-good Java patch version as a short-term mitigation.</em></li><li><em>Track and remove this mitigation once dependencies are updated.</em></li></ul><p><em>5.Override Java security settings only as a last resort (not recommended long-term).</em></p><ul><li><em>This can reduce cryptographic security posture and should be time-boxed.</em></li></ul><p><em>&nbsp;Create a file named security-override.properties in your site directory (example path shown below):</em></p><p><em># D:\home\site\security-override.properties</em></p><p><em>jdk.tls.disabledAlgorithms=SSLv3, TLSv1, TLSv1.1, DTLSv1.0, RC4, DES, MD5withRSA, DH keySize &lt; 1024, EC keySize &lt; 224, 3DES</em>EDE<em>CBC, anon, NULL</em></p><p><em>&nbsp;</em></p><p><em>Then add the following JVM argument to your app’s JAVA</em>OPTS:</p><p>-Djava.security.properties=D:\home\site\security-override.properties</p><p>&nbsp;</p><p>Important: Treat this override as temporary. Plan removal after endpoint/dependency remediation.</p><h2>Help and support</h2><p>If you have questions, get answers from community experts in <a href=""https://learn.microsoft.com/answers/tags/20/azure-monitor"" target=""_blank"">Microsoft Q&amp;A</a>. If you have a support plan and need technical help, please submit a <a href=""https://learn.microsoft.com/azure/azure-portal/supportability/how-to-create-azure-support-request"" target=""_blank"">support request</a>. If you have additional questions, please contact us at java-core@microsoft.com</p><h2>Account Information</h2><p>{% for item in items %}</p><p><strong>Subscription ID: </strong>{{ item.subscriptionId }}</p><p><strong>Subscription name: </strong>{{ item.subscriptionName }}</p><p>{% endfor %}</p><p></p>"		2026-06-12T21:43:49Z	2026-10-20T18:20:56Z	2026-07-21T19:56:47Z	2026-10-20		germanywestcentral	d1a90d9f-6ee1-4fb2-a149-7aedbf3ed49d	not_available				false	not_needed	full		"{""event_source"":""resource_health_events""}"
App Service	UAT-Esercenti	azure-retirements-2721348d-5d3e-4374-adc4-06d277cdf144	2026-07-28	subscriptions	service_health_event_region	resource_health_events	Microsoft.ResourceHealth/events/CRN7-_LG	CRN7-_LG	CRN7-_LG	HealthAdvisory		ServiceHealth	Warning	Warning	Active		Action required: Validate Java TLS compatibility before App Service JDK security updates (starting 20 October 2026)	Action required: Validate Java TLS compatibility before App Service JDK security updates (starting 20 October 2026)	<p><strong><em>You’re receiving this notification because one or more of your Azure subscriptions use Java workloads on Azure App Service.</em></strong></p>	"<p><strong><em>You’re receiving this notification because one or more of your Azure subscriptions use Java workloads on Azure App Service.</em></strong></p> <p>Starting on <strong>20 October 2026</strong> (phased rollout), App Service Java runtimes may begin updating to JDK 11.0.30+, 17.0.18+, and 21.0.10+ (and later patch versions) during region-specific maintenance windows/non-business hours.</p> <p><strong>In these JDK versions:</strong></p> <ul><li>SHA-1 is disabled for TLS 1.2 and DTLS 1.2 handshake signatures.</li><li>TLS_RSA cipher suites are disabled by default.</li></ul> <p>These changes improve security by removing legacy cryptographic algorithms, but they can cause compatibility issues with older endpoints or dependencies.</p> <p>For production workloads, Microsoft guidance remains to use pinned patch JVM versions to reduce unanticipated outages from patch auto-update:</p> <p><a href=""https://learn.microsoft.com/azure/app-service/configure-language-java-deploy-run?tabs=windows&amp;pivot%E2%80%A6"" target=""_blank"">Deploy and Configure Tomcat, JBoss EAP, or Java SE Apps - Azure App Service | Microsoft Learn</a></p> <p><strong>Potential impact</strong></p> <p><strong><em>Applications that depend on legacy TLS settings may experience connection failures, commonly seen as SSLHandshakeException in application logs (often not platform logs), including:</em></strong></p> <p></p><ul><li>""No appropriate protocol (protocol is disabled or cipher suites are inappropriate)""This usually indicates the remote endpoint only supports TLS<em>RSA cipher suites.</em></li><li><em>""No supported signature algorithm…""This usually indicates the remote endpoint signs TLS 1.2 handshakes with SHA-1.</em></li></ul><h2>Action required</h2><p>1.Identify impacted connections.</p><ul><li>Review application logs for SSLHandshakeException.</li><li>Audit dependencies/endpoints for SHA-1 handshake signatures or TLS<em>RSA-only cipher support.</em></li></ul><p><em>2.Remediate incompatible dependencies.</em></p><ul><li><em>Update endpoints/libraries to support modern cryptographic settings, such as SHA-256+ signatures and stronger cipher suites.</em></li></ul><p><em>3.Validate in pre-production.</em></p><ul><li><em>Test compatibility before rollout.</em></li><li><em>For testing environments, set Platform Release Setting to ""latest"" so runtime changes are exercised early.</em></li></ul><p><em>4.Use temporary mitigation if needed for production continuity.</em></p><ul><li><em>If remediation cannot complete before rollout, consider pinning to a known-good Java patch version as a short-term mitigation.</em></li><li><em>Track and remove this mitigation once dependencies are updated.</em></li></ul><p><em>5.Override Java security settings only as a last resort (not recommended long-term).</em></p><ul><li><em>This can reduce cryptographic security posture and should be time-boxed.</em></li></ul><p><em>&nbsp;Create a file named security-override.properties in your site directory (example path shown below):</em></p><p><em># D:\home\site\security-override.properties</em></p><p><em>jdk.tls.disabledAlgorithms=SSLv3, TLSv1, TLSv1.1, DTLSv1.0, RC4, DES, MD5withRSA, DH keySize &lt; 1024, EC keySize &lt; 224, 3DES</em>EDE<em>CBC, anon, NULL</em></p><p><em>&nbsp;</em></p><p><em>Then add the following JVM argument to your app’s JAVA</em>OPTS:</p><p>-Djava.security.properties=D:\home\site\security-override.properties</p><p>&nbsp;</p><p>Important: Treat this override as temporary. Plan removal after endpoint/dependency remediation.</p><h2>Help and support</h2><p>If you have questions, get answers from community experts in <a href=""https://learn.microsoft.com/answers/tags/20/azure-monitor"" target=""_blank"">Microsoft Q&amp;A</a>. If you have a support plan and need technical help, please submit a <a href=""https://learn.microsoft.com/azure/azure-portal/supportability/how-to-create-azure-support-request"" target=""_blank"">support request</a>. If you have additional questions, please contact us at java-core@microsoft.com</p><h2>Account Information</h2><p>{% for item in items %}</p><p><strong>Subscription ID: </strong>{{ item.subscriptionId }}</p><p><strong>Subscription name: </strong>{{ item.subscriptionName }}</p><p>{% endfor %}</p><p></p>"		2026-06-12T21:43:49Z	2026-10-20T18:20:56Z	2026-07-21T19:56:47Z	2026-10-20		italynorth	d1a90d9f-6ee1-4fb2-a149-7aedbf3ed49d	not_available				false	not_needed	full		"{""event_source"":""resource_health_events""}"
App Service	UAT-Esercenti	azure-retirements-2721348d-5d3e-4374-adc4-06d277cdf144	2026-07-28	subscriptions	service_health_event_region	resource_health_events	Microsoft.ResourceHealth/events/CRN7-_LG	CRN7-_LG	CRN7-_LG	HealthAdvisory		ServiceHealth	Warning	Warning	Active		Action required: Validate Java TLS compatibility before App Service JDK security updates (starting 20 October 2026)	Action required: Validate Java TLS compatibility before App Service JDK security updates (starting 20 October 2026)	<p><strong><em>You’re receiving this notification because one or more of your Azure subscriptions use Java workloads on Azure App Service.</em></strong></p>	"<p><strong><em>You’re receiving this notification because one or more of your Azure subscriptions use Java workloads on Azure App Service.</em></strong></p> <p>Starting on <strong>20 October 2026</strong> (phased rollout), App Service Java runtimes may begin updating to JDK 11.0.30+, 17.0.18+, and 21.0.10+ (and later patch versions) during region-specific maintenance windows/non-business hours.</p> <p><strong>In these JDK versions:</strong></p> <ul><li>SHA-1 is disabled for TLS 1.2 and DTLS 1.2 handshake signatures.</li><li>TLS_RSA cipher suites are disabled by default.</li></ul> <p>These changes improve security by removing legacy cryptographic algorithms, but they can cause compatibility issues with older endpoints or dependencies.</p> <p>For production workloads, Microsoft guidance remains to use pinned patch JVM versions to reduce unanticipated outages from patch auto-update:</p> <p><a href=""https://learn.microsoft.com/azure/app-service/configure-language-java-deploy-run?tabs=windows&amp;pivot%E2%80%A6"" target=""_blank"">Deploy and Configure Tomcat, JBoss EAP, or Java SE Apps - Azure App Service | Microsoft Learn</a></p> <p><strong>Potential impact</strong></p> <p><strong><em>Applications that depend on legacy TLS settings may experience connection failures, commonly seen as SSLHandshakeException in application logs (often not platform logs), including:</em></strong></p> <p></p><ul><li>""No appropriate protocol (protocol is disabled or cipher suites are inappropriate)""This usually indicates the remote endpoint only supports TLS<em>RSA cipher suites.</em></li><li><em>""No supported signature algorithm…""This usually indicates the remote endpoint signs TLS 1.2 handshakes with SHA-1.</em></li></ul><h2>Action required</h2><p>1.Identify impacted connections.</p><ul><li>Review application logs for SSLHandshakeException.</li><li>Audit dependencies/endpoints for SHA-1 handshake signatures or TLS<em>RSA-only cipher support.</em></li></ul><p><em>2.Remediate incompatible dependencies.</em></p><ul><li><em>Update endpoints/libraries to support modern cryptographic settings, such as SHA-256+ signatures and stronger cipher suites.</em></li></ul><p><em>3.Validate in pre-production.</em></p><ul><li><em>Test compatibility before rollout.</em></li><li><em>For testing environments, set Platform Release Setting to ""latest"" so runtime changes are exercised early.</em></li></ul><p><em>4.Use temporary mitigation if needed for production continuity.</em></p><ul><li><em>If remediation cannot complete before rollout, consider pinning to a known-good Java patch version as a short-term mitigation.</em></li><li><em>Track and remove this mitigation once dependencies are updated.</em></li></ul><p><em>5.Override Java security settings only as a last resort (not recommended long-term).</em></p><ul><li><em>This can reduce cryptographic security posture and should be time-boxed.</em></li></ul><p><em>&nbsp;Create a file named security-override.properties in your site directory (example path shown below):</em></p><p><em># D:\home\site\security-override.properties</em></p><p><em>jdk.tls.disabledAlgorithms=SSLv3, TLSv1, TLSv1.1, DTLSv1.0, RC4, DES, MD5withRSA, DH keySize &lt; 1024, EC keySize &lt; 224, 3DES</em>EDE<em>CBC, anon, NULL</em></p><p><em>&nbsp;</em></p><p><em>Then add the following JVM argument to your app’s JAVA</em>OPTS:</p><p>-Djava.security.properties=D:\home\site\security-override.properties</p><p>&nbsp;</p><p>Important: Treat this override as temporary. Plan removal after endpoint/dependency remediation.</p><h2>Help and support</h2><p>If you have questions, get answers from community experts in <a href=""https://learn.microsoft.com/answers/tags/20/azure-monitor"" target=""_blank"">Microsoft Q&amp;A</a>. If you have a support plan and need technical help, please submit a <a href=""https://learn.microsoft.com/azure/azure-portal/supportability/how-to-create-azure-support-request"" target=""_blank"">support request</a>. If you have additional questions, please contact us at java-core@microsoft.com</p><h2>Account Information</h2><p>{% for item in items %}</p><p><strong>Subscription ID: </strong>{{ item.subscriptionId }}</p><p><strong>Subscription name: </strong>{{ item.subscriptionName }}</p><p>{% endfor %}</p><p></p>"		2026-06-12T21:43:49Z	2026-10-20T18:20:56Z	2026-07-21T19:56:47Z	2026-10-20		northeurope	d1a90d9f-6ee1-4fb2-a149-7aedbf3ed49d	not_available				false	not_needed	full		"{""event_source"":""resource_health_events""}"
App Service	UAT-Esercenti	azure-retirements-2721348d-5d3e-4374-adc4-06d277cdf144	2026-07-28	subscriptions	service_health_event_region	resource_health_events	Microsoft.ResourceHealth/events/CRN7-_LG	CRN7-_LG	CRN7-_LG	HealthAdvisory		ServiceHealth	Warning	Warning	Active		Action required: Validate Java TLS compatibility before App Service JDK security updates (starting 20 October 2026)	Action required: Validate Java TLS compatibility before App Service JDK security updates (starting 20 October 2026)	<p><strong><em>You’re receiving this notification because one or more of your Azure subscriptions use Java workloads on Azure App Service.</em></strong></p>	"<p><strong><em>You’re receiving this notification because one or more of your Azure subscriptions use Java workloads on Azure App Service.</em></strong></p> <p>Starting on <strong>20 October 2026</strong> (phased rollout), App Service Java runtimes may begin updating to JDK 11.0.30+, 17.0.18+, and 21.0.10+ (and later patch versions) during region-specific maintenance windows/non-business hours.</p> <p><strong>In these JDK versions:</strong></p> <ul><li>SHA-1 is disabled for TLS 1.2 and DTLS 1.2 handshake signatures.</li><li>TLS_RSA cipher suites are disabled by default.</li></ul> <p>These changes improve security by removing legacy cryptographic algorithms, but they can cause compatibility issues with older endpoints or dependencies.</p> <p>For production workloads, Microsoft guidance remains to use pinned patch JVM versions to reduce unanticipated outages from patch auto-update:</p> <p><a href=""https://learn.microsoft.com/azure/app-service/configure-language-java-deploy-run?tabs=windows&amp;pivot%E2%80%A6"" target=""_blank"">Deploy and Configure Tomcat, JBoss EAP, or Java SE Apps - Azure App Service | Microsoft Learn</a></p> <p><strong>Potential impact</strong></p> <p><strong><em>Applications that depend on legacy TLS settings may experience connection failures, commonly seen as SSLHandshakeException in application logs (often not platform logs), including:</em></strong></p> <p></p><ul><li>""No appropriate protocol (protocol is disabled or cipher suites are inappropriate)""This usually indicates the remote endpoint only supports TLS<em>RSA cipher suites.</em></li><li><em>""No supported signature algorithm…""This usually indicates the remote endpoint signs TLS 1.2 handshakes with SHA-1.</em></li></ul><h2>Action required</h2><p>1.Identify impacted connections.</p><ul><li>Review application logs for SSLHandshakeException.</li><li>Audit dependencies/endpoints for SHA-1 handshake signatures or TLS<em>RSA-only cipher support.</em></li></ul><p><em>2.Remediate incompatible dependencies.</em></p><ul><li><em>Update endpoints/libraries to support modern cryptographic settings, such as SHA-256+ signatures and stronger cipher suites.</em></li></ul><p><em>3.Validate in pre-production.</em></p><ul><li><em>Test compatibility before rollout.</em></li><li><em>For testing environments, set Platform Release Setting to ""latest"" so runtime changes are exercised early.</em></li></ul><p><em>4.Use temporary mitigation if needed for production continuity.</em></p><ul><li><em>If remediation cannot complete before rollout, consider pinning to a known-good Java patch version as a short-term mitigation.</em></li><li><em>Track and remove this mitigation once dependencies are updated.</em></li></ul><p><em>5.Override Java security settings only as a last resort (not recommended long-term).</em></p><ul><li><em>This can reduce cryptographic security posture and should be time-boxed.</em></li></ul><p><em>&nbsp;Create a file named security-override.properties in your site directory (example path shown below):</em></p><p><em># D:\home\site\security-override.properties</em></p><p><em>jdk.tls.disabledAlgorithms=SSLv3, TLSv1, TLSv1.1, DTLSv1.0, RC4, DES, MD5withRSA, DH keySize &lt; 1024, EC keySize &lt; 224, 3DES</em>EDE<em>CBC, anon, NULL</em></p><p><em>&nbsp;</em></p><p><em>Then add the following JVM argument to your app’s JAVA</em>OPTS:</p><p>-Djava.security.properties=D:\home\site\security-override.properties</p><p>&nbsp;</p><p>Important: Treat this override as temporary. Plan removal after endpoint/dependency remediation.</p><h2>Help and support</h2><p>If you have questions, get answers from community experts in <a href=""https://learn.microsoft.com/answers/tags/20/azure-monitor"" target=""_blank"">Microsoft Q&amp;A</a>. If you have a support plan and need technical help, please submit a <a href=""https://learn.microsoft.com/azure/azure-portal/supportability/how-to-create-azure-support-request"" target=""_blank"">support request</a>. If you have additional questions, please contact us at java-core@microsoft.com</p><h2>Account Information</h2><p>{% for item in items %}</p><p><strong>Subscription ID: </strong>{{ item.subscriptionId }}</p><p><strong>Subscription name: </strong>{{ item.subscriptionName }}</p><p>{% endfor %}</p><p></p>"		2026-06-12T21:43:49Z	2026-10-20T18:20:56Z	2026-07-21T19:56:47Z	2026-10-20		spaincentral	d1a90d9f-6ee1-4fb2-a149-7aedbf3ed49d	not_available				false	not_needed	full		"{""event_source"":""resource_health_events""}"
App Service	UAT-Esercenti	azure-retirements-2721348d-5d3e-4374-adc4-06d277cdf144	2026-07-28	subscriptions	service_health_event_region	resource_health_events	Microsoft.ResourceHealth/events/CRN7-_LG	CRN7-_LG	CRN7-_LG	HealthAdvisory		ServiceHealth	Warning	Warning	Active		Action required: Validate Java TLS compatibility before App Service JDK security updates (starting 20 October 2026)	Action required: Validate Java TLS compatibility before App Service JDK security updates (starting 20 October 2026)	<p><strong><em>You’re receiving this notification because one or more of your Azure subscriptions use Java workloads on Azure App Service.</em></strong></p>	"<p><strong><em>You’re receiving this notification because one or more of your Azure subscriptions use Java workloads on Azure App Service.</em></strong></p> <p>Starting on <strong>20 October 2026</strong> (phased rollout), App Service Java runtimes may begin updating to JDK 11.0.30+, 17.0.18+, and 21.0.10+ (and later patch versions) during region-specific maintenance windows/non-business hours.</p> <p><strong>In these JDK versions:</strong></p> <ul><li>SHA-1 is disabled for TLS 1.2 and DTLS 1.2 handshake signatures.</li><li>TLS_RSA cipher suites are disabled by default.</li></ul> <p>These changes improve security by removing legacy cryptographic algorithms, but they can cause compatibility issues with older endpoints or dependencies.</p> <p>For production workloads, Microsoft guidance remains to use pinned patch JVM versions to reduce unanticipated outages from patch auto-update:</p> <p><a href=""https://learn.microsoft.com/azure/app-service/configure-language-java-deploy-run?tabs=windows&amp;pivot%E2%80%A6"" target=""_blank"">Deploy and Configure Tomcat, JBoss EAP, or Java SE Apps - Azure App Service | Microsoft Learn</a></p> <p><strong>Potential impact</strong></p> <p><strong><em>Applications that depend on legacy TLS settings may experience connection failures, commonly seen as SSLHandshakeException in application logs (often not platform logs), including:</em></strong></p> <p></p><ul><li>""No appropriate protocol (protocol is disabled or cipher suites are inappropriate)""This usually indicates the remote endpoint only supports TLS<em>RSA cipher suites.</em></li><li><em>""No supported signature algorithm…""This usually indicates the remote endpoint signs TLS 1.2 handshakes with SHA-1.</em></li></ul><h2>Action required</h2><p>1.Identify impacted connections.</p><ul><li>Review application logs for SSLHandshakeException.</li><li>Audit dependencies/endpoints for SHA-1 handshake signatures or TLS<em>RSA-only cipher support.</em></li></ul><p><em>2.Remediate incompatible dependencies.</em></p><ul><li><em>Update endpoints/libraries to support modern cryptographic settings, such as SHA-256+ signatures and stronger cipher suites.</em></li></ul><p><em>3.Validate in pre-production.</em></p><ul><li><em>Test compatibility before rollout.</em></li><li><em>For testing environments, set Platform Release Setting to ""latest"" so runtime changes are exercised early.</em></li></ul><p><em>4.Use temporary mitigation if needed for production continuity.</em></p><ul><li><em>If remediation cannot complete before rollout, consider pinning to a known-good Java patch version as a short-term mitigation.</em></li><li><em>Track and remove this mitigation once dependencies are updated.</em></li></ul><p><em>5.Override Java security settings only as a last resort (not recommended long-term).</em></p><ul><li><em>This can reduce cryptographic security posture and should be time-boxed.</em></li></ul><p><em>&nbsp;Create a file named security-override.properties in your site directory (example path shown below):</em></p><p><em># D:\home\site\security-override.properties</em></p><p><em>jdk.tls.disabledAlgorithms=SSLv3, TLSv1, TLSv1.1, DTLSv1.0, RC4, DES, MD5withRSA, DH keySize &lt; 1024, EC keySize &lt; 224, 3DES</em>EDE<em>CBC, anon, NULL</em></p><p><em>&nbsp;</em></p><p><em>Then add the following JVM argument to your app’s JAVA</em>OPTS:</p><p>-Djava.security.properties=D:\home\site\security-override.properties</p><p>&nbsp;</p><p>Important: Treat this override as temporary. Plan removal after endpoint/dependency remediation.</p><h2>Help and support</h2><p>If you have questions, get answers from community experts in <a href=""https://learn.microsoft.com/answers/tags/20/azure-monitor"" target=""_blank"">Microsoft Q&amp;A</a>. If you have a support plan and need technical help, please submit a <a href=""https://learn.microsoft.com/azure/azure-portal/supportability/how-to-create-azure-support-request"" target=""_blank"">support request</a>. If you have additional questions, please contact us at java-core@microsoft.com</p><h2>Account Information</h2><p>{% for item in items %}</p><p><strong>Subscription ID: </strong>{{ item.subscriptionId }}</p><p><strong>Subscription name: </strong>{{ item.subscriptionName }}</p><p>{% endfor %}</p><p></p>"		2026-06-12T21:43:49Z	2026-10-20T18:20:56Z	2026-07-21T19:56:47Z	2026-10-20		westeurope	d1a90d9f-6ee1-4fb2-a149-7aedbf3ed49d	not_available				false	not_needed	full		"{""event_source"":""resource_health_events""}"
Storage Accounts	DEV-ENGINEERING	azure-retirements-2721348d-5d3e-4374-adc4-06d277cdf144	2026-07-28	subscriptions	service_health_event_region	resource_health_events	Microsoft.ResourceHealth/events/XTKT-BW8	XTKT-BW8	XTKT-BW8	HealthAdvisory	Retirement	ServiceHealth	Warning	Warning	Active		Action required: Migrate your legacy Azure general-purpose v1 account to a general-purpose v2 account	Action required: Migrate your legacy Azure general-purpose v1 account to a general-purpose v2 account	"<p><strong><em>You're receiving this notification because you're associated with one or more Azure subscriptions that have a GPv1 storage account. For reference, you can find this health advisory notification in the </em></strong><a href=""https://aka.ms/AzureServiceHealthAdvisories"" target=""_blank""><strong><em>Azure portal</em></strong></a><strong><em> using tracking ID: XTKT-BW8.</em></strong></p>"	"<p><strong><em>You're receiving this notification because you're associated with one or more Azure subscriptions that have a GPv1 storage account. For reference, you can find this health advisory notification in the </em></strong><a href=""https://aka.ms/AzureServiceHealthAdvisories"" target=""_blank""><strong><em>Azure portal</em></strong></a><strong><em> using tracking ID: XTKT-BW8.</em></strong></p> <p>From <strong>1 September 2026</strong> the creation of new GPv1 accounts will be blocked, the creation of GPv2 accounts will be unaffected.</p> <p>On 13 October 2026, we'll retire GPv1 storage accounts. To avoid disruptions, <a href=""https://learn.microsoft.com/azure/storage/common/storage-account-upgrade?tabs=azure-portal"" target=""_blank""><strong>migrate your GPv1 storage accounts to GPv2 accounts before that date</strong></a>. GPv2 accounts give you access to the latest Azure Storage features while providing improved performance and true zonal redundancy support.</p> <h2>Recommended action</h2> <p>To avoid service disruptions, <a href=""https://learn.microsoft.com/azure/storage/common/storage-account-upgrade?tabs=azure-portal"" target=""_blank""><strong>migrate your GPv1 storage accounts to GPv2 by 13 October 2026</strong></a>. To view your impacted resources in the Azure portal, go to the <a href=""https://portal.azure.com/#view/Microsoft_Azure_StorageHub/StorageHub.MenuView/~/StorageAccountsBrowse"" target=""_blank"">Storage Center </a>and look for <strong>Kind: Storage</strong>. For additional ways to access impacted resource information, see this <a href=""https://aka.ms/AzureRetirementImpactedResourcesChannels"" target=""_blank"">documentation</a>.</p> <p>Watch the recorded video and demo <a href=""https://aka.ms/GPv1RetirementLiveStream"" target=""_blank"">here</a>. Frequently asked questions are available in the <a href=""https://learn.microsoft.com/azure/storage/common/general-purpose-version-1-account-migration-frequently-asked-questions"" target=""_blank"">documentation.</a></p> <p><strong>For Azure Databricks managed storage accounts</strong>: If your workspace relies on a GPv1 storage account, you won't be able to migrate that account manually. As part of this retirement, <strong>Microsoft will schedule and complete a managed migration of affected accounts to GPv2 on your behalf</strong>; no action is required.</p> <p>Azure Databricks accounts will not be part of this migration and will be done separately. When Azure Databricks account migration is planned, notifications will be sent as appropriate.</p> <p>Any <strong>non-Azure Databricks accounts</strong> that use <strong>GPv1</strong> will <strong>require manual migration</strong>.</p> <p></p><h2>Automatic migration warning</h2><p>After 13 October 2026, all existing GPv1 storage accounts will be automatically migrated over to a GPv2 account, which may result in higher billing costs. Your decision not to migrate an existing GPv1 storage account will be construed as consent for Microsoft to migrate the account on your behalf.</p><h2>Help and support</h2><p>If you have questions, get answers from community experts in <a href=""https://learn.microsoft.com/answers/tags/125/azure-blob-storage"" target=""_blank"">Microsoft Q&amp;A.</a> If you have a support plan and need technical help, open the <a href=""https://portal.azure.com/#blade/Microsoft_Azure_Support/HelpAndSupportBlade/overview"" target=""_blank"">Azure portal</a> and select the question mark icon at the top of the page.</p><p></p>"		2025-09-30T00:00:00Z	2026-10-13T00:00:00Z	2026-07-13T15:59:37Z	2026-09-01		germanywestcentral	d7de83e0-0571-40ad-b63a-64c942385eae	not_available				false	not_needed	full	retirement_date_derived_from_text	"{""event_source"":""resource_health_events""}"
Storage Accounts	DEV-ENGINEERING	azure-retirements-2721348d-5d3e-4374-adc4-06d277cdf144	2026-07-28	subscriptions	service_health_event_region	resource_health_events	Microsoft.ResourceHealth/events/XTKT-BW8	XTKT-BW8	XTKT-BW8	HealthAdvisory	Retirement	ServiceHealth	Warning	Warning	Active		Action required: Migrate your legacy Azure general-purpose v1 account to a general-purpose v2 account	Action required: Migrate your legacy Azure general-purpose v1 account to a general-purpose v2 account	"<p><strong><em>You're receiving this notification because you're associated with one or more Azure subscriptions that have a GPv1 storage account. For reference, you can find this health advisory notification in the </em></strong><a href=""https://aka.ms/AzureServiceHealthAdvisories"" target=""_blank""><strong><em>Azure portal</em></strong></a><strong><em> using tracking ID: XTKT-BW8.</em></strong></p>"	"<p><strong><em>You're receiving this notification because you're associated with one or more Azure subscriptions that have a GPv1 storage account. For reference, you can find this health advisory notification in the </em></strong><a href=""https://aka.ms/AzureServiceHealthAdvisories"" target=""_blank""><strong><em>Azure portal</em></strong></a><strong><em> using tracking ID: XTKT-BW8.</em></strong></p> <p>From <strong>1 September 2026</strong> the creation of new GPv1 accounts will be blocked, the creation of GPv2 accounts will be unaffected.</p> <p>On 13 October 2026, we'll retire GPv1 storage accounts. To avoid disruptions, <a href=""https://learn.microsoft.com/azure/storage/common/storage-account-upgrade?tabs=azure-portal"" target=""_blank""><strong>migrate your GPv1 storage accounts to GPv2 accounts before that date</strong></a>. GPv2 accounts give you access to the latest Azure Storage features while providing improved performance and true zonal redundancy support.</p> <h2>Recommended action</h2> <p>To avoid service disruptions, <a href=""https://learn.microsoft.com/azure/storage/common/storage-account-upgrade?tabs=azure-portal"" target=""_blank""><strong>migrate your GPv1 storage accounts to GPv2 by 13 October 2026</strong></a>. To view your impacted resources in the Azure portal, go to the <a href=""https://portal.azure.com/#view/Microsoft_Azure_StorageHub/StorageHub.MenuView/~/StorageAccountsBrowse"" target=""_blank"">Storage Center </a>and look for <strong>Kind: Storage</strong>. For additional ways to access impacted resource information, see this <a href=""https://aka.ms/AzureRetirementImpactedResourcesChannels"" target=""_blank"">documentation</a>.</p> <p>Watch the recorded video and demo <a href=""https://aka.ms/GPv1RetirementLiveStream"" target=""_blank"">here</a>. Frequently asked questions are available in the <a href=""https://learn.microsoft.com/azure/storage/common/general-purpose-version-1-account-migration-frequently-asked-questions"" target=""_blank"">documentation.</a></p> <p><strong>For Azure Databricks managed storage accounts</strong>: If your workspace relies on a GPv1 storage account, you won't be able to migrate that account manually. As part of this retirement, <strong>Microsoft will schedule and complete a managed migration of affected accounts to GPv2 on your behalf</strong>; no action is required.</p> <p>Azure Databricks accounts will not be part of this migration and will be done separately. When Azure Databricks account migration is planned, notifications will be sent as appropriate.</p> <p>Any <strong>non-Azure Databricks accounts</strong> that use <strong>GPv1</strong> will <strong>require manual migration</strong>.</p> <p></p><h2>Automatic migration warning</h2><p>After 13 October 2026, all existing GPv1 storage accounts will be automatically migrated over to a GPv2 account, which may result in higher billing costs. Your decision not to migrate an existing GPv1 storage account will be construed as consent for Microsoft to migrate the account on your behalf.</p><h2>Help and support</h2><p>If you have questions, get answers from community experts in <a href=""https://learn.microsoft.com/answers/tags/125/azure-blob-storage"" target=""_blank"">Microsoft Q&amp;A.</a> If you have a support plan and need technical help, open the <a href=""https://portal.azure.com/#blade/Microsoft_Azure_Support/HelpAndSupportBlade/overview"" target=""_blank"">Azure portal</a> and select the question mark icon at the top of the page.</p><p></p>"		2025-09-30T00:00:00Z	2026-10-13T00:00:00Z	2026-07-13T15:59:37Z	2026-09-01		italynorth	d7de83e0-0571-40ad-b63a-64c942385eae	not_available				false	not_needed	full	retirement_date_derived_from_text	"{""event_source"":""resource_health_events""}"
Storage Accounts	DEV-ENGINEERING	azure-retirements-2721348d-5d3e-4374-adc4-06d277cdf144	2026-07-28	subscriptions	service_health_event_region	resource_health_events	Microsoft.ResourceHealth/events/XTKT-BW8	XTKT-BW8	XTKT-BW8	HealthAdvisory	Retirement	ServiceHealth	Warning	Warning	Active		Action required: Migrate your legacy Azure general-purpose v1 account to a general-purpose v2 account	Action required: Migrate your legacy Azure general-purpose v1 account to a general-purpose v2 account	"<p><strong><em>You're receiving this notification because you're associated with one or more Azure subscriptions that have a GPv1 storage account. For reference, you can find this health advisory notification in the </em></strong><a href=""https://aka.ms/AzureServiceHealthAdvisories"" target=""_blank""><strong><em>Azure portal</em></strong></a><strong><em> using tracking ID: XTKT-BW8.</em></strong></p>"	"<p><strong><em>You're receiving this notification because you're associated with one or more Azure subscriptions that have a GPv1 storage account. For reference, you can find this health advisory notification in the </em></strong><a href=""https://aka.ms/AzureServiceHealthAdvisories"" target=""_blank""><strong><em>Azure portal</em></strong></a><strong><em> using tracking ID: XTKT-BW8.</em></strong></p> <p>From <strong>1 September 2026</strong> the creation of new GPv1 accounts will be blocked, the creation of GPv2 accounts will be unaffected.</p> <p>On 13 October 2026, we'll retire GPv1 storage accounts. To avoid disruptions, <a href=""https://learn.microsoft.com/azure/storage/common/storage-account-upgrade?tabs=azure-portal"" target=""_blank""><strong>migrate your GPv1 storage accounts to GPv2 accounts before that date</strong></a>. GPv2 accounts give you access to the latest Azure Storage features while providing improved performance and true zonal redundancy support.</p> <h2>Recommended action</h2> <p>To avoid service disruptions, <a href=""https://learn.microsoft.com/azure/storage/common/storage-account-upgrade?tabs=azure-portal"" target=""_blank""><strong>migrate your GPv1 storage accounts to GPv2 by 13 October 2026</strong></a>. To view your impacted resources in the Azure portal, go to the <a href=""https://portal.azure.com/#view/Microsoft_Azure_StorageHub/StorageHub.MenuView/~/StorageAccountsBrowse"" target=""_blank"">Storage Center </a>and look for <strong>Kind: Storage</strong>. For additional ways to access impacted resource information, see this <a href=""https://aka.ms/AzureRetirementImpactedResourcesChannels"" target=""_blank"">documentation</a>.</p> <p>Watch the recorded video and demo <a href=""https://aka.ms/GPv1RetirementLiveStream"" target=""_blank"">here</a>. Frequently asked questions are available in the <a href=""https://learn.microsoft.com/azure/storage/common/general-purpose-version-1-account-migration-frequently-asked-questions"" target=""_blank"">documentation.</a></p> <p><strong>For Azure Databricks managed storage accounts</strong>: If your workspace relies on a GPv1 storage account, you won't be able to migrate that account manually. As part of this retirement, <strong>Microsoft will schedule and complete a managed migration of affected accounts to GPv2 on your behalf</strong>; no action is required.</p> <p>Azure Databricks accounts will not be part of this migration and will be done separately. When Azure Databricks account migration is planned, notifications will be sent as appropriate.</p> <p>Any <strong>non-Azure Databricks accounts</strong> that use <strong>GPv1</strong> will <strong>require manual migration</strong>.</p> <p></p><h2>Automatic migration warning</h2><p>After 13 October 2026, all existing GPv1 storage accounts will be automatically migrated over to a GPv2 account, which may result in higher billing costs. Your decision not to migrate an existing GPv1 storage account will be construed as consent for Microsoft to migrate the account on your behalf.</p><h2>Help and support</h2><p>If you have questions, get answers from community experts in <a href=""https://learn.microsoft.com/answers/tags/125/azure-blob-storage"" target=""_blank"">Microsoft Q&amp;A.</a> If you have a support plan and need technical help, open the <a href=""https://portal.azure.com/#blade/Microsoft_Azure_Support/HelpAndSupportBlade/overview"" target=""_blank"">Azure portal</a> and select the question mark icon at the top of the page.</p><p></p>"		2025-09-30T00:00:00Z	2026-10-13T00:00:00Z	2026-07-13T15:59:37Z	2026-09-01		northeurope	d7de83e0-0571-40ad-b63a-64c942385eae	not_available				false	not_needed	full	retirement_date_derived_from_text	"{""event_source"":""resource_health_events""}"
Storage Accounts	DEV-ENGINEERING	azure-retirements-2721348d-5d3e-4374-adc4-06d277cdf144	2026-07-28	subscriptions	service_health_event_region	resource_health_events	Microsoft.ResourceHealth/events/XTKT-BW8	XTKT-BW8	XTKT-BW8	HealthAdvisory	Retirement	ServiceHealth	Warning	Warning	Active		Action required: Migrate your legacy Azure general-purpose v1 account to a general-purpose v2 account	Action required: Migrate your legacy Azure general-purpose v1 account to a general-purpose v2 account	"<p><strong><em>You're receiving this notification because you're associated with one or more Azure subscriptions that have a GPv1 storage account. For reference, you can find this health advisory notification in the </em></strong><a href=""https://aka.ms/AzureServiceHealthAdvisories"" target=""_blank""><strong><em>Azure portal</em></strong></a><strong><em> using tracking ID: XTKT-BW8.</em></strong></p>"	"<p><strong><em>You're receiving this notification because you're associated with one or more Azure subscriptions that have a GPv1 storage account. For reference, you can find this health advisory notification in the </em></strong><a href=""https://aka.ms/AzureServiceHealthAdvisories"" target=""_blank""><strong><em>Azure portal</em></strong></a><strong><em> using tracking ID: XTKT-BW8.</em></strong></p> <p>From <strong>1 September 2026</strong> the creation of new GPv1 accounts will be blocked, the creation of GPv2 accounts will be unaffected.</p> <p>On 13 October 2026, we'll retire GPv1 storage accounts. To avoid disruptions, <a href=""https://learn.microsoft.com/azure/storage/common/storage-account-upgrade?tabs=azure-portal"" target=""_blank""><strong>migrate your GPv1 storage accounts to GPv2 accounts before that date</strong></a>. GPv2 accounts give you access to the latest Azure Storage features while providing improved performance and true zonal redundancy support.</p> <h2>Recommended action</h2> <p>To avoid service disruptions, <a href=""https://learn.microsoft.com/azure/storage/common/storage-account-upgrade?tabs=azure-portal"" target=""_blank""><strong>migrate your GPv1 storage accounts to GPv2 by 13 October 2026</strong></a>. To view your impacted resources in the Azure portal, go to the <a href=""https://portal.azure.com/#view/Microsoft_Azure_StorageHub/StorageHub.MenuView/~/StorageAccountsBrowse"" target=""_blank"">Storage Center </a>and look for <strong>Kind: Storage</strong>. For additional ways to access impacted resource information, see this <a href=""https://aka.ms/AzureRetirementImpactedResourcesChannels"" target=""_blank"">documentation</a>.</p> <p>Watch the recorded video and demo <a href=""https://aka.ms/GPv1RetirementLiveStream"" target=""_blank"">here</a>. Frequently asked questions are available in the <a href=""https://learn.microsoft.com/azure/storage/common/general-purpose-version-1-account-migration-frequently-asked-questions"" target=""_blank"">documentation.</a></p> <p><strong>For Azure Databricks managed storage accounts</strong>: If your workspace relies on a GPv1 storage account, you won't be able to migrate that account manually. As part of this retirement, <strong>Microsoft will schedule and complete a managed migration of affected accounts to GPv2 on your behalf</strong>; no action is required.</p> <p>Azure Databricks accounts will not be part of this migration and will be done separately. When Azure Databricks account migration is planned, notifications will be sent as appropriate.</p> <p>Any <strong>non-Azure Databricks accounts</strong> that use <strong>GPv1</strong> will <strong>require manual migration</strong>.</p> <p></p><h2>Automatic migration warning</h2><p>After 13 October 2026, all existing GPv1 storage accounts will be automatically migrated over to a GPv2 account, which may result in higher billing costs. Your decision not to migrate an existing GPv1 storage account will be construed as consent for Microsoft to migrate the account on your behalf.</p><h2>Help and support</h2><p>If you have questions, get answers from community experts in <a href=""https://learn.microsoft.com/answers/tags/125/azure-blob-storage"" target=""_blank"">Microsoft Q&amp;A.</a> If you have a support plan and need technical help, open the <a href=""https://portal.azure.com/#blade/Microsoft_Azure_Support/HelpAndSupportBlade/overview"" target=""_blank"">Azure portal</a> and select the question mark icon at the top of the page.</p><p></p>"		2025-09-30T00:00:00Z	2026-10-13T00:00:00Z	2026-07-13T15:59:37Z	2026-09-01		spaincentral	d7de83e0-0571-40ad-b63a-64c942385eae	not_available				false	not_needed	full	retirement_date_derived_from_text	"{""event_source"":""resource_health_events""}"
Storage Accounts	DEV-ENGINEERING	azure-retirements-2721348d-5d3e-4374-adc4-06d277cdf144	2026-07-28	subscriptions	service_health_event_region	resource_health_events	Microsoft.ResourceHealth/events/XTKT-BW8	XTKT-BW8	XTKT-BW8	HealthAdvisory	Retirement	ServiceHealth	Warning	Warning	Active		Action required: Migrate your legacy Azure general-purpose v1 account to a general-purpose v2 account	Action required: Migrate your legacy Azure general-purpose v1 account to a general-purpose v2 account	"<p><strong><em>You're receiving this notification because you're associated with one or more Azure subscriptions that have a GPv1 storage account. For reference, you can find this health advisory notification in the </em></strong><a href=""https://aka.ms/AzureServiceHealthAdvisories"" target=""_blank""><strong><em>Azure portal</em></strong></a><strong><em> using tracking ID: XTKT-BW8.</em></strong></p>"	"<p><strong><em>You're receiving this notification because you're associated with one or more Azure subscriptions that have a GPv1 storage account. For reference, you can find this health advisory notification in the </em></strong><a href=""https://aka.ms/AzureServiceHealthAdvisories"" target=""_blank""><strong><em>Azure portal</em></strong></a><strong><em> using tracking ID: XTKT-BW8.</em></strong></p> <p>From <strong>1 September 2026</strong> the creation of new GPv1 accounts will be blocked, the creation of GPv2 accounts will be unaffected.</p> <p>On 13 October 2026, we'll retire GPv1 storage accounts. To avoid disruptions, <a href=""https://learn.microsoft.com/azure/storage/common/storage-account-upgrade?tabs=azure-portal"" target=""_blank""><strong>migrate your GPv1 storage accounts to GPv2 accounts before that date</strong></a>. GPv2 accounts give you access to the latest Azure Storage features while providing improved performance and true zonal redundancy support.</p> <h2>Recommended action</h2> <p>To avoid service disruptions, <a href=""https://learn.microsoft.com/azure/storage/common/storage-account-upgrade?tabs=azure-portal"" target=""_blank""><strong>migrate your GPv1 storage accounts to GPv2 by 13 October 2026</strong></a>. To view your impacted resources in the Azure portal, go to the <a href=""https://portal.azure.com/#view/Microsoft_Azure_StorageHub/StorageHub.MenuView/~/StorageAccountsBrowse"" target=""_blank"">Storage Center </a>and look for <strong>Kind: Storage</strong>. For additional ways to access impacted resource information, see this <a href=""https://aka.ms/AzureRetirementImpactedResourcesChannels"" target=""_blank"">documentation</a>.</p> <p>Watch the recorded video and demo <a href=""https://aka.ms/GPv1RetirementLiveStream"" target=""_blank"">here</a>. Frequently asked questions are available in the <a href=""https://learn.microsoft.com/azure/storage/common/general-purpose-version-1-account-migration-frequently-asked-questions"" target=""_blank"">documentation.</a></p> <p><strong>For Azure Databricks managed storage accounts</strong>: If your workspace relies on a GPv1 storage account, you won't be able to migrate that account manually. As part of this retirement, <strong>Microsoft will schedule and complete a managed migration of affected accounts to GPv2 on your behalf</strong>; no action is required.</p> <p>Azure Databricks accounts will not be part of this migration and will be done separately. When Azure Databricks account migration is planned, notifications will be sent as appropriate.</p> <p>Any <strong>non-Azure Databricks accounts</strong> that use <strong>GPv1</strong> will <strong>require manual migration</strong>.</p> <p></p><h2>Automatic migration warning</h2><p>After 13 October 2026, all existing GPv1 storage accounts will be automatically migrated over to a GPv2 account, which may result in higher billing costs. Your decision not to migrate an existing GPv1 storage account will be construed as consent for Microsoft to migrate the account on your behalf.</p><h2>Help and support</h2><p>If you have questions, get answers from community experts in <a href=""https://learn.microsoft.com/answers/tags/125/azure-blob-storage"" target=""_blank"">Microsoft Q&amp;A.</a> If you have a support plan and need technical help, open the <a href=""https://portal.azure.com/#blade/Microsoft_Azure_Support/HelpAndSupportBlade/overview"" target=""_blank"">Azure portal</a> and select the question mark icon at the top of the page.</p><p></p>"		2025-09-30T00:00:00Z	2026-10-13T00:00:00Z	2026-07-13T15:59:37Z	2026-09-01		westeurope	d7de83e0-0571-40ad-b63a-64c942385eae	not_available				false	not_needed	full	retirement_date_derived_from_text	"{""event_source"":""resource_health_events""}"
Storage Accounts	DEV-ENGINEERING	azure-retirements-2721348d-5d3e-4374-adc4-06d277cdf144	2026-07-28	subscriptions	service_health_event_region	resource_health_events	Microsoft.ResourceHealth/events/XTKT-BW8	XTKT-BW8	XTKT-BW8	HealthAdvisory	Retirement	ServiceHealth	Warning	Warning	Active		Action required: Migrate your legacy Azure general-purpose v1 account to a general-purpose v2 account	Action required: Migrate your legacy Azure general-purpose v1 account to a general-purpose v2 account	"<p><strong><em>You're receiving this notification because you're associated with one or more Azure subscriptions that have a GPv1 storage account. For reference, you can find this health advisory notification in the </em></strong><a href=""https://aka.ms/AzureServiceHealthAdvisories"" target=""_blank""><strong><em>Azure portal</em></strong></a><strong><em> using tracking ID: XTKT-BW8.</em></strong></p>"	"<p><strong><em>You're receiving this notification because you're associated with one or more Azure subscriptions that have a GPv1 storage account. For reference, you can find this health advisory notification in the </em></strong><a href=""https://aka.ms/AzureServiceHealthAdvisories"" target=""_blank""><strong><em>Azure portal</em></strong></a><strong><em> using tracking ID: XTKT-BW8.</em></strong></p> <p>From <strong>1 September 2026</strong> the creation of new GPv1 accounts will be blocked, the creation of GPv2 accounts will be unaffected.</p> <p>On 13 October 2026, we'll retire GPv1 storage accounts. To avoid disruptions, <a href=""https://learn.microsoft.com/azure/storage/common/storage-account-upgrade?tabs=azure-portal"" target=""_blank""><strong>migrate your GPv1 storage accounts to GPv2 accounts before that date</strong></a>. GPv2 accounts give you access to the latest Azure Storage features while providing improved performance and true zonal redundancy support.</p> <h2>Recommended action</h2> <p>To avoid service disruptions, <a href=""https://learn.microsoft.com/azure/storage/common/storage-account-upgrade?tabs=azure-portal"" target=""_blank""><strong>migrate your GPv1 storage accounts to GPv2 by 13 October 2026</strong></a>. To view your impacted resources in the Azure portal, go to the <a href=""https://portal.azure.com/#view/Microsoft_Azure_StorageHub/StorageHub.MenuView/~/StorageAccountsBrowse"" target=""_blank"">Storage Center </a>and look for <strong>Kind: Storage</strong>. For additional ways to access impacted resource information, see this <a href=""https://aka.ms/AzureRetirementImpactedResourcesChannels"" target=""_blank"">documentation</a>.</p> <p>Watch the recorded video and demo <a href=""https://aka.ms/GPv1RetirementLiveStream"" target=""_blank"">here</a>. Frequently asked questions are available in the <a href=""https://learn.microsoft.com/azure/storage/common/general-purpose-version-1-account-migration-frequently-asked-questions"" target=""_blank"">documentation.</a></p> <p><strong>For Azure Databricks managed storage accounts</strong>: If your workspace relies on a GPv1 storage account, you won't be able to migrate that account manually. As part of this retirement, <strong>Microsoft will schedule and complete a managed migration of affected accounts to GPv2 on your behalf</strong>; no action is required.</p> <p>Azure Databricks accounts will not be part of this migration and will be done separately. When Azure Databricks account migration is planned, notifications will be sent as appropriate.</p> <p>Any <strong>non-Azure Databricks accounts</strong> that use <strong>GPv1</strong> will <strong>require manual migration</strong>.</p> <p></p><h2>Automatic migration warning</h2><p>After 13 October 2026, all existing GPv1 storage accounts will be automatically migrated over to a GPv2 account, which may result in higher billing costs. Your decision not to migrate an existing GPv1 storage account will be construed as consent for Microsoft to migrate the account on your behalf.</p><h2>Help and support</h2><p>If you have questions, get answers from community experts in <a href=""https://learn.microsoft.com/answers/tags/125/azure-blob-storage"" target=""_blank"">Microsoft Q&amp;A.</a> If you have a support plan and need technical help, open the <a href=""https://portal.azure.com/#blade/Microsoft_Azure_Support/HelpAndSupportBlade/overview"" target=""_blank"">Azure portal</a> and select the question mark icon at the top of the page.</p><p></p>"		2025-09-30T00:00:00Z	2026-10-13T00:00:00Z	2026-07-13T15:59:37Z	2026-09-01		global	d7de83e0-0571-40ad-b63a-64c942385eae	not_available				false	not_needed	full	retirement_date_derived_from_text	"{""event_source"":""resource_health_events""}"
Azure Cosmos DB	DEV-ENGINEERING	azure-retirements-2721348d-5d3e-4374-adc4-06d277cdf144	2026-07-28	subscriptions	service_health_event_region	resource_health_events	Microsoft.ResourceHealth/events/9JYQ-GL0	9JYQ-GL0	9JYQ-GL0	HealthAdvisory	Retirement	ServiceHealth	Warning	Warning	Active		Migrate or disable Azure Synapse Link for Azure Cosmos DB NoSQL by 31 March 2029	Migrate or disable Azure Synapse Link for Azure Cosmos DB NoSQL by 31 March 2029	<p><strong><em>We recently sent you an email regarding Azure Synapse Link for Azure Cosmos DB (NoSQL). We sincerely apologize that the previous communication did not include the required account details, specifically the resourceGroupName and databaseAccountName. This follow-up email includes the missing information. We regret any confusion or inconvenience this may have caused and appreciate your understanding.</em></strong></p>	"<p><strong><em>We recently sent you an email regarding Azure Synapse Link for Azure Cosmos DB (NoSQL). We sincerely apologize that the previous communication did not include the required account details, specifically the resourceGroupName and databaseAccountName. This follow-up email includes the missing information. We regret any confusion or inconvenience this may have caused and appreciate your understanding.</em></strong></p> <p><strong><em>-----------------------------------------------------</em></strong></p> <p><em>You're receiving this notification because you’re associated with one or more Azure subscriptions that currently use Azure Synapse Link for Azure Cosmos DB NoSQL. For reference, you can find this notification in the Azure portal under Service Health/</em><a href=""https://aka.ms/AzureServiceHealthAdvisories"" target=""_blank""><strong><em>Health advisories</em></strong></a><em> using tracking ID: 9JYQ-GL0.</em></p> <p>Azure Synapse Link for Azure Cosmos DB NoSQL will be retired on 31 March 2029, transition to <a href=""https://learn.microsoft.com/fabric/mirroring/azure-cosmos-db"" target=""_blank"">Cosmos DB Mirroring in Microsoft Fabric</a> by that date or, if you are not using the analytical capabilities, disable Azure Synapse Link on those accounts using our <a href=""https://github.com/AzureCosmosDB/cosmos-fabric-samples/tree/main/disable-synapse-link"" target=""_blank"">provided script</a>. Cosmos DB Mirroring in Microsoft Fabric is the supported successor for Synapse Link's analytical scenarios.</p> <p>On 31 March 2029, workloads running Azure Synapse Link for Azure Cosmos DB NoSQL will face disruptions to their analytical workloads as they will no longer have access to the Analytical Store. If your account has any historical data in your Analytical Store that exceeds your transactional retention window, that data will no longer be accessible after retirement. Resources to aid in your migration can be found below.</p> <p><strong>Action recommended</strong></p> <p>Disable Synapse Link for Azure Cosmos DB NoSQL on your accounts before 31 March 2029. Use our <a href=""https://github.com/AzureCosmosDB/cosmos-fabric-samples/tree/main/disable-synapse-link"" target=""_blank"">script</a> to identify and disable affected containers.&nbsp;</p> <p><strong>Caution: Disabling is irreversible.</strong> Disabling Synapse Link removes your Analytical Store data permanently. If you have analytical workloads running against the Analytical Store, or if you use the Analytical Store to retain historical data beyond your transactional TTL, <a href=""https://aka.ms/CosmosMirrorSynapseMigration"" target=""_blank"">migrate to Cosmos DB Mirroring</a> first. If you are unsure whether you have analytical data, check out your Synapse workspace before disabling.</p> <p><strong>Help and support</strong>&nbsp;</p> <p>If you have questions, get answers from community experts in <a href=""https://learn.microsoft.com/answers/tags/187/azure-cosmos-db/"" target=""_blank"">Microsoft Q&amp;A</a>. If you have a support plan and need technical help, <a href=""https://learn.microsoft.com/azure/azure-portal/supportability/how-to-create-azure-support-request"" target=""_blank"">create a support request</a>.&nbsp;</p> <p><em>Learn more about service retirements that may impact your resources in the </em><a href=""https://aka.ms/ServicesRetirementWorkbook"" target=""_blank""><em>Azure Retirement Workbook</em></a><em>. Please note that retirements may not be visible in the workbook for up to two weeks after being announced.</em></p>"		2026-04-01T00:00:00Z	2027-10-01T00:00:00Z	2026-06-23T12:58:59Z	2029-03-31		germanywestcentral	d7de83e0-0571-40ad-b63a-64c942385eae	not_available				false	not_needed	full	retirement_date_derived_from_text	"{""event_source"":""resource_health_events""}"
Azure Cosmos DB	DEV-ENGINEERING	azure-retirements-2721348d-5d3e-4374-adc4-06d277cdf144	2026-07-28	subscriptions	service_health_event_region	resource_health_events	Microsoft.ResourceHealth/events/9JYQ-GL0	9JYQ-GL0	9JYQ-GL0	HealthAdvisory	Retirement	ServiceHealth	Warning	Warning	Active		Migrate or disable Azure Synapse Link for Azure Cosmos DB NoSQL by 31 March 2029	Migrate or disable Azure Synapse Link for Azure Cosmos DB NoSQL by 31 March 2029	<p><strong><em>We recently sent you an email regarding Azure Synapse Link for Azure Cosmos DB (NoSQL). We sincerely apologize that the previous communication did not include the required account details, specifically the resourceGroupName and databaseAccountName. This follow-up email includes the missing information. We regret any confusion or inconvenience this may have caused and appreciate your understanding.</em></strong></p>	"<p><strong><em>We recently sent you an email regarding Azure Synapse Link for Azure Cosmos DB (NoSQL). We sincerely apologize that the previous communication did not include the required account details, specifically the resourceGroupName and databaseAccountName. This follow-up email includes the missing information. We regret any confusion or inconvenience this may have caused and appreciate your understanding.</em></strong></p> <p><strong><em>-----------------------------------------------------</em></strong></p> <p><em>You're receiving this notification because you’re associated with one or more Azure subscriptions that currently use Azure Synapse Link for Azure Cosmos DB NoSQL. For reference, you can find this notification in the Azure portal under Service Health/</em><a href=""https://aka.ms/AzureServiceHealthAdvisories"" target=""_blank""><strong><em>Health advisories</em></strong></a><em> using tracking ID: 9JYQ-GL0.</em></p> <p>Azure Synapse Link for Azure Cosmos DB NoSQL will be retired on 31 March 2029, transition to <a href=""https://learn.microsoft.com/fabric/mirroring/azure-cosmos-db"" target=""_blank"">Cosmos DB Mirroring in Microsoft Fabric</a> by that date or, if you are not using the analytical capabilities, disable Azure Synapse Link on those accounts using our <a href=""https://github.com/AzureCosmosDB/cosmos-fabric-samples/tree/main/disable-synapse-link"" target=""_blank"">provided script</a>. Cosmos DB Mirroring in Microsoft Fabric is the supported successor for Synapse Link's analytical scenarios.</p> <p>On 31 March 2029, workloads running Azure Synapse Link for Azure Cosmos DB NoSQL will face disruptions to their analytical workloads as they will no longer have access to the Analytical Store. If your account has any historical data in your Analytical Store that exceeds your transactional retention window, that data will no longer be accessible after retirement. Resources to aid in your migration can be found below.</p> <p><strong>Action recommended</strong></p> <p>Disable Synapse Link for Azure Cosmos DB NoSQL on your accounts before 31 March 2029. Use our <a href=""https://github.com/AzureCosmosDB/cosmos-fabric-samples/tree/main/disable-synapse-link"" target=""_blank"">script</a> to identify and disable affected containers.&nbsp;</p> <p><strong>Caution: Disabling is irreversible.</strong> Disabling Synapse Link removes your Analytical Store data permanently. If you have analytical workloads running against the Analytical Store, or if you use the Analytical Store to retain historical data beyond your transactional TTL, <a href=""https://aka.ms/CosmosMirrorSynapseMigration"" target=""_blank"">migrate to Cosmos DB Mirroring</a> first. If you are unsure whether you have analytical data, check out your Synapse workspace before disabling.</p> <p><strong>Help and support</strong>&nbsp;</p> <p>If you have questions, get answers from community experts in <a href=""https://learn.microsoft.com/answers/tags/187/azure-cosmos-db/"" target=""_blank"">Microsoft Q&amp;A</a>. If you have a support plan and need technical help, <a href=""https://learn.microsoft.com/azure/azure-portal/supportability/how-to-create-azure-support-request"" target=""_blank"">create a support request</a>.&nbsp;</p> <p><em>Learn more about service retirements that may impact your resources in the </em><a href=""https://aka.ms/ServicesRetirementWorkbook"" target=""_blank""><em>Azure Retirement Workbook</em></a><em>. Please note that retirements may not be visible in the workbook for up to two weeks after being announced.</em></p>"		2026-04-01T00:00:00Z	2027-10-01T00:00:00Z	2026-06-23T12:58:59Z	2029-03-31		italynorth	d7de83e0-0571-40ad-b63a-64c942385eae	not_available				false	not_needed	full	retirement_date_derived_from_text	"{""event_source"":""resource_health_events""}"
Azure Cosmos DB	DEV-ENGINEERING	azure-retirements-2721348d-5d3e-4374-adc4-06d277cdf144	2026-07-28	subscriptions	service_health_event_region	resource_health_events	Microsoft.ResourceHealth/events/9JYQ-GL0	9JYQ-GL0	9JYQ-GL0	HealthAdvisory	Retirement	ServiceHealth	Warning	Warning	Active		Migrate or disable Azure Synapse Link for Azure Cosmos DB NoSQL by 31 March 2029	Migrate or disable Azure Synapse Link for Azure Cosmos DB NoSQL by 31 March 2029	<p><strong><em>We recently sent you an email regarding Azure Synapse Link for Azure Cosmos DB (NoSQL). We sincerely apologize that the previous communication did not include the required account details, specifically the resourceGroupName and databaseAccountName. This follow-up email includes the missing information. We regret any confusion or inconvenience this may have caused and appreciate your understanding.</em></strong></p>	"<p><strong><em>We recently sent you an email regarding Azure Synapse Link for Azure Cosmos DB (NoSQL). We sincerely apologize that the previous communication did not include the required account details, specifically the resourceGroupName and databaseAccountName. This follow-up email includes the missing information. We regret any confusion or inconvenience this may have caused and appreciate your understanding.</em></strong></p> <p><strong><em>-----------------------------------------------------</em></strong></p> <p><em>You're receiving this notification because you’re associated with one or more Azure subscriptions that currently use Azure Synapse Link for Azure Cosmos DB NoSQL. For reference, you can find this notification in the Azure portal under Service Health/</em><a href=""https://aka.ms/AzureServiceHealthAdvisories"" target=""_blank""><strong><em>Health advisories</em></strong></a><em> using tracking ID: 9JYQ-GL0.</em></p> <p>Azure Synapse Link for Azure Cosmos DB NoSQL will be retired on 31 March 2029, transition to <a href=""https://learn.microsoft.com/fabric/mirroring/azure-cosmos-db"" target=""_blank"">Cosmos DB Mirroring in Microsoft Fabric</a> by that date or, if you are not using the analytical capabilities, disable Azure Synapse Link on those accounts using our <a href=""https://github.com/AzureCosmosDB/cosmos-fabric-samples/tree/main/disable-synapse-link"" target=""_blank"">provided script</a>. Cosmos DB Mirroring in Microsoft Fabric is the supported successor for Synapse Link's analytical scenarios.</p> <p>On 31 March 2029, workloads running Azure Synapse Link for Azure Cosmos DB NoSQL will face disruptions to their analytical workloads as they will no longer have access to the Analytical Store. If your account has any historical data in your Analytical Store that exceeds your transactional retention window, that data will no longer be accessible after retirement. Resources to aid in your migration can be found below.</p> <p><strong>Action recommended</strong></p> <p>Disable Synapse Link for Azure Cosmos DB NoSQL on your accounts before 31 March 2029. Use our <a href=""https://github.com/AzureCosmosDB/cosmos-fabric-samples/tree/main/disable-synapse-link"" target=""_blank"">script</a> to identify and disable affected containers.&nbsp;</p> <p><strong>Caution: Disabling is irreversible.</strong> Disabling Synapse Link removes your Analytical Store data permanently. If you have analytical workloads running against the Analytical Store, or if you use the Analytical Store to retain historical data beyond your transactional TTL, <a href=""https://aka.ms/CosmosMirrorSynapseMigration"" target=""_blank"">migrate to Cosmos DB Mirroring</a> first. If you are unsure whether you have analytical data, check out your Synapse workspace before disabling.</p> <p><strong>Help and support</strong>&nbsp;</p> <p>If you have questions, get answers from community experts in <a href=""https://learn.microsoft.com/answers/tags/187/azure-cosmos-db/"" target=""_blank"">Microsoft Q&amp;A</a>. If you have a support plan and need technical help, <a href=""https://learn.microsoft.com/azure/azure-portal/supportability/how-to-create-azure-support-request"" target=""_blank"">create a support request</a>.&nbsp;</p> <p><em>Learn more about service retirements that may impact your resources in the </em><a href=""https://aka.ms/ServicesRetirementWorkbook"" target=""_blank""><em>Azure Retirement Workbook</em></a><em>. Please note that retirements may not be visible in the workbook for up to two weeks after being announced.</em></p>"		2026-04-01T00:00:00Z	2027-10-01T00:00:00Z	2026-06-23T12:58:59Z	2029-03-31		northeurope	d7de83e0-0571-40ad-b63a-64c942385eae	not_available				false	not_needed	full	retirement_date_derived_from_text	"{""event_source"":""resource_health_events""}"
Azure Cosmos DB	DEV-ENGINEERING	azure-retirements-2721348d-5d3e-4374-adc4-06d277cdf144	2026-07-28	subscriptions	service_health_event_region	resource_health_events	Microsoft.ResourceHealth/events/9JYQ-GL0	9JYQ-GL0	9JYQ-GL0	HealthAdvisory	Retirement	ServiceHealth	Warning	Warning	Active		Migrate or disable Azure Synapse Link for Azure Cosmos DB NoSQL by 31 March 2029	Migrate or disable Azure Synapse Link for Azure Cosmos DB NoSQL by 31 March 2029	<p><strong><em>We recently sent you an email regarding Azure Synapse Link for Azure Cosmos DB (NoSQL). We sincerely apologize that the previous communication did not include the required account details, specifically the resourceGroupName and databaseAccountName. This follow-up email includes the missing information. We regret any confusion or inconvenience this may have caused and appreciate your understanding.</em></strong></p>	"<p><strong><em>We recently sent you an email regarding Azure Synapse Link for Azure Cosmos DB (NoSQL). We sincerely apologize that the previous communication did not include the required account details, specifically the resourceGroupName and databaseAccountName. This follow-up email includes the missing information. We regret any confusion or inconvenience this may have caused and appreciate your understanding.</em></strong></p> <p><strong><em>-----------------------------------------------------</em></strong></p> <p><em>You're receiving this notification because you’re associated with one or more Azure subscriptions that currently use Azure Synapse Link for Azure Cosmos DB NoSQL. For reference, you can find this notification in the Azure portal under Service Health/</em><a href=""https://aka.ms/AzureServiceHealthAdvisories"" target=""_blank""><strong><em>Health advisories</em></strong></a><em> using tracking ID: 9JYQ-GL0.</em></p> <p>Azure Synapse Link for Azure Cosmos DB NoSQL will be retired on 31 March 2029, transition to <a href=""https://learn.microsoft.com/fabric/mirroring/azure-cosmos-db"" target=""_blank"">Cosmos DB Mirroring in Microsoft Fabric</a> by that date or, if you are not using the analytical capabilities, disable Azure Synapse Link on those accounts using our <a href=""https://github.com/AzureCosmosDB/cosmos-fabric-samples/tree/main/disable-synapse-link"" target=""_blank"">provided script</a>. Cosmos DB Mirroring in Microsoft Fabric is the supported successor for Synapse Link's analytical scenarios.</p> <p>On 31 March 2029, workloads running Azure Synapse Link for Azure Cosmos DB NoSQL will face disruptions to their analytical workloads as they will no longer have access to the Analytical Store. If your account has any historical data in your Analytical Store that exceeds your transactional retention window, that data will no longer be accessible after retirement. Resources to aid in your migration can be found below.</p> <p><strong>Action recommended</strong></p> <p>Disable Synapse Link for Azure Cosmos DB NoSQL on your accounts before 31 March 2029. Use our <a href=""https://github.com/AzureCosmosDB/cosmos-fabric-samples/tree/main/disable-synapse-link"" target=""_blank"">script</a> to identify and disable affected containers.&nbsp;</p> <p><strong>Caution: Disabling is irreversible.</strong> Disabling Synapse Link removes your Analytical Store data permanently. If you have analytical workloads running against the Analytical Store, or if you use the Analytical Store to retain historical data beyond your transactional TTL, <a href=""https://aka.ms/CosmosMirrorSynapseMigration"" target=""_blank"">migrate to Cosmos DB Mirroring</a> first. If you are unsure whether you have analytical data, check out your Synapse workspace before disabling.</p> <p><strong>Help and support</strong>&nbsp;</p> <p>If you have questions, get answers from community experts in <a href=""https://learn.microsoft.com/answers/tags/187/azure-cosmos-db/"" target=""_blank"">Microsoft Q&amp;A</a>. If you have a support plan and need technical help, <a href=""https://learn.microsoft.com/azure/azure-portal/supportability/how-to-create-azure-support-request"" target=""_blank"">create a support request</a>.&nbsp;</p> <p><em>Learn more about service retirements that may impact your resources in the </em><a href=""https://aka.ms/ServicesRetirementWorkbook"" target=""_blank""><em>Azure Retirement Workbook</em></a><em>. Please note that retirements may not be visible in the workbook for up to two weeks after being announced.</em></p>"		2026-04-01T00:00:00Z	2027-10-01T00:00:00Z	2026-06-23T12:58:59Z	2029-03-31		spaincentral	d7de83e0-0571-40ad-b63a-64c942385eae	not_available				false	not_needed	full	retirement_date_derived_from_text	"{""event_source"":""resource_health_events""}"
Azure Cosmos DB	DEV-ENGINEERING	azure-retirements-2721348d-5d3e-4374-adc4-06d277cdf144	2026-07-28	subscriptions	service_health_event_region	resource_health_events	Microsoft.ResourceHealth/events/9JYQ-GL0	9JYQ-GL0	9JYQ-GL0	HealthAdvisory	Retirement	ServiceHealth	Warning	Warning	Active		Migrate or disable Azure Synapse Link for Azure Cosmos DB NoSQL by 31 March 2029	Migrate or disable Azure Synapse Link for Azure Cosmos DB NoSQL by 31 March 2029	<p><strong><em>We recently sent you an email regarding Azure Synapse Link for Azure Cosmos DB (NoSQL). We sincerely apologize that the previous communication did not include the required account details, specifically the resourceGroupName and databaseAccountName. This follow-up email includes the missing information. We regret any confusion or inconvenience this may have caused and appreciate your understanding.</em></strong></p>	"<p><strong><em>We recently sent you an email regarding Azure Synapse Link for Azure Cosmos DB (NoSQL). We sincerely apologize that the previous communication did not include the required account details, specifically the resourceGroupName and databaseAccountName. This follow-up email includes the missing information. We regret any confusion or inconvenience this may have caused and appreciate your understanding.</em></strong></p> <p><strong><em>-----------------------------------------------------</em></strong></p> <p><em>You're receiving this notification because you’re associated with one or more Azure subscriptions that currently use Azure Synapse Link for Azure Cosmos DB NoSQL. For reference, you can find this notification in the Azure portal under Service Health/</em><a href=""https://aka.ms/AzureServiceHealthAdvisories"" target=""_blank""><strong><em>Health advisories</em></strong></a><em> using tracking ID: 9JYQ-GL0.</em></p> <p>Azure Synapse Link for Azure Cosmos DB NoSQL will be retired on 31 March 2029, transition to <a href=""https://learn.microsoft.com/fabric/mirroring/azure-cosmos-db"" target=""_blank"">Cosmos DB Mirroring in Microsoft Fabric</a> by that date or, if you are not using the analytical capabilities, disable Azure Synapse Link on those accounts using our <a href=""https://github.com/AzureCosmosDB/cosmos-fabric-samples/tree/main/disable-synapse-link"" target=""_blank"">provided script</a>. Cosmos DB Mirroring in Microsoft Fabric is the supported successor for Synapse Link's analytical scenarios.</p> <p>On 31 March 2029, workloads running Azure Synapse Link for Azure Cosmos DB NoSQL will face disruptions to their analytical workloads as they will no longer have access to the Analytical Store. If your account has any historical data in your Analytical Store that exceeds your transactional retention window, that data will no longer be accessible after retirement. Resources to aid in your migration can be found below.</p> <p><strong>Action recommended</strong></p> <p>Disable Synapse Link for Azure Cosmos DB NoSQL on your accounts before 31 March 2029. Use our <a href=""https://github.com/AzureCosmosDB/cosmos-fabric-samples/tree/main/disable-synapse-link"" target=""_blank"">script</a> to identify and disable affected containers.&nbsp;</p> <p><strong>Caution: Disabling is irreversible.</strong> Disabling Synapse Link removes your Analytical Store data permanently. If you have analytical workloads running against the Analytical Store, or if you use the Analytical Store to retain historical data beyond your transactional TTL, <a href=""https://aka.ms/CosmosMirrorSynapseMigration"" target=""_blank"">migrate to Cosmos DB Mirroring</a> first. If you are unsure whether you have analytical data, check out your Synapse workspace before disabling.</p> <p><strong>Help and support</strong>&nbsp;</p> <p>If you have questions, get answers from community experts in <a href=""https://learn.microsoft.com/answers/tags/187/azure-cosmos-db/"" target=""_blank"">Microsoft Q&amp;A</a>. If you have a support plan and need technical help, <a href=""https://learn.microsoft.com/azure/azure-portal/supportability/how-to-create-azure-support-request"" target=""_blank"">create a support request</a>.&nbsp;</p> <p><em>Learn more about service retirements that may impact your resources in the </em><a href=""https://aka.ms/ServicesRetirementWorkbook"" target=""_blank""><em>Azure Retirement Workbook</em></a><em>. Please note that retirements may not be visible in the workbook for up to two weeks after being announced.</em></p>"		2026-04-01T00:00:00Z	2027-10-01T00:00:00Z	2026-06-23T12:58:59Z	2029-03-31		westeurope	d7de83e0-0571-40ad-b63a-64c942385eae	not_available				false	not_needed	full	retirement_date_derived_from_text	"{""event_source"":""resource_health_events""}"
Azure Database for PostgreSQL flexible servers	DEV-ENGINEERING	azure-retirements-2721348d-5d3e-4374-adc4-06d277cdf144	2026-07-28	subscriptions	service_health_event_region	resource_health_events	Microsoft.ResourceHealth/events/ZPDZ-SL8	ZPDZ-SL8	ZPDZ-SL8	HealthAdvisory		ServiceHealth	Warning	Warning	Active		Retirement notice: We're improving the high availability experience for Azure Database for PostgreSQL	Retirement notice: We're improving the high availability experience for Azure Database for PostgreSQL	"<p><em>You’re receiving this notification because you’re associated with one or more Azure subscriptions with Azure Database for PostgreSQL flexible server instances. For reference, you can find this notification in the Azure portal under&nbsp;Service Health/</em><a href=""https://aka.ms/AzureServiceHealthAdvisories"" target=""_blank""><em>Health advisories</em></a><em>&nbsp;using tracking ID:&nbsp;ZPDZ-SL8.</em></p>"	"<p><em>You’re receiving this notification because you’re associated with one or more Azure subscriptions with Azure Database for PostgreSQL flexible server instances. For reference, you can find this notification in the Azure portal under&nbsp;Service Health/</em><a href=""https://aka.ms/AzureServiceHealthAdvisories"" target=""_blank""><em>Health advisories</em></a><em>&nbsp;using tracking ID:&nbsp;ZPDZ-SL8.</em></p> <p>We've rolled out improvements to the high availability experience for Azure Database for PostgreSQL to simplify configuration and strengthen long-term resiliency against zonal failures.</p> <h2><strong>What's changing</strong></h2> <p>With this experience enabled in the Azure portal and Azure CLI, Azure will now default to zone-redundant high availability. If the selected region doesn't support that, you can choose a&nbsp;<a href=""https://learn.microsoft.com/azure/postgresql/high-availability/concepts-high-availability#configure-business-critical-high-availability-options"" target=""_blank"">fallback mechanism</a>&nbsp;by selecting the fallback checkbox in the Azure portal or by using the&nbsp;<strong>allow-same-zone</strong>&nbsp;parameter in the Azure CLI.</p> <p>Changes in the Azure portal include:</p> <p></p><ul><li>High availability is now labelled&nbsp;<strong>business critical (high availability)</strong>. If you previously had the experience enabled, no action is required from you.</li><li>A new zonal resiliency option is available. When enabled, Azure deploys a standby server in a different availability zone from the primary one, helping protect workloads from zonal outages.</li></ul><h2><strong>Automatic migration notice</strong></h2><p>Automatic migration will be supported for new servers created after 12 February 2026 as soon as regional capacity is available. Servers created before 12 February 2026 will be automatically migrated over time. You won't need to redeploy or make configuration changes.</p><p>From 1 September 2026, servers created using same-zone high availability via developer tools including Terraform, Bicep, SDKs (.NET, Python, Java, JavaScript, and Go), PowerShell, and Ansible will be automatically migrated once capacity becomes available in the region. After the transition, writes are committed across multiple availability zones. This may result in minor changes in write behaviour, with minimal latency impact and improved resiliency and durability.</p><p>If you'd like to migrate sooner, self-service migration options, such as point-in-time restore or read replicas, will allow you to move to a zone-redundant configuration at your own pace. Read our&nbsp;<a href=""https://learn.microsoft.com/azure/postgresql/high-availability/how-to-configure-high-availability?tabs=portal-enable-existing-server%2Cportal-disable-existing-server%2Cportal-enable-new-server%2Cportal-forced-failover%2Cportal-planned-failover#limitations-and-considerations"" target=""_blank"">documentation</a>&nbsp;to learn more about self-service migration options, zonal resiliency, the built-in fallback capability, and automatic migration behaviour.</p><h2><strong>Help and support</strong></h2><p>If you have questions about how these changes apply to your deployments or automation workflows, please reach out to us through Microsoft support, your account team, or the&nbsp;<a href=""https://feedback.azure.com/d365community/forum/c5e32b97-ee24-ec11-b6e6-000d3a4f0da0"" target=""_blank"">feedback forum.</a></p><p>If you have general questions, ask community experts in&nbsp;<a href=""https://learn.microsoft.com/answers/tags/214/azure-database-postgresql"" target=""_blank"">Microsoft Q&amp;A</a>. If you have a support plan and you need technical help, open the&nbsp;<a href=""https://portal.azure.com/#blade/Microsoft_Azure_Support/HelpAndSupportBlade/newsupportrequest"" target=""_blank"">Azure portal</a>&nbsp;and select the question mark icon at the top of the page.</p><p></p>"		2026-02-24T18:33:14Z	2026-08-31T00:00:00Z	2026-04-23T10:57:24Z	2026-08-31		germanywestcentral	d7de83e0-0571-40ad-b63a-64c942385eae	not_available				false	not_needed	full		"{""event_source"":""resource_health_events""}"
Azure Database for PostgreSQL flexible servers	DEV-ENGINEERING	azure-retirements-2721348d-5d3e-4374-adc4-06d277cdf144	2026-07-28	subscriptions	service_health_event_region	resource_health_events	Microsoft.ResourceHealth/events/ZPDZ-SL8	ZPDZ-SL8	ZPDZ-SL8	HealthAdvisory		ServiceHealth	Warning	Warning	Active		Retirement notice: We're improving the high availability experience for Azure Database for PostgreSQL	Retirement notice: We're improving the high availability experience for Azure Database for PostgreSQL	"<p><em>You’re receiving this notification because you’re associated with one or more Azure subscriptions with Azure Database for PostgreSQL flexible server instances. For reference, you can find this notification in the Azure portal under&nbsp;Service Health/</em><a href=""https://aka.ms/AzureServiceHealthAdvisories"" target=""_blank""><em>Health advisories</em></a><em>&nbsp;using tracking ID:&nbsp;ZPDZ-SL8.</em></p>"	"<p><em>You’re receiving this notification because you’re associated with one or more Azure subscriptions with Azure Database for PostgreSQL flexible server instances. For reference, you can find this notification in the Azure portal under&nbsp;Service Health/</em><a href=""https://aka.ms/AzureServiceHealthAdvisories"" target=""_blank""><em>Health advisories</em></a><em>&nbsp;using tracking ID:&nbsp;ZPDZ-SL8.</em></p> <p>We've rolled out improvements to the high availability experience for Azure Database for PostgreSQL to simplify configuration and strengthen long-term resiliency against zonal failures.</p> <h2><strong>What's changing</strong></h2> <p>With this experience enabled in the Azure portal and Azure CLI, Azure will now default to zone-redundant high availability. If the selected region doesn't support that, you can choose a&nbsp;<a href=""https://learn.microsoft.com/azure/postgresql/high-availability/concepts-high-availability#configure-business-critical-high-availability-options"" target=""_blank"">fallback mechanism</a>&nbsp;by selecting the fallback checkbox in the Azure portal or by using the&nbsp;<strong>allow-same-zone</strong>&nbsp;parameter in the Azure CLI.</p> <p>Changes in the Azure portal include:</p> <p></p><ul><li>High availability is now labelled&nbsp;<strong>business critical (high availability)</strong>. If you previously had the experience enabled, no action is required from you.</li><li>A new zonal resiliency option is available. When enabled, Azure deploys a standby server in a different availability zone from the primary one, helping protect workloads from zonal outages.</li></ul><h2><strong>Automatic migration notice</strong></h2><p>Automatic migration will be supported for new servers created after 12 February 2026 as soon as regional capacity is available. Servers created before 12 February 2026 will be automatically migrated over time. You won't need to redeploy or make configuration changes.</p><p>From 1 September 2026, servers created using same-zone high availability via developer tools including Terraform, Bicep, SDKs (.NET, Python, Java, JavaScript, and Go), PowerShell, and Ansible will be automatically migrated once capacity becomes available in the region. After the transition, writes are committed across multiple availability zones. This may result in minor changes in write behaviour, with minimal latency impact and improved resiliency and durability.</p><p>If you'd like to migrate sooner, self-service migration options, such as point-in-time restore or read replicas, will allow you to move to a zone-redundant configuration at your own pace. Read our&nbsp;<a href=""https://learn.microsoft.com/azure/postgresql/high-availability/how-to-configure-high-availability?tabs=portal-enable-existing-server%2Cportal-disable-existing-server%2Cportal-enable-new-server%2Cportal-forced-failover%2Cportal-planned-failover#limitations-and-considerations"" target=""_blank"">documentation</a>&nbsp;to learn more about self-service migration options, zonal resiliency, the built-in fallback capability, and automatic migration behaviour.</p><h2><strong>Help and support</strong></h2><p>If you have questions about how these changes apply to your deployments or automation workflows, please reach out to us through Microsoft support, your account team, or the&nbsp;<a href=""https://feedback.azure.com/d365community/forum/c5e32b97-ee24-ec11-b6e6-000d3a4f0da0"" target=""_blank"">feedback forum.</a></p><p>If you have general questions, ask community experts in&nbsp;<a href=""https://learn.microsoft.com/answers/tags/214/azure-database-postgresql"" target=""_blank"">Microsoft Q&amp;A</a>. If you have a support plan and you need technical help, open the&nbsp;<a href=""https://portal.azure.com/#blade/Microsoft_Azure_Support/HelpAndSupportBlade/newsupportrequest"" target=""_blank"">Azure portal</a>&nbsp;and select the question mark icon at the top of the page.</p><p></p>"		2026-02-24T18:33:14Z	2026-08-31T00:00:00Z	2026-04-23T10:57:24Z	2026-08-31		italynorth	d7de83e0-0571-40ad-b63a-64c942385eae	not_available				false	not_needed	full		"{""event_source"":""resource_health_events""}"
Azure Database for PostgreSQL flexible servers	DEV-ENGINEERING	azure-retirements-2721348d-5d3e-4374-adc4-06d277cdf144	2026-07-28	subscriptions	service_health_event_region	resource_health_events	Microsoft.ResourceHealth/events/ZPDZ-SL8	ZPDZ-SL8	ZPDZ-SL8	HealthAdvisory		ServiceHealth	Warning	Warning	Active		Retirement notice: We're improving the high availability experience for Azure Database for PostgreSQL	Retirement notice: We're improving the high availability experience for Azure Database for PostgreSQL	"<p><em>You’re receiving this notification because you’re associated with one or more Azure subscriptions with Azure Database for PostgreSQL flexible server instances. For reference, you can find this notification in the Azure portal under&nbsp;Service Health/</em><a href=""https://aka.ms/AzureServiceHealthAdvisories"" target=""_blank""><em>Health advisories</em></a><em>&nbsp;using tracking ID:&nbsp;ZPDZ-SL8.</em></p>"	"<p><em>You’re receiving this notification because you’re associated with one or more Azure subscriptions with Azure Database for PostgreSQL flexible server instances. For reference, you can find this notification in the Azure portal under&nbsp;Service Health/</em><a href=""https://aka.ms/AzureServiceHealthAdvisories"" target=""_blank""><em>Health advisories</em></a><em>&nbsp;using tracking ID:&nbsp;ZPDZ-SL8.</em></p> <p>We've rolled out improvements to the high availability experience for Azure Database for PostgreSQL to simplify configuration and strengthen long-term resiliency against zonal failures.</p> <h2><strong>What's changing</strong></h2> <p>With this experience enabled in the Azure portal and Azure CLI, Azure will now default to zone-redundant high availability. If the selected region doesn't support that, you can choose a&nbsp;<a href=""https://learn.microsoft.com/azure/postgresql/high-availability/concepts-high-availability#configure-business-critical-high-availability-options"" target=""_blank"">fallback mechanism</a>&nbsp;by selecting the fallback checkbox in the Azure portal or by using the&nbsp;<strong>allow-same-zone</strong>&nbsp;parameter in the Azure CLI.</p> <p>Changes in the Azure portal include:</p> <p></p><ul><li>High availability is now labelled&nbsp;<strong>business critical (high availability)</strong>. If you previously had the experience enabled, no action is required from you.</li><li>A new zonal resiliency option is available. When enabled, Azure deploys a standby server in a different availability zone from the primary one, helping protect workloads from zonal outages.</li></ul><h2><strong>Automatic migration notice</strong></h2><p>Automatic migration will be supported for new servers created after 12 February 2026 as soon as regional capacity is available. Servers created before 12 February 2026 will be automatically migrated over time. You won't need to redeploy or make configuration changes.</p><p>From 1 September 2026, servers created using same-zone high availability via developer tools including Terraform, Bicep, SDKs (.NET, Python, Java, JavaScript, and Go), PowerShell, and Ansible will be automatically migrated once capacity becomes available in the region. After the transition, writes are committed across multiple availability zones. This may result in minor changes in write behaviour, with minimal latency impact and improved resiliency and durability.</p><p>If you'd like to migrate sooner, self-service migration options, such as point-in-time restore or read replicas, will allow you to move to a zone-redundant configuration at your own pace. Read our&nbsp;<a href=""https://learn.microsoft.com/azure/postgresql/high-availability/how-to-configure-high-availability?tabs=portal-enable-existing-server%2Cportal-disable-existing-server%2Cportal-enable-new-server%2Cportal-forced-failover%2Cportal-planned-failover#limitations-and-considerations"" target=""_blank"">documentation</a>&nbsp;to learn more about self-service migration options, zonal resiliency, the built-in fallback capability, and automatic migration behaviour.</p><h2><strong>Help and support</strong></h2><p>If you have questions about how these changes apply to your deployments or automation workflows, please reach out to us through Microsoft support, your account team, or the&nbsp;<a href=""https://feedback.azure.com/d365community/forum/c5e32b97-ee24-ec11-b6e6-000d3a4f0da0"" target=""_blank"">feedback forum.</a></p><p>If you have general questions, ask community experts in&nbsp;<a href=""https://learn.microsoft.com/answers/tags/214/azure-database-postgresql"" target=""_blank"">Microsoft Q&amp;A</a>. If you have a support plan and you need technical help, open the&nbsp;<a href=""https://portal.azure.com/#blade/Microsoft_Azure_Support/HelpAndSupportBlade/newsupportrequest"" target=""_blank"">Azure portal</a>&nbsp;and select the question mark icon at the top of the page.</p><p></p>"		2026-02-24T18:33:14Z	2026-08-31T00:00:00Z	2026-04-23T10:57:24Z	2026-08-31		northeurope	d7de83e0-0571-40ad-b63a-64c942385eae	not_available				false	not_needed	full		"{""event_source"":""resource_health_events""}"
Azure Database for PostgreSQL flexible servers	DEV-ENGINEERING	azure-retirements-2721348d-5d3e-4374-adc4-06d277cdf144	2026-07-28	subscriptions	service_health_event_region	resource_health_events	Microsoft.ResourceHealth/events/ZPDZ-SL8	ZPDZ-SL8	ZPDZ-SL8	HealthAdvisory		ServiceHealth	Warning	Warning	Active		Retirement notice: We're improving the high availability experience for Azure Database for PostgreSQL	Retirement notice: We're improving the high availability experience for Azure Database for PostgreSQL	"<p><em>You’re receiving this notification because you’re associated with one or more Azure subscriptions with Azure Database for PostgreSQL flexible server instances. For reference, you can find this notification in the Azure portal under&nbsp;Service Health/</em><a href=""https://aka.ms/AzureServiceHealthAdvisories"" target=""_blank""><em>Health advisories</em></a><em>&nbsp;using tracking ID:&nbsp;ZPDZ-SL8.</em></p>"	"<p><em>You’re receiving this notification because you’re associated with one or more Azure subscriptions with Azure Database for PostgreSQL flexible server instances. For reference, you can find this notification in the Azure portal under&nbsp;Service Health/</em><a href=""https://aka.ms/AzureServiceHealthAdvisories"" target=""_blank""><em>Health advisories</em></a><em>&nbsp;using tracking ID:&nbsp;ZPDZ-SL8.</em></p> <p>We've rolled out improvements to the high availability experience for Azure Database for PostgreSQL to simplify configuration and strengthen long-term resiliency against zonal failures.</p> <h2><strong>What's changing</strong></h2> <p>With this experience enabled in the Azure portal and Azure CLI, Azure will now default to zone-redundant high availability. If the selected region doesn't support that, you can choose a&nbsp;<a href=""https://learn.microsoft.com/azure/postgresql/high-availability/concepts-high-availability#configure-business-critical-high-availability-options"" target=""_blank"">fallback mechanism</a>&nbsp;by selecting the fallback checkbox in the Azure portal or by using the&nbsp;<strong>allow-same-zone</strong>&nbsp;parameter in the Azure CLI.</p> <p>Changes in the Azure portal include:</p> <p></p><ul><li>High availability is now labelled&nbsp;<strong>business critical (high availability)</strong>. If you previously had the experience enabled, no action is required from you.</li><li>A new zonal resiliency option is available. When enabled, Azure deploys a standby server in a different availability zone from the primary one, helping protect workloads from zonal outages.</li></ul><h2><strong>Automatic migration notice</strong></h2><p>Automatic migration will be supported for new servers created after 12 February 2026 as soon as regional capacity is available. Servers created before 12 February 2026 will be automatically migrated over time. You won't need to redeploy or make configuration changes.</p><p>From 1 September 2026, servers created using same-zone high availability via developer tools including Terraform, Bicep, SDKs (.NET, Python, Java, JavaScript, and Go), PowerShell, and Ansible will be automatically migrated once capacity becomes available in the region. After the transition, writes are committed across multiple availability zones. This may result in minor changes in write behaviour, with minimal latency impact and improved resiliency and durability.</p><p>If you'd like to migrate sooner, self-service migration options, such as point-in-time restore or read replicas, will allow you to move to a zone-redundant configuration at your own pace. Read our&nbsp;<a href=""https://learn.microsoft.com/azure/postgresql/high-availability/how-to-configure-high-availability?tabs=portal-enable-existing-server%2Cportal-disable-existing-server%2Cportal-enable-new-server%2Cportal-forced-failover%2Cportal-planned-failover#limitations-and-considerations"" target=""_blank"">documentation</a>&nbsp;to learn more about self-service migration options, zonal resiliency, the built-in fallback capability, and automatic migration behaviour.</p><h2><strong>Help and support</strong></h2><p>If you have questions about how these changes apply to your deployments or automation workflows, please reach out to us through Microsoft support, your account team, or the&nbsp;<a href=""https://feedback.azure.com/d365community/forum/c5e32b97-ee24-ec11-b6e6-000d3a4f0da0"" target=""_blank"">feedback forum.</a></p><p>If you have general questions, ask community experts in&nbsp;<a href=""https://learn.microsoft.com/answers/tags/214/azure-database-postgresql"" target=""_blank"">Microsoft Q&amp;A</a>. If you have a support plan and you need technical help, open the&nbsp;<a href=""https://portal.azure.com/#blade/Microsoft_Azure_Support/HelpAndSupportBlade/newsupportrequest"" target=""_blank"">Azure portal</a>&nbsp;and select the question mark icon at the top of the page.</p><p></p>"		2026-02-24T18:33:14Z	2026-08-31T00:00:00Z	2026-04-23T10:57:24Z	2026-08-31		spaincentral	d7de83e0-0571-40ad-b63a-64c942385eae	not_available				false	not_needed	full		"{""event_source"":""resource_health_events""}"
Azure Database for PostgreSQL flexible servers	DEV-ENGINEERING	azure-retirements-2721348d-5d3e-4374-adc4-06d277cdf144	2026-07-28	subscriptions	service_health_event_region	resource_health_events	Microsoft.ResourceHealth/events/ZPDZ-SL8	ZPDZ-SL8	ZPDZ-SL8	HealthAdvisory		ServiceHealth	Warning	Warning	Active		Retirement notice: We're improving the high availability experience for Azure Database for PostgreSQL	Retirement notice: We're improving the high availability experience for Azure Database for PostgreSQL	"<p><em>You’re receiving this notification because you’re associated with one or more Azure subscriptions with Azure Database for PostgreSQL flexible server instances. For reference, you can find this notification in the Azure portal under&nbsp;Service Health/</em><a href=""https://aka.ms/AzureServiceHealthAdvisories"" target=""_blank""><em>Health advisories</em></a><em>&nbsp;using tracking ID:&nbsp;ZPDZ-SL8.</em></p>"	"<p><em>You’re receiving this notification because you’re associated with one or more Azure subscriptions with Azure Database for PostgreSQL flexible server instances. For reference, you can find this notification in the Azure portal under&nbsp;Service Health/</em><a href=""https://aka.ms/AzureServiceHealthAdvisories"" target=""_blank""><em>Health advisories</em></a><em>&nbsp;using tracking ID:&nbsp;ZPDZ-SL8.</em></p> <p>We've rolled out improvements to the high availability experience for Azure Database for PostgreSQL to simplify configuration and strengthen long-term resiliency against zonal failures.</p> <h2><strong>What's changing</strong></h2> <p>With this experience enabled in the Azure portal and Azure CLI, Azure will now default to zone-redundant high availability. If the selected region doesn't support that, you can choose a&nbsp;<a href=""https://learn.microsoft.com/azure/postgresql/high-availability/concepts-high-availability#configure-business-critical-high-availability-options"" target=""_blank"">fallback mechanism</a>&nbsp;by selecting the fallback checkbox in the Azure portal or by using the&nbsp;<strong>allow-same-zone</strong>&nbsp;parameter in the Azure CLI.</p> <p>Changes in the Azure portal include:</p> <p></p><ul><li>High availability is now labelled&nbsp;<strong>business critical (high availability)</strong>. If you previously had the experience enabled, no action is required from you.</li><li>A new zonal resiliency option is available. When enabled, Azure deploys a standby server in a different availability zone from the primary one, helping protect workloads from zonal outages.</li></ul><h2><strong>Automatic migration notice</strong></h2><p>Automatic migration will be supported for new servers created after 12 February 2026 as soon as regional capacity is available. Servers created before 12 February 2026 will be automatically migrated over time. You won't need to redeploy or make configuration changes.</p><p>From 1 September 2026, servers created using same-zone high availability via developer tools including Terraform, Bicep, SDKs (.NET, Python, Java, JavaScript, and Go), PowerShell, and Ansible will be automatically migrated once capacity becomes available in the region. After the transition, writes are committed across multiple availability zones. This may result in minor changes in write behaviour, with minimal latency impact and improved resiliency and durability.</p><p>If you'd like to migrate sooner, self-service migration options, such as point-in-time restore or read replicas, will allow you to move to a zone-redundant configuration at your own pace. Read our&nbsp;<a href=""https://learn.microsoft.com/azure/postgresql/high-availability/how-to-configure-high-availability?tabs=portal-enable-existing-server%2Cportal-disable-existing-server%2Cportal-enable-new-server%2Cportal-forced-failover%2Cportal-planned-failover#limitations-and-considerations"" target=""_blank"">documentation</a>&nbsp;to learn more about self-service migration options, zonal resiliency, the built-in fallback capability, and automatic migration behaviour.</p><h2><strong>Help and support</strong></h2><p>If you have questions about how these changes apply to your deployments or automation workflows, please reach out to us through Microsoft support, your account team, or the&nbsp;<a href=""https://feedback.azure.com/d365community/forum/c5e32b97-ee24-ec11-b6e6-000d3a4f0da0"" target=""_blank"">feedback forum.</a></p><p>If you have general questions, ask community experts in&nbsp;<a href=""https://learn.microsoft.com/answers/tags/214/azure-database-postgresql"" target=""_blank"">Microsoft Q&amp;A</a>. If you have a support plan and you need technical help, open the&nbsp;<a href=""https://portal.azure.com/#blade/Microsoft_Azure_Support/HelpAndSupportBlade/newsupportrequest"" target=""_blank"">Azure portal</a>&nbsp;and select the question mark icon at the top of the page.</p><p></p>"		2026-02-24T18:33:14Z	2026-08-31T00:00:00Z	2026-04-23T10:57:24Z	2026-08-31		westeurope	d7de83e0-0571-40ad-b63a-64c942385eae	not_available				false	not_needed	full		"{""event_source"":""resource_health_events""}"
Azure Functions	UAT-FATTURAZIONE	azure-retirements-2721348d-5d3e-4374-adc4-06d277cdf144	2026-07-28	subscriptions	service_health_event_region	resource_health_events	Microsoft.ResourceHealth/events/0RYZ-CKZ	0RYZ-CKZ	0RYZ-CKZ	HealthAdvisory	Retirement	ServiceHealth	Warning	Warning	Active		End of support notice: Support for .NET 8 ends on 10 November 2026—upgrade your apps to .NET 10	End of support notice: Support for .NET 8 ends on 10 November 2026—upgrade your apps to .NET 10	"<p><em>You’re receiving this notification because you’re associated with one or more Azure subscriptions that use .NET 8 app(s) on Azure Functions. For reference, you can find this notification in the Azure portal under Service Health/</em><a href=""https://aka.ms/AzureServiceHealthAdvisories"" target=""_blank""><em>Health advisories</em></a><em> using tracking ID: 0RYZ-CKZ.</em>&nbsp;</p>"	"<p><em>You’re receiving this notification because you’re associated with one or more Azure subscriptions that use .NET 8 app(s) on Azure Functions. For reference, you can find this notification in the Azure portal under Service Health/</em><a href=""https://aka.ms/AzureServiceHealthAdvisories"" target=""_blank""><em>Health advisories</em></a><em> using tracking ID: 0RYZ-CKZ.</em>&nbsp;</p> <p>Support for <strong>.NET 8</strong> will end on <strong>10 November 2026</strong>. Please transition to <strong>.NET 10</strong> by that date.&nbsp;</p> <p>Your Azure Function Apps will continue to operate, but security updates will no longer be provided, and support for .NET 8 on Azure Functions will end. Running Function Apps on an unsupported runtime or language version might lead to security and performance issues.&nbsp;</p> <p>Upgrade to .NET 10 before 10 November 2026 to remain on a supported version. Learn more about <a href=""https://learn.microsoft.com/azure/azure-functions/language-support-policy"" target=""_blank"">Azure Functions stack version</a> support.&nbsp;</p> <p><strong>Recommended action</strong>&nbsp;</p> <p>To avoid potential security vulnerabilities, minimize risk for your Azure Functions apps, and take advantage of latest features, you must take action based on your current configuration:&nbsp;</p> <p><strong>If your app is using the in-process model:</strong></p> <p><em> Migrate your app to the isolated worker model, then upgrade to .NET 10. For guidance, see:</em></p> <ul><li>&lt;<a href=""https://learn.microsoft.com/azure/azure-functions/migrate-dotnet-to-isolated-model?tabs=net8"" target=""_blank"">Migrate C# Apps from In-Process to Isolated Worker Model</a>&gt;</li><li>&lt;<a href=""https://learn.microsoft.com/azure/azure-functions/update-language-versions?tabs=azure-portal%2Cwindows&amp;pivots=programming-language-csharp"" target=""_blank"">Update Language Versions in Azure Functions</a>&gt;</li></ul> <p><strong>If your app is already using the isolated worker model:</strong></p> <p><em> Upgrade your app directly to .NET 10 by following </em></p> <p><em>·&nbsp;&nbsp;&nbsp;&nbsp;&nbsp;&nbsp;&nbsp;&lt;</em><a href=""https://learn.microsoft.com/azure/azure-functions/update-language-versions?tabs=azure-portal%2Cwindows&amp;pivots=programming-language-csharp"" target=""_blank"">Update Language Versions in Azure Functions</a>&gt;</p> <p>Complete all required upgrades<strong> </strong>and ensure your app has moved off the in-process model before <strong>10 November 2026</strong>.</p> <p><strong>Help and support</strong>&nbsp;</p> <p>If you have questions, get answers from community experts in <a href=""https://learn.microsoft.com/answers/tags/87/azure-functions"" target=""_blank"">Microsoft Q&amp;A.</a> If you have a support plan and need technical help, please follow our <a href=""https://learn.microsoft.com/azure/azure-portal/supportability/how-to-create-azure-support-request#open-a-support-request-from-the-global-header"" target=""_blank"">documentation</a> to create a support request.&nbsp;&nbsp;</p> <p><em>Learn more about service retirements that may impact your resources in the </em><a href=""https://aka.ms/ServicesRetirementWorkbook"" target=""_blank""><em>Azure Retirement Workbook</em></a><em>. Please note that retirements may not be visible in the workbook for up to two weeks after being announced.</em></p>"		2026-05-28T15:31:30Z	2027-11-28T15:31:30Z	2026-06-25T21:21:25Z	2026-11-10		germanywestcentral	e94b082d-f723-4380-85ec-7998a33e8ad0	not_available				false	not_needed	full	retirement_date_derived_from_text	"{""event_source"":""resource_health_events""}"
Azure Functions	UAT-FATTURAZIONE	azure-retirements-2721348d-5d3e-4374-adc4-06d277cdf144	2026-07-28	subscriptions	service_health_event_region	resource_health_events	Microsoft.ResourceHealth/events/0RYZ-CKZ	0RYZ-CKZ	0RYZ-CKZ	HealthAdvisory	Retirement	ServiceHealth	Warning	Warning	Active		End of support notice: Support for .NET 8 ends on 10 November 2026—upgrade your apps to .NET 10	End of support notice: Support for .NET 8 ends on 10 November 2026—upgrade your apps to .NET 10	"<p><em>You’re receiving this notification because you’re associated with one or more Azure subscriptions that use .NET 8 app(s) on Azure Functions. For reference, you can find this notification in the Azure portal under Service Health/</em><a href=""https://aka.ms/AzureServiceHealthAdvisories"" target=""_blank""><em>Health advisories</em></a><em> using tracking ID: 0RYZ-CKZ.</em>&nbsp;</p>"	"<p><em>You’re receiving this notification because you’re associated with one or more Azure subscriptions that use .NET 8 app(s) on Azure Functions. For reference, you can find this notification in the Azure portal under Service Health/</em><a href=""https://aka.ms/AzureServiceHealthAdvisories"" target=""_blank""><em>Health advisories</em></a><em> using tracking ID: 0RYZ-CKZ.</em>&nbsp;</p> <p>Support for <strong>.NET 8</strong> will end on <strong>10 November 2026</strong>. Please transition to <strong>.NET 10</strong> by that date.&nbsp;</p> <p>Your Azure Function Apps will continue to operate, but security updates will no longer be provided, and support for .NET 8 on Azure Functions will end. Running Function Apps on an unsupported runtime or language version might lead to security and performance issues.&nbsp;</p> <p>Upgrade to .NET 10 before 10 November 2026 to remain on a supported version. Learn more about <a href=""https://learn.microsoft.com/azure/azure-functions/language-support-policy"" target=""_blank"">Azure Functions stack version</a> support.&nbsp;</p> <p><strong>Recommended action</strong>&nbsp;</p> <p>To avoid potential security vulnerabilities, minimize risk for your Azure Functions apps, and take advantage of latest features, you must take action based on your current configuration:&nbsp;</p> <p><strong>If your app is using the in-process model:</strong></p> <p><em> Migrate your app to the isolated worker model, then upgrade to .NET 10. For guidance, see:</em></p> <ul><li>&lt;<a href=""https://learn.microsoft.com/azure/azure-functions/migrate-dotnet-to-isolated-model?tabs=net8"" target=""_blank"">Migrate C# Apps from In-Process to Isolated Worker Model</a>&gt;</li><li>&lt;<a href=""https://learn.microsoft.com/azure/azure-functions/update-language-versions?tabs=azure-portal%2Cwindows&amp;pivots=programming-language-csharp"" target=""_blank"">Update Language Versions in Azure Functions</a>&gt;</li></ul> <p><strong>If your app is already using the isolated worker model:</strong></p> <p><em> Upgrade your app directly to .NET 10 by following </em></p> <p><em>·&nbsp;&nbsp;&nbsp;&nbsp;&nbsp;&nbsp;&nbsp;&lt;</em><a href=""https://learn.microsoft.com/azure/azure-functions/update-language-versions?tabs=azure-portal%2Cwindows&amp;pivots=programming-language-csharp"" target=""_blank"">Update Language Versions in Azure Functions</a>&gt;</p> <p>Complete all required upgrades<strong> </strong>and ensure your app has moved off the in-process model before <strong>10 November 2026</strong>.</p> <p><strong>Help and support</strong>&nbsp;</p> <p>If you have questions, get answers from community experts in <a href=""https://learn.microsoft.com/answers/tags/87/azure-functions"" target=""_blank"">Microsoft Q&amp;A.</a> If you have a support plan and need technical help, please follow our <a href=""https://learn.microsoft.com/azure/azure-portal/supportability/how-to-create-azure-support-request#open-a-support-request-from-the-global-header"" target=""_blank"">documentation</a> to create a support request.&nbsp;&nbsp;</p> <p><em>Learn more about service retirements that may impact your resources in the </em><a href=""https://aka.ms/ServicesRetirementWorkbook"" target=""_blank""><em>Azure Retirement Workbook</em></a><em>. Please note that retirements may not be visible in the workbook for up to two weeks after being announced.</em></p>"		2026-05-28T15:31:30Z	2027-11-28T15:31:30Z	2026-06-25T21:21:25Z	2026-11-10		italynorth	e94b082d-f723-4380-85ec-7998a33e8ad0	not_available				false	not_needed	full	retirement_date_derived_from_text	"{""event_source"":""resource_health_events""}"
Azure Functions	UAT-FATTURAZIONE	azure-retirements-2721348d-5d3e-4374-adc4-06d277cdf144	2026-07-28	subscriptions	service_health_event_region	resource_health_events	Microsoft.ResourceHealth/events/0RYZ-CKZ	0RYZ-CKZ	0RYZ-CKZ	HealthAdvisory	Retirement	ServiceHealth	Warning	Warning	Active		End of support notice: Support for .NET 8 ends on 10 November 2026—upgrade your apps to .NET 10	End of support notice: Support for .NET 8 ends on 10 November 2026—upgrade your apps to .NET 10	"<p><em>You’re receiving this notification because you’re associated with one or more Azure subscriptions that use .NET 8 app(s) on Azure Functions. For reference, you can find this notification in the Azure portal under Service Health/</em><a href=""https://aka.ms/AzureServiceHealthAdvisories"" target=""_blank""><em>Health advisories</em></a><em> using tracking ID: 0RYZ-CKZ.</em>&nbsp;</p>"	"<p><em>You’re receiving this notification because you’re associated with one or more Azure subscriptions that use .NET 8 app(s) on Azure Functions. For reference, you can find this notification in the Azure portal under Service Health/</em><a href=""https://aka.ms/AzureServiceHealthAdvisories"" target=""_blank""><em>Health advisories</em></a><em> using tracking ID: 0RYZ-CKZ.</em>&nbsp;</p> <p>Support for <strong>.NET 8</strong> will end on <strong>10 November 2026</strong>. Please transition to <strong>.NET 10</strong> by that date.&nbsp;</p> <p>Your Azure Function Apps will continue to operate, but security updates will no longer be provided, and support for .NET 8 on Azure Functions will end. Running Function Apps on an unsupported runtime or language version might lead to security and performance issues.&nbsp;</p> <p>Upgrade to .NET 10 before 10 November 2026 to remain on a supported version. Learn more about <a href=""https://learn.microsoft.com/azure/azure-functions/language-support-policy"" target=""_blank"">Azure Functions stack version</a> support.&nbsp;</p> <p><strong>Recommended action</strong>&nbsp;</p> <p>To avoid potential security vulnerabilities, minimize risk for your Azure Functions apps, and take advantage of latest features, you must take action based on your current configuration:&nbsp;</p> <p><strong>If your app is using the in-process model:</strong></p> <p><em> Migrate your app to the isolated worker model, then upgrade to .NET 10. For guidance, see:</em></p> <ul><li>&lt;<a href=""https://learn.microsoft.com/azure/azure-functions/migrate-dotnet-to-isolated-model?tabs=net8"" target=""_blank"">Migrate C# Apps from In-Process to Isolated Worker Model</a>&gt;</li><li>&lt;<a href=""https://learn.microsoft.com/azure/azure-functions/update-language-versions?tabs=azure-portal%2Cwindows&amp;pivots=programming-language-csharp"" target=""_blank"">Update Language Versions in Azure Functions</a>&gt;</li></ul> <p><strong>If your app is already using the isolated worker model:</strong></p> <p><em> Upgrade your app directly to .NET 10 by following </em></p> <p><em>·&nbsp;&nbsp;&nbsp;&nbsp;&nbsp;&nbsp;&nbsp;&lt;</em><a href=""https://learn.microsoft.com/azure/azure-functions/update-language-versions?tabs=azure-portal%2Cwindows&amp;pivots=programming-language-csharp"" target=""_blank"">Update Language Versions in Azure Functions</a>&gt;</p> <p>Complete all required upgrades<strong> </strong>and ensure your app has moved off the in-process model before <strong>10 November 2026</strong>.</p> <p><strong>Help and support</strong>&nbsp;</p> <p>If you have questions, get answers from community experts in <a href=""https://learn.microsoft.com/answers/tags/87/azure-functions"" target=""_blank"">Microsoft Q&amp;A.</a> If you have a support plan and need technical help, please follow our <a href=""https://learn.microsoft.com/azure/azure-portal/supportability/how-to-create-azure-support-request#open-a-support-request-from-the-global-header"" target=""_blank"">documentation</a> to create a support request.&nbsp;&nbsp;</p> <p><em>Learn more about service retirements that may impact your resources in the </em><a href=""https://aka.ms/ServicesRetirementWorkbook"" target=""_blank""><em>Azure Retirement Workbook</em></a><em>. Please note that retirements may not be visible in the workbook for up to two weeks after being announced.</em></p>"		2026-05-28T15:31:30Z	2027-11-28T15:31:30Z	2026-06-25T21:21:25Z	2026-11-10		northeurope	e94b082d-f723-4380-85ec-7998a33e8ad0	not_available				false	not_needed	full	retirement_date_derived_from_text	"{""event_source"":""resource_health_events""}"
Azure Functions	UAT-FATTURAZIONE	azure-retirements-2721348d-5d3e-4374-adc4-06d277cdf144	2026-07-28	subscriptions	service_health_event_region	resource_health_events	Microsoft.ResourceHealth/events/0RYZ-CKZ	0RYZ-CKZ	0RYZ-CKZ	HealthAdvisory	Retirement	ServiceHealth	Warning	Warning	Active		End of support notice: Support for .NET 8 ends on 10 November 2026—upgrade your apps to .NET 10	End of support notice: Support for .NET 8 ends on 10 November 2026—upgrade your apps to .NET 10	"<p><em>You’re receiving this notification because you’re associated with one or more Azure subscriptions that use .NET 8 app(s) on Azure Functions. For reference, you can find this notification in the Azure portal under Service Health/</em><a href=""https://aka.ms/AzureServiceHealthAdvisories"" target=""_blank""><em>Health advisories</em></a><em> using tracking ID: 0RYZ-CKZ.</em>&nbsp;</p>"	"<p><em>You’re receiving this notification because you’re associated with one or more Azure subscriptions that use .NET 8 app(s) on Azure Functions. For reference, you can find this notification in the Azure portal under Service Health/</em><a href=""https://aka.ms/AzureServiceHealthAdvisories"" target=""_blank""><em>Health advisories</em></a><em> using tracking ID: 0RYZ-CKZ.</em>&nbsp;</p> <p>Support for <strong>.NET 8</strong> will end on <strong>10 November 2026</strong>. Please transition to <strong>.NET 10</strong> by that date.&nbsp;</p> <p>Your Azure Function Apps will continue to operate, but security updates will no longer be provided, and support for .NET 8 on Azure Functions will end. Running Function Apps on an unsupported runtime or language version might lead to security and performance issues.&nbsp;</p> <p>Upgrade to .NET 10 before 10 November 2026 to remain on a supported version. Learn more about <a href=""https://learn.microsoft.com/azure/azure-functions/language-support-policy"" target=""_blank"">Azure Functions stack version</a> support.&nbsp;</p> <p><strong>Recommended action</strong>&nbsp;</p> <p>To avoid potential security vulnerabilities, minimize risk for your Azure Functions apps, and take advantage of latest features, you must take action based on your current configuration:&nbsp;</p> <p><strong>If your app is using the in-process model:</strong></p> <p><em> Migrate your app to the isolated worker model, then upgrade to .NET 10. For guidance, see:</em></p> <ul><li>&lt;<a href=""https://learn.microsoft.com/azure/azure-functions/migrate-dotnet-to-isolated-model?tabs=net8"" target=""_blank"">Migrate C# Apps from In-Process to Isolated Worker Model</a>&gt;</li><li>&lt;<a href=""https://learn.microsoft.com/azure/azure-functions/update-language-versions?tabs=azure-portal%2Cwindows&amp;pivots=programming-language-csharp"" target=""_blank"">Update Language Versions in Azure Functions</a>&gt;</li></ul> <p><strong>If your app is already using the isolated worker model:</strong></p> <p><em> Upgrade your app directly to .NET 10 by following </em></p> <p><em>·&nbsp;&nbsp;&nbsp;&nbsp;&nbsp;&nbsp;&nbsp;&lt;</em><a href=""https://learn.microsoft.com/azure/azure-functions/update-language-versions?tabs=azure-portal%2Cwindows&amp;pivots=programming-language-csharp"" target=""_blank"">Update Language Versions in Azure Functions</a>&gt;</p> <p>Complete all required upgrades<strong> </strong>and ensure your app has moved off the in-process model before <strong>10 November 2026</strong>.</p> <p><strong>Help and support</strong>&nbsp;</p> <p>If you have questions, get answers from community experts in <a href=""https://learn.microsoft.com/answers/tags/87/azure-functions"" target=""_blank"">Microsoft Q&amp;A.</a> If you have a support plan and need technical help, please follow our <a href=""https://learn.microsoft.com/azure/azure-portal/supportability/how-to-create-azure-support-request#open-a-support-request-from-the-global-header"" target=""_blank"">documentation</a> to create a support request.&nbsp;&nbsp;</p> <p><em>Learn more about service retirements that may impact your resources in the </em><a href=""https://aka.ms/ServicesRetirementWorkbook"" target=""_blank""><em>Azure Retirement Workbook</em></a><em>. Please note that retirements may not be visible in the workbook for up to two weeks after being announced.</em></p>"		2026-05-28T15:31:30Z	2027-11-28T15:31:30Z	2026-06-25T21:21:25Z	2026-11-10		westeurope	e94b082d-f723-4380-85ec-7998a33e8ad0	not_available				false	not_needed	full	retirement_date_derived_from_text	"{""event_source"":""resource_health_events""}"
Storage Accounts	DEV-CRM	azure-retirements-2721348d-5d3e-4374-adc4-06d277cdf144	2026-07-28	subscriptions	service_health_event_region	resource_health_events	Microsoft.ResourceHealth/events/XTKT-BW8	XTKT-BW8	XTKT-BW8	HealthAdvisory	Retirement	ServiceHealth	Warning	Warning	Active		Action required: Migrate your legacy Azure general-purpose v1 account to a general-purpose v2 account	Action required: Migrate your legacy Azure general-purpose v1 account to a general-purpose v2 account	"<p><strong><em>You're receiving this notification because you're associated with one or more Azure subscriptions that have a GPv1 storage account. For reference, you can find this health advisory notification in the </em></strong><a href=""https://aka.ms/AzureServiceHealthAdvisories"" target=""_blank""><strong><em>Azure portal</em></strong></a><strong><em> using tracking ID: XTKT-BW8.</em></strong></p>"	"<p><strong><em>You're receiving this notification because you're associated with one or more Azure subscriptions that have a GPv1 storage account. For reference, you can find this health advisory notification in the </em></strong><a href=""https://aka.ms/AzureServiceHealthAdvisories"" target=""_blank""><strong><em>Azure portal</em></strong></a><strong><em> using tracking ID: XTKT-BW8.</em></strong></p> <p>From <strong>1 September 2026</strong> the creation of new GPv1 accounts will be blocked, the creation of GPv2 accounts will be unaffected.</p> <p>On 13 October 2026, we'll retire GPv1 storage accounts. To avoid disruptions, <a href=""https://learn.microsoft.com/azure/storage/common/storage-account-upgrade?tabs=azure-portal"" target=""_blank""><strong>migrate your GPv1 storage accounts to GPv2 accounts before that date</strong></a>. GPv2 accounts give you access to the latest Azure Storage features while providing improved performance and true zonal redundancy support.</p> <h2>Recommended action</h2> <p>To avoid service disruptions, <a href=""https://learn.microsoft.com/azure/storage/common/storage-account-upgrade?tabs=azure-portal"" target=""_blank""><strong>migrate your GPv1 storage accounts to GPv2 by 13 October 2026</strong></a>. To view your impacted resources in the Azure portal, go to the <a href=""https://portal.azure.com/#view/Microsoft_Azure_StorageHub/StorageHub.MenuView/~/StorageAccountsBrowse"" target=""_blank"">Storage Center </a>and look for <strong>Kind: Storage</strong>. For additional ways to access impacted resource information, see this <a href=""https://aka.ms/AzureRetirementImpactedResourcesChannels"" target=""_blank"">documentation</a>.</p> <p>Watch the recorded video and demo <a href=""https://aka.ms/GPv1RetirementLiveStream"" target=""_blank"">here</a>. Frequently asked questions are available in the <a href=""https://learn.microsoft.com/azure/storage/common/general-purpose-version-1-account-migration-frequently-asked-questions"" target=""_blank"">documentation.</a></p> <p><strong>For Azure Databricks managed storage accounts</strong>: If your workspace relies on a GPv1 storage account, you won't be able to migrate that account manually. As part of this retirement, <strong>Microsoft will schedule and complete a managed migration of affected accounts to GPv2 on your behalf</strong>; no action is required.</p> <p>Azure Databricks accounts will not be part of this migration and will be done separately. When Azure Databricks account migration is planned, notifications will be sent as appropriate.</p> <p>Any <strong>non-Azure Databricks accounts</strong> that use <strong>GPv1 </strong>will<strong> require manual migration.</strong></p> <p></p><h2>Automatic migration warning</h2><p>After 13 October 2026, all existing GPv1 storage accounts will be automatically migrated over to a GPv2 account, which may result in higher billing costs. Your decision not to migrate an existing GPv1 storage account will be construed as consent for Microsoft to migrate the account on your behalf.</p><h2>Help and support</h2><p>If you have questions, get answers from community experts in <a href=""https://learn.microsoft.com/answers/tags/125/azure-blob-storage"" target=""_blank"">Microsoft Q&amp;A.</a> If you have a support plan and need technical help, open the <a href=""https://portal.azure.com/#blade/Microsoft_Azure_Support/HelpAndSupportBlade/overview"" target=""_blank"">Azure portal</a> and select the question mark icon at the top of the page.</p><p></p>"		2025-09-30T00:00:00Z	2026-10-13T00:00:00Z	2026-07-16T14:11:45Z	2026-09-01		germanywestcentral	eabd491e-e8ad-4104-88a6-91bde355e497	not_available				false	not_needed	full	retirement_date_derived_from_text	"{""event_source"":""resource_health_events""}"
Storage Accounts	DEV-CRM	azure-retirements-2721348d-5d3e-4374-adc4-06d277cdf144	2026-07-28	subscriptions	service_health_event_region	resource_health_events	Microsoft.ResourceHealth/events/XTKT-BW8	XTKT-BW8	XTKT-BW8	HealthAdvisory	Retirement	ServiceHealth	Warning	Warning	Active		Action required: Migrate your legacy Azure general-purpose v1 account to a general-purpose v2 account	Action required: Migrate your legacy Azure general-purpose v1 account to a general-purpose v2 account	"<p><strong><em>You're receiving this notification because you're associated with one or more Azure subscriptions that have a GPv1 storage account. For reference, you can find this health advisory notification in the </em></strong><a href=""https://aka.ms/AzureServiceHealthAdvisories"" target=""_blank""><strong><em>Azure portal</em></strong></a><strong><em> using tracking ID: XTKT-BW8.</em></strong></p>"	"<p><strong><em>You're receiving this notification because you're associated with one or more Azure subscriptions that have a GPv1 storage account. For reference, you can find this health advisory notification in the </em></strong><a href=""https://aka.ms/AzureServiceHealthAdvisories"" target=""_blank""><strong><em>Azure portal</em></strong></a><strong><em> using tracking ID: XTKT-BW8.</em></strong></p> <p>From <strong>1 September 2026</strong> the creation of new GPv1 accounts will be blocked, the creation of GPv2 accounts will be unaffected.</p> <p>On 13 October 2026, we'll retire GPv1 storage accounts. To avoid disruptions, <a href=""https://learn.microsoft.com/azure/storage/common/storage-account-upgrade?tabs=azure-portal"" target=""_blank""><strong>migrate your GPv1 storage accounts to GPv2 accounts before that date</strong></a>. GPv2 accounts give you access to the latest Azure Storage features while providing improved performance and true zonal redundancy support.</p> <h2>Recommended action</h2> <p>To avoid service disruptions, <a href=""https://learn.microsoft.com/azure/storage/common/storage-account-upgrade?tabs=azure-portal"" target=""_blank""><strong>migrate your GPv1 storage accounts to GPv2 by 13 October 2026</strong></a>. To view your impacted resources in the Azure portal, go to the <a href=""https://portal.azure.com/#view/Microsoft_Azure_StorageHub/StorageHub.MenuView/~/StorageAccountsBrowse"" target=""_blank"">Storage Center </a>and look for <strong>Kind: Storage</strong>. For additional ways to access impacted resource information, see this <a href=""https://aka.ms/AzureRetirementImpactedResourcesChannels"" target=""_blank"">documentation</a>.</p> <p>Watch the recorded video and demo <a href=""https://aka.ms/GPv1RetirementLiveStream"" target=""_blank"">here</a>. Frequently asked questions are available in the <a href=""https://learn.microsoft.com/azure/storage/common/general-purpose-version-1-account-migration-frequently-asked-questions"" target=""_blank"">documentation.</a></p> <p><strong>For Azure Databricks managed storage accounts</strong>: If your workspace relies on a GPv1 storage account, you won't be able to migrate that account manually. As part of this retirement, <strong>Microsoft will schedule and complete a managed migration of affected accounts to GPv2 on your behalf</strong>; no action is required.</p> <p>Azure Databricks accounts will not be part of this migration and will be done separately. When Azure Databricks account migration is planned, notifications will be sent as appropriate.</p> <p>Any <strong>non-Azure Databricks accounts</strong> that use <strong>GPv1 </strong>will<strong> require manual migration.</strong></p> <p></p><h2>Automatic migration warning</h2><p>After 13 October 2026, all existing GPv1 storage accounts will be automatically migrated over to a GPv2 account, which may result in higher billing costs. Your decision not to migrate an existing GPv1 storage account will be construed as consent for Microsoft to migrate the account on your behalf.</p><h2>Help and support</h2><p>If you have questions, get answers from community experts in <a href=""https://learn.microsoft.com/answers/tags/125/azure-blob-storage"" target=""_blank"">Microsoft Q&amp;A.</a> If you have a support plan and need technical help, open the <a href=""https://portal.azure.com/#blade/Microsoft_Azure_Support/HelpAndSupportBlade/overview"" target=""_blank"">Azure portal</a> and select the question mark icon at the top of the page.</p><p></p>"		2025-09-30T00:00:00Z	2026-10-13T00:00:00Z	2026-07-16T14:11:45Z	2026-09-01		italynorth	eabd491e-e8ad-4104-88a6-91bde355e497	not_available				false	not_needed	full	retirement_date_derived_from_text	"{""event_source"":""resource_health_events""}"
Storage Accounts	DEV-CRM	azure-retirements-2721348d-5d3e-4374-adc4-06d277cdf144	2026-07-28	subscriptions	service_health_event_region	resource_health_events	Microsoft.ResourceHealth/events/XTKT-BW8	XTKT-BW8	XTKT-BW8	HealthAdvisory	Retirement	ServiceHealth	Warning	Warning	Active		Action required: Migrate your legacy Azure general-purpose v1 account to a general-purpose v2 account	Action required: Migrate your legacy Azure general-purpose v1 account to a general-purpose v2 account	"<p><strong><em>You're receiving this notification because you're associated with one or more Azure subscriptions that have a GPv1 storage account. For reference, you can find this health advisory notification in the </em></strong><a href=""https://aka.ms/AzureServiceHealthAdvisories"" target=""_blank""><strong><em>Azure portal</em></strong></a><strong><em> using tracking ID: XTKT-BW8.</em></strong></p>"	"<p><strong><em>You're receiving this notification because you're associated with one or more Azure subscriptions that have a GPv1 storage account. For reference, you can find this health advisory notification in the </em></strong><a href=""https://aka.ms/AzureServiceHealthAdvisories"" target=""_blank""><strong><em>Azure portal</em></strong></a><strong><em> using tracking ID: XTKT-BW8.</em></strong></p> <p>From <strong>1 September 2026</strong> the creation of new GPv1 accounts will be blocked, the creation of GPv2 accounts will be unaffected.</p> <p>On 13 October 2026, we'll retire GPv1 storage accounts. To avoid disruptions, <a href=""https://learn.microsoft.com/azure/storage/common/storage-account-upgrade?tabs=azure-portal"" target=""_blank""><strong>migrate your GPv1 storage accounts to GPv2 accounts before that date</strong></a>. GPv2 accounts give you access to the latest Azure Storage features while providing improved performance and true zonal redundancy support.</p> <h2>Recommended action</h2> <p>To avoid service disruptions, <a href=""https://learn.microsoft.com/azure/storage/common/storage-account-upgrade?tabs=azure-portal"" target=""_blank""><strong>migrate your GPv1 storage accounts to GPv2 by 13 October 2026</strong></a>. To view your impacted resources in the Azure portal, go to the <a href=""https://portal.azure.com/#view/Microsoft_Azure_StorageHub/StorageHub.MenuView/~/StorageAccountsBrowse"" target=""_blank"">Storage Center </a>and look for <strong>Kind: Storage</strong>. For additional ways to access impacted resource information, see this <a href=""https://aka.ms/AzureRetirementImpactedResourcesChannels"" target=""_blank"">documentation</a>.</p> <p>Watch the recorded video and demo <a href=""https://aka.ms/GPv1RetirementLiveStream"" target=""_blank"">here</a>. Frequently asked questions are available in the <a href=""https://learn.microsoft.com/azure/storage/common/general-purpose-version-1-account-migration-frequently-asked-questions"" target=""_blank"">documentation.</a></p> <p><strong>For Azure Databricks managed storage accounts</strong>: If your workspace relies on a GPv1 storage account, you won't be able to migrate that account manually. As part of this retirement, <strong>Microsoft will schedule and complete a managed migration of affected accounts to GPv2 on your behalf</strong>; no action is required.</p> <p>Azure Databricks accounts will not be part of this migration and will be done separately. When Azure Databricks account migration is planned, notifications will be sent as appropriate.</p> <p>Any <strong>non-Azure Databricks accounts</strong> that use <strong>GPv1 </strong>will<strong> require manual migration.</strong></p> <p></p><h2>Automatic migration warning</h2><p>After 13 October 2026, all existing GPv1 storage accounts will be automatically migrated over to a GPv2 account, which may result in higher billing costs. Your decision not to migrate an existing GPv1 storage account will be construed as consent for Microsoft to migrate the account on your behalf.</p><h2>Help and support</h2><p>If you have questions, get answers from community experts in <a href=""https://learn.microsoft.com/answers/tags/125/azure-blob-storage"" target=""_blank"">Microsoft Q&amp;A.</a> If you have a support plan and need technical help, open the <a href=""https://portal.azure.com/#blade/Microsoft_Azure_Support/HelpAndSupportBlade/overview"" target=""_blank"">Azure portal</a> and select the question mark icon at the top of the page.</p><p></p>"		2025-09-30T00:00:00Z	2026-10-13T00:00:00Z	2026-07-16T14:11:45Z	2026-09-01		northeurope	eabd491e-e8ad-4104-88a6-91bde355e497	not_available				false	not_needed	full	retirement_date_derived_from_text	"{""event_source"":""resource_health_events""}"
Storage Accounts	DEV-CRM	azure-retirements-2721348d-5d3e-4374-adc4-06d277cdf144	2026-07-28	subscriptions	service_health_event_region	resource_health_events	Microsoft.ResourceHealth/events/XTKT-BW8	XTKT-BW8	XTKT-BW8	HealthAdvisory	Retirement	ServiceHealth	Warning	Warning	Active		Action required: Migrate your legacy Azure general-purpose v1 account to a general-purpose v2 account	Action required: Migrate your legacy Azure general-purpose v1 account to a general-purpose v2 account	"<p><strong><em>You're receiving this notification because you're associated with one or more Azure subscriptions that have a GPv1 storage account. For reference, you can find this health advisory notification in the </em></strong><a href=""https://aka.ms/AzureServiceHealthAdvisories"" target=""_blank""><strong><em>Azure portal</em></strong></a><strong><em> using tracking ID: XTKT-BW8.</em></strong></p>"	"<p><strong><em>You're receiving this notification because you're associated with one or more Azure subscriptions that have a GPv1 storage account. For reference, you can find this health advisory notification in the </em></strong><a href=""https://aka.ms/AzureServiceHealthAdvisories"" target=""_blank""><strong><em>Azure portal</em></strong></a><strong><em> using tracking ID: XTKT-BW8.</em></strong></p> <p>From <strong>1 September 2026</strong> the creation of new GPv1 accounts will be blocked, the creation of GPv2 accounts will be unaffected.</p> <p>On 13 October 2026, we'll retire GPv1 storage accounts. To avoid disruptions, <a href=""https://learn.microsoft.com/azure/storage/common/storage-account-upgrade?tabs=azure-portal"" target=""_blank""><strong>migrate your GPv1 storage accounts to GPv2 accounts before that date</strong></a>. GPv2 accounts give you access to the latest Azure Storage features while providing improved performance and true zonal redundancy support.</p> <h2>Recommended action</h2> <p>To avoid service disruptions, <a href=""https://learn.microsoft.com/azure/storage/common/storage-account-upgrade?tabs=azure-portal"" target=""_blank""><strong>migrate your GPv1 storage accounts to GPv2 by 13 October 2026</strong></a>. To view your impacted resources in the Azure portal, go to the <a href=""https://portal.azure.com/#view/Microsoft_Azure_StorageHub/StorageHub.MenuView/~/StorageAccountsBrowse"" target=""_blank"">Storage Center </a>and look for <strong>Kind: Storage</strong>. For additional ways to access impacted resource information, see this <a href=""https://aka.ms/AzureRetirementImpactedResourcesChannels"" target=""_blank"">documentation</a>.</p> <p>Watch the recorded video and demo <a href=""https://aka.ms/GPv1RetirementLiveStream"" target=""_blank"">here</a>. Frequently asked questions are available in the <a href=""https://learn.microsoft.com/azure/storage/common/general-purpose-version-1-account-migration-frequently-asked-questions"" target=""_blank"">documentation.</a></p> <p><strong>For Azure Databricks managed storage accounts</strong>: If your workspace relies on a GPv1 storage account, you won't be able to migrate that account manually. As part of this retirement, <strong>Microsoft will schedule and complete a managed migration of affected accounts to GPv2 on your behalf</strong>; no action is required.</p> <p>Azure Databricks accounts will not be part of this migration and will be done separately. When Azure Databricks account migration is planned, notifications will be sent as appropriate.</p> <p>Any <strong>non-Azure Databricks accounts</strong> that use <strong>GPv1 </strong>will<strong> require manual migration.</strong></p> <p></p><h2>Automatic migration warning</h2><p>After 13 October 2026, all existing GPv1 storage accounts will be automatically migrated over to a GPv2 account, which may result in higher billing costs. Your decision not to migrate an existing GPv1 storage account will be construed as consent for Microsoft to migrate the account on your behalf.</p><h2>Help and support</h2><p>If you have questions, get answers from community experts in <a href=""https://learn.microsoft.com/answers/tags/125/azure-blob-storage"" target=""_blank"">Microsoft Q&amp;A.</a> If you have a support plan and need technical help, open the <a href=""https://portal.azure.com/#blade/Microsoft_Azure_Support/HelpAndSupportBlade/overview"" target=""_blank"">Azure portal</a> and select the question mark icon at the top of the page.</p><p></p>"		2025-09-30T00:00:00Z	2026-10-13T00:00:00Z	2026-07-16T14:11:45Z	2026-09-01		spaincentral	eabd491e-e8ad-4104-88a6-91bde355e497	not_available				false	not_needed	full	retirement_date_derived_from_text	"{""event_source"":""resource_health_events""}"
Storage Accounts	DEV-CRM	azure-retirements-2721348d-5d3e-4374-adc4-06d277cdf144	2026-07-28	subscriptions	service_health_event_region	resource_health_events	Microsoft.ResourceHealth/events/XTKT-BW8	XTKT-BW8	XTKT-BW8	HealthAdvisory	Retirement	ServiceHealth	Warning	Warning	Active		Action required: Migrate your legacy Azure general-purpose v1 account to a general-purpose v2 account	Action required: Migrate your legacy Azure general-purpose v1 account to a general-purpose v2 account	"<p><strong><em>You're receiving this notification because you're associated with one or more Azure subscriptions that have a GPv1 storage account. For reference, you can find this health advisory notification in the </em></strong><a href=""https://aka.ms/AzureServiceHealthAdvisories"" target=""_blank""><strong><em>Azure portal</em></strong></a><strong><em> using tracking ID: XTKT-BW8.</em></strong></p>"	"<p><strong><em>You're receiving this notification because you're associated with one or more Azure subscriptions that have a GPv1 storage account. For reference, you can find this health advisory notification in the </em></strong><a href=""https://aka.ms/AzureServiceHealthAdvisories"" target=""_blank""><strong><em>Azure portal</em></strong></a><strong><em> using tracking ID: XTKT-BW8.</em></strong></p> <p>From <strong>1 September 2026</strong> the creation of new GPv1 accounts will be blocked, the creation of GPv2 accounts will be unaffected.</p> <p>On 13 October 2026, we'll retire GPv1 storage accounts. To avoid disruptions, <a href=""https://learn.microsoft.com/azure/storage/common/storage-account-upgrade?tabs=azure-portal"" target=""_blank""><strong>migrate your GPv1 storage accounts to GPv2 accounts before that date</strong></a>. GPv2 accounts give you access to the latest Azure Storage features while providing improved performance and true zonal redundancy support.</p> <h2>Recommended action</h2> <p>To avoid service disruptions, <a href=""https://learn.microsoft.com/azure/storage/common/storage-account-upgrade?tabs=azure-portal"" target=""_blank""><strong>migrate your GPv1 storage accounts to GPv2 by 13 October 2026</strong></a>. To view your impacted resources in the Azure portal, go to the <a href=""https://portal.azure.com/#view/Microsoft_Azure_StorageHub/StorageHub.MenuView/~/StorageAccountsBrowse"" target=""_blank"">Storage Center </a>and look for <strong>Kind: Storage</strong>. For additional ways to access impacted resource information, see this <a href=""https://aka.ms/AzureRetirementImpactedResourcesChannels"" target=""_blank"">documentation</a>.</p> <p>Watch the recorded video and demo <a href=""https://aka.ms/GPv1RetirementLiveStream"" target=""_blank"">here</a>. Frequently asked questions are available in the <a href=""https://learn.microsoft.com/azure/storage/common/general-purpose-version-1-account-migration-frequently-asked-questions"" target=""_blank"">documentation.</a></p> <p><strong>For Azure Databricks managed storage accounts</strong>: If your workspace relies on a GPv1 storage account, you won't be able to migrate that account manually. As part of this retirement, <strong>Microsoft will schedule and complete a managed migration of affected accounts to GPv2 on your behalf</strong>; no action is required.</p> <p>Azure Databricks accounts will not be part of this migration and will be done separately. When Azure Databricks account migration is planned, notifications will be sent as appropriate.</p> <p>Any <strong>non-Azure Databricks accounts</strong> that use <strong>GPv1 </strong>will<strong> require manual migration.</strong></p> <p></p><h2>Automatic migration warning</h2><p>After 13 October 2026, all existing GPv1 storage accounts will be automatically migrated over to a GPv2 account, which may result in higher billing costs. Your decision not to migrate an existing GPv1 storage account will be construed as consent for Microsoft to migrate the account on your behalf.</p><h2>Help and support</h2><p>If you have questions, get answers from community experts in <a href=""https://learn.microsoft.com/answers/tags/125/azure-blob-storage"" target=""_blank"">Microsoft Q&amp;A.</a> If you have a support plan and need technical help, open the <a href=""https://portal.azure.com/#blade/Microsoft_Azure_Support/HelpAndSupportBlade/overview"" target=""_blank"">Azure portal</a> and select the question mark icon at the top of the page.</p><p></p>"		2025-09-30T00:00:00Z	2026-10-13T00:00:00Z	2026-07-16T14:11:45Z	2026-09-01		westeurope	eabd491e-e8ad-4104-88a6-91bde355e497	not_available				false	not_needed	full	retirement_date_derived_from_text	"{""event_source"":""resource_health_events""}"
Storage Accounts	DEV-CRM	azure-retirements-2721348d-5d3e-4374-adc4-06d277cdf144	2026-07-28	subscriptions	service_health_event_region	resource_health_events	Microsoft.ResourceHealth/events/XTKT-BW8	XTKT-BW8	XTKT-BW8	HealthAdvisory	Retirement	ServiceHealth	Warning	Warning	Active		Action required: Migrate your legacy Azure general-purpose v1 account to a general-purpose v2 account	Action required: Migrate your legacy Azure general-purpose v1 account to a general-purpose v2 account	"<p><strong><em>You're receiving this notification because you're associated with one or more Azure subscriptions that have a GPv1 storage account. For reference, you can find this health advisory notification in the </em></strong><a href=""https://aka.ms/AzureServiceHealthAdvisories"" target=""_blank""><strong><em>Azure portal</em></strong></a><strong><em> using tracking ID: XTKT-BW8.</em></strong></p>"	"<p><strong><em>You're receiving this notification because you're associated with one or more Azure subscriptions that have a GPv1 storage account. For reference, you can find this health advisory notification in the </em></strong><a href=""https://aka.ms/AzureServiceHealthAdvisories"" target=""_blank""><strong><em>Azure portal</em></strong></a><strong><em> using tracking ID: XTKT-BW8.</em></strong></p> <p>From <strong>1 September 2026</strong> the creation of new GPv1 accounts will be blocked, the creation of GPv2 accounts will be unaffected.</p> <p>On 13 October 2026, we'll retire GPv1 storage accounts. To avoid disruptions, <a href=""https://learn.microsoft.com/azure/storage/common/storage-account-upgrade?tabs=azure-portal"" target=""_blank""><strong>migrate your GPv1 storage accounts to GPv2 accounts before that date</strong></a>. GPv2 accounts give you access to the latest Azure Storage features while providing improved performance and true zonal redundancy support.</p> <h2>Recommended action</h2> <p>To avoid service disruptions, <a href=""https://learn.microsoft.com/azure/storage/common/storage-account-upgrade?tabs=azure-portal"" target=""_blank""><strong>migrate your GPv1 storage accounts to GPv2 by 13 October 2026</strong></a>. To view your impacted resources in the Azure portal, go to the <a href=""https://portal.azure.com/#view/Microsoft_Azure_StorageHub/StorageHub.MenuView/~/StorageAccountsBrowse"" target=""_blank"">Storage Center </a>and look for <strong>Kind: Storage</strong>. For additional ways to access impacted resource information, see this <a href=""https://aka.ms/AzureRetirementImpactedResourcesChannels"" target=""_blank"">documentation</a>.</p> <p>Watch the recorded video and demo <a href=""https://aka.ms/GPv1RetirementLiveStream"" target=""_blank"">here</a>. Frequently asked questions are available in the <a href=""https://learn.microsoft.com/azure/storage/common/general-purpose-version-1-account-migration-frequently-asked-questions"" target=""_blank"">documentation.</a></p> <p><strong>For Azure Databricks managed storage accounts</strong>: If your workspace relies on a GPv1 storage account, you won't be able to migrate that account manually. As part of this retirement, <strong>Microsoft will schedule and complete a managed migration of affected accounts to GPv2 on your behalf</strong>; no action is required.</p> <p>Azure Databricks accounts will not be part of this migration and will be done separately. When Azure Databricks account migration is planned, notifications will be sent as appropriate.</p> <p>Any <strong>non-Azure Databricks accounts</strong> that use <strong>GPv1 </strong>will<strong> require manual migration.</strong></p> <p></p><h2>Automatic migration warning</h2><p>After 13 October 2026, all existing GPv1 storage accounts will be automatically migrated over to a GPv2 account, which may result in higher billing costs. Your decision not to migrate an existing GPv1 storage account will be construed as consent for Microsoft to migrate the account on your behalf.</p><h2>Help and support</h2><p>If you have questions, get answers from community experts in <a href=""https://learn.microsoft.com/answers/tags/125/azure-blob-storage"" target=""_blank"">Microsoft Q&amp;A.</a> If you have a support plan and need technical help, open the <a href=""https://portal.azure.com/#blade/Microsoft_Azure_Support/HelpAndSupportBlade/overview"" target=""_blank"">Azure portal</a> and select the question mark icon at the top of the page.</p><p></p>"		2025-09-30T00:00:00Z	2026-10-13T00:00:00Z	2026-07-16T14:11:45Z	2026-09-01		global	eabd491e-e8ad-4104-88a6-91bde355e497	not_available				false	not_needed	full	retirement_date_derived_from_text	"{""event_source"":""resource_health_events""}"
Storage Accounts	PROD-IO	azure-retirements-2721348d-5d3e-4374-adc4-06d277cdf144	2026-07-28	subscriptions	service_health_event_region	resource_health_events	Microsoft.ResourceHealth/events/XTKT-BW8	XTKT-BW8	XTKT-BW8	HealthAdvisory	Retirement	ServiceHealth	Warning	Warning	Active		Action required: Migrate your legacy Azure general-purpose v1 account to a general-purpose v2 account	Action required: Migrate your legacy Azure general-purpose v1 account to a general-purpose v2 account	"<p><strong><em>You're receiving this notification because you're associated with one or more Azure subscriptions that have a GPv1 storage account. For reference, you can find this health advisory notification in the </em></strong><a href=""https://aka.ms/AzureServiceHealthAdvisories"" target=""_blank""><strong><em>Azure portal</em></strong></a><strong><em> using tracking ID: XTKT-BW8.</em></strong></p>"	"<p><strong><em>You're receiving this notification because you're associated with one or more Azure subscriptions that have a GPv1 storage account. For reference, you can find this health advisory notification in the </em></strong><a href=""https://aka.ms/AzureServiceHealthAdvisories"" target=""_blank""><strong><em>Azure portal</em></strong></a><strong><em> using tracking ID: XTKT-BW8.</em></strong></p> <p>From <strong>1 September 2026</strong> the creation of new GPv1 accounts will be blocked, the creation of GPv2 accounts will be unaffected.</p> <p>On 13 October 2026, we'll retire GPv1 storage accounts. To avoid disruptions, <a href=""https://learn.microsoft.com/azure/storage/common/storage-account-upgrade?tabs=azure-portal"" target=""_blank""><strong>migrate your GPv1 storage accounts to GPv2 accounts before that date</strong></a>. GPv2 accounts give you access to the latest Azure Storage features while providing improved performance and true zonal redundancy support.</p> <h2>Recommended action</h2> <p>To avoid service disruptions, <a href=""https://learn.microsoft.com/azure/storage/common/storage-account-upgrade?tabs=azure-portal"" target=""_blank""><strong>migrate your GPv1 storage accounts to GPv2 by 13 October 2026</strong></a>. To view your impacted resources in the Azure portal, go to the <a href=""https://portal.azure.com/#view/Microsoft_Azure_StorageHub/StorageHub.MenuView/~/StorageAccountsBrowse"" target=""_blank"">Storage Center </a>and look for <strong>Kind: Storage</strong>. For additional ways to access impacted resource information, see this <a href=""https://aka.ms/AzureRetirementImpactedResourcesChannels"" target=""_blank"">documentation</a>.</p> <p>Watch the recorded video and demo <a href=""https://aka.ms/GPv1RetirementLiveStream"" target=""_blank"">here</a>. Frequently asked questions are available in the <a href=""https://learn.microsoft.com/azure/storage/common/general-purpose-version-1-account-migration-frequently-asked-questions"" target=""_blank"">documentation.</a></p> <p><strong>For Azure Databricks managed storage accounts</strong>: If your workspace relies on a GPv1 storage account, you won't be able to migrate that account manually. As part of this retirement, <strong>Microsoft will schedule and complete a managed migration of affected accounts to GPv2 on your behalf</strong>; no action is required.</p> <p>Azure Databricks accounts will not be part of this migration and will be done separately. When Azure Databricks account migration is planned, notifications will be sent as appropriate.</p> <p>Any <strong>non-Azure Databricks accounts</strong> that use <strong>GPv1 </strong>will<strong> require manual migration.</strong></p> <p></p><h2>Automatic migration warning</h2><p>After 13 October 2026, all existing GPv1 storage accounts will be automatically migrated over to a GPv2 account, which may result in higher billing costs. Your decision not to migrate an existing GPv1 storage account will be construed as consent for Microsoft to migrate the account on your behalf.</p><h2>Help and support</h2><p>If you have questions, get answers from community experts in <a href=""https://learn.microsoft.com/answers/tags/125/azure-blob-storage"" target=""_blank"">Microsoft Q&amp;A.</a> If you have a support plan and need technical help, open the <a href=""https://portal.azure.com/#blade/Microsoft_Azure_Support/HelpAndSupportBlade/overview"" target=""_blank"">Azure portal</a> and select the question mark icon at the top of the page.</p><p></p>"		2025-09-30T00:00:00Z	2026-10-13T00:00:00Z	2026-07-16T14:11:44Z	2026-09-01		germanywestcentral	ec285037-c673-4f58-b594-d7c480da4e8b	not_available				false	not_needed	full	retirement_date_derived_from_text	"{""event_source"":""resource_health_events""}"
Storage Accounts	PROD-IO	azure-retirements-2721348d-5d3e-4374-adc4-06d277cdf144	2026-07-28	subscriptions	service_health_event_region	resource_health_events	Microsoft.ResourceHealth/events/XTKT-BW8	XTKT-BW8	XTKT-BW8	HealthAdvisory	Retirement	ServiceHealth	Warning	Warning	Active		Action required: Migrate your legacy Azure general-purpose v1 account to a general-purpose v2 account	Action required: Migrate your legacy Azure general-purpose v1 account to a general-purpose v2 account	"<p><strong><em>You're receiving this notification because you're associated with one or more Azure subscriptions that have a GPv1 storage account. For reference, you can find this health advisory notification in the </em></strong><a href=""https://aka.ms/AzureServiceHealthAdvisories"" target=""_blank""><strong><em>Azure portal</em></strong></a><strong><em> using tracking ID: XTKT-BW8.</em></strong></p>"	"<p><strong><em>You're receiving this notification because you're associated with one or more Azure subscriptions that have a GPv1 storage account. For reference, you can find this health advisory notification in the </em></strong><a href=""https://aka.ms/AzureServiceHealthAdvisories"" target=""_blank""><strong><em>Azure portal</em></strong></a><strong><em> using tracking ID: XTKT-BW8.</em></strong></p> <p>From <strong>1 September 2026</strong> the creation of new GPv1 accounts will be blocked, the creation of GPv2 accounts will be unaffected.</p> <p>On 13 October 2026, we'll retire GPv1 storage accounts. To avoid disruptions, <a href=""https://learn.microsoft.com/azure/storage/common/storage-account-upgrade?tabs=azure-portal"" target=""_blank""><strong>migrate your GPv1 storage accounts to GPv2 accounts before that date</strong></a>. GPv2 accounts give you access to the latest Azure Storage features while providing improved performance and true zonal redundancy support.</p> <h2>Recommended action</h2> <p>To avoid service disruptions, <a href=""https://learn.microsoft.com/azure/storage/common/storage-account-upgrade?tabs=azure-portal"" target=""_blank""><strong>migrate your GPv1 storage accounts to GPv2 by 13 October 2026</strong></a>. To view your impacted resources in the Azure portal, go to the <a href=""https://portal.azure.com/#view/Microsoft_Azure_StorageHub/StorageHub.MenuView/~/StorageAccountsBrowse"" target=""_blank"">Storage Center </a>and look for <strong>Kind: Storage</strong>. For additional ways to access impacted resource information, see this <a href=""https://aka.ms/AzureRetirementImpactedResourcesChannels"" target=""_blank"">documentation</a>.</p> <p>Watch the recorded video and demo <a href=""https://aka.ms/GPv1RetirementLiveStream"" target=""_blank"">here</a>. Frequently asked questions are available in the <a href=""https://learn.microsoft.com/azure/storage/common/general-purpose-version-1-account-migration-frequently-asked-questions"" target=""_blank"">documentation.</a></p> <p><strong>For Azure Databricks managed storage accounts</strong>: If your workspace relies on a GPv1 storage account, you won't be able to migrate that account manually. As part of this retirement, <strong>Microsoft will schedule and complete a managed migration of affected accounts to GPv2 on your behalf</strong>; no action is required.</p> <p>Azure Databricks accounts will not be part of this migration and will be done separately. When Azure Databricks account migration is planned, notifications will be sent as appropriate.</p> <p>Any <strong>non-Azure Databricks accounts</strong> that use <strong>GPv1 </strong>will<strong> require manual migration.</strong></p> <p></p><h2>Automatic migration warning</h2><p>After 13 October 2026, all existing GPv1 storage accounts will be automatically migrated over to a GPv2 account, which may result in higher billing costs. Your decision not to migrate an existing GPv1 storage account will be construed as consent for Microsoft to migrate the account on your behalf.</p><h2>Help and support</h2><p>If you have questions, get answers from community experts in <a href=""https://learn.microsoft.com/answers/tags/125/azure-blob-storage"" target=""_blank"">Microsoft Q&amp;A.</a> If you have a support plan and need technical help, open the <a href=""https://portal.azure.com/#blade/Microsoft_Azure_Support/HelpAndSupportBlade/overview"" target=""_blank"">Azure portal</a> and select the question mark icon at the top of the page.</p><p></p>"		2025-09-30T00:00:00Z	2026-10-13T00:00:00Z	2026-07-16T14:11:44Z	2026-09-01		italynorth	ec285037-c673-4f58-b594-d7c480da4e8b	not_available				false	not_needed	full	retirement_date_derived_from_text	"{""event_source"":""resource_health_events""}"
Storage Accounts	PROD-IO	azure-retirements-2721348d-5d3e-4374-adc4-06d277cdf144	2026-07-28	subscriptions	service_health_event_region	resource_health_events	Microsoft.ResourceHealth/events/XTKT-BW8	XTKT-BW8	XTKT-BW8	HealthAdvisory	Retirement	ServiceHealth	Warning	Warning	Active		Action required: Migrate your legacy Azure general-purpose v1 account to a general-purpose v2 account	Action required: Migrate your legacy Azure general-purpose v1 account to a general-purpose v2 account	"<p><strong><em>You're receiving this notification because you're associated with one or more Azure subscriptions that have a GPv1 storage account. For reference, you can find this health advisory notification in the </em></strong><a href=""https://aka.ms/AzureServiceHealthAdvisories"" target=""_blank""><strong><em>Azure portal</em></strong></a><strong><em> using tracking ID: XTKT-BW8.</em></strong></p>"	"<p><strong><em>You're receiving this notification because you're associated with one or more Azure subscriptions that have a GPv1 storage account. For reference, you can find this health advisory notification in the </em></strong><a href=""https://aka.ms/AzureServiceHealthAdvisories"" target=""_blank""><strong><em>Azure portal</em></strong></a><strong><em> using tracking ID: XTKT-BW8.</em></strong></p> <p>From <strong>1 September 2026</strong> the creation of new GPv1 accounts will be blocked, the creation of GPv2 accounts will be unaffected.</p> <p>On 13 October 2026, we'll retire GPv1 storage accounts. To avoid disruptions, <a href=""https://learn.microsoft.com/azure/storage/common/storage-account-upgrade?tabs=azure-portal"" target=""_blank""><strong>migrate your GPv1 storage accounts to GPv2 accounts before that date</strong></a>. GPv2 accounts give you access to the latest Azure Storage features while providing improved performance and true zonal redundancy support.</p> <h2>Recommended action</h2> <p>To avoid service disruptions, <a href=""https://learn.microsoft.com/azure/storage/common/storage-account-upgrade?tabs=azure-portal"" target=""_blank""><strong>migrate your GPv1 storage accounts to GPv2 by 13 October 2026</strong></a>. To view your impacted resources in the Azure portal, go to the <a href=""https://portal.azure.com/#view/Microsoft_Azure_StorageHub/StorageHub.MenuView/~/StorageAccountsBrowse"" target=""_blank"">Storage Center </a>and look for <strong>Kind: Storage</strong>. For additional ways to access impacted resource information, see this <a href=""https://aka.ms/AzureRetirementImpactedResourcesChannels"" target=""_blank"">documentation</a>.</p> <p>Watch the recorded video and demo <a href=""https://aka.ms/GPv1RetirementLiveStream"" target=""_blank"">here</a>. Frequently asked questions are available in the <a href=""https://learn.microsoft.com/azure/storage/common/general-purpose-version-1-account-migration-frequently-asked-questions"" target=""_blank"">documentation.</a></p> <p><strong>For Azure Databricks managed storage accounts</strong>: If your workspace relies on a GPv1 storage account, you won't be able to migrate that account manually. As part of this retirement, <strong>Microsoft will schedule and complete a managed migration of affected accounts to GPv2 on your behalf</strong>; no action is required.</p> <p>Azure Databricks accounts will not be part of this migration and will be done separately. When Azure Databricks account migration is planned, notifications will be sent as appropriate.</p> <p>Any <strong>non-Azure Databricks accounts</strong> that use <strong>GPv1 </strong>will<strong> require manual migration.</strong></p> <p></p><h2>Automatic migration warning</h2><p>After 13 October 2026, all existing GPv1 storage accounts will be automatically migrated over to a GPv2 account, which may result in higher billing costs. Your decision not to migrate an existing GPv1 storage account will be construed as consent for Microsoft to migrate the account on your behalf.</p><h2>Help and support</h2><p>If you have questions, get answers from community experts in <a href=""https://learn.microsoft.com/answers/tags/125/azure-blob-storage"" target=""_blank"">Microsoft Q&amp;A.</a> If you have a support plan and need technical help, open the <a href=""https://portal.azure.com/#blade/Microsoft_Azure_Support/HelpAndSupportBlade/overview"" target=""_blank"">Azure portal</a> and select the question mark icon at the top of the page.</p><p></p>"		2025-09-30T00:00:00Z	2026-10-13T00:00:00Z	2026-07-16T14:11:44Z	2026-09-01		northeurope	ec285037-c673-4f58-b594-d7c480da4e8b	not_available				false	not_needed	full	retirement_date_derived_from_text	"{""event_source"":""resource_health_events""}"
Storage Accounts	PROD-IO	azure-retirements-2721348d-5d3e-4374-adc4-06d277cdf144	2026-07-28	subscriptions	service_health_event_region	resource_health_events	Microsoft.ResourceHealth/events/XTKT-BW8	XTKT-BW8	XTKT-BW8	HealthAdvisory	Retirement	ServiceHealth	Warning	Warning	Active		Action required: Migrate your legacy Azure general-purpose v1 account to a general-purpose v2 account	Action required: Migrate your legacy Azure general-purpose v1 account to a general-purpose v2 account	"<p><strong><em>You're receiving this notification because you're associated with one or more Azure subscriptions that have a GPv1 storage account. For reference, you can find this health advisory notification in the </em></strong><a href=""https://aka.ms/AzureServiceHealthAdvisories"" target=""_blank""><strong><em>Azure portal</em></strong></a><strong><em> using tracking ID: XTKT-BW8.</em></strong></p>"	"<p><strong><em>You're receiving this notification because you're associated with one or more Azure subscriptions that have a GPv1 storage account. For reference, you can find this health advisory notification in the </em></strong><a href=""https://aka.ms/AzureServiceHealthAdvisories"" target=""_blank""><strong><em>Azure portal</em></strong></a><strong><em> using tracking ID: XTKT-BW8.</em></strong></p> <p>From <strong>1 September 2026</strong> the creation of new GPv1 accounts will be blocked, the creation of GPv2 accounts will be unaffected.</p> <p>On 13 October 2026, we'll retire GPv1 storage accounts. To avoid disruptions, <a href=""https://learn.microsoft.com/azure/storage/common/storage-account-upgrade?tabs=azure-portal"" target=""_blank""><strong>migrate your GPv1 storage accounts to GPv2 accounts before that date</strong></a>. GPv2 accounts give you access to the latest Azure Storage features while providing improved performance and true zonal redundancy support.</p> <h2>Recommended action</h2> <p>To avoid service disruptions, <a href=""https://learn.microsoft.com/azure/storage/common/storage-account-upgrade?tabs=azure-portal"" target=""_blank""><strong>migrate your GPv1 storage accounts to GPv2 by 13 October 2026</strong></a>. To view your impacted resources in the Azure portal, go to the <a href=""https://portal.azure.com/#view/Microsoft_Azure_StorageHub/StorageHub.MenuView/~/StorageAccountsBrowse"" target=""_blank"">Storage Center </a>and look for <strong>Kind: Storage</strong>. For additional ways to access impacted resource information, see this <a href=""https://aka.ms/AzureRetirementImpactedResourcesChannels"" target=""_blank"">documentation</a>.</p> <p>Watch the recorded video and demo <a href=""https://aka.ms/GPv1RetirementLiveStream"" target=""_blank"">here</a>. Frequently asked questions are available in the <a href=""https://learn.microsoft.com/azure/storage/common/general-purpose-version-1-account-migration-frequently-asked-questions"" target=""_blank"">documentation.</a></p> <p><strong>For Azure Databricks managed storage accounts</strong>: If your workspace relies on a GPv1 storage account, you won't be able to migrate that account manually. As part of this retirement, <strong>Microsoft will schedule and complete a managed migration of affected accounts to GPv2 on your behalf</strong>; no action is required.</p> <p>Azure Databricks accounts will not be part of this migration and will be done separately. When Azure Databricks account migration is planned, notifications will be sent as appropriate.</p> <p>Any <strong>non-Azure Databricks accounts</strong> that use <strong>GPv1 </strong>will<strong> require manual migration.</strong></p> <p></p><h2>Automatic migration warning</h2><p>After 13 October 2026, all existing GPv1 storage accounts will be automatically migrated over to a GPv2 account, which may result in higher billing costs. Your decision not to migrate an existing GPv1 storage account will be construed as consent for Microsoft to migrate the account on your behalf.</p><h2>Help and support</h2><p>If you have questions, get answers from community experts in <a href=""https://learn.microsoft.com/answers/tags/125/azure-blob-storage"" target=""_blank"">Microsoft Q&amp;A.</a> If you have a support plan and need technical help, open the <a href=""https://portal.azure.com/#blade/Microsoft_Azure_Support/HelpAndSupportBlade/overview"" target=""_blank"">Azure portal</a> and select the question mark icon at the top of the page.</p><p></p>"		2025-09-30T00:00:00Z	2026-10-13T00:00:00Z	2026-07-16T14:11:44Z	2026-09-01		spaincentral	ec285037-c673-4f58-b594-d7c480da4e8b	not_available				false	not_needed	full	retirement_date_derived_from_text	"{""event_source"":""resource_health_events""}"
Storage Accounts	PROD-IO	azure-retirements-2721348d-5d3e-4374-adc4-06d277cdf144	2026-07-28	subscriptions	service_health_event_region	resource_health_events	Microsoft.ResourceHealth/events/XTKT-BW8	XTKT-BW8	XTKT-BW8	HealthAdvisory	Retirement	ServiceHealth	Warning	Warning	Active		Action required: Migrate your legacy Azure general-purpose v1 account to a general-purpose v2 account	Action required: Migrate your legacy Azure general-purpose v1 account to a general-purpose v2 account	"<p><strong><em>You're receiving this notification because you're associated with one or more Azure subscriptions that have a GPv1 storage account. For reference, you can find this health advisory notification in the </em></strong><a href=""https://aka.ms/AzureServiceHealthAdvisories"" target=""_blank""><strong><em>Azure portal</em></strong></a><strong><em> using tracking ID: XTKT-BW8.</em></strong></p>"	"<p><strong><em>You're receiving this notification because you're associated with one or more Azure subscriptions that have a GPv1 storage account. For reference, you can find this health advisory notification in the </em></strong><a href=""https://aka.ms/AzureServiceHealthAdvisories"" target=""_blank""><strong><em>Azure portal</em></strong></a><strong><em> using tracking ID: XTKT-BW8.</em></strong></p> <p>From <strong>1 September 2026</strong> the creation of new GPv1 accounts will be blocked, the creation of GPv2 accounts will be unaffected.</p> <p>On 13 October 2026, we'll retire GPv1 storage accounts. To avoid disruptions, <a href=""https://learn.microsoft.com/azure/storage/common/storage-account-upgrade?tabs=azure-portal"" target=""_blank""><strong>migrate your GPv1 storage accounts to GPv2 accounts before that date</strong></a>. GPv2 accounts give you access to the latest Azure Storage features while providing improved performance and true zonal redundancy support.</p> <h2>Recommended action</h2> <p>To avoid service disruptions, <a href=""https://learn.microsoft.com/azure/storage/common/storage-account-upgrade?tabs=azure-portal"" target=""_blank""><strong>migrate your GPv1 storage accounts to GPv2 by 13 October 2026</strong></a>. To view your impacted resources in the Azure portal, go to the <a href=""https://portal.azure.com/#view/Microsoft_Azure_StorageHub/StorageHub.MenuView/~/StorageAccountsBrowse"" target=""_blank"">Storage Center </a>and look for <strong>Kind: Storage</strong>. For additional ways to access impacted resource information, see this <a href=""https://aka.ms/AzureRetirementImpactedResourcesChannels"" target=""_blank"">documentation</a>.</p> <p>Watch the recorded video and demo <a href=""https://aka.ms/GPv1RetirementLiveStream"" target=""_blank"">here</a>. Frequently asked questions are available in the <a href=""https://learn.microsoft.com/azure/storage/common/general-purpose-version-1-account-migration-frequently-asked-questions"" target=""_blank"">documentation.</a></p> <p><strong>For Azure Databricks managed storage accounts</strong>: If your workspace relies on a GPv1 storage account, you won't be able to migrate that account manually. As part of this retirement, <strong>Microsoft will schedule and complete a managed migration of affected accounts to GPv2 on your behalf</strong>; no action is required.</p> <p>Azure Databricks accounts will not be part of this migration and will be done separately. When Azure Databricks account migration is planned, notifications will be sent as appropriate.</p> <p>Any <strong>non-Azure Databricks accounts</strong> that use <strong>GPv1 </strong>will<strong> require manual migration.</strong></p> <p></p><h2>Automatic migration warning</h2><p>After 13 October 2026, all existing GPv1 storage accounts will be automatically migrated over to a GPv2 account, which may result in higher billing costs. Your decision not to migrate an existing GPv1 storage account will be construed as consent for Microsoft to migrate the account on your behalf.</p><h2>Help and support</h2><p>If you have questions, get answers from community experts in <a href=""https://learn.microsoft.com/answers/tags/125/azure-blob-storage"" target=""_blank"">Microsoft Q&amp;A.</a> If you have a support plan and need technical help, open the <a href=""https://portal.azure.com/#blade/Microsoft_Azure_Support/HelpAndSupportBlade/overview"" target=""_blank"">Azure portal</a> and select the question mark icon at the top of the page.</p><p></p>"		2025-09-30T00:00:00Z	2026-10-13T00:00:00Z	2026-07-16T14:11:44Z	2026-09-01		westeurope	ec285037-c673-4f58-b594-d7c480da4e8b	not_available				false	not_needed	full	retirement_date_derived_from_text	"{""event_source"":""resource_health_events""}"
Storage Accounts	PROD-IO	azure-retirements-2721348d-5d3e-4374-adc4-06d277cdf144	2026-07-28	subscriptions	service_health_event_region	resource_health_events	Microsoft.ResourceHealth/events/XTKT-BW8	XTKT-BW8	XTKT-BW8	HealthAdvisory	Retirement	ServiceHealth	Warning	Warning	Active		Action required: Migrate your legacy Azure general-purpose v1 account to a general-purpose v2 account	Action required: Migrate your legacy Azure general-purpose v1 account to a general-purpose v2 account	"<p><strong><em>You're receiving this notification because you're associated with one or more Azure subscriptions that have a GPv1 storage account. For reference, you can find this health advisory notification in the </em></strong><a href=""https://aka.ms/AzureServiceHealthAdvisories"" target=""_blank""><strong><em>Azure portal</em></strong></a><strong><em> using tracking ID: XTKT-BW8.</em></strong></p>"	"<p><strong><em>You're receiving this notification because you're associated with one or more Azure subscriptions that have a GPv1 storage account. For reference, you can find this health advisory notification in the </em></strong><a href=""https://aka.ms/AzureServiceHealthAdvisories"" target=""_blank""><strong><em>Azure portal</em></strong></a><strong><em> using tracking ID: XTKT-BW8.</em></strong></p> <p>From <strong>1 September 2026</strong> the creation of new GPv1 accounts will be blocked, the creation of GPv2 accounts will be unaffected.</p> <p>On 13 October 2026, we'll retire GPv1 storage accounts. To avoid disruptions, <a href=""https://learn.microsoft.com/azure/storage/common/storage-account-upgrade?tabs=azure-portal"" target=""_blank""><strong>migrate your GPv1 storage accounts to GPv2 accounts before that date</strong></a>. GPv2 accounts give you access to the latest Azure Storage features while providing improved performance and true zonal redundancy support.</p> <h2>Recommended action</h2> <p>To avoid service disruptions, <a href=""https://learn.microsoft.com/azure/storage/common/storage-account-upgrade?tabs=azure-portal"" target=""_blank""><strong>migrate your GPv1 storage accounts to GPv2 by 13 October 2026</strong></a>. To view your impacted resources in the Azure portal, go to the <a href=""https://portal.azure.com/#view/Microsoft_Azure_StorageHub/StorageHub.MenuView/~/StorageAccountsBrowse"" target=""_blank"">Storage Center </a>and look for <strong>Kind: Storage</strong>. For additional ways to access impacted resource information, see this <a href=""https://aka.ms/AzureRetirementImpactedResourcesChannels"" target=""_blank"">documentation</a>.</p> <p>Watch the recorded video and demo <a href=""https://aka.ms/GPv1RetirementLiveStream"" target=""_blank"">here</a>. Frequently asked questions are available in the <a href=""https://learn.microsoft.com/azure/storage/common/general-purpose-version-1-account-migration-frequently-asked-questions"" target=""_blank"">documentation.</a></p> <p><strong>For Azure Databricks managed storage accounts</strong>: If your workspace relies on a GPv1 storage account, you won't be able to migrate that account manually. As part of this retirement, <strong>Microsoft will schedule and complete a managed migration of affected accounts to GPv2 on your behalf</strong>; no action is required.</p> <p>Azure Databricks accounts will not be part of this migration and will be done separately. When Azure Databricks account migration is planned, notifications will be sent as appropriate.</p> <p>Any <strong>non-Azure Databricks accounts</strong> that use <strong>GPv1 </strong>will<strong> require manual migration.</strong></p> <p></p><h2>Automatic migration warning</h2><p>After 13 October 2026, all existing GPv1 storage accounts will be automatically migrated over to a GPv2 account, which may result in higher billing costs. Your decision not to migrate an existing GPv1 storage account will be construed as consent for Microsoft to migrate the account on your behalf.</p><h2>Help and support</h2><p>If you have questions, get answers from community experts in <a href=""https://learn.microsoft.com/answers/tags/125/azure-blob-storage"" target=""_blank"">Microsoft Q&amp;A.</a> If you have a support plan and need technical help, open the <a href=""https://portal.azure.com/#blade/Microsoft_Azure_Support/HelpAndSupportBlade/overview"" target=""_blank"">Azure portal</a> and select the question mark icon at the top of the page.</p><p></p>"		2025-09-30T00:00:00Z	2026-10-13T00:00:00Z	2026-07-16T14:11:44Z	2026-09-01		global	ec285037-c673-4f58-b594-d7c480da4e8b	not_available				false	not_needed	full	retirement_date_derived_from_text	"{""event_source"":""resource_health_events""}"
Azure Functions	PROD-IO	azure-retirements-2721348d-5d3e-4374-adc4-06d277cdf144	2026-07-28	subscriptions	service_health_event_region	resource_health_events	Microsoft.ResourceHealth/events/LHNF-6KG	LHNF-6KG	LHNF-6KG	HealthAdvisory		ServiceHealth	Warning	Warning	Active		Retirement notice: Ensure your resources that interact with Azure Functions are using TLS 1.2 or later before 31 May 2027	Retirement notice: Ensure your resources that interact with Azure Functions are using TLS 1.2 or later before 31 May 2027	<p><em>You're receiving this notice because you're associated with one or more Azure subscriptions using Azure Functions resources that still allow TLS 1.0 or TLS 1.1. </em></p>	"<p><em>You're receiving this notice because you're associated with one or more Azure subscriptions using Azure Functions resources that still allow TLS 1.0 or TLS 1.1. </em></p> <p>To enhance security and provide best-in-class encryption for your data<em>, </em><strong>we'll require all connections to Azure Functions to be secured using Transport Layer Security (TLS) 1.2 or later beginning 31 May 2027</strong>.</p> <p>If you have Azure Functions resources that still allow incoming traffic using TLS 1.0 or 1.1, <strong>you'll need to </strong><a href=""https://aka.ms/tls-deprecation-appservice/config"" target=""_blank""><strong>transition them to only allow TLS 1.2 or later</strong></a><strong> before that date</strong>.</p> <p>Before making configuration changes, you'll need to confirm that all apps, services, and dependencies connecting to your resources support TLS 1.2 or later. Enforcing TLS 1.2 without validation may cause service disruptions.</p> <p>While the Microsoft implementation of older TLS versions is not known to have vulnerabilities, TLS 1.2 and later versions provide improved security features, including perfect forward secrecy and stronger cipher suites.</p> <h2>Recommended action</h2> <p>To avoid potential service disruptions, <a href=""https://learn.microsoft.com/azure/app-service/tls-minimum-version?tabs=portal#update-your-minimum-tls-version"" target=""_blank""><strong>set the minimum TLS version of your Azure Functions resources to 1.2 or later</strong></a><strong> before 31 May 2027</strong>.</p> <p>Before setting the minimum TLS version, <a href=""https://learn.microsoft.com/azure/app-service/tls-minimum-version?tabs=portal#check-for-tls-10-and-11-traffic"" target=""_blank"">check whether your Azure Functions resources are receiving traffic over TLS 1.0 or 1.1</a>.</p> <p>You can view your affected resources in the <a href=""https://aka.ms/ServicesRetirementWorkbook"" target=""_blank"">Azure Retirement Workbook</a>.</p> <p></p> <h2>Help and support</h2> <p>If you have questions, get answers from community experts in <a href=""https://aka.ms/tls-deprecation-functions/qa"" target=""_blank"">Microsoft Q&amp;A</a>. If you have a support plan and need technical help, create a <a href=""https://portal.azure.com/#blade/Microsoft_Azure_Support/HelpAndSupportBlade/overview"" target=""_blank"">support request</a>.</p> <p></p>"		2026-05-21T00:00:00Z	2027-05-31T00:00:00Z	2026-05-21T00:58:02Z	2027-05-31		germanywestcentral	ec285037-c673-4f58-b594-d7c480da4e8b	not_available				false	not_needed	full	retirement_date_derived_from_text	"{""event_source"":""resource_health_events""}"
Azure Functions	PROD-IO	azure-retirements-2721348d-5d3e-4374-adc4-06d277cdf144	2026-07-28	subscriptions	service_health_event_region	resource_health_events	Microsoft.ResourceHealth/events/LHNF-6KG	LHNF-6KG	LHNF-6KG	HealthAdvisory		ServiceHealth	Warning	Warning	Active		Retirement notice: Ensure your resources that interact with Azure Functions are using TLS 1.2 or later before 31 May 2027	Retirement notice: Ensure your resources that interact with Azure Functions are using TLS 1.2 or later before 31 May 2027	<p><em>You're receiving this notice because you're associated with one or more Azure subscriptions using Azure Functions resources that still allow TLS 1.0 or TLS 1.1. </em></p>	"<p><em>You're receiving this notice because you're associated with one or more Azure subscriptions using Azure Functions resources that still allow TLS 1.0 or TLS 1.1. </em></p> <p>To enhance security and provide best-in-class encryption for your data<em>, </em><strong>we'll require all connections to Azure Functions to be secured using Transport Layer Security (TLS) 1.2 or later beginning 31 May 2027</strong>.</p> <p>If you have Azure Functions resources that still allow incoming traffic using TLS 1.0 or 1.1, <strong>you'll need to </strong><a href=""https://aka.ms/tls-deprecation-appservice/config"" target=""_blank""><strong>transition them to only allow TLS 1.2 or later</strong></a><strong> before that date</strong>.</p> <p>Before making configuration changes, you'll need to confirm that all apps, services, and dependencies connecting to your resources support TLS 1.2 or later. Enforcing TLS 1.2 without validation may cause service disruptions.</p> <p>While the Microsoft implementation of older TLS versions is not known to have vulnerabilities, TLS 1.2 and later versions provide improved security features, including perfect forward secrecy and stronger cipher suites.</p> <h2>Recommended action</h2> <p>To avoid potential service disruptions, <a href=""https://learn.microsoft.com/azure/app-service/tls-minimum-version?tabs=portal#update-your-minimum-tls-version"" target=""_blank""><strong>set the minimum TLS version of your Azure Functions resources to 1.2 or later</strong></a><strong> before 31 May 2027</strong>.</p> <p>Before setting the minimum TLS version, <a href=""https://learn.microsoft.com/azure/app-service/tls-minimum-version?tabs=portal#check-for-tls-10-and-11-traffic"" target=""_blank"">check whether your Azure Functions resources are receiving traffic over TLS 1.0 or 1.1</a>.</p> <p>You can view your affected resources in the <a href=""https://aka.ms/ServicesRetirementWorkbook"" target=""_blank"">Azure Retirement Workbook</a>.</p> <p></p> <h2>Help and support</h2> <p>If you have questions, get answers from community experts in <a href=""https://aka.ms/tls-deprecation-functions/qa"" target=""_blank"">Microsoft Q&amp;A</a>. If you have a support plan and need technical help, create a <a href=""https://portal.azure.com/#blade/Microsoft_Azure_Support/HelpAndSupportBlade/overview"" target=""_blank"">support request</a>.</p> <p></p>"		2026-05-21T00:00:00Z	2027-05-31T00:00:00Z	2026-05-21T00:58:02Z	2027-05-31		italynorth	ec285037-c673-4f58-b594-d7c480da4e8b	not_available				false	not_needed	full	retirement_date_derived_from_text	"{""event_source"":""resource_health_events""}"
Azure Functions	PROD-IO	azure-retirements-2721348d-5d3e-4374-adc4-06d277cdf144	2026-07-28	subscriptions	service_health_event_region	resource_health_events	Microsoft.ResourceHealth/events/LHNF-6KG	LHNF-6KG	LHNF-6KG	HealthAdvisory		ServiceHealth	Warning	Warning	Active		Retirement notice: Ensure your resources that interact with Azure Functions are using TLS 1.2 or later before 31 May 2027	Retirement notice: Ensure your resources that interact with Azure Functions are using TLS 1.2 or later before 31 May 2027	<p><em>You're receiving this notice because you're associated with one or more Azure subscriptions using Azure Functions resources that still allow TLS 1.0 or TLS 1.1. </em></p>	"<p><em>You're receiving this notice because you're associated with one or more Azure subscriptions using Azure Functions resources that still allow TLS 1.0 or TLS 1.1. </em></p> <p>To enhance security and provide best-in-class encryption for your data<em>, </em><strong>we'll require all connections to Azure Functions to be secured using Transport Layer Security (TLS) 1.2 or later beginning 31 May 2027</strong>.</p> <p>If you have Azure Functions resources that still allow incoming traffic using TLS 1.0 or 1.1, <strong>you'll need to </strong><a href=""https://aka.ms/tls-deprecation-appservice/config"" target=""_blank""><strong>transition them to only allow TLS 1.2 or later</strong></a><strong> before that date</strong>.</p> <p>Before making configuration changes, you'll need to confirm that all apps, services, and dependencies connecting to your resources support TLS 1.2 or later. Enforcing TLS 1.2 without validation may cause service disruptions.</p> <p>While the Microsoft implementation of older TLS versions is not known to have vulnerabilities, TLS 1.2 and later versions provide improved security features, including perfect forward secrecy and stronger cipher suites.</p> <h2>Recommended action</h2> <p>To avoid potential service disruptions, <a href=""https://learn.microsoft.com/azure/app-service/tls-minimum-version?tabs=portal#update-your-minimum-tls-version"" target=""_blank""><strong>set the minimum TLS version of your Azure Functions resources to 1.2 or later</strong></a><strong> before 31 May 2027</strong>.</p> <p>Before setting the minimum TLS version, <a href=""https://learn.microsoft.com/azure/app-service/tls-minimum-version?tabs=portal#check-for-tls-10-and-11-traffic"" target=""_blank"">check whether your Azure Functions resources are receiving traffic over TLS 1.0 or 1.1</a>.</p> <p>You can view your affected resources in the <a href=""https://aka.ms/ServicesRetirementWorkbook"" target=""_blank"">Azure Retirement Workbook</a>.</p> <p></p> <h2>Help and support</h2> <p>If you have questions, get answers from community experts in <a href=""https://aka.ms/tls-deprecation-functions/qa"" target=""_blank"">Microsoft Q&amp;A</a>. If you have a support plan and need technical help, create a <a href=""https://portal.azure.com/#blade/Microsoft_Azure_Support/HelpAndSupportBlade/overview"" target=""_blank"">support request</a>.</p> <p></p>"		2026-05-21T00:00:00Z	2027-05-31T00:00:00Z	2026-05-21T00:58:02Z	2027-05-31		northeurope	ec285037-c673-4f58-b594-d7c480da4e8b	not_available				false	not_needed	full	retirement_date_derived_from_text	"{""event_source"":""resource_health_events""}"
Azure Functions	PROD-IO	azure-retirements-2721348d-5d3e-4374-adc4-06d277cdf144	2026-07-28	subscriptions	service_health_event_region	resource_health_events	Microsoft.ResourceHealth/events/LHNF-6KG	LHNF-6KG	LHNF-6KG	HealthAdvisory		ServiceHealth	Warning	Warning	Active		Retirement notice: Ensure your resources that interact with Azure Functions are using TLS 1.2 or later before 31 May 2027	Retirement notice: Ensure your resources that interact with Azure Functions are using TLS 1.2 or later before 31 May 2027	<p><em>You're receiving this notice because you're associated with one or more Azure subscriptions using Azure Functions resources that still allow TLS 1.0 or TLS 1.1. </em></p>	"<p><em>You're receiving this notice because you're associated with one or more Azure subscriptions using Azure Functions resources that still allow TLS 1.0 or TLS 1.1. </em></p> <p>To enhance security and provide best-in-class encryption for your data<em>, </em><strong>we'll require all connections to Azure Functions to be secured using Transport Layer Security (TLS) 1.2 or later beginning 31 May 2027</strong>.</p> <p>If you have Azure Functions resources that still allow incoming traffic using TLS 1.0 or 1.1, <strong>you'll need to </strong><a href=""https://aka.ms/tls-deprecation-appservice/config"" target=""_blank""><strong>transition them to only allow TLS 1.2 or later</strong></a><strong> before that date</strong>.</p> <p>Before making configuration changes, you'll need to confirm that all apps, services, and dependencies connecting to your resources support TLS 1.2 or later. Enforcing TLS 1.2 without validation may cause service disruptions.</p> <p>While the Microsoft implementation of older TLS versions is not known to have vulnerabilities, TLS 1.2 and later versions provide improved security features, including perfect forward secrecy and stronger cipher suites.</p> <h2>Recommended action</h2> <p>To avoid potential service disruptions, <a href=""https://learn.microsoft.com/azure/app-service/tls-minimum-version?tabs=portal#update-your-minimum-tls-version"" target=""_blank""><strong>set the minimum TLS version of your Azure Functions resources to 1.2 or later</strong></a><strong> before 31 May 2027</strong>.</p> <p>Before setting the minimum TLS version, <a href=""https://learn.microsoft.com/azure/app-service/tls-minimum-version?tabs=portal#check-for-tls-10-and-11-traffic"" target=""_blank"">check whether your Azure Functions resources are receiving traffic over TLS 1.0 or 1.1</a>.</p> <p>You can view your affected resources in the <a href=""https://aka.ms/ServicesRetirementWorkbook"" target=""_blank"">Azure Retirement Workbook</a>.</p> <p></p> <h2>Help and support</h2> <p>If you have questions, get answers from community experts in <a href=""https://aka.ms/tls-deprecation-functions/qa"" target=""_blank"">Microsoft Q&amp;A</a>. If you have a support plan and need technical help, create a <a href=""https://portal.azure.com/#blade/Microsoft_Azure_Support/HelpAndSupportBlade/overview"" target=""_blank"">support request</a>.</p> <p></p>"		2026-05-21T00:00:00Z	2027-05-31T00:00:00Z	2026-05-21T00:58:02Z	2027-05-31		westeurope	ec285037-c673-4f58-b594-d7c480da4e8b	not_available				false	not_needed	full	retirement_date_derived_from_text	"{""event_source"":""resource_health_events""}"
Logic Apps	PROD-IO	azure-retirements-2721348d-5d3e-4374-adc4-06d277cdf144	2026-07-28	subscriptions	service_health_event_region	resource_health_events	Microsoft.ResourceHealth/events/LPNF-6KG	LPNF-6KG	LPNF-6KG	HealthAdvisory		ServiceHealth	Warning	Warning	Active		Retirement notice: Ensure your resources that interact with Azure Logic Apps are using TLS 1.2 or later before 31 May 2027	Retirement notice: Ensure your resources that interact with Azure Logic Apps are using TLS 1.2 or later before 31 May 2027	<p><em>You're receiving this notice because you're associated with one or more Azure subscriptions using Azure Logic Apps resources that still allow TLS 1.0 or TLS 1.1.</em></p>	"<p><em>You're receiving this notice because you're associated with one or more Azure subscriptions using Azure Logic Apps resources that still allow TLS 1.0 or TLS 1.1.</em></p> <p>To enhance security and provide best-in-class encryption for your data, <strong>we'll require all connections to Azure Logic Apps to be secured using Transport Layer Security (TLS) 1.2 or later beginning 31 May 2027</strong>.</p> <p>If you have Logic Apps resources that still allow incoming traffic using TLS 1.0 or 1.1, <strong>you'll need to </strong><a href=""https://aka.ms/tls-deprecation-appservice/config"" target=""_blank""><strong>transition them to only allow TLS 1.2 or later</strong></a><strong> before that date</strong>.</p> <p>Before making configuration changes, you'll need to confirm that all apps, services, and dependencies connecting to your resources support TLS 1.2 or later. Enforcing TLS 1.2 without validation may cause service disruptions.</p> <p>While the Microsoft implementation of older TLS versions is not known to have vulnerabilities, TLS 1.2 and later versions provide improved security features, including perfect forward secrecy and stronger cipher suites.</p> <h2>Recommended action</h2> <p>To avoid potential service disruptions,<strong> </strong><a href=""https://learn.microsoft.com/azure/app-service/tls-minimum-version?tabs=portal#update-your-minimum-tls-version"" target=""_blank""><strong>set the minimum TLS version of your Logic Apps resources to 1.2 or later</strong></a><strong> before 31 May 2027</strong>.</p> <p>Before setting the minimum TLS version, <a href=""https://learn.microsoft.com/azure/app-service/tls-minimum-version?tabs=portal#check-for-tls-10-and-11-traffic"" target=""_blank"">check whether your Logic Apps resources are receiving traffic over TLS 1.0 or 1.1</a>.</p> <p>You can view your affected resources in the <a href=""https://aka.ms/ServicesRetirementWorkbook"" target=""_blank"">Azure Retirement Workbook</a>.</p> <p></p><h2>Help and support</h2><p>If you have questions, get answers from community experts in <a href=""https://aka.ms/tls-deprecation-logicapps/qa"" target=""_blank"">Microsoft Q&amp;A</a>. If you have a support plan and need technical help, create a <a href=""https://portal.azure.com/#blade/Microsoft_Azure_Support/HelpAndSupportBlade/overview"" target=""_blank"">support request</a>.</p><p></p>"		2026-05-21T00:00:00Z	2027-05-31T00:00:00Z	2026-05-21T00:57:12Z	2027-05-31		germanywestcentral	ec285037-c673-4f58-b594-d7c480da4e8b	not_available				false	not_needed	full	retirement_date_derived_from_text	"{""event_source"":""resource_health_events""}"
Logic Apps	PROD-IO	azure-retirements-2721348d-5d3e-4374-adc4-06d277cdf144	2026-07-28	subscriptions	service_health_event_region	resource_health_events	Microsoft.ResourceHealth/events/LPNF-6KG	LPNF-6KG	LPNF-6KG	HealthAdvisory		ServiceHealth	Warning	Warning	Active		Retirement notice: Ensure your resources that interact with Azure Logic Apps are using TLS 1.2 or later before 31 May 2027	Retirement notice: Ensure your resources that interact with Azure Logic Apps are using TLS 1.2 or later before 31 May 2027	<p><em>You're receiving this notice because you're associated with one or more Azure subscriptions using Azure Logic Apps resources that still allow TLS 1.0 or TLS 1.1.</em></p>	"<p><em>You're receiving this notice because you're associated with one or more Azure subscriptions using Azure Logic Apps resources that still allow TLS 1.0 or TLS 1.1.</em></p> <p>To enhance security and provide best-in-class encryption for your data, <strong>we'll require all connections to Azure Logic Apps to be secured using Transport Layer Security (TLS) 1.2 or later beginning 31 May 2027</strong>.</p> <p>If you have Logic Apps resources that still allow incoming traffic using TLS 1.0 or 1.1, <strong>you'll need to </strong><a href=""https://aka.ms/tls-deprecation-appservice/config"" target=""_blank""><strong>transition them to only allow TLS 1.2 or later</strong></a><strong> before that date</strong>.</p> <p>Before making configuration changes, you'll need to confirm that all apps, services, and dependencies connecting to your resources support TLS 1.2 or later. Enforcing TLS 1.2 without validation may cause service disruptions.</p> <p>While the Microsoft implementation of older TLS versions is not known to have vulnerabilities, TLS 1.2 and later versions provide improved security features, including perfect forward secrecy and stronger cipher suites.</p> <h2>Recommended action</h2> <p>To avoid potential service disruptions,<strong> </strong><a href=""https://learn.microsoft.com/azure/app-service/tls-minimum-version?tabs=portal#update-your-minimum-tls-version"" target=""_blank""><strong>set the minimum TLS version of your Logic Apps resources to 1.2 or later</strong></a><strong> before 31 May 2027</strong>.</p> <p>Before setting the minimum TLS version, <a href=""https://learn.microsoft.com/azure/app-service/tls-minimum-version?tabs=portal#check-for-tls-10-and-11-traffic"" target=""_blank"">check whether your Logic Apps resources are receiving traffic over TLS 1.0 or 1.1</a>.</p> <p>You can view your affected resources in the <a href=""https://aka.ms/ServicesRetirementWorkbook"" target=""_blank"">Azure Retirement Workbook</a>.</p> <p></p><h2>Help and support</h2><p>If you have questions, get answers from community experts in <a href=""https://aka.ms/tls-deprecation-logicapps/qa"" target=""_blank"">Microsoft Q&amp;A</a>. If you have a support plan and need technical help, create a <a href=""https://portal.azure.com/#blade/Microsoft_Azure_Support/HelpAndSupportBlade/overview"" target=""_blank"">support request</a>.</p><p></p>"		2026-05-21T00:00:00Z	2027-05-31T00:00:00Z	2026-05-21T00:57:12Z	2027-05-31		global	ec285037-c673-4f58-b594-d7c480da4e8b	not_available				false	not_needed	full	retirement_date_derived_from_text	"{""event_source"":""resource_health_events""}"
Logic Apps	PROD-IO	azure-retirements-2721348d-5d3e-4374-adc4-06d277cdf144	2026-07-28	subscriptions	service_health_event_region	resource_health_events	Microsoft.ResourceHealth/events/LPNF-6KG	LPNF-6KG	LPNF-6KG	HealthAdvisory		ServiceHealth	Warning	Warning	Active		Retirement notice: Ensure your resources that interact with Azure Logic Apps are using TLS 1.2 or later before 31 May 2027	Retirement notice: Ensure your resources that interact with Azure Logic Apps are using TLS 1.2 or later before 31 May 2027	<p><em>You're receiving this notice because you're associated with one or more Azure subscriptions using Azure Logic Apps resources that still allow TLS 1.0 or TLS 1.1.</em></p>	"<p><em>You're receiving this notice because you're associated with one or more Azure subscriptions using Azure Logic Apps resources that still allow TLS 1.0 or TLS 1.1.</em></p> <p>To enhance security and provide best-in-class encryption for your data, <strong>we'll require all connections to Azure Logic Apps to be secured using Transport Layer Security (TLS) 1.2 or later beginning 31 May 2027</strong>.</p> <p>If you have Logic Apps resources that still allow incoming traffic using TLS 1.0 or 1.1, <strong>you'll need to </strong><a href=""https://aka.ms/tls-deprecation-appservice/config"" target=""_blank""><strong>transition them to only allow TLS 1.2 or later</strong></a><strong> before that date</strong>.</p> <p>Before making configuration changes, you'll need to confirm that all apps, services, and dependencies connecting to your resources support TLS 1.2 or later. Enforcing TLS 1.2 without validation may cause service disruptions.</p> <p>While the Microsoft implementation of older TLS versions is not known to have vulnerabilities, TLS 1.2 and later versions provide improved security features, including perfect forward secrecy and stronger cipher suites.</p> <h2>Recommended action</h2> <p>To avoid potential service disruptions,<strong> </strong><a href=""https://learn.microsoft.com/azure/app-service/tls-minimum-version?tabs=portal#update-your-minimum-tls-version"" target=""_blank""><strong>set the minimum TLS version of your Logic Apps resources to 1.2 or later</strong></a><strong> before 31 May 2027</strong>.</p> <p>Before setting the minimum TLS version, <a href=""https://learn.microsoft.com/azure/app-service/tls-minimum-version?tabs=portal#check-for-tls-10-and-11-traffic"" target=""_blank"">check whether your Logic Apps resources are receiving traffic over TLS 1.0 or 1.1</a>.</p> <p>You can view your affected resources in the <a href=""https://aka.ms/ServicesRetirementWorkbook"" target=""_blank"">Azure Retirement Workbook</a>.</p> <p></p><h2>Help and support</h2><p>If you have questions, get answers from community experts in <a href=""https://aka.ms/tls-deprecation-logicapps/qa"" target=""_blank"">Microsoft Q&amp;A</a>. If you have a support plan and need technical help, create a <a href=""https://portal.azure.com/#blade/Microsoft_Azure_Support/HelpAndSupportBlade/overview"" target=""_blank"">support request</a>.</p><p></p>"		2026-05-21T00:00:00Z	2027-05-31T00:00:00Z	2026-05-21T00:57:12Z	2027-05-31		italynorth	ec285037-c673-4f58-b594-d7c480da4e8b	not_available				false	not_needed	full	retirement_date_derived_from_text	"{""event_source"":""resource_health_events""}"
Logic Apps	PROD-IO	azure-retirements-2721348d-5d3e-4374-adc4-06d277cdf144	2026-07-28	subscriptions	service_health_event_region	resource_health_events	Microsoft.ResourceHealth/events/LPNF-6KG	LPNF-6KG	LPNF-6KG	HealthAdvisory		ServiceHealth	Warning	Warning	Active		Retirement notice: Ensure your resources that interact with Azure Logic Apps are using TLS 1.2 or later before 31 May 2027	Retirement notice: Ensure your resources that interact with Azure Logic Apps are using TLS 1.2 or later before 31 May 2027	<p><em>You're receiving this notice because you're associated with one or more Azure subscriptions using Azure Logic Apps resources that still allow TLS 1.0 or TLS 1.1.</em></p>	"<p><em>You're receiving this notice because you're associated with one or more Azure subscriptions using Azure Logic Apps resources that still allow TLS 1.0 or TLS 1.1.</em></p> <p>To enhance security and provide best-in-class encryption for your data, <strong>we'll require all connections to Azure Logic Apps to be secured using Transport Layer Security (TLS) 1.2 or later beginning 31 May 2027</strong>.</p> <p>If you have Logic Apps resources that still allow incoming traffic using TLS 1.0 or 1.1, <strong>you'll need to </strong><a href=""https://aka.ms/tls-deprecation-appservice/config"" target=""_blank""><strong>transition them to only allow TLS 1.2 or later</strong></a><strong> before that date</strong>.</p> <p>Before making configuration changes, you'll need to confirm that all apps, services, and dependencies connecting to your resources support TLS 1.2 or later. Enforcing TLS 1.2 without validation may cause service disruptions.</p> <p>While the Microsoft implementation of older TLS versions is not known to have vulnerabilities, TLS 1.2 and later versions provide improved security features, including perfect forward secrecy and stronger cipher suites.</p> <h2>Recommended action</h2> <p>To avoid potential service disruptions,<strong> </strong><a href=""https://learn.microsoft.com/azure/app-service/tls-minimum-version?tabs=portal#update-your-minimum-tls-version"" target=""_blank""><strong>set the minimum TLS version of your Logic Apps resources to 1.2 or later</strong></a><strong> before 31 May 2027</strong>.</p> <p>Before setting the minimum TLS version, <a href=""https://learn.microsoft.com/azure/app-service/tls-minimum-version?tabs=portal#check-for-tls-10-and-11-traffic"" target=""_blank"">check whether your Logic Apps resources are receiving traffic over TLS 1.0 or 1.1</a>.</p> <p>You can view your affected resources in the <a href=""https://aka.ms/ServicesRetirementWorkbook"" target=""_blank"">Azure Retirement Workbook</a>.</p> <p></p><h2>Help and support</h2><p>If you have questions, get answers from community experts in <a href=""https://aka.ms/tls-deprecation-logicapps/qa"" target=""_blank"">Microsoft Q&amp;A</a>. If you have a support plan and need technical help, create a <a href=""https://portal.azure.com/#blade/Microsoft_Azure_Support/HelpAndSupportBlade/overview"" target=""_blank"">support request</a>.</p><p></p>"		2026-05-21T00:00:00Z	2027-05-31T00:00:00Z	2026-05-21T00:57:12Z	2027-05-31		northeurope	ec285037-c673-4f58-b594-d7c480da4e8b	not_available				false	not_needed	full	retirement_date_derived_from_text	"{""event_source"":""resource_health_events""}"
Logic Apps	PROD-IO	azure-retirements-2721348d-5d3e-4374-adc4-06d277cdf144	2026-07-28	subscriptions	service_health_event_region	resource_health_events	Microsoft.ResourceHealth/events/LPNF-6KG	LPNF-6KG	LPNF-6KG	HealthAdvisory		ServiceHealth	Warning	Warning	Active		Retirement notice: Ensure your resources that interact with Azure Logic Apps are using TLS 1.2 or later before 31 May 2027	Retirement notice: Ensure your resources that interact with Azure Logic Apps are using TLS 1.2 or later before 31 May 2027	<p><em>You're receiving this notice because you're associated with one or more Azure subscriptions using Azure Logic Apps resources that still allow TLS 1.0 or TLS 1.1.</em></p>	"<p><em>You're receiving this notice because you're associated with one or more Azure subscriptions using Azure Logic Apps resources that still allow TLS 1.0 or TLS 1.1.</em></p> <p>To enhance security and provide best-in-class encryption for your data, <strong>we'll require all connections to Azure Logic Apps to be secured using Transport Layer Security (TLS) 1.2 or later beginning 31 May 2027</strong>.</p> <p>If you have Logic Apps resources that still allow incoming traffic using TLS 1.0 or 1.1, <strong>you'll need to </strong><a href=""https://aka.ms/tls-deprecation-appservice/config"" target=""_blank""><strong>transition them to only allow TLS 1.2 or later</strong></a><strong> before that date</strong>.</p> <p>Before making configuration changes, you'll need to confirm that all apps, services, and dependencies connecting to your resources support TLS 1.2 or later. Enforcing TLS 1.2 without validation may cause service disruptions.</p> <p>While the Microsoft implementation of older TLS versions is not known to have vulnerabilities, TLS 1.2 and later versions provide improved security features, including perfect forward secrecy and stronger cipher suites.</p> <h2>Recommended action</h2> <p>To avoid potential service disruptions,<strong> </strong><a href=""https://learn.microsoft.com/azure/app-service/tls-minimum-version?tabs=portal#update-your-minimum-tls-version"" target=""_blank""><strong>set the minimum TLS version of your Logic Apps resources to 1.2 or later</strong></a><strong> before 31 May 2027</strong>.</p> <p>Before setting the minimum TLS version, <a href=""https://learn.microsoft.com/azure/app-service/tls-minimum-version?tabs=portal#check-for-tls-10-and-11-traffic"" target=""_blank"">check whether your Logic Apps resources are receiving traffic over TLS 1.0 or 1.1</a>.</p> <p>You can view your affected resources in the <a href=""https://aka.ms/ServicesRetirementWorkbook"" target=""_blank"">Azure Retirement Workbook</a>.</p> <p></p><h2>Help and support</h2><p>If you have questions, get answers from community experts in <a href=""https://aka.ms/tls-deprecation-logicapps/qa"" target=""_blank"">Microsoft Q&amp;A</a>. If you have a support plan and need technical help, create a <a href=""https://portal.azure.com/#blade/Microsoft_Azure_Support/HelpAndSupportBlade/overview"" target=""_blank"">support request</a>.</p><p></p>"		2026-05-21T00:00:00Z	2027-05-31T00:00:00Z	2026-05-21T00:57:12Z	2027-05-31		spaincentral	ec285037-c673-4f58-b594-d7c480da4e8b	not_available				false	not_needed	full	retirement_date_derived_from_text	"{""event_source"":""resource_health_events""}"
Logic Apps	PROD-IO	azure-retirements-2721348d-5d3e-4374-adc4-06d277cdf144	2026-07-28	subscriptions	service_health_event_region	resource_health_events	Microsoft.ResourceHealth/events/LPNF-6KG	LPNF-6KG	LPNF-6KG	HealthAdvisory		ServiceHealth	Warning	Warning	Active		Retirement notice: Ensure your resources that interact with Azure Logic Apps are using TLS 1.2 or later before 31 May 2027	Retirement notice: Ensure your resources that interact with Azure Logic Apps are using TLS 1.2 or later before 31 May 2027	<p><em>You're receiving this notice because you're associated with one or more Azure subscriptions using Azure Logic Apps resources that still allow TLS 1.0 or TLS 1.1.</em></p>	"<p><em>You're receiving this notice because you're associated with one or more Azure subscriptions using Azure Logic Apps resources that still allow TLS 1.0 or TLS 1.1.</em></p> <p>To enhance security and provide best-in-class encryption for your data, <strong>we'll require all connections to Azure Logic Apps to be secured using Transport Layer Security (TLS) 1.2 or later beginning 31 May 2027</strong>.</p> <p>If you have Logic Apps resources that still allow incoming traffic using TLS 1.0 or 1.1, <strong>you'll need to </strong><a href=""https://aka.ms/tls-deprecation-appservice/config"" target=""_blank""><strong>transition them to only allow TLS 1.2 or later</strong></a><strong> before that date</strong>.</p> <p>Before making configuration changes, you'll need to confirm that all apps, services, and dependencies connecting to your resources support TLS 1.2 or later. Enforcing TLS 1.2 without validation may cause service disruptions.</p> <p>While the Microsoft implementation of older TLS versions is not known to have vulnerabilities, TLS 1.2 and later versions provide improved security features, including perfect forward secrecy and stronger cipher suites.</p> <h2>Recommended action</h2> <p>To avoid potential service disruptions,<strong> </strong><a href=""https://learn.microsoft.com/azure/app-service/tls-minimum-version?tabs=portal#update-your-minimum-tls-version"" target=""_blank""><strong>set the minimum TLS version of your Logic Apps resources to 1.2 or later</strong></a><strong> before 31 May 2027</strong>.</p> <p>Before setting the minimum TLS version, <a href=""https://learn.microsoft.com/azure/app-service/tls-minimum-version?tabs=portal#check-for-tls-10-and-11-traffic"" target=""_blank"">check whether your Logic Apps resources are receiving traffic over TLS 1.0 or 1.1</a>.</p> <p>You can view your affected resources in the <a href=""https://aka.ms/ServicesRetirementWorkbook"" target=""_blank"">Azure Retirement Workbook</a>.</p> <p></p><h2>Help and support</h2><p>If you have questions, get answers from community experts in <a href=""https://aka.ms/tls-deprecation-logicapps/qa"" target=""_blank"">Microsoft Q&amp;A</a>. If you have a support plan and need technical help, create a <a href=""https://portal.azure.com/#blade/Microsoft_Azure_Support/HelpAndSupportBlade/overview"" target=""_blank"">support request</a>.</p><p></p>"		2026-05-21T00:00:00Z	2027-05-31T00:00:00Z	2026-05-21T00:57:12Z	2027-05-31		westeurope	ec285037-c673-4f58-b594-d7c480da4e8b	not_available				false	not_needed	full	retirement_date_derived_from_text	"{""event_source"":""resource_health_events""}"
Azure Database for PostgreSQL flexible servers	PROD-IO	azure-retirements-2721348d-5d3e-4374-adc4-06d277cdf144	2026-07-28	subscriptions	service_health_event_region	resource_health_events	Microsoft.ResourceHealth/events/ZPDZ-SL8	ZPDZ-SL8	ZPDZ-SL8	HealthAdvisory		ServiceHealth	Warning	Warning	Active		Retirement notice: We're improving the high availability experience for Azure Database for PostgreSQL	Retirement notice: We're improving the high availability experience for Azure Database for PostgreSQL	"<p><em>You’re receiving this notification because you’re associated with one or more Azure subscriptions with Azure Database for PostgreSQL flexible server instances. For reference, you can find this notification in the Azure portal under&nbsp;Service Health/</em><a href=""https://aka.ms/AzureServiceHealthAdvisories"" target=""_blank""><em>Health advisories</em></a><em>&nbsp;using tracking ID:&nbsp;ZPDZ-SL8.</em></p>"	"<p><em>You’re receiving this notification because you’re associated with one or more Azure subscriptions with Azure Database for PostgreSQL flexible server instances. For reference, you can find this notification in the Azure portal under&nbsp;Service Health/</em><a href=""https://aka.ms/AzureServiceHealthAdvisories"" target=""_blank""><em>Health advisories</em></a><em>&nbsp;using tracking ID:&nbsp;ZPDZ-SL8.</em></p> <p>We've rolled out improvements to the high availability experience for Azure Database for PostgreSQL to simplify configuration and strengthen long-term resiliency against zonal failures.</p> <h2><strong>What's changing</strong></h2> <p>With this experience enabled in the Azure portal and Azure CLI, Azure will now default to zone-redundant high availability. If the selected region doesn't support that, you can choose a&nbsp;<a href=""https://learn.microsoft.com/azure/postgresql/high-availability/concepts-high-availability#configure-business-critical-high-availability-options"" target=""_blank"">fallback mechanism</a>&nbsp;by selecting the fallback checkbox in the Azure portal or by using the&nbsp;<strong>allow-same-zone</strong>&nbsp;parameter in the Azure CLI.</p> <p>Changes in the Azure portal include:</p> <p></p><ul><li>High availability is now labelled&nbsp;<strong>business critical (high availability)</strong>. If you previously had the experience enabled, no action is required from you.</li><li>A new zonal resiliency option is available. When enabled, Azure deploys a standby server in a different availability zone from the primary one, helping protect workloads from zonal outages.</li></ul><h2><strong>Automatic migration notice</strong></h2><p>Automatic migration will be supported for new servers created after 12 February 2026 as soon as regional capacity is available. Servers created before 12 February 2026 will be automatically migrated over time. You won't need to redeploy or make configuration changes.</p><p>From 1 September 2026, servers created using same-zone high availability via developer tools including Terraform, Bicep, SDKs (.NET, Python, Java, JavaScript, and Go), PowerShell, and Ansible will be automatically migrated once capacity becomes available in the region. After the transition, writes are committed across multiple availability zones. This may result in minor changes in write behaviour, with minimal latency impact and improved resiliency and durability.</p><p>If you'd like to migrate sooner, self-service migration options, such as point-in-time restore or read replicas, will allow you to move to a zone-redundant configuration at your own pace. Read our&nbsp;<a href=""https://learn.microsoft.com/azure/postgresql/high-availability/how-to-configure-high-availability?tabs=portal-enable-existing-server%2Cportal-disable-existing-server%2Cportal-enable-new-server%2Cportal-forced-failover%2Cportal-planned-failover#limitations-and-considerations"" target=""_blank"">documentation</a>&nbsp;to learn more about self-service migration options, zonal resiliency, the built-in fallback capability, and automatic migration behaviour.</p><h2><strong>Help and support</strong></h2><p>If you have questions about how these changes apply to your deployments or automation workflows, please reach out to us through Microsoft support, your account team, or the&nbsp;<a href=""https://feedback.azure.com/d365community/forum/c5e32b97-ee24-ec11-b6e6-000d3a4f0da0"" target=""_blank"">feedback forum.</a></p><p>If you have general questions, ask community experts in&nbsp;<a href=""https://learn.microsoft.com/answers/tags/214/azure-database-postgresql"" target=""_blank"">Microsoft Q&amp;A</a>. If you have a support plan and you need technical help, open the&nbsp;<a href=""https://portal.azure.com/#blade/Microsoft_Azure_Support/HelpAndSupportBlade/newsupportrequest"" target=""_blank"">Azure portal</a>&nbsp;and select the question mark icon at the top of the page.</p><p></p>"		2026-02-24T18:33:14Z	2026-08-31T00:00:00Z	2026-04-23T10:57:24Z	2026-08-31		germanywestcentral	ec285037-c673-4f58-b594-d7c480da4e8b	not_available				false	not_needed	full		"{""event_source"":""resource_health_events""}"
Azure Database for PostgreSQL flexible servers	PROD-IO	azure-retirements-2721348d-5d3e-4374-adc4-06d277cdf144	2026-07-28	subscriptions	service_health_event_region	resource_health_events	Microsoft.ResourceHealth/events/ZPDZ-SL8	ZPDZ-SL8	ZPDZ-SL8	HealthAdvisory		ServiceHealth	Warning	Warning	Active		Retirement notice: We're improving the high availability experience for Azure Database for PostgreSQL	Retirement notice: We're improving the high availability experience for Azure Database for PostgreSQL	"<p><em>You’re receiving this notification because you’re associated with one or more Azure subscriptions with Azure Database for PostgreSQL flexible server instances. For reference, you can find this notification in the Azure portal under&nbsp;Service Health/</em><a href=""https://aka.ms/AzureServiceHealthAdvisories"" target=""_blank""><em>Health advisories</em></a><em>&nbsp;using tracking ID:&nbsp;ZPDZ-SL8.</em></p>"	"<p><em>You’re receiving this notification because you’re associated with one or more Azure subscriptions with Azure Database for PostgreSQL flexible server instances. For reference, you can find this notification in the Azure portal under&nbsp;Service Health/</em><a href=""https://aka.ms/AzureServiceHealthAdvisories"" target=""_blank""><em>Health advisories</em></a><em>&nbsp;using tracking ID:&nbsp;ZPDZ-SL8.</em></p> <p>We've rolled out improvements to the high availability experience for Azure Database for PostgreSQL to simplify configuration and strengthen long-term resiliency against zonal failures.</p> <h2><strong>What's changing</strong></h2> <p>With this experience enabled in the Azure portal and Azure CLI, Azure will now default to zone-redundant high availability. If the selected region doesn't support that, you can choose a&nbsp;<a href=""https://learn.microsoft.com/azure/postgresql/high-availability/concepts-high-availability#configure-business-critical-high-availability-options"" target=""_blank"">fallback mechanism</a>&nbsp;by selecting the fallback checkbox in the Azure portal or by using the&nbsp;<strong>allow-same-zone</strong>&nbsp;parameter in the Azure CLI.</p> <p>Changes in the Azure portal include:</p> <p></p><ul><li>High availability is now labelled&nbsp;<strong>business critical (high availability)</strong>. If you previously had the experience enabled, no action is required from you.</li><li>A new zonal resiliency option is available. When enabled, Azure deploys a standby server in a different availability zone from the primary one, helping protect workloads from zonal outages.</li></ul><h2><strong>Automatic migration notice</strong></h2><p>Automatic migration will be supported for new servers created after 12 February 2026 as soon as regional capacity is available. Servers created before 12 February 2026 will be automatically migrated over time. You won't need to redeploy or make configuration changes.</p><p>From 1 September 2026, servers created using same-zone high availability via developer tools including Terraform, Bicep, SDKs (.NET, Python, Java, JavaScript, and Go), PowerShell, and Ansible will be automatically migrated once capacity becomes available in the region. After the transition, writes are committed across multiple availability zones. This may result in minor changes in write behaviour, with minimal latency impact and improved resiliency and durability.</p><p>If you'd like to migrate sooner, self-service migration options, such as point-in-time restore or read replicas, will allow you to move to a zone-redundant configuration at your own pace. Read our&nbsp;<a href=""https://learn.microsoft.com/azure/postgresql/high-availability/how-to-configure-high-availability?tabs=portal-enable-existing-server%2Cportal-disable-existing-server%2Cportal-enable-new-server%2Cportal-forced-failover%2Cportal-planned-failover#limitations-and-considerations"" target=""_blank"">documentation</a>&nbsp;to learn more about self-service migration options, zonal resiliency, the built-in fallback capability, and automatic migration behaviour.</p><h2><strong>Help and support</strong></h2><p>If you have questions about how these changes apply to your deployments or automation workflows, please reach out to us through Microsoft support, your account team, or the&nbsp;<a href=""https://feedback.azure.com/d365community/forum/c5e32b97-ee24-ec11-b6e6-000d3a4f0da0"" target=""_blank"">feedback forum.</a></p><p>If you have general questions, ask community experts in&nbsp;<a href=""https://learn.microsoft.com/answers/tags/214/azure-database-postgresql"" target=""_blank"">Microsoft Q&amp;A</a>. If you have a support plan and you need technical help, open the&nbsp;<a href=""https://portal.azure.com/#blade/Microsoft_Azure_Support/HelpAndSupportBlade/newsupportrequest"" target=""_blank"">Azure portal</a>&nbsp;and select the question mark icon at the top of the page.</p><p></p>"		2026-02-24T18:33:14Z	2026-08-31T00:00:00Z	2026-04-23T10:57:24Z	2026-08-31		italynorth	ec285037-c673-4f58-b594-d7c480da4e8b	not_available				false	not_needed	full		"{""event_source"":""resource_health_events""}"
Azure Database for PostgreSQL flexible servers	PROD-IO	azure-retirements-2721348d-5d3e-4374-adc4-06d277cdf144	2026-07-28	subscriptions	service_health_event_region	resource_health_events	Microsoft.ResourceHealth/events/ZPDZ-SL8	ZPDZ-SL8	ZPDZ-SL8	HealthAdvisory		ServiceHealth	Warning	Warning	Active		Retirement notice: We're improving the high availability experience for Azure Database for PostgreSQL	Retirement notice: We're improving the high availability experience for Azure Database for PostgreSQL	"<p><em>You’re receiving this notification because you’re associated with one or more Azure subscriptions with Azure Database for PostgreSQL flexible server instances. For reference, you can find this notification in the Azure portal under&nbsp;Service Health/</em><a href=""https://aka.ms/AzureServiceHealthAdvisories"" target=""_blank""><em>Health advisories</em></a><em>&nbsp;using tracking ID:&nbsp;ZPDZ-SL8.</em></p>"	"<p><em>You’re receiving this notification because you’re associated with one or more Azure subscriptions with Azure Database for PostgreSQL flexible server instances. For reference, you can find this notification in the Azure portal under&nbsp;Service Health/</em><a href=""https://aka.ms/AzureServiceHealthAdvisories"" target=""_blank""><em>Health advisories</em></a><em>&nbsp;using tracking ID:&nbsp;ZPDZ-SL8.</em></p> <p>We've rolled out improvements to the high availability experience for Azure Database for PostgreSQL to simplify configuration and strengthen long-term resiliency against zonal failures.</p> <h2><strong>What's changing</strong></h2> <p>With this experience enabled in the Azure portal and Azure CLI, Azure will now default to zone-redundant high availability. If the selected region doesn't support that, you can choose a&nbsp;<a href=""https://learn.microsoft.com/azure/postgresql/high-availability/concepts-high-availability#configure-business-critical-high-availability-options"" target=""_blank"">fallback mechanism</a>&nbsp;by selecting the fallback checkbox in the Azure portal or by using the&nbsp;<strong>allow-same-zone</strong>&nbsp;parameter in the Azure CLI.</p> <p>Changes in the Azure portal include:</p> <p></p><ul><li>High availability is now labelled&nbsp;<strong>business critical (high availability)</strong>. If you previously had the experience enabled, no action is required from you.</li><li>A new zonal resiliency option is available. When enabled, Azure deploys a standby server in a different availability zone from the primary one, helping protect workloads from zonal outages.</li></ul><h2><strong>Automatic migration notice</strong></h2><p>Automatic migration will be supported for new servers created after 12 February 2026 as soon as regional capacity is available. Servers created before 12 February 2026 will be automatically migrated over time. You won't need to redeploy or make configuration changes.</p><p>From 1 September 2026, servers created using same-zone high availability via developer tools including Terraform, Bicep, SDKs (.NET, Python, Java, JavaScript, and Go), PowerShell, and Ansible will be automatically migrated once capacity becomes available in the region. After the transition, writes are committed across multiple availability zones. This may result in minor changes in write behaviour, with minimal latency impact and improved resiliency and durability.</p><p>If you'd like to migrate sooner, self-service migration options, such as point-in-time restore or read replicas, will allow you to move to a zone-redundant configuration at your own pace. Read our&nbsp;<a href=""https://learn.microsoft.com/azure/postgresql/high-availability/how-to-configure-high-availability?tabs=portal-enable-existing-server%2Cportal-disable-existing-server%2Cportal-enable-new-server%2Cportal-forced-failover%2Cportal-planned-failover#limitations-and-considerations"" target=""_blank"">documentation</a>&nbsp;to learn more about self-service migration options, zonal resiliency, the built-in fallback capability, and automatic migration behaviour.</p><h2><strong>Help and support</strong></h2><p>If you have questions about how these changes apply to your deployments or automation workflows, please reach out to us through Microsoft support, your account team, or the&nbsp;<a href=""https://feedback.azure.com/d365community/forum/c5e32b97-ee24-ec11-b6e6-000d3a4f0da0"" target=""_blank"">feedback forum.</a></p><p>If you have general questions, ask community experts in&nbsp;<a href=""https://learn.microsoft.com/answers/tags/214/azure-database-postgresql"" target=""_blank"">Microsoft Q&amp;A</a>. If you have a support plan and you need technical help, open the&nbsp;<a href=""https://portal.azure.com/#blade/Microsoft_Azure_Support/HelpAndSupportBlade/newsupportrequest"" target=""_blank"">Azure portal</a>&nbsp;and select the question mark icon at the top of the page.</p><p></p>"		2026-02-24T18:33:14Z	2026-08-31T00:00:00Z	2026-04-23T10:57:24Z	2026-08-31		northeurope	ec285037-c673-4f58-b594-d7c480da4e8b	not_available				false	not_needed	full		"{""event_source"":""resource_health_events""}"
Azure Database for PostgreSQL flexible servers	PROD-IO	azure-retirements-2721348d-5d3e-4374-adc4-06d277cdf144	2026-07-28	subscriptions	service_health_event_region	resource_health_events	Microsoft.ResourceHealth/events/ZPDZ-SL8	ZPDZ-SL8	ZPDZ-SL8	HealthAdvisory		ServiceHealth	Warning	Warning	Active		Retirement notice: We're improving the high availability experience for Azure Database for PostgreSQL	Retirement notice: We're improving the high availability experience for Azure Database for PostgreSQL	"<p><em>You’re receiving this notification because you’re associated with one or more Azure subscriptions with Azure Database for PostgreSQL flexible server instances. For reference, you can find this notification in the Azure portal under&nbsp;Service Health/</em><a href=""https://aka.ms/AzureServiceHealthAdvisories"" target=""_blank""><em>Health advisories</em></a><em>&nbsp;using tracking ID:&nbsp;ZPDZ-SL8.</em></p>"	"<p><em>You’re receiving this notification because you’re associated with one or more Azure subscriptions with Azure Database for PostgreSQL flexible server instances. For reference, you can find this notification in the Azure portal under&nbsp;Service Health/</em><a href=""https://aka.ms/AzureServiceHealthAdvisories"" target=""_blank""><em>Health advisories</em></a><em>&nbsp;using tracking ID:&nbsp;ZPDZ-SL8.</em></p> <p>We've rolled out improvements to the high availability experience for Azure Database for PostgreSQL to simplify configuration and strengthen long-term resiliency against zonal failures.</p> <h2><strong>What's changing</strong></h2> <p>With this experience enabled in the Azure portal and Azure CLI, Azure will now default to zone-redundant high availability. If the selected region doesn't support that, you can choose a&nbsp;<a href=""https://learn.microsoft.com/azure/postgresql/high-availability/concepts-high-availability#configure-business-critical-high-availability-options"" target=""_blank"">fallback mechanism</a>&nbsp;by selecting the fallback checkbox in the Azure portal or by using the&nbsp;<strong>allow-same-zone</strong>&nbsp;parameter in the Azure CLI.</p> <p>Changes in the Azure portal include:</p> <p></p><ul><li>High availability is now labelled&nbsp;<strong>business critical (high availability)</strong>. If you previously had the experience enabled, no action is required from you.</li><li>A new zonal resiliency option is available. When enabled, Azure deploys a standby server in a different availability zone from the primary one, helping protect workloads from zonal outages.</li></ul><h2><strong>Automatic migration notice</strong></h2><p>Automatic migration will be supported for new servers created after 12 February 2026 as soon as regional capacity is available. Servers created before 12 February 2026 will be automatically migrated over time. You won't need to redeploy or make configuration changes.</p><p>From 1 September 2026, servers created using same-zone high availability via developer tools including Terraform, Bicep, SDKs (.NET, Python, Java, JavaScript, and Go), PowerShell, and Ansible will be automatically migrated once capacity becomes available in the region. After the transition, writes are committed across multiple availability zones. This may result in minor changes in write behaviour, with minimal latency impact and improved resiliency and durability.</p><p>If you'd like to migrate sooner, self-service migration options, such as point-in-time restore or read replicas, will allow you to move to a zone-redundant configuration at your own pace. Read our&nbsp;<a href=""https://learn.microsoft.com/azure/postgresql/high-availability/how-to-configure-high-availability?tabs=portal-enable-existing-server%2Cportal-disable-existing-server%2Cportal-enable-new-server%2Cportal-forced-failover%2Cportal-planned-failover#limitations-and-considerations"" target=""_blank"">documentation</a>&nbsp;to learn more about self-service migration options, zonal resiliency, the built-in fallback capability, and automatic migration behaviour.</p><h2><strong>Help and support</strong></h2><p>If you have questions about how these changes apply to your deployments or automation workflows, please reach out to us through Microsoft support, your account team, or the&nbsp;<a href=""https://feedback.azure.com/d365community/forum/c5e32b97-ee24-ec11-b6e6-000d3a4f0da0"" target=""_blank"">feedback forum.</a></p><p>If you have general questions, ask community experts in&nbsp;<a href=""https://learn.microsoft.com/answers/tags/214/azure-database-postgresql"" target=""_blank"">Microsoft Q&amp;A</a>. If you have a support plan and you need technical help, open the&nbsp;<a href=""https://portal.azure.com/#blade/Microsoft_Azure_Support/HelpAndSupportBlade/newsupportrequest"" target=""_blank"">Azure portal</a>&nbsp;and select the question mark icon at the top of the page.</p><p></p>"		2026-02-24T18:33:14Z	2026-08-31T00:00:00Z	2026-04-23T10:57:24Z	2026-08-31		spaincentral	ec285037-c673-4f58-b594-d7c480da4e8b	not_available				false	not_needed	full		"{""event_source"":""resource_health_events""}"
Azure Database for PostgreSQL flexible servers	PROD-IO	azure-retirements-2721348d-5d3e-4374-adc4-06d277cdf144	2026-07-28	subscriptions	service_health_event_region	resource_health_events	Microsoft.ResourceHealth/events/ZPDZ-SL8	ZPDZ-SL8	ZPDZ-SL8	HealthAdvisory		ServiceHealth	Warning	Warning	Active		Retirement notice: We're improving the high availability experience for Azure Database for PostgreSQL	Retirement notice: We're improving the high availability experience for Azure Database for PostgreSQL	"<p><em>You’re receiving this notification because you’re associated with one or more Azure subscriptions with Azure Database for PostgreSQL flexible server instances. For reference, you can find this notification in the Azure portal under&nbsp;Service Health/</em><a href=""https://aka.ms/AzureServiceHealthAdvisories"" target=""_blank""><em>Health advisories</em></a><em>&nbsp;using tracking ID:&nbsp;ZPDZ-SL8.</em></p>"	"<p><em>You’re receiving this notification because you’re associated with one or more Azure subscriptions with Azure Database for PostgreSQL flexible server instances. For reference, you can find this notification in the Azure portal under&nbsp;Service Health/</em><a href=""https://aka.ms/AzureServiceHealthAdvisories"" target=""_blank""><em>Health advisories</em></a><em>&nbsp;using tracking ID:&nbsp;ZPDZ-SL8.</em></p> <p>We've rolled out improvements to the high availability experience for Azure Database for PostgreSQL to simplify configuration and strengthen long-term resiliency against zonal failures.</p> <h2><strong>What's changing</strong></h2> <p>With this experience enabled in the Azure portal and Azure CLI, Azure will now default to zone-redundant high availability. If the selected region doesn't support that, you can choose a&nbsp;<a href=""https://learn.microsoft.com/azure/postgresql/high-availability/concepts-high-availability#configure-business-critical-high-availability-options"" target=""_blank"">fallback mechanism</a>&nbsp;by selecting the fallback checkbox in the Azure portal or by using the&nbsp;<strong>allow-same-zone</strong>&nbsp;parameter in the Azure CLI.</p> <p>Changes in the Azure portal include:</p> <p></p><ul><li>High availability is now labelled&nbsp;<strong>business critical (high availability)</strong>. If you previously had the experience enabled, no action is required from you.</li><li>A new zonal resiliency option is available. When enabled, Azure deploys a standby server in a different availability zone from the primary one, helping protect workloads from zonal outages.</li></ul><h2><strong>Automatic migration notice</strong></h2><p>Automatic migration will be supported for new servers created after 12 February 2026 as soon as regional capacity is available. Servers created before 12 February 2026 will be automatically migrated over time. You won't need to redeploy or make configuration changes.</p><p>From 1 September 2026, servers created using same-zone high availability via developer tools including Terraform, Bicep, SDKs (.NET, Python, Java, JavaScript, and Go), PowerShell, and Ansible will be automatically migrated once capacity becomes available in the region. After the transition, writes are committed across multiple availability zones. This may result in minor changes in write behaviour, with minimal latency impact and improved resiliency and durability.</p><p>If you'd like to migrate sooner, self-service migration options, such as point-in-time restore or read replicas, will allow you to move to a zone-redundant configuration at your own pace. Read our&nbsp;<a href=""https://learn.microsoft.com/azure/postgresql/high-availability/how-to-configure-high-availability?tabs=portal-enable-existing-server%2Cportal-disable-existing-server%2Cportal-enable-new-server%2Cportal-forced-failover%2Cportal-planned-failover#limitations-and-considerations"" target=""_blank"">documentation</a>&nbsp;to learn more about self-service migration options, zonal resiliency, the built-in fallback capability, and automatic migration behaviour.</p><h2><strong>Help and support</strong></h2><p>If you have questions about how these changes apply to your deployments or automation workflows, please reach out to us through Microsoft support, your account team, or the&nbsp;<a href=""https://feedback.azure.com/d365community/forum/c5e32b97-ee24-ec11-b6e6-000d3a4f0da0"" target=""_blank"">feedback forum.</a></p><p>If you have general questions, ask community experts in&nbsp;<a href=""https://learn.microsoft.com/answers/tags/214/azure-database-postgresql"" target=""_blank"">Microsoft Q&amp;A</a>. If you have a support plan and you need technical help, open the&nbsp;<a href=""https://portal.azure.com/#blade/Microsoft_Azure_Support/HelpAndSupportBlade/newsupportrequest"" target=""_blank"">Azure portal</a>&nbsp;and select the question mark icon at the top of the page.</p><p></p>"		2026-02-24T18:33:14Z	2026-08-31T00:00:00Z	2026-04-23T10:57:24Z	2026-08-31		westeurope	ec285037-c673-4f58-b594-d7c480da4e8b	not_available				false	not_needed	full		"{""event_source"":""resource_health_events""}"
Storage Accounts	PROD-ICT	azure-retirements-2721348d-5d3e-4374-adc4-06d277cdf144	2026-07-28	subscriptions	service_health_event_region	resource_health_events	Microsoft.ResourceHealth/events/XTKT-BW8	XTKT-BW8	XTKT-BW8	HealthAdvisory	Retirement	ServiceHealth	Warning	Warning	Active		Action required: Migrate your legacy Azure general-purpose v1 account to a general-purpose v2 account	Action required: Migrate your legacy Azure general-purpose v1 account to a general-purpose v2 account	"<p><strong><em>You're receiving this notification because you're associated with one or more Azure subscriptions that have a GPv1 storage account. For reference, you can find this health advisory notification in the </em></strong><a href=""https://aka.ms/AzureServiceHealthAdvisories"" target=""_blank""><strong><em>Azure portal</em></strong></a><strong><em> using tracking ID: XTKT-BW8.</em></strong></p>"	"<p><strong><em>You're receiving this notification because you're associated with one or more Azure subscriptions that have a GPv1 storage account. For reference, you can find this health advisory notification in the </em></strong><a href=""https://aka.ms/AzureServiceHealthAdvisories"" target=""_blank""><strong><em>Azure portal</em></strong></a><strong><em> using tracking ID: XTKT-BW8.</em></strong></p> <p>From <strong>1 September 2026</strong> the creation of new GPv1 accounts will be blocked, the creation of GPv2 accounts will be unaffected.</p> <p>On 13 October 2026, we'll retire GPv1 storage accounts. To avoid disruptions, <a href=""https://learn.microsoft.com/azure/storage/common/storage-account-upgrade?tabs=azure-portal"" target=""_blank""><strong>migrate your GPv1 storage accounts to GPv2 accounts before that date</strong></a>. GPv2 accounts give you access to the latest Azure Storage features while providing improved performance and true zonal redundancy support.</p> <h2>Recommended action</h2> <p>To avoid service disruptions, <a href=""https://learn.microsoft.com/azure/storage/common/storage-account-upgrade?tabs=azure-portal"" target=""_blank""><strong>migrate your GPv1 storage accounts to GPv2 by 13 October 2026</strong></a>. To view your impacted resources in the Azure portal, go to the <a href=""https://portal.azure.com/#view/Microsoft_Azure_StorageHub/StorageHub.MenuView/~/StorageAccountsBrowse"" target=""_blank"">Storage Center </a>and look for <strong>Kind: Storage</strong>. For additional ways to access impacted resource information, see this <a href=""https://aka.ms/AzureRetirementImpactedResourcesChannels"" target=""_blank"">documentation</a>.</p> <p>Watch the recorded video and demo <a href=""https://aka.ms/GPv1RetirementLiveStream"" target=""_blank"">here</a>. Frequently asked questions are available in the <a href=""https://learn.microsoft.com/azure/storage/common/general-purpose-version-1-account-migration-frequently-asked-questions"" target=""_blank"">documentation.</a></p> <p><strong>For Azure Databricks managed storage accounts</strong>: If your workspace relies on a GPv1 storage account, you won't be able to migrate that account manually. As part of this retirement, <strong>Microsoft will schedule and complete a managed migration of affected accounts to GPv2 on your behalf</strong>; no action is required.</p> <p>Azure Databricks accounts will not be part of this migration and will be done separately. When Azure Databricks account migration is planned, notifications will be sent as appropriate.</p> <p>Any <strong>non-Azure Databricks accounts</strong> that use <strong>GPv1</strong> will <strong>require manual migration</strong>.</p> <p></p><h2>Automatic migration warning</h2><p>After 13 October 2026, all existing GPv1 storage accounts will be automatically migrated over to a GPv2 account, which may result in higher billing costs. Your decision not to migrate an existing GPv1 storage account will be construed as consent for Microsoft to migrate the account on your behalf.</p><h2>Help and support</h2><p>If you have questions, get answers from community experts in <a href=""https://learn.microsoft.com/answers/tags/125/azure-blob-storage"" target=""_blank"">Microsoft Q&amp;A.</a> If you have a support plan and need technical help, open the <a href=""https://portal.azure.com/#blade/Microsoft_Azure_Support/HelpAndSupportBlade/overview"" target=""_blank"">Azure portal</a> and select the question mark icon at the top of the page.</p><p></p>"		2025-09-30T00:00:00Z	2026-10-13T00:00:00Z	2026-07-13T15:59:38Z	2026-09-01		germanywestcentral	f4b92052-083f-493c-b765-6d6a28eb809c	not_available				false	not_needed	full	retirement_date_derived_from_text	"{""event_source"":""resource_health_events""}"
Storage Accounts	PROD-ICT	azure-retirements-2721348d-5d3e-4374-adc4-06d277cdf144	2026-07-28	subscriptions	service_health_event_region	resource_health_events	Microsoft.ResourceHealth/events/XTKT-BW8	XTKT-BW8	XTKT-BW8	HealthAdvisory	Retirement	ServiceHealth	Warning	Warning	Active		Action required: Migrate your legacy Azure general-purpose v1 account to a general-purpose v2 account	Action required: Migrate your legacy Azure general-purpose v1 account to a general-purpose v2 account	"<p><strong><em>You're receiving this notification because you're associated with one or more Azure subscriptions that have a GPv1 storage account. For reference, you can find this health advisory notification in the </em></strong><a href=""https://aka.ms/AzureServiceHealthAdvisories"" target=""_blank""><strong><em>Azure portal</em></strong></a><strong><em> using tracking ID: XTKT-BW8.</em></strong></p>"	"<p><strong><em>You're receiving this notification because you're associated with one or more Azure subscriptions that have a GPv1 storage account. For reference, you can find this health advisory notification in the </em></strong><a href=""https://aka.ms/AzureServiceHealthAdvisories"" target=""_blank""><strong><em>Azure portal</em></strong></a><strong><em> using tracking ID: XTKT-BW8.</em></strong></p> <p>From <strong>1 September 2026</strong> the creation of new GPv1 accounts will be blocked, the creation of GPv2 accounts will be unaffected.</p> <p>On 13 October 2026, we'll retire GPv1 storage accounts. To avoid disruptions, <a href=""https://learn.microsoft.com/azure/storage/common/storage-account-upgrade?tabs=azure-portal"" target=""_blank""><strong>migrate your GPv1 storage accounts to GPv2 accounts before that date</strong></a>. GPv2 accounts give you access to the latest Azure Storage features while providing improved performance and true zonal redundancy support.</p> <h2>Recommended action</h2> <p>To avoid service disruptions, <a href=""https://learn.microsoft.com/azure/storage/common/storage-account-upgrade?tabs=azure-portal"" target=""_blank""><strong>migrate your GPv1 storage accounts to GPv2 by 13 October 2026</strong></a>. To view your impacted resources in the Azure portal, go to the <a href=""https://portal.azure.com/#view/Microsoft_Azure_StorageHub/StorageHub.MenuView/~/StorageAccountsBrowse"" target=""_blank"">Storage Center </a>and look for <strong>Kind: Storage</strong>. For additional ways to access impacted resource information, see this <a href=""https://aka.ms/AzureRetirementImpactedResourcesChannels"" target=""_blank"">documentation</a>.</p> <p>Watch the recorded video and demo <a href=""https://aka.ms/GPv1RetirementLiveStream"" target=""_blank"">here</a>. Frequently asked questions are available in the <a href=""https://learn.microsoft.com/azure/storage/common/general-purpose-version-1-account-migration-frequently-asked-questions"" target=""_blank"">documentation.</a></p> <p><strong>For Azure Databricks managed storage accounts</strong>: If your workspace relies on a GPv1 storage account, you won't be able to migrate that account manually. As part of this retirement, <strong>Microsoft will schedule and complete a managed migration of affected accounts to GPv2 on your behalf</strong>; no action is required.</p> <p>Azure Databricks accounts will not be part of this migration and will be done separately. When Azure Databricks account migration is planned, notifications will be sent as appropriate.</p> <p>Any <strong>non-Azure Databricks accounts</strong> that use <strong>GPv1</strong> will <strong>require manual migration</strong>.</p> <p></p><h2>Automatic migration warning</h2><p>After 13 October 2026, all existing GPv1 storage accounts will be automatically migrated over to a GPv2 account, which may result in higher billing costs. Your decision not to migrate an existing GPv1 storage account will be construed as consent for Microsoft to migrate the account on your behalf.</p><h2>Help and support</h2><p>If you have questions, get answers from community experts in <a href=""https://learn.microsoft.com/answers/tags/125/azure-blob-storage"" target=""_blank"">Microsoft Q&amp;A.</a> If you have a support plan and need technical help, open the <a href=""https://portal.azure.com/#blade/Microsoft_Azure_Support/HelpAndSupportBlade/overview"" target=""_blank"">Azure portal</a> and select the question mark icon at the top of the page.</p><p></p>"		2025-09-30T00:00:00Z	2026-10-13T00:00:00Z	2026-07-13T15:59:38Z	2026-09-01		italynorth	f4b92052-083f-493c-b765-6d6a28eb809c	not_available				false	not_needed	full	retirement_date_derived_from_text	"{""event_source"":""resource_health_events""}"
Storage Accounts	PROD-ICT	azure-retirements-2721348d-5d3e-4374-adc4-06d277cdf144	2026-07-28	subscriptions	service_health_event_region	resource_health_events	Microsoft.ResourceHealth/events/XTKT-BW8	XTKT-BW8	XTKT-BW8	HealthAdvisory	Retirement	ServiceHealth	Warning	Warning	Active		Action required: Migrate your legacy Azure general-purpose v1 account to a general-purpose v2 account	Action required: Migrate your legacy Azure general-purpose v1 account to a general-purpose v2 account	"<p><strong><em>You're receiving this notification because you're associated with one or more Azure subscriptions that have a GPv1 storage account. For reference, you can find this health advisory notification in the </em></strong><a href=""https://aka.ms/AzureServiceHealthAdvisories"" target=""_blank""><strong><em>Azure portal</em></strong></a><strong><em> using tracking ID: XTKT-BW8.</em></strong></p>"	"<p><strong><em>You're receiving this notification because you're associated with one or more Azure subscriptions that have a GPv1 storage account. For reference, you can find this health advisory notification in the </em></strong><a href=""https://aka.ms/AzureServiceHealthAdvisories"" target=""_blank""><strong><em>Azure portal</em></strong></a><strong><em> using tracking ID: XTKT-BW8.</em></strong></p> <p>From <strong>1 September 2026</strong> the creation of new GPv1 accounts will be blocked, the creation of GPv2 accounts will be unaffected.</p> <p>On 13 October 2026, we'll retire GPv1 storage accounts. To avoid disruptions, <a href=""https://learn.microsoft.com/azure/storage/common/storage-account-upgrade?tabs=azure-portal"" target=""_blank""><strong>migrate your GPv1 storage accounts to GPv2 accounts before that date</strong></a>. GPv2 accounts give you access to the latest Azure Storage features while providing improved performance and true zonal redundancy support.</p> <h2>Recommended action</h2> <p>To avoid service disruptions, <a href=""https://learn.microsoft.com/azure/storage/common/storage-account-upgrade?tabs=azure-portal"" target=""_blank""><strong>migrate your GPv1 storage accounts to GPv2 by 13 October 2026</strong></a>. To view your impacted resources in the Azure portal, go to the <a href=""https://portal.azure.com/#view/Microsoft_Azure_StorageHub/StorageHub.MenuView/~/StorageAccountsBrowse"" target=""_blank"">Storage Center </a>and look for <strong>Kind: Storage</strong>. For additional ways to access impacted resource information, see this <a href=""https://aka.ms/AzureRetirementImpactedResourcesChannels"" target=""_blank"">documentation</a>.</p> <p>Watch the recorded video and demo <a href=""https://aka.ms/GPv1RetirementLiveStream"" target=""_blank"">here</a>. Frequently asked questions are available in the <a href=""https://learn.microsoft.com/azure/storage/common/general-purpose-version-1-account-migration-frequently-asked-questions"" target=""_blank"">documentation.</a></p> <p><strong>For Azure Databricks managed storage accounts</strong>: If your workspace relies on a GPv1 storage account, you won't be able to migrate that account manually. As part of this retirement, <strong>Microsoft will schedule and complete a managed migration of affected accounts to GPv2 on your behalf</strong>; no action is required.</p> <p>Azure Databricks accounts will not be part of this migration and will be done separately. When Azure Databricks account migration is planned, notifications will be sent as appropriate.</p> <p>Any <strong>non-Azure Databricks accounts</strong> that use <strong>GPv1</strong> will <strong>require manual migration</strong>.</p> <p></p><h2>Automatic migration warning</h2><p>After 13 October 2026, all existing GPv1 storage accounts will be automatically migrated over to a GPv2 account, which may result in higher billing costs. Your decision not to migrate an existing GPv1 storage account will be construed as consent for Microsoft to migrate the account on your behalf.</p><h2>Help and support</h2><p>If you have questions, get answers from community experts in <a href=""https://learn.microsoft.com/answers/tags/125/azure-blob-storage"" target=""_blank"">Microsoft Q&amp;A.</a> If you have a support plan and need technical help, open the <a href=""https://portal.azure.com/#blade/Microsoft_Azure_Support/HelpAndSupportBlade/overview"" target=""_blank"">Azure portal</a> and select the question mark icon at the top of the page.</p><p></p>"		2025-09-30T00:00:00Z	2026-10-13T00:00:00Z	2026-07-13T15:59:38Z	2026-09-01		northeurope	f4b92052-083f-493c-b765-6d6a28eb809c	not_available				false	not_needed	full	retirement_date_derived_from_text	"{""event_source"":""resource_health_events""}"
Storage Accounts	PROD-ICT	azure-retirements-2721348d-5d3e-4374-adc4-06d277cdf144	2026-07-28	subscriptions	service_health_event_region	resource_health_events	Microsoft.ResourceHealth/events/XTKT-BW8	XTKT-BW8	XTKT-BW8	HealthAdvisory	Retirement	ServiceHealth	Warning	Warning	Active		Action required: Migrate your legacy Azure general-purpose v1 account to a general-purpose v2 account	Action required: Migrate your legacy Azure general-purpose v1 account to a general-purpose v2 account	"<p><strong><em>You're receiving this notification because you're associated with one or more Azure subscriptions that have a GPv1 storage account. For reference, you can find this health advisory notification in the </em></strong><a href=""https://aka.ms/AzureServiceHealthAdvisories"" target=""_blank""><strong><em>Azure portal</em></strong></a><strong><em> using tracking ID: XTKT-BW8.</em></strong></p>"	"<p><strong><em>You're receiving this notification because you're associated with one or more Azure subscriptions that have a GPv1 storage account. For reference, you can find this health advisory notification in the </em></strong><a href=""https://aka.ms/AzureServiceHealthAdvisories"" target=""_blank""><strong><em>Azure portal</em></strong></a><strong><em> using tracking ID: XTKT-BW8.</em></strong></p> <p>From <strong>1 September 2026</strong> the creation of new GPv1 accounts will be blocked, the creation of GPv2 accounts will be unaffected.</p> <p>On 13 October 2026, we'll retire GPv1 storage accounts. To avoid disruptions, <a href=""https://learn.microsoft.com/azure/storage/common/storage-account-upgrade?tabs=azure-portal"" target=""_blank""><strong>migrate your GPv1 storage accounts to GPv2 accounts before that date</strong></a>. GPv2 accounts give you access to the latest Azure Storage features while providing improved performance and true zonal redundancy support.</p> <h2>Recommended action</h2> <p>To avoid service disruptions, <a href=""https://learn.microsoft.com/azure/storage/common/storage-account-upgrade?tabs=azure-portal"" target=""_blank""><strong>migrate your GPv1 storage accounts to GPv2 by 13 October 2026</strong></a>. To view your impacted resources in the Azure portal, go to the <a href=""https://portal.azure.com/#view/Microsoft_Azure_StorageHub/StorageHub.MenuView/~/StorageAccountsBrowse"" target=""_blank"">Storage Center </a>and look for <strong>Kind: Storage</strong>. For additional ways to access impacted resource information, see this <a href=""https://aka.ms/AzureRetirementImpactedResourcesChannels"" target=""_blank"">documentation</a>.</p> <p>Watch the recorded video and demo <a href=""https://aka.ms/GPv1RetirementLiveStream"" target=""_blank"">here</a>. Frequently asked questions are available in the <a href=""https://learn.microsoft.com/azure/storage/common/general-purpose-version-1-account-migration-frequently-asked-questions"" target=""_blank"">documentation.</a></p> <p><strong>For Azure Databricks managed storage accounts</strong>: If your workspace relies on a GPv1 storage account, you won't be able to migrate that account manually. As part of this retirement, <strong>Microsoft will schedule and complete a managed migration of affected accounts to GPv2 on your behalf</strong>; no action is required.</p> <p>Azure Databricks accounts will not be part of this migration and will be done separately. When Azure Databricks account migration is planned, notifications will be sent as appropriate.</p> <p>Any <strong>non-Azure Databricks accounts</strong> that use <strong>GPv1</strong> will <strong>require manual migration</strong>.</p> <p></p><h2>Automatic migration warning</h2><p>After 13 October 2026, all existing GPv1 storage accounts will be automatically migrated over to a GPv2 account, which may result in higher billing costs. Your decision not to migrate an existing GPv1 storage account will be construed as consent for Microsoft to migrate the account on your behalf.</p><h2>Help and support</h2><p>If you have questions, get answers from community experts in <a href=""https://learn.microsoft.com/answers/tags/125/azure-blob-storage"" target=""_blank"">Microsoft Q&amp;A.</a> If you have a support plan and need technical help, open the <a href=""https://portal.azure.com/#blade/Microsoft_Azure_Support/HelpAndSupportBlade/overview"" target=""_blank"">Azure portal</a> and select the question mark icon at the top of the page.</p><p></p>"		2025-09-30T00:00:00Z	2026-10-13T00:00:00Z	2026-07-13T15:59:38Z	2026-09-01		spaincentral	f4b92052-083f-493c-b765-6d6a28eb809c	not_available				false	not_needed	full	retirement_date_derived_from_text	"{""event_source"":""resource_health_events""}"
Storage Accounts	PROD-ICT	azure-retirements-2721348d-5d3e-4374-adc4-06d277cdf144	2026-07-28	subscriptions	service_health_event_region	resource_health_events	Microsoft.ResourceHealth/events/XTKT-BW8	XTKT-BW8	XTKT-BW8	HealthAdvisory	Retirement	ServiceHealth	Warning	Warning	Active		Action required: Migrate your legacy Azure general-purpose v1 account to a general-purpose v2 account	Action required: Migrate your legacy Azure general-purpose v1 account to a general-purpose v2 account	"<p><strong><em>You're receiving this notification because you're associated with one or more Azure subscriptions that have a GPv1 storage account. For reference, you can find this health advisory notification in the </em></strong><a href=""https://aka.ms/AzureServiceHealthAdvisories"" target=""_blank""><strong><em>Azure portal</em></strong></a><strong><em> using tracking ID: XTKT-BW8.</em></strong></p>"	"<p><strong><em>You're receiving this notification because you're associated with one or more Azure subscriptions that have a GPv1 storage account. For reference, you can find this health advisory notification in the </em></strong><a href=""https://aka.ms/AzureServiceHealthAdvisories"" target=""_blank""><strong><em>Azure portal</em></strong></a><strong><em> using tracking ID: XTKT-BW8.</em></strong></p> <p>From <strong>1 September 2026</strong> the creation of new GPv1 accounts will be blocked, the creation of GPv2 accounts will be unaffected.</p> <p>On 13 October 2026, we'll retire GPv1 storage accounts. To avoid disruptions, <a href=""https://learn.microsoft.com/azure/storage/common/storage-account-upgrade?tabs=azure-portal"" target=""_blank""><strong>migrate your GPv1 storage accounts to GPv2 accounts before that date</strong></a>. GPv2 accounts give you access to the latest Azure Storage features while providing improved performance and true zonal redundancy support.</p> <h2>Recommended action</h2> <p>To avoid service disruptions, <a href=""https://learn.microsoft.com/azure/storage/common/storage-account-upgrade?tabs=azure-portal"" target=""_blank""><strong>migrate your GPv1 storage accounts to GPv2 by 13 October 2026</strong></a>. To view your impacted resources in the Azure portal, go to the <a href=""https://portal.azure.com/#view/Microsoft_Azure_StorageHub/StorageHub.MenuView/~/StorageAccountsBrowse"" target=""_blank"">Storage Center </a>and look for <strong>Kind: Storage</strong>. For additional ways to access impacted resource information, see this <a href=""https://aka.ms/AzureRetirementImpactedResourcesChannels"" target=""_blank"">documentation</a>.</p> <p>Watch the recorded video and demo <a href=""https://aka.ms/GPv1RetirementLiveStream"" target=""_blank"">here</a>. Frequently asked questions are available in the <a href=""https://learn.microsoft.com/azure/storage/common/general-purpose-version-1-account-migration-frequently-asked-questions"" target=""_blank"">documentation.</a></p> <p><strong>For Azure Databricks managed storage accounts</strong>: If your workspace relies on a GPv1 storage account, you won't be able to migrate that account manually. As part of this retirement, <strong>Microsoft will schedule and complete a managed migration of affected accounts to GPv2 on your behalf</strong>; no action is required.</p> <p>Azure Databricks accounts will not be part of this migration and will be done separately. When Azure Databricks account migration is planned, notifications will be sent as appropriate.</p> <p>Any <strong>non-Azure Databricks accounts</strong> that use <strong>GPv1</strong> will <strong>require manual migration</strong>.</p> <p></p><h2>Automatic migration warning</h2><p>After 13 October 2026, all existing GPv1 storage accounts will be automatically migrated over to a GPv2 account, which may result in higher billing costs. Your decision not to migrate an existing GPv1 storage account will be construed as consent for Microsoft to migrate the account on your behalf.</p><h2>Help and support</h2><p>If you have questions, get answers from community experts in <a href=""https://learn.microsoft.com/answers/tags/125/azure-blob-storage"" target=""_blank"">Microsoft Q&amp;A.</a> If you have a support plan and need technical help, open the <a href=""https://portal.azure.com/#blade/Microsoft_Azure_Support/HelpAndSupportBlade/overview"" target=""_blank"">Azure portal</a> and select the question mark icon at the top of the page.</p><p></p>"		2025-09-30T00:00:00Z	2026-10-13T00:00:00Z	2026-07-13T15:59:38Z	2026-09-01		westeurope	f4b92052-083f-493c-b765-6d6a28eb809c	not_available				false	not_needed	full	retirement_date_derived_from_text	"{""event_source"":""resource_health_events""}"
Storage Accounts	PROD-ICT	azure-retirements-2721348d-5d3e-4374-adc4-06d277cdf144	2026-07-28	subscriptions	service_health_event_region	resource_health_events	Microsoft.ResourceHealth/events/XTKT-BW8	XTKT-BW8	XTKT-BW8	HealthAdvisory	Retirement	ServiceHealth	Warning	Warning	Active		Action required: Migrate your legacy Azure general-purpose v1 account to a general-purpose v2 account	Action required: Migrate your legacy Azure general-purpose v1 account to a general-purpose v2 account	"<p><strong><em>You're receiving this notification because you're associated with one or more Azure subscriptions that have a GPv1 storage account. For reference, you can find this health advisory notification in the </em></strong><a href=""https://aka.ms/AzureServiceHealthAdvisories"" target=""_blank""><strong><em>Azure portal</em></strong></a><strong><em> using tracking ID: XTKT-BW8.</em></strong></p>"	"<p><strong><em>You're receiving this notification because you're associated with one or more Azure subscriptions that have a GPv1 storage account. For reference, you can find this health advisory notification in the </em></strong><a href=""https://aka.ms/AzureServiceHealthAdvisories"" target=""_blank""><strong><em>Azure portal</em></strong></a><strong><em> using tracking ID: XTKT-BW8.</em></strong></p> <p>From <strong>1 September 2026</strong> the creation of new GPv1 accounts will be blocked, the creation of GPv2 accounts will be unaffected.</p> <p>On 13 October 2026, we'll retire GPv1 storage accounts. To avoid disruptions, <a href=""https://learn.microsoft.com/azure/storage/common/storage-account-upgrade?tabs=azure-portal"" target=""_blank""><strong>migrate your GPv1 storage accounts to GPv2 accounts before that date</strong></a>. GPv2 accounts give you access to the latest Azure Storage features while providing improved performance and true zonal redundancy support.</p> <h2>Recommended action</h2> <p>To avoid service disruptions, <a href=""https://learn.microsoft.com/azure/storage/common/storage-account-upgrade?tabs=azure-portal"" target=""_blank""><strong>migrate your GPv1 storage accounts to GPv2 by 13 October 2026</strong></a>. To view your impacted resources in the Azure portal, go to the <a href=""https://portal.azure.com/#view/Microsoft_Azure_StorageHub/StorageHub.MenuView/~/StorageAccountsBrowse"" target=""_blank"">Storage Center </a>and look for <strong>Kind: Storage</strong>. For additional ways to access impacted resource information, see this <a href=""https://aka.ms/AzureRetirementImpactedResourcesChannels"" target=""_blank"">documentation</a>.</p> <p>Watch the recorded video and demo <a href=""https://aka.ms/GPv1RetirementLiveStream"" target=""_blank"">here</a>. Frequently asked questions are available in the <a href=""https://learn.microsoft.com/azure/storage/common/general-purpose-version-1-account-migration-frequently-asked-questions"" target=""_blank"">documentation.</a></p> <p><strong>For Azure Databricks managed storage accounts</strong>: If your workspace relies on a GPv1 storage account, you won't be able to migrate that account manually. As part of this retirement, <strong>Microsoft will schedule and complete a managed migration of affected accounts to GPv2 on your behalf</strong>; no action is required.</p> <p>Azure Databricks accounts will not be part of this migration and will be done separately. When Azure Databricks account migration is planned, notifications will be sent as appropriate.</p> <p>Any <strong>non-Azure Databricks accounts</strong> that use <strong>GPv1</strong> will <strong>require manual migration</strong>.</p> <p></p><h2>Automatic migration warning</h2><p>After 13 October 2026, all existing GPv1 storage accounts will be automatically migrated over to a GPv2 account, which may result in higher billing costs. Your decision not to migrate an existing GPv1 storage account will be construed as consent for Microsoft to migrate the account on your behalf.</p><h2>Help and support</h2><p>If you have questions, get answers from community experts in <a href=""https://learn.microsoft.com/answers/tags/125/azure-blob-storage"" target=""_blank"">Microsoft Q&amp;A.</a> If you have a support plan and need technical help, open the <a href=""https://portal.azure.com/#blade/Microsoft_Azure_Support/HelpAndSupportBlade/overview"" target=""_blank"">Azure portal</a> and select the question mark icon at the top of the page.</p><p></p>"		2025-09-30T00:00:00Z	2026-10-13T00:00:00Z	2026-07-13T15:59:38Z	2026-09-01		global	f4b92052-083f-493c-b765-6d6a28eb809c	not_available				false	not_needed	full	retirement_date_derived_from_text	"{""event_source"":""resource_health_events""}"
Virtual Machines	PROD-ICT	azure-retirements-2721348d-5d3e-4374-adc4-06d277cdf144	2026-07-28	subscriptions	service_health_event_region	resource_health_events	Microsoft.ResourceHealth/events/5RWW-K4G	5RWW-K4G	5RWW-K4G	HealthAdvisory		ServiceHealth	Warning	Warning	Active		Action required: Verify your OS compatibility with Microsoft Azure Network Adapter (MANA) hardware for Intel D- and E- v5-series VMs and Cobalt 100 D- and E- v6-series VMs	Action required: Verify your OS compatibility with Microsoft Azure Network Adapter (MANA) hardware for Intel D- and E- v5-series VMs and Cobalt 100 D- and E- v6-series VMs	<p><em>You're receiving this notification because you're running one or more Azure virtual machine workloads that may be affected by an upcoming infrastructure change.</em></p>	"<p><em>You're receiving this notification because you're running one or more Azure virtual machine workloads that may be affected by an upcoming infrastructure change.</em></p> <p>As previously communicated, starting on <strong>26 May 2026</strong>, Azure may begin deploying the following virtual machines (VMs) on <a href=""https://learn.microsoft.com/azure/virtual-network/accelerated-networking-mana-overview"" target=""_blank"">Microsoft Azure Network Adapter</a>-enabled hardware in limited regions:</p> <ul><li><strong>Intel</strong>: Dsv5, Dv5, Ddsv5, Ddv5, Dlsv5, Dldsv5, Esv5, Ev5, Edsv5, Edv5, Ebsv5, Ebdsv5</li><li><strong>Cobalt 100</strong>: Dpsv6, Dpdsv6, Dplsv6, Dpldsv6, Epsv6, Epdsv6</li></ul> <p>The regional deployments schedule previously communicated is:</p> <p></p> <ul><li>26 May 2026 – West Central US</li><li>27 May 2026 – East Asia</li><li>28 May 2026 – Norway West</li><li>29 May 2026 – Spain Central</li></ul> <p>Service Health notifications will continue when there are additional regions to announce.</p> <p>If you're running <strong>the above listed VMs using Accelerated Networking</strong>, any new VM deployments or existing VMs which are redeployed due to maintenance events or customer action may land on MANA-compatible hardware once it's live in your region.</p> <p>If your VMs are Network Virtual Appliance (NVA) workloads, <strong>you'll need to verify that they're compatible with MANA-enabled hardware before 28 May 2026</strong>.</p> <p>Verifying compatibility can help mitigate potential networking performance degradation, while also allowing your workloads to take full advantage of the enhanced networking performance provided by MANA-enabled hardware.</p> <p>If you don't use Accelerated Networking with the above VMs or are running a <a href=""https://learn.microsoft.com/azure/virtual-network/accelerated-networking-overview?tabs=NetworkManager"" target=""_blank"">supported Windows OS version</a> on these VMs, no further action is required.</p> <p></p><h2>Required action</h2><p>Verify that your workloads are compatible with MANA-enabled hardware by following the steps below <strong>before 28 May 2026</strong>:</p><ol><li>Identify all Intel D- and E- v5-series and Cobalt 100 D- and E- v6-series VMs using Accelerated Networking running NVA workloads.</li><li>Verify your <a href=""https://learn.microsoft.com/azure/virtual-network/accelerated-networking-mana-linux"" target=""_blank"">Linux OS is MANA compatible.</a></li><li>If your OS isn't MANA compatible, upgrade to an OS or NVA product that is. Contact your NVA provider for a list of MANA compatible products.</li><li>If you have NVA workloads and need additional time to complete step 3, you can receive a temporary MANA exception by <a href=""https://learn.microsoft.com/azure/virtual-network/accelerated-networking-mana-network-virtual-appliance-opt-out#temporary-mana-exception-with-legacyvmnva"" target=""_blank"">applying and enabling the ""LegacyVMNVA"" tag</a>. This exception will expire on<strong> 31 May 2027</strong>. If the ""LegacyVMNV"" tag isn't applied <strong>and</strong> enabled<strong> before</strong> your region has the MANA-enabled hardware, your VMs may be deployed on that hardware.</li><li>Upgrade to a MANA compatible OS or NVA product by 31 May 2027. After that date, any VM could land on MANA-enabled hardware.</li></ol><p>If you continue using Intel v5 or Cobalt 100 VM sizes without MANA compatibility, they'll remain supported on both existing Mellanox and new MANAenabled hardware until the size is retired. However, you may experience network performance degradation.</p><h2>Help and support</h2><p>If you have questions or run into any issues, please contact your Customer Support Account Manager (CSAM), if available, or reach out to <a href=""https://learn.microsoft.com/azure/virtual-machines/vm-support-help"" target=""_blank"">Support</a> for assistance.</p><p>The following resources are available to support you:</p><ul><li><a href=""https://learn.microsoft.com/azure/virtual-network/accelerated-networking-mana-overview"" target=""_blank"">Microsoft Azure Network Adapter overview</a></li><li><a href=""https://learn.microsoft.com/azure/virtual-network/accelerated-networking-mana-existing-sizes"" target=""_blank"">MANA support for existing VM sizes</a></li><li><a href=""https://learn.microsoft.com/azure/virtual-network/accelerated-networking-mana-network-virtual-appliance-opt-out"" target=""_blank"">MANA support for Network Virtual Appliances</a></li><li><a href=""https://learn.microsoft.com/azure/virtual-network/accelerated-networking-mana-windows#verify-that-traffic-is-flowing-through-mana"" target=""_blank"">Windows VMs with the Microsoft Azure Network Adapter</a></li><li><a href=""https://learn.microsoft.com/azure/virtual-machines/vm-support-help"" target=""_blank"">Support</a></li></ul><p></p><p></p>"		2026-05-22T00:00:00Z	2027-06-01T00:00:00Z	2026-05-29T23:45:57Z	2026-05-26		germanywestcentral	f4b92052-083f-493c-b765-6d6a28eb809c	not_available				false	not_needed	full	retirement_date_derived_from_text	"{""event_source"":""resource_health_events""}"
Virtual Machines	PROD-ICT	azure-retirements-2721348d-5d3e-4374-adc4-06d277cdf144	2026-07-28	subscriptions	service_health_event_region	resource_health_events	Microsoft.ResourceHealth/events/5RWW-K4G	5RWW-K4G	5RWW-K4G	HealthAdvisory		ServiceHealth	Warning	Warning	Active		Action required: Verify your OS compatibility with Microsoft Azure Network Adapter (MANA) hardware for Intel D- and E- v5-series VMs and Cobalt 100 D- and E- v6-series VMs	Action required: Verify your OS compatibility with Microsoft Azure Network Adapter (MANA) hardware for Intel D- and E- v5-series VMs and Cobalt 100 D- and E- v6-series VMs	<p><em>You're receiving this notification because you're running one or more Azure virtual machine workloads that may be affected by an upcoming infrastructure change.</em></p>	"<p><em>You're receiving this notification because you're running one or more Azure virtual machine workloads that may be affected by an upcoming infrastructure change.</em></p> <p>As previously communicated, starting on <strong>26 May 2026</strong>, Azure may begin deploying the following virtual machines (VMs) on <a href=""https://learn.microsoft.com/azure/virtual-network/accelerated-networking-mana-overview"" target=""_blank"">Microsoft Azure Network Adapter</a>-enabled hardware in limited regions:</p> <ul><li><strong>Intel</strong>: Dsv5, Dv5, Ddsv5, Ddv5, Dlsv5, Dldsv5, Esv5, Ev5, Edsv5, Edv5, Ebsv5, Ebdsv5</li><li><strong>Cobalt 100</strong>: Dpsv6, Dpdsv6, Dplsv6, Dpldsv6, Epsv6, Epdsv6</li></ul> <p>The regional deployments schedule previously communicated is:</p> <p></p> <ul><li>26 May 2026 – West Central US</li><li>27 May 2026 – East Asia</li><li>28 May 2026 – Norway West</li><li>29 May 2026 – Spain Central</li></ul> <p>Service Health notifications will continue when there are additional regions to announce.</p> <p>If you're running <strong>the above listed VMs using Accelerated Networking</strong>, any new VM deployments or existing VMs which are redeployed due to maintenance events or customer action may land on MANA-compatible hardware once it's live in your region.</p> <p>If your VMs are Network Virtual Appliance (NVA) workloads, <strong>you'll need to verify that they're compatible with MANA-enabled hardware before 28 May 2026</strong>.</p> <p>Verifying compatibility can help mitigate potential networking performance degradation, while also allowing your workloads to take full advantage of the enhanced networking performance provided by MANA-enabled hardware.</p> <p>If you don't use Accelerated Networking with the above VMs or are running a <a href=""https://learn.microsoft.com/azure/virtual-network/accelerated-networking-overview?tabs=NetworkManager"" target=""_blank"">supported Windows OS version</a> on these VMs, no further action is required.</p> <p></p><h2>Required action</h2><p>Verify that your workloads are compatible with MANA-enabled hardware by following the steps below <strong>before 28 May 2026</strong>:</p><ol><li>Identify all Intel D- and E- v5-series and Cobalt 100 D- and E- v6-series VMs using Accelerated Networking running NVA workloads.</li><li>Verify your <a href=""https://learn.microsoft.com/azure/virtual-network/accelerated-networking-mana-linux"" target=""_blank"">Linux OS is MANA compatible.</a></li><li>If your OS isn't MANA compatible, upgrade to an OS or NVA product that is. Contact your NVA provider for a list of MANA compatible products.</li><li>If you have NVA workloads and need additional time to complete step 3, you can receive a temporary MANA exception by <a href=""https://learn.microsoft.com/azure/virtual-network/accelerated-networking-mana-network-virtual-appliance-opt-out#temporary-mana-exception-with-legacyvmnva"" target=""_blank"">applying and enabling the ""LegacyVMNVA"" tag</a>. This exception will expire on<strong> 31 May 2027</strong>. If the ""LegacyVMNV"" tag isn't applied <strong>and</strong> enabled<strong> before</strong> your region has the MANA-enabled hardware, your VMs may be deployed on that hardware.</li><li>Upgrade to a MANA compatible OS or NVA product by 31 May 2027. After that date, any VM could land on MANA-enabled hardware.</li></ol><p>If you continue using Intel v5 or Cobalt 100 VM sizes without MANA compatibility, they'll remain supported on both existing Mellanox and new MANAenabled hardware until the size is retired. However, you may experience network performance degradation.</p><h2>Help and support</h2><p>If you have questions or run into any issues, please contact your Customer Support Account Manager (CSAM), if available, or reach out to <a href=""https://learn.microsoft.com/azure/virtual-machines/vm-support-help"" target=""_blank"">Support</a> for assistance.</p><p>The following resources are available to support you:</p><ul><li><a href=""https://learn.microsoft.com/azure/virtual-network/accelerated-networking-mana-overview"" target=""_blank"">Microsoft Azure Network Adapter overview</a></li><li><a href=""https://learn.microsoft.com/azure/virtual-network/accelerated-networking-mana-existing-sizes"" target=""_blank"">MANA support for existing VM sizes</a></li><li><a href=""https://learn.microsoft.com/azure/virtual-network/accelerated-networking-mana-network-virtual-appliance-opt-out"" target=""_blank"">MANA support for Network Virtual Appliances</a></li><li><a href=""https://learn.microsoft.com/azure/virtual-network/accelerated-networking-mana-windows#verify-that-traffic-is-flowing-through-mana"" target=""_blank"">Windows VMs with the Microsoft Azure Network Adapter</a></li><li><a href=""https://learn.microsoft.com/azure/virtual-machines/vm-support-help"" target=""_blank"">Support</a></li></ul><p></p><p></p>"		2026-05-22T00:00:00Z	2027-06-01T00:00:00Z	2026-05-29T23:45:57Z	2026-05-26		italynorth	f4b92052-083f-493c-b765-6d6a28eb809c	not_available				false	not_needed	full	retirement_date_derived_from_text	"{""event_source"":""resource_health_events""}"
Virtual Machines	PROD-ICT	azure-retirements-2721348d-5d3e-4374-adc4-06d277cdf144	2026-07-28	subscriptions	service_health_event_region	resource_health_events	Microsoft.ResourceHealth/events/5RWW-K4G	5RWW-K4G	5RWW-K4G	HealthAdvisory		ServiceHealth	Warning	Warning	Active		Action required: Verify your OS compatibility with Microsoft Azure Network Adapter (MANA) hardware for Intel D- and E- v5-series VMs and Cobalt 100 D- and E- v6-series VMs	Action required: Verify your OS compatibility with Microsoft Azure Network Adapter (MANA) hardware for Intel D- and E- v5-series VMs and Cobalt 100 D- and E- v6-series VMs	<p><em>You're receiving this notification because you're running one or more Azure virtual machine workloads that may be affected by an upcoming infrastructure change.</em></p>	"<p><em>You're receiving this notification because you're running one or more Azure virtual machine workloads that may be affected by an upcoming infrastructure change.</em></p> <p>As previously communicated, starting on <strong>26 May 2026</strong>, Azure may begin deploying the following virtual machines (VMs) on <a href=""https://learn.microsoft.com/azure/virtual-network/accelerated-networking-mana-overview"" target=""_blank"">Microsoft Azure Network Adapter</a>-enabled hardware in limited regions:</p> <ul><li><strong>Intel</strong>: Dsv5, Dv5, Ddsv5, Ddv5, Dlsv5, Dldsv5, Esv5, Ev5, Edsv5, Edv5, Ebsv5, Ebdsv5</li><li><strong>Cobalt 100</strong>: Dpsv6, Dpdsv6, Dplsv6, Dpldsv6, Epsv6, Epdsv6</li></ul> <p>The regional deployments schedule previously communicated is:</p> <p></p> <ul><li>26 May 2026 – West Central US</li><li>27 May 2026 – East Asia</li><li>28 May 2026 – Norway West</li><li>29 May 2026 – Spain Central</li></ul> <p>Service Health notifications will continue when there are additional regions to announce.</p> <p>If you're running <strong>the above listed VMs using Accelerated Networking</strong>, any new VM deployments or existing VMs which are redeployed due to maintenance events or customer action may land on MANA-compatible hardware once it's live in your region.</p> <p>If your VMs are Network Virtual Appliance (NVA) workloads, <strong>you'll need to verify that they're compatible with MANA-enabled hardware before 28 May 2026</strong>.</p> <p>Verifying compatibility can help mitigate potential networking performance degradation, while also allowing your workloads to take full advantage of the enhanced networking performance provided by MANA-enabled hardware.</p> <p>If you don't use Accelerated Networking with the above VMs or are running a <a href=""https://learn.microsoft.com/azure/virtual-network/accelerated-networking-overview?tabs=NetworkManager"" target=""_blank"">supported Windows OS version</a> on these VMs, no further action is required.</p> <p></p><h2>Required action</h2><p>Verify that your workloads are compatible with MANA-enabled hardware by following the steps below <strong>before 28 May 2026</strong>:</p><ol><li>Identify all Intel D- and E- v5-series and Cobalt 100 D- and E- v6-series VMs using Accelerated Networking running NVA workloads.</li><li>Verify your <a href=""https://learn.microsoft.com/azure/virtual-network/accelerated-networking-mana-linux"" target=""_blank"">Linux OS is MANA compatible.</a></li><li>If your OS isn't MANA compatible, upgrade to an OS or NVA product that is. Contact your NVA provider for a list of MANA compatible products.</li><li>If you have NVA workloads and need additional time to complete step 3, you can receive a temporary MANA exception by <a href=""https://learn.microsoft.com/azure/virtual-network/accelerated-networking-mana-network-virtual-appliance-opt-out#temporary-mana-exception-with-legacyvmnva"" target=""_blank"">applying and enabling the ""LegacyVMNVA"" tag</a>. This exception will expire on<strong> 31 May 2027</strong>. If the ""LegacyVMNV"" tag isn't applied <strong>and</strong> enabled<strong> before</strong> your region has the MANA-enabled hardware, your VMs may be deployed on that hardware.</li><li>Upgrade to a MANA compatible OS or NVA product by 31 May 2027. After that date, any VM could land on MANA-enabled hardware.</li></ol><p>If you continue using Intel v5 or Cobalt 100 VM sizes without MANA compatibility, they'll remain supported on both existing Mellanox and new MANAenabled hardware until the size is retired. However, you may experience network performance degradation.</p><h2>Help and support</h2><p>If you have questions or run into any issues, please contact your Customer Support Account Manager (CSAM), if available, or reach out to <a href=""https://learn.microsoft.com/azure/virtual-machines/vm-support-help"" target=""_blank"">Support</a> for assistance.</p><p>The following resources are available to support you:</p><ul><li><a href=""https://learn.microsoft.com/azure/virtual-network/accelerated-networking-mana-overview"" target=""_blank"">Microsoft Azure Network Adapter overview</a></li><li><a href=""https://learn.microsoft.com/azure/virtual-network/accelerated-networking-mana-existing-sizes"" target=""_blank"">MANA support for existing VM sizes</a></li><li><a href=""https://learn.microsoft.com/azure/virtual-network/accelerated-networking-mana-network-virtual-appliance-opt-out"" target=""_blank"">MANA support for Network Virtual Appliances</a></li><li><a href=""https://learn.microsoft.com/azure/virtual-network/accelerated-networking-mana-windows#verify-that-traffic-is-flowing-through-mana"" target=""_blank"">Windows VMs with the Microsoft Azure Network Adapter</a></li><li><a href=""https://learn.microsoft.com/azure/virtual-machines/vm-support-help"" target=""_blank"">Support</a></li></ul><p></p><p></p>"		2026-05-22T00:00:00Z	2027-06-01T00:00:00Z	2026-05-29T23:45:57Z	2026-05-26		northeurope	f4b92052-083f-493c-b765-6d6a28eb809c	not_available				false	not_needed	full	retirement_date_derived_from_text	"{""event_source"":""resource_health_events""}"
Virtual Machines	PROD-ICT	azure-retirements-2721348d-5d3e-4374-adc4-06d277cdf144	2026-07-28	subscriptions	service_health_event_region	resource_health_events	Microsoft.ResourceHealth/events/5RWW-K4G	5RWW-K4G	5RWW-K4G	HealthAdvisory		ServiceHealth	Warning	Warning	Active		Action required: Verify your OS compatibility with Microsoft Azure Network Adapter (MANA) hardware for Intel D- and E- v5-series VMs and Cobalt 100 D- and E- v6-series VMs	Action required: Verify your OS compatibility with Microsoft Azure Network Adapter (MANA) hardware for Intel D- and E- v5-series VMs and Cobalt 100 D- and E- v6-series VMs	<p><em>You're receiving this notification because you're running one or more Azure virtual machine workloads that may be affected by an upcoming infrastructure change.</em></p>	"<p><em>You're receiving this notification because you're running one or more Azure virtual machine workloads that may be affected by an upcoming infrastructure change.</em></p> <p>As previously communicated, starting on <strong>26 May 2026</strong>, Azure may begin deploying the following virtual machines (VMs) on <a href=""https://learn.microsoft.com/azure/virtual-network/accelerated-networking-mana-overview"" target=""_blank"">Microsoft Azure Network Adapter</a>-enabled hardware in limited regions:</p> <ul><li><strong>Intel</strong>: Dsv5, Dv5, Ddsv5, Ddv5, Dlsv5, Dldsv5, Esv5, Ev5, Edsv5, Edv5, Ebsv5, Ebdsv5</li><li><strong>Cobalt 100</strong>: Dpsv6, Dpdsv6, Dplsv6, Dpldsv6, Epsv6, Epdsv6</li></ul> <p>The regional deployments schedule previously communicated is:</p> <p></p> <ul><li>26 May 2026 – West Central US</li><li>27 May 2026 – East Asia</li><li>28 May 2026 – Norway West</li><li>29 May 2026 – Spain Central</li></ul> <p>Service Health notifications will continue when there are additional regions to announce.</p> <p>If you're running <strong>the above listed VMs using Accelerated Networking</strong>, any new VM deployments or existing VMs which are redeployed due to maintenance events or customer action may land on MANA-compatible hardware once it's live in your region.</p> <p>If your VMs are Network Virtual Appliance (NVA) workloads, <strong>you'll need to verify that they're compatible with MANA-enabled hardware before 28 May 2026</strong>.</p> <p>Verifying compatibility can help mitigate potential networking performance degradation, while also allowing your workloads to take full advantage of the enhanced networking performance provided by MANA-enabled hardware.</p> <p>If you don't use Accelerated Networking with the above VMs or are running a <a href=""https://learn.microsoft.com/azure/virtual-network/accelerated-networking-overview?tabs=NetworkManager"" target=""_blank"">supported Windows OS version</a> on these VMs, no further action is required.</p> <p></p><h2>Required action</h2><p>Verify that your workloads are compatible with MANA-enabled hardware by following the steps below <strong>before 28 May 2026</strong>:</p><ol><li>Identify all Intel D- and E- v5-series and Cobalt 100 D- and E- v6-series VMs using Accelerated Networking running NVA workloads.</li><li>Verify your <a href=""https://learn.microsoft.com/azure/virtual-network/accelerated-networking-mana-linux"" target=""_blank"">Linux OS is MANA compatible.</a></li><li>If your OS isn't MANA compatible, upgrade to an OS or NVA product that is. Contact your NVA provider for a list of MANA compatible products.</li><li>If you have NVA workloads and need additional time to complete step 3, you can receive a temporary MANA exception by <a href=""https://learn.microsoft.com/azure/virtual-network/accelerated-networking-mana-network-virtual-appliance-opt-out#temporary-mana-exception-with-legacyvmnva"" target=""_blank"">applying and enabling the ""LegacyVMNVA"" tag</a>. This exception will expire on<strong> 31 May 2027</strong>. If the ""LegacyVMNV"" tag isn't applied <strong>and</strong> enabled<strong> before</strong> your region has the MANA-enabled hardware, your VMs may be deployed on that hardware.</li><li>Upgrade to a MANA compatible OS or NVA product by 31 May 2027. After that date, any VM could land on MANA-enabled hardware.</li></ol><p>If you continue using Intel v5 or Cobalt 100 VM sizes without MANA compatibility, they'll remain supported on both existing Mellanox and new MANAenabled hardware until the size is retired. However, you may experience network performance degradation.</p><h2>Help and support</h2><p>If you have questions or run into any issues, please contact your Customer Support Account Manager (CSAM), if available, or reach out to <a href=""https://learn.microsoft.com/azure/virtual-machines/vm-support-help"" target=""_blank"">Support</a> for assistance.</p><p>The following resources are available to support you:</p><ul><li><a href=""https://learn.microsoft.com/azure/virtual-network/accelerated-networking-mana-overview"" target=""_blank"">Microsoft Azure Network Adapter overview</a></li><li><a href=""https://learn.microsoft.com/azure/virtual-network/accelerated-networking-mana-existing-sizes"" target=""_blank"">MANA support for existing VM sizes</a></li><li><a href=""https://learn.microsoft.com/azure/virtual-network/accelerated-networking-mana-network-virtual-appliance-opt-out"" target=""_blank"">MANA support for Network Virtual Appliances</a></li><li><a href=""https://learn.microsoft.com/azure/virtual-network/accelerated-networking-mana-windows#verify-that-traffic-is-flowing-through-mana"" target=""_blank"">Windows VMs with the Microsoft Azure Network Adapter</a></li><li><a href=""https://learn.microsoft.com/azure/virtual-machines/vm-support-help"" target=""_blank"">Support</a></li></ul><p></p><p></p>"		2026-05-22T00:00:00Z	2027-06-01T00:00:00Z	2026-05-29T23:45:57Z	2026-05-26		spaincentral	f4b92052-083f-493c-b765-6d6a28eb809c	not_available				false	not_needed	full	retirement_date_derived_from_text	"{""event_source"":""resource_health_events""}"
Virtual Machines	PROD-ICT	azure-retirements-2721348d-5d3e-4374-adc4-06d277cdf144	2026-07-28	subscriptions	service_health_event_region	resource_health_events	Microsoft.ResourceHealth/events/5RWW-K4G	5RWW-K4G	5RWW-K4G	HealthAdvisory		ServiceHealth	Warning	Warning	Active		Action required: Verify your OS compatibility with Microsoft Azure Network Adapter (MANA) hardware for Intel D- and E- v5-series VMs and Cobalt 100 D- and E- v6-series VMs	Action required: Verify your OS compatibility with Microsoft Azure Network Adapter (MANA) hardware for Intel D- and E- v5-series VMs and Cobalt 100 D- and E- v6-series VMs	<p><em>You're receiving this notification because you're running one or more Azure virtual machine workloads that may be affected by an upcoming infrastructure change.</em></p>	"<p><em>You're receiving this notification because you're running one or more Azure virtual machine workloads that may be affected by an upcoming infrastructure change.</em></p> <p>As previously communicated, starting on <strong>26 May 2026</strong>, Azure may begin deploying the following virtual machines (VMs) on <a href=""https://learn.microsoft.com/azure/virtual-network/accelerated-networking-mana-overview"" target=""_blank"">Microsoft Azure Network Adapter</a>-enabled hardware in limited regions:</p> <ul><li><strong>Intel</strong>: Dsv5, Dv5, Ddsv5, Ddv5, Dlsv5, Dldsv5, Esv5, Ev5, Edsv5, Edv5, Ebsv5, Ebdsv5</li><li><strong>Cobalt 100</strong>: Dpsv6, Dpdsv6, Dplsv6, Dpldsv6, Epsv6, Epdsv6</li></ul> <p>The regional deployments schedule previously communicated is:</p> <p></p> <ul><li>26 May 2026 – West Central US</li><li>27 May 2026 – East Asia</li><li>28 May 2026 – Norway West</li><li>29 May 2026 – Spain Central</li></ul> <p>Service Health notifications will continue when there are additional regions to announce.</p> <p>If you're running <strong>the above listed VMs using Accelerated Networking</strong>, any new VM deployments or existing VMs which are redeployed due to maintenance events or customer action may land on MANA-compatible hardware once it's live in your region.</p> <p>If your VMs are Network Virtual Appliance (NVA) workloads, <strong>you'll need to verify that they're compatible with MANA-enabled hardware before 28 May 2026</strong>.</p> <p>Verifying compatibility can help mitigate potential networking performance degradation, while also allowing your workloads to take full advantage of the enhanced networking performance provided by MANA-enabled hardware.</p> <p>If you don't use Accelerated Networking with the above VMs or are running a <a href=""https://learn.microsoft.com/azure/virtual-network/accelerated-networking-overview?tabs=NetworkManager"" target=""_blank"">supported Windows OS version</a> on these VMs, no further action is required.</p> <p></p><h2>Required action</h2><p>Verify that your workloads are compatible with MANA-enabled hardware by following the steps below <strong>before 28 May 2026</strong>:</p><ol><li>Identify all Intel D- and E- v5-series and Cobalt 100 D- and E- v6-series VMs using Accelerated Networking running NVA workloads.</li><li>Verify your <a href=""https://learn.microsoft.com/azure/virtual-network/accelerated-networking-mana-linux"" target=""_blank"">Linux OS is MANA compatible.</a></li><li>If your OS isn't MANA compatible, upgrade to an OS or NVA product that is. Contact your NVA provider for a list of MANA compatible products.</li><li>If you have NVA workloads and need additional time to complete step 3, you can receive a temporary MANA exception by <a href=""https://learn.microsoft.com/azure/virtual-network/accelerated-networking-mana-network-virtual-appliance-opt-out#temporary-mana-exception-with-legacyvmnva"" target=""_blank"">applying and enabling the ""LegacyVMNVA"" tag</a>. This exception will expire on<strong> 31 May 2027</strong>. If the ""LegacyVMNV"" tag isn't applied <strong>and</strong> enabled<strong> before</strong> your region has the MANA-enabled hardware, your VMs may be deployed on that hardware.</li><li>Upgrade to a MANA compatible OS or NVA product by 31 May 2027. After that date, any VM could land on MANA-enabled hardware.</li></ol><p>If you continue using Intel v5 or Cobalt 100 VM sizes without MANA compatibility, they'll remain supported on both existing Mellanox and new MANAenabled hardware until the size is retired. However, you may experience network performance degradation.</p><h2>Help and support</h2><p>If you have questions or run into any issues, please contact your Customer Support Account Manager (CSAM), if available, or reach out to <a href=""https://learn.microsoft.com/azure/virtual-machines/vm-support-help"" target=""_blank"">Support</a> for assistance.</p><p>The following resources are available to support you:</p><ul><li><a href=""https://learn.microsoft.com/azure/virtual-network/accelerated-networking-mana-overview"" target=""_blank"">Microsoft Azure Network Adapter overview</a></li><li><a href=""https://learn.microsoft.com/azure/virtual-network/accelerated-networking-mana-existing-sizes"" target=""_blank"">MANA support for existing VM sizes</a></li><li><a href=""https://learn.microsoft.com/azure/virtual-network/accelerated-networking-mana-network-virtual-appliance-opt-out"" target=""_blank"">MANA support for Network Virtual Appliances</a></li><li><a href=""https://learn.microsoft.com/azure/virtual-network/accelerated-networking-mana-windows#verify-that-traffic-is-flowing-through-mana"" target=""_blank"">Windows VMs with the Microsoft Azure Network Adapter</a></li><li><a href=""https://learn.microsoft.com/azure/virtual-machines/vm-support-help"" target=""_blank"">Support</a></li></ul><p></p><p></p>"		2026-05-22T00:00:00Z	2027-06-01T00:00:00Z	2026-05-29T23:45:57Z	2026-05-26		westeurope	f4b92052-083f-493c-b765-6d6a28eb809c	not_available				false	not_needed	full	retirement_date_derived_from_text	"{""event_source"":""resource_health_events""}"
Azure Monitor	UAT-CSTAR	azure-retirements-2721348d-5d3e-4374-adc4-06d277cdf144	2026-07-28	subscriptions	service_health_event_region	resource_health_events	Microsoft.ResourceHealth/events/0QXK-41Z	0QXK-41Z	0QXK-41Z	HealthAdvisory	Retirement	ServiceHealth	Warning	Warning	Active		Action recommended: Migrate to managed identity authentication in Azure Monitor Container Insights before 30 September 2026	Action recommended: Migrate to managed identity authentication in Azure Monitor Container Insights before 30 September 2026	<p><em>You're receiving this notification because you have one or more Azure subscriptions currently using legacy authentication in Azure Monitor Container Insights.</em></p>	"<p><em>You're receiving this notification because you have one or more Azure subscriptions currently using legacy authentication in Azure Monitor Container Insights.</em></p> <p>On 30 September 2026, we'll retire legacy authentication in Azure Monitor Container Insights. To avoid disruptions, <a href=""https://aka.ms/CILegacyAuthMigration"" target=""_blank"">migrate</a> to managed identity authentication before 30 September 2026.</p> <p>Managed identity authentication is more secure and gives you access to newer Azure Monitor Container Insights features, such as syslog collection and high scale mode.</p> <h2>Recommended action</h2> <p>To avoid disruptions, migrate from legacy to managed identity authentication before 30 September 2026. Read our <a href=""https://aka.ms/CILegacyAuthMigration"" target=""_blank"">documentation</a> to learn how to migrate your Azure Kubernetes Service (AKS) clusters with a single click in the Azure portal. You'll also find command line options and a bulk migration script.</p> <p></p><h2>Help and support</h2><p>If you have questions, get answers from community experts in <a href=""https://learn.microsoft.com/answers/tags/20/azure-monitor"" target=""_blank"">Microsoft Q&amp;A</a>. If you have a support plan and need technical help, please create a <a href=""https://portal.azure.com/#blade/Microsoft_Azure_Support/HelpAndSupportBlade/newsupportrequest"" target=""_blank"">support request</a>.</p><p><em>Learn more about service retirements that may impact your resources in the </em><a href=""https://aka.ms/ServicesRetirementWorkbook"" target=""_blank""><em>Azure Retirement Workbook</em></a><em>. Please note that retirements may not be visible in the workbook for up to two weeks after being announced.</em></p><p></p>"		2026-04-14T05:54:44Z	2027-10-14T05:54:44Z	2026-07-06T14:22:31Z	2026-09-30		germanywestcentral	f9f0ed60-4b4b-49a6-97cb-8c8a0f9e2435	not_available				false	not_needed	full	retirement_date_derived_from_text	"{""event_source"":""resource_health_events""}"
Azure Monitor	UAT-CSTAR	azure-retirements-2721348d-5d3e-4374-adc4-06d277cdf144	2026-07-28	subscriptions	service_health_event_region	resource_health_events	Microsoft.ResourceHealth/events/0QXK-41Z	0QXK-41Z	0QXK-41Z	HealthAdvisory	Retirement	ServiceHealth	Warning	Warning	Active		Action recommended: Migrate to managed identity authentication in Azure Monitor Container Insights before 30 September 2026	Action recommended: Migrate to managed identity authentication in Azure Monitor Container Insights before 30 September 2026	<p><em>You're receiving this notification because you have one or more Azure subscriptions currently using legacy authentication in Azure Monitor Container Insights.</em></p>	"<p><em>You're receiving this notification because you have one or more Azure subscriptions currently using legacy authentication in Azure Monitor Container Insights.</em></p> <p>On 30 September 2026, we'll retire legacy authentication in Azure Monitor Container Insights. To avoid disruptions, <a href=""https://aka.ms/CILegacyAuthMigration"" target=""_blank"">migrate</a> to managed identity authentication before 30 September 2026.</p> <p>Managed identity authentication is more secure and gives you access to newer Azure Monitor Container Insights features, such as syslog collection and high scale mode.</p> <h2>Recommended action</h2> <p>To avoid disruptions, migrate from legacy to managed identity authentication before 30 September 2026. Read our <a href=""https://aka.ms/CILegacyAuthMigration"" target=""_blank"">documentation</a> to learn how to migrate your Azure Kubernetes Service (AKS) clusters with a single click in the Azure portal. You'll also find command line options and a bulk migration script.</p> <p></p><h2>Help and support</h2><p>If you have questions, get answers from community experts in <a href=""https://learn.microsoft.com/answers/tags/20/azure-monitor"" target=""_blank"">Microsoft Q&amp;A</a>. If you have a support plan and need technical help, please create a <a href=""https://portal.azure.com/#blade/Microsoft_Azure_Support/HelpAndSupportBlade/newsupportrequest"" target=""_blank"">support request</a>.</p><p><em>Learn more about service retirements that may impact your resources in the </em><a href=""https://aka.ms/ServicesRetirementWorkbook"" target=""_blank""><em>Azure Retirement Workbook</em></a><em>. Please note that retirements may not be visible in the workbook for up to two weeks after being announced.</em></p><p></p>"		2026-04-14T05:54:44Z	2027-10-14T05:54:44Z	2026-07-06T14:22:31Z	2026-09-30		global	f9f0ed60-4b4b-49a6-97cb-8c8a0f9e2435	not_available				false	not_needed	full	retirement_date_derived_from_text	"{""event_source"":""resource_health_events""}"
Azure Monitor	UAT-CSTAR	azure-retirements-2721348d-5d3e-4374-adc4-06d277cdf144	2026-07-28	subscriptions	service_health_event_region	resource_health_events	Microsoft.ResourceHealth/events/0QXK-41Z	0QXK-41Z	0QXK-41Z	HealthAdvisory	Retirement	ServiceHealth	Warning	Warning	Active		Action recommended: Migrate to managed identity authentication in Azure Monitor Container Insights before 30 September 2026	Action recommended: Migrate to managed identity authentication in Azure Monitor Container Insights before 30 September 2026	<p><em>You're receiving this notification because you have one or more Azure subscriptions currently using legacy authentication in Azure Monitor Container Insights.</em></p>	"<p><em>You're receiving this notification because you have one or more Azure subscriptions currently using legacy authentication in Azure Monitor Container Insights.</em></p> <p>On 30 September 2026, we'll retire legacy authentication in Azure Monitor Container Insights. To avoid disruptions, <a href=""https://aka.ms/CILegacyAuthMigration"" target=""_blank"">migrate</a> to managed identity authentication before 30 September 2026.</p> <p>Managed identity authentication is more secure and gives you access to newer Azure Monitor Container Insights features, such as syslog collection and high scale mode.</p> <h2>Recommended action</h2> <p>To avoid disruptions, migrate from legacy to managed identity authentication before 30 September 2026. Read our <a href=""https://aka.ms/CILegacyAuthMigration"" target=""_blank"">documentation</a> to learn how to migrate your Azure Kubernetes Service (AKS) clusters with a single click in the Azure portal. You'll also find command line options and a bulk migration script.</p> <p></p><h2>Help and support</h2><p>If you have questions, get answers from community experts in <a href=""https://learn.microsoft.com/answers/tags/20/azure-monitor"" target=""_blank"">Microsoft Q&amp;A</a>. If you have a support plan and need technical help, please create a <a href=""https://portal.azure.com/#blade/Microsoft_Azure_Support/HelpAndSupportBlade/newsupportrequest"" target=""_blank"">support request</a>.</p><p><em>Learn more about service retirements that may impact your resources in the </em><a href=""https://aka.ms/ServicesRetirementWorkbook"" target=""_blank""><em>Azure Retirement Workbook</em></a><em>. Please note that retirements may not be visible in the workbook for up to two weeks after being announced.</em></p><p></p>"		2026-04-14T05:54:44Z	2027-10-14T05:54:44Z	2026-07-06T14:22:31Z	2026-09-30		northeurope	f9f0ed60-4b4b-49a6-97cb-8c8a0f9e2435	not_available				false	not_needed	full	retirement_date_derived_from_text	"{""event_source"":""resource_health_events""}"
Azure Monitor	UAT-CSTAR	azure-retirements-2721348d-5d3e-4374-adc4-06d277cdf144	2026-07-28	subscriptions	service_health_event_region	resource_health_events	Microsoft.ResourceHealth/events/0QXK-41Z	0QXK-41Z	0QXK-41Z	HealthAdvisory	Retirement	ServiceHealth	Warning	Warning	Active		Action recommended: Migrate to managed identity authentication in Azure Monitor Container Insights before 30 September 2026	Action recommended: Migrate to managed identity authentication in Azure Monitor Container Insights before 30 September 2026	<p><em>You're receiving this notification because you have one or more Azure subscriptions currently using legacy authentication in Azure Monitor Container Insights.</em></p>	"<p><em>You're receiving this notification because you have one or more Azure subscriptions currently using legacy authentication in Azure Monitor Container Insights.</em></p> <p>On 30 September 2026, we'll retire legacy authentication in Azure Monitor Container Insights. To avoid disruptions, <a href=""https://aka.ms/CILegacyAuthMigration"" target=""_blank"">migrate</a> to managed identity authentication before 30 September 2026.</p> <p>Managed identity authentication is more secure and gives you access to newer Azure Monitor Container Insights features, such as syslog collection and high scale mode.</p> <h2>Recommended action</h2> <p>To avoid disruptions, migrate from legacy to managed identity authentication before 30 September 2026. Read our <a href=""https://aka.ms/CILegacyAuthMigration"" target=""_blank"">documentation</a> to learn how to migrate your Azure Kubernetes Service (AKS) clusters with a single click in the Azure portal. You'll also find command line options and a bulk migration script.</p> <p></p><h2>Help and support</h2><p>If you have questions, get answers from community experts in <a href=""https://learn.microsoft.com/answers/tags/20/azure-monitor"" target=""_blank"">Microsoft Q&amp;A</a>. If you have a support plan and need technical help, please create a <a href=""https://portal.azure.com/#blade/Microsoft_Azure_Support/HelpAndSupportBlade/newsupportrequest"" target=""_blank"">support request</a>.</p><p><em>Learn more about service retirements that may impact your resources in the </em><a href=""https://aka.ms/ServicesRetirementWorkbook"" target=""_blank""><em>Azure Retirement Workbook</em></a><em>. Please note that retirements may not be visible in the workbook for up to two weeks after being announced.</em></p><p></p>"		2026-04-14T05:54:44Z	2027-10-14T05:54:44Z	2026-07-06T14:22:31Z	2026-09-30		westeurope	f9f0ed60-4b4b-49a6-97cb-8c8a0f9e2435	not_available				false	not_needed	full	retirement_date_derived_from_text	"{""event_source"":""resource_health_events""}"
Virtual Machines	UAT-CSTAR	azure-retirements-2721348d-5d3e-4374-adc4-06d277cdf144	2026-07-28	subscriptions	service_health_event_region	resource_health_events	Microsoft.ResourceHealth/events/5RWW-K4G	5RWW-K4G	5RWW-K4G	HealthAdvisory		ServiceHealth	Warning	Warning	Active		Action required: Verify your OS compatibility with Microsoft Azure Network Adapter (MANA) hardware for Intel D- and E- v5-series VMs and Cobalt 100 D- and E- v6-series VM 	Action required: Verify your OS compatibility with Microsoft Azure Network Adapter (MANA) hardware for Intel D- and E- v5-series VMs and Cobalt 100 D- and E- v6-series VM 	<p><em>You are receiving this notification because you are running one or more Azure virtual machines that may be affected by an upcoming infrastructure change.</em></p>	"<p><em>You are receiving this notification because you are running one or more Azure virtual machines that may be affected by an upcoming infrastructure change.</em></p> <p>As previously communicated on 29 May 2026, Azure has begun a staged roll out of the following virtual machines (VMs) on <a href=""https://learn.microsoft.com/azure/virtual-network/accelerated-networking-mana-overview"" target=""_blank"">Microsoft Azure Network Adapter</a>-enabled hardware:</p> <ul><li><strong>Intel:</strong> Dsv5, Dv5, Ddsv5, Ddv5, Dlsv5, Dldsv5, Esv5, Ev5, Edsv5, Edv5</li><li><strong>Cobalt 100:</strong> Dpsv6, Dpdsv6, Dplsv6, Dpldsv6, Epsv6, Epdsv6</li></ul> <p>If accelerated networking is not being used or if you are already running a <a href=""https://learn.microsoft.com/azure/virtual-network/accelerated-networking-overview?tabs=NetworkManager"" target=""_blank"">supported Windows or Linux OS version</a> on these VMs, no further action is required.</p> <p>The regions already enabled for these VMs on MANA-capable hardware are: West Central US, East Asia, Norway West, Spain Central.</p> <p>This update is announcing additional regional deployments of MANA-capable hardware for the VMs above:</p> <p></p><ul><li>29 June 2026: UK South, US Central, US East</li><li>30 June 2026: US North, US South, Europe West</li><li>6 July 2026: US East 2, US West 2, and all remaining public regions</li></ul><p>If you're <strong>running VM series listed above using Accelerated Networking, </strong>any <em>new</em> VM deployments or <em>existing</em> VMs which are redeployed due to maintenance events or customer action may land on MANA-enabled hardware once live in your region.</p><p>If your VMs are running Network Virtual Appliance (NVA) workloads, <strong>you'll need to verify that they are compatible with MANA-enabled hardware in your region(s).</strong> Some NVA and high network concurrency workloads may see performance degradation if not running on an OS with the MANA driver. Most other types of workloads are expected to run without performance degradation using an alternate netvsc networking path.</p><h2>Action required</h2><p>Verify that your workloads are compatible with MANA-enabled hardware by following the steps below:</p><ul><li>Identify all Intel D- and E- v5-series and Cobalt 100 D- and E- v6-series VMs using Accelerated Networking running NVA workloads.</li><li><strong>Verify </strong>your <a href=""https://learn.microsoft.com/azure/virtual-network/accelerated-networking-mana-linux"" target=""_blank"">OS is MANA compatible.</a></li><li>If your OS isn't MANA compatible, upgrade to an OS or NVA product that is. Contact your NVA provider for a list of MANA compatible products.</li><li>If you have NVA workloads and need additional time to complete step 3 (MANA Compatibility), you can establish a temporary MANA exception by <a href=""https://learn.microsoft.com/azure/virtual-network/accelerated-networking-mana-network-virtual-appliance-opt-out#temporary-mana-exception-with-legacyvmnva"" target=""_blank"">applying and enabling the ""LegacyVMNVA"" tag</a>. This step can be done at any time up until the tag expiration date of <strong>31 May 2027</strong>. If the ""LegacyVMNVA"" tag isn't applied <strong>and </strong>enabled <strong>before </strong>your region has the MANA-enabled hardware, your VMs may be deployed on that hardware.</li><li><strong>Upgrade </strong>to a MANA compatible OS or NVA product by 31 May 2027. After that date, the tag will no longer be valid and any VM could land on MANA-enabled hardware.</li></ul><p>If you continue using the above VMs without MANA compatibility, they'll remain supported on both existing Mellanox and new MANAenabled hardware until the size is retired.</p><h2>Help and support</h2><p>If you have questions or run into any issues, please contact your Customer Support Account Manager (CSAM), if available, or reach out to <a href=""https://learn.microsoft.com/azure/virtual-machines/vm-support-help"" target=""_blank"">Support</a> for assistance.</p><p>The following resources are available to support you:</p><ul><li>Landing page: <a href=""https://microsoft.sharepoint.com/teams/AzureReliabilityPortal/SitePages/Legacy-VMs-on-MANA-Rollout.aspx?TeamsCID=dd6d9562-c6a9-4756-ac58-62a1fb7fe900&amp;OR=Teams-HL&amp;CT=1781881120544&amp;linkOpenTime=1782158414535&amp;isSPOFile=1&amp;xsdata=MDV8MDJ8fDJhMjVmNjUwN2VmZTQxOWUyODE3MDhkZWNlMTg2YjNkfDcyZjk4OGJmODZmMTQxYWY5MWFiMmQ3Y2QwMTFkYjQ3fDB8MHw2MzkxNzQ4MDE0MDY4OTYxNTF8VW5rbm93bnxWR1ZoYlhOVFpXTjFjbWwwZVZObGNuWnBZMlY4ZXlKRFFTSTZJbFJsWVcxelgwRlVVRk5sY25acFkyVmZVMUJQVEU5R0lpd2lWaUk2SWpBdU1DNHdNREF3SWl3aVVDSTZJbGRwYmpNeUlpd2lRVTRpT2lKUGRHaGxjaUlzSWxkVUlqb3hNWDA9fDF8TDJOb1lYUnpMekU1T2pFNFlqbGlPR1kxTFRKbVpXSXRORFkzWXkxaE9EWmtMV0V5WW1VNFl6Qm1ObUpoT1Y5aE1UWTRNMlF3TlMwMFlqRTVMVFEyTnpZdE9XUTJOUzAyWXpFd01XSXdOR1JoWTJOQWRXNXhMbWRpYkM1emNHRmpaWE12YldWemMyRm5aWE12TVRjNE1UZzRNek16T1RBeU5nPT18ZTYxYzEwMzE2MWZiNDMzZWM1YTUwOGRlY2UxODZiM2F8YWZhODNkODY0N2JjNDViZWE4NzliNTAwODIyZGZhNWE%3D&amp;sdata=WUZ5YzNpcitvTDZzblgxWWFjMldjUW1LaDV1akV0UnJ2RjNNZEkxWWwzaz0%3D&amp;ovuser=72f988bf-86f1-41af-91ab-2d7cd011db47%2Canreicha%40microsoft.com&amp;clickparams=eyJBcHBOYW1lIjoiVGVhbXMtRGVza3RvcCIsIkFwcFZlcnNpb24iOiI0OS8yNjA1MjkwNjExOCJ9"" target=""_blank"">Legacy VMs on MANA Rollout</a></li><li><a href=""https://learn.microsoft.com/azure/virtual-network/accelerated-networking-mana-overview"" target=""_blank"">Microsoft Azure Network Adapter overview</a></li><li><a href=""https://learn.microsoft.com/azure/virtual-network/accelerated-networking-mana-existing-sizes"" target=""_blank"">MANA support for existing VM sizes</a></li><li><a href=""https://learn.microsoft.com/azure/virtual-network/accelerated-networking-mana-network-virtual-appliance-opt-out"" target=""_blank"">MANA support for Network Virtual Appliances</a></li><li><a href=""https://learn.microsoft.com/azure/virtual-network/accelerated-networking-mana-windows#verify-that-traffic-is-flowing-through-mana"" target=""_blank"">Windows VMs with the Microsoft Azure Network Adapter</a></li><li><a href=""https://learn.microsoft.com/azure/virtual-machines/vm-support-help"" target=""_blank"">Support</a></li></ul><p></p>"		2026-05-22T00:00:00Z	2027-06-01T00:00:00Z	2026-06-26T19:10:05Z	2026-05-29		germanywestcentral	f9f0ed60-4b4b-49a6-97cb-8c8a0f9e2435	not_available				false	not_needed	full	retirement_date_derived_from_text	"{""event_source"":""resource_health_events""}"
Virtual Machines	UAT-CSTAR	azure-retirements-2721348d-5d3e-4374-adc4-06d277cdf144	2026-07-28	subscriptions	service_health_event_region	resource_health_events	Microsoft.ResourceHealth/events/5RWW-K4G	5RWW-K4G	5RWW-K4G	HealthAdvisory		ServiceHealth	Warning	Warning	Active		Action required: Verify your OS compatibility with Microsoft Azure Network Adapter (MANA) hardware for Intel D- and E- v5-series VMs and Cobalt 100 D- and E- v6-series VM 	Action required: Verify your OS compatibility with Microsoft Azure Network Adapter (MANA) hardware for Intel D- and E- v5-series VMs and Cobalt 100 D- and E- v6-series VM 	<p><em>You are receiving this notification because you are running one or more Azure virtual machines that may be affected by an upcoming infrastructure change.</em></p>	"<p><em>You are receiving this notification because you are running one or more Azure virtual machines that may be affected by an upcoming infrastructure change.</em></p> <p>As previously communicated on 29 May 2026, Azure has begun a staged roll out of the following virtual machines (VMs) on <a href=""https://learn.microsoft.com/azure/virtual-network/accelerated-networking-mana-overview"" target=""_blank"">Microsoft Azure Network Adapter</a>-enabled hardware:</p> <ul><li><strong>Intel:</strong> Dsv5, Dv5, Ddsv5, Ddv5, Dlsv5, Dldsv5, Esv5, Ev5, Edsv5, Edv5</li><li><strong>Cobalt 100:</strong> Dpsv6, Dpdsv6, Dplsv6, Dpldsv6, Epsv6, Epdsv6</li></ul> <p>If accelerated networking is not being used or if you are already running a <a href=""https://learn.microsoft.com/azure/virtual-network/accelerated-networking-overview?tabs=NetworkManager"" target=""_blank"">supported Windows or Linux OS version</a> on these VMs, no further action is required.</p> <p>The regions already enabled for these VMs on MANA-capable hardware are: West Central US, East Asia, Norway West, Spain Central.</p> <p>This update is announcing additional regional deployments of MANA-capable hardware for the VMs above:</p> <p></p><ul><li>29 June 2026: UK South, US Central, US East</li><li>30 June 2026: US North, US South, Europe West</li><li>6 July 2026: US East 2, US West 2, and all remaining public regions</li></ul><p>If you're <strong>running VM series listed above using Accelerated Networking, </strong>any <em>new</em> VM deployments or <em>existing</em> VMs which are redeployed due to maintenance events or customer action may land on MANA-enabled hardware once live in your region.</p><p>If your VMs are running Network Virtual Appliance (NVA) workloads, <strong>you'll need to verify that they are compatible with MANA-enabled hardware in your region(s).</strong> Some NVA and high network concurrency workloads may see performance degradation if not running on an OS with the MANA driver. Most other types of workloads are expected to run without performance degradation using an alternate netvsc networking path.</p><h2>Action required</h2><p>Verify that your workloads are compatible with MANA-enabled hardware by following the steps below:</p><ul><li>Identify all Intel D- and E- v5-series and Cobalt 100 D- and E- v6-series VMs using Accelerated Networking running NVA workloads.</li><li><strong>Verify </strong>your <a href=""https://learn.microsoft.com/azure/virtual-network/accelerated-networking-mana-linux"" target=""_blank"">OS is MANA compatible.</a></li><li>If your OS isn't MANA compatible, upgrade to an OS or NVA product that is. Contact your NVA provider for a list of MANA compatible products.</li><li>If you have NVA workloads and need additional time to complete step 3 (MANA Compatibility), you can establish a temporary MANA exception by <a href=""https://learn.microsoft.com/azure/virtual-network/accelerated-networking-mana-network-virtual-appliance-opt-out#temporary-mana-exception-with-legacyvmnva"" target=""_blank"">applying and enabling the ""LegacyVMNVA"" tag</a>. This step can be done at any time up until the tag expiration date of <strong>31 May 2027</strong>. If the ""LegacyVMNVA"" tag isn't applied <strong>and </strong>enabled <strong>before </strong>your region has the MANA-enabled hardware, your VMs may be deployed on that hardware.</li><li><strong>Upgrade </strong>to a MANA compatible OS or NVA product by 31 May 2027. After that date, the tag will no longer be valid and any VM could land on MANA-enabled hardware.</li></ul><p>If you continue using the above VMs without MANA compatibility, they'll remain supported on both existing Mellanox and new MANAenabled hardware until the size is retired.</p><h2>Help and support</h2><p>If you have questions or run into any issues, please contact your Customer Support Account Manager (CSAM), if available, or reach out to <a href=""https://learn.microsoft.com/azure/virtual-machines/vm-support-help"" target=""_blank"">Support</a> for assistance.</p><p>The following resources are available to support you:</p><ul><li>Landing page: <a href=""https://microsoft.sharepoint.com/teams/AzureReliabilityPortal/SitePages/Legacy-VMs-on-MANA-Rollout.aspx?TeamsCID=dd6d9562-c6a9-4756-ac58-62a1fb7fe900&amp;OR=Teams-HL&amp;CT=1781881120544&amp;linkOpenTime=1782158414535&amp;isSPOFile=1&amp;xsdata=MDV8MDJ8fDJhMjVmNjUwN2VmZTQxOWUyODE3MDhkZWNlMTg2YjNkfDcyZjk4OGJmODZmMTQxYWY5MWFiMmQ3Y2QwMTFkYjQ3fDB8MHw2MzkxNzQ4MDE0MDY4OTYxNTF8VW5rbm93bnxWR1ZoYlhOVFpXTjFjbWwwZVZObGNuWnBZMlY4ZXlKRFFTSTZJbFJsWVcxelgwRlVVRk5sY25acFkyVmZVMUJQVEU5R0lpd2lWaUk2SWpBdU1DNHdNREF3SWl3aVVDSTZJbGRwYmpNeUlpd2lRVTRpT2lKUGRHaGxjaUlzSWxkVUlqb3hNWDA9fDF8TDJOb1lYUnpMekU1T2pFNFlqbGlPR1kxTFRKbVpXSXRORFkzWXkxaE9EWmtMV0V5WW1VNFl6Qm1ObUpoT1Y5aE1UWTRNMlF3TlMwMFlqRTVMVFEyTnpZdE9XUTJOUzAyWXpFd01XSXdOR1JoWTJOQWRXNXhMbWRpYkM1emNHRmpaWE12YldWemMyRm5aWE12TVRjNE1UZzRNek16T1RBeU5nPT18ZTYxYzEwMzE2MWZiNDMzZWM1YTUwOGRlY2UxODZiM2F8YWZhODNkODY0N2JjNDViZWE4NzliNTAwODIyZGZhNWE%3D&amp;sdata=WUZ5YzNpcitvTDZzblgxWWFjMldjUW1LaDV1akV0UnJ2RjNNZEkxWWwzaz0%3D&amp;ovuser=72f988bf-86f1-41af-91ab-2d7cd011db47%2Canreicha%40microsoft.com&amp;clickparams=eyJBcHBOYW1lIjoiVGVhbXMtRGVza3RvcCIsIkFwcFZlcnNpb24iOiI0OS8yNjA1MjkwNjExOCJ9"" target=""_blank"">Legacy VMs on MANA Rollout</a></li><li><a href=""https://learn.microsoft.com/azure/virtual-network/accelerated-networking-mana-overview"" target=""_blank"">Microsoft Azure Network Adapter overview</a></li><li><a href=""https://learn.microsoft.com/azure/virtual-network/accelerated-networking-mana-existing-sizes"" target=""_blank"">MANA support for existing VM sizes</a></li><li><a href=""https://learn.microsoft.com/azure/virtual-network/accelerated-networking-mana-network-virtual-appliance-opt-out"" target=""_blank"">MANA support for Network Virtual Appliances</a></li><li><a href=""https://learn.microsoft.com/azure/virtual-network/accelerated-networking-mana-windows#verify-that-traffic-is-flowing-through-mana"" target=""_blank"">Windows VMs with the Microsoft Azure Network Adapter</a></li><li><a href=""https://learn.microsoft.com/azure/virtual-machines/vm-support-help"" target=""_blank"">Support</a></li></ul><p></p>"		2026-05-22T00:00:00Z	2027-06-01T00:00:00Z	2026-06-26T19:10:05Z	2026-05-29		italynorth	f9f0ed60-4b4b-49a6-97cb-8c8a0f9e2435	not_available				false	not_needed	full	retirement_date_derived_from_text	"{""event_source"":""resource_health_events""}"
Virtual Machines	UAT-CSTAR	azure-retirements-2721348d-5d3e-4374-adc4-06d277cdf144	2026-07-28	subscriptions	service_health_event_region	resource_health_events	Microsoft.ResourceHealth/events/5RWW-K4G	5RWW-K4G	5RWW-K4G	HealthAdvisory		ServiceHealth	Warning	Warning	Active		Action required: Verify your OS compatibility with Microsoft Azure Network Adapter (MANA) hardware for Intel D- and E- v5-series VMs and Cobalt 100 D- and E- v6-series VM 	Action required: Verify your OS compatibility with Microsoft Azure Network Adapter (MANA) hardware for Intel D- and E- v5-series VMs and Cobalt 100 D- and E- v6-series VM 	<p><em>You are receiving this notification because you are running one or more Azure virtual machines that may be affected by an upcoming infrastructure change.</em></p>	"<p><em>You are receiving this notification because you are running one or more Azure virtual machines that may be affected by an upcoming infrastructure change.</em></p> <p>As previously communicated on 29 May 2026, Azure has begun a staged roll out of the following virtual machines (VMs) on <a href=""https://learn.microsoft.com/azure/virtual-network/accelerated-networking-mana-overview"" target=""_blank"">Microsoft Azure Network Adapter</a>-enabled hardware:</p> <ul><li><strong>Intel:</strong> Dsv5, Dv5, Ddsv5, Ddv5, Dlsv5, Dldsv5, Esv5, Ev5, Edsv5, Edv5</li><li><strong>Cobalt 100:</strong> Dpsv6, Dpdsv6, Dplsv6, Dpldsv6, Epsv6, Epdsv6</li></ul> <p>If accelerated networking is not being used or if you are already running a <a href=""https://learn.microsoft.com/azure/virtual-network/accelerated-networking-overview?tabs=NetworkManager"" target=""_blank"">supported Windows or Linux OS version</a> on these VMs, no further action is required.</p> <p>The regions already enabled for these VMs on MANA-capable hardware are: West Central US, East Asia, Norway West, Spain Central.</p> <p>This update is announcing additional regional deployments of MANA-capable hardware for the VMs above:</p> <p></p><ul><li>29 June 2026: UK South, US Central, US East</li><li>30 June 2026: US North, US South, Europe West</li><li>6 July 2026: US East 2, US West 2, and all remaining public regions</li></ul><p>If you're <strong>running VM series listed above using Accelerated Networking, </strong>any <em>new</em> VM deployments or <em>existing</em> VMs which are redeployed due to maintenance events or customer action may land on MANA-enabled hardware once live in your region.</p><p>If your VMs are running Network Virtual Appliance (NVA) workloads, <strong>you'll need to verify that they are compatible with MANA-enabled hardware in your region(s).</strong> Some NVA and high network concurrency workloads may see performance degradation if not running on an OS with the MANA driver. Most other types of workloads are expected to run without performance degradation using an alternate netvsc networking path.</p><h2>Action required</h2><p>Verify that your workloads are compatible with MANA-enabled hardware by following the steps below:</p><ul><li>Identify all Intel D- and E- v5-series and Cobalt 100 D- and E- v6-series VMs using Accelerated Networking running NVA workloads.</li><li><strong>Verify </strong>your <a href=""https://learn.microsoft.com/azure/virtual-network/accelerated-networking-mana-linux"" target=""_blank"">OS is MANA compatible.</a></li><li>If your OS isn't MANA compatible, upgrade to an OS or NVA product that is. Contact your NVA provider for a list of MANA compatible products.</li><li>If you have NVA workloads and need additional time to complete step 3 (MANA Compatibility), you can establish a temporary MANA exception by <a href=""https://learn.microsoft.com/azure/virtual-network/accelerated-networking-mana-network-virtual-appliance-opt-out#temporary-mana-exception-with-legacyvmnva"" target=""_blank"">applying and enabling the ""LegacyVMNVA"" tag</a>. This step can be done at any time up until the tag expiration date of <strong>31 May 2027</strong>. If the ""LegacyVMNVA"" tag isn't applied <strong>and </strong>enabled <strong>before </strong>your region has the MANA-enabled hardware, your VMs may be deployed on that hardware.</li><li><strong>Upgrade </strong>to a MANA compatible OS or NVA product by 31 May 2027. After that date, the tag will no longer be valid and any VM could land on MANA-enabled hardware.</li></ul><p>If you continue using the above VMs without MANA compatibility, they'll remain supported on both existing Mellanox and new MANAenabled hardware until the size is retired.</p><h2>Help and support</h2><p>If you have questions or run into any issues, please contact your Customer Support Account Manager (CSAM), if available, or reach out to <a href=""https://learn.microsoft.com/azure/virtual-machines/vm-support-help"" target=""_blank"">Support</a> for assistance.</p><p>The following resources are available to support you:</p><ul><li>Landing page: <a href=""https://microsoft.sharepoint.com/teams/AzureReliabilityPortal/SitePages/Legacy-VMs-on-MANA-Rollout.aspx?TeamsCID=dd6d9562-c6a9-4756-ac58-62a1fb7fe900&amp;OR=Teams-HL&amp;CT=1781881120544&amp;linkOpenTime=1782158414535&amp;isSPOFile=1&amp;xsdata=MDV8MDJ8fDJhMjVmNjUwN2VmZTQxOWUyODE3MDhkZWNlMTg2YjNkfDcyZjk4OGJmODZmMTQxYWY5MWFiMmQ3Y2QwMTFkYjQ3fDB8MHw2MzkxNzQ4MDE0MDY4OTYxNTF8VW5rbm93bnxWR1ZoYlhOVFpXTjFjbWwwZVZObGNuWnBZMlY4ZXlKRFFTSTZJbFJsWVcxelgwRlVVRk5sY25acFkyVmZVMUJQVEU5R0lpd2lWaUk2SWpBdU1DNHdNREF3SWl3aVVDSTZJbGRwYmpNeUlpd2lRVTRpT2lKUGRHaGxjaUlzSWxkVUlqb3hNWDA9fDF8TDJOb1lYUnpMekU1T2pFNFlqbGlPR1kxTFRKbVpXSXRORFkzWXkxaE9EWmtMV0V5WW1VNFl6Qm1ObUpoT1Y5aE1UWTRNMlF3TlMwMFlqRTVMVFEyTnpZdE9XUTJOUzAyWXpFd01XSXdOR1JoWTJOQWRXNXhMbWRpYkM1emNHRmpaWE12YldWemMyRm5aWE12TVRjNE1UZzRNek16T1RBeU5nPT18ZTYxYzEwMzE2MWZiNDMzZWM1YTUwOGRlY2UxODZiM2F8YWZhODNkODY0N2JjNDViZWE4NzliNTAwODIyZGZhNWE%3D&amp;sdata=WUZ5YzNpcitvTDZzblgxWWFjMldjUW1LaDV1akV0UnJ2RjNNZEkxWWwzaz0%3D&amp;ovuser=72f988bf-86f1-41af-91ab-2d7cd011db47%2Canreicha%40microsoft.com&amp;clickparams=eyJBcHBOYW1lIjoiVGVhbXMtRGVza3RvcCIsIkFwcFZlcnNpb24iOiI0OS8yNjA1MjkwNjExOCJ9"" target=""_blank"">Legacy VMs on MANA Rollout</a></li><li><a href=""https://learn.microsoft.com/azure/virtual-network/accelerated-networking-mana-overview"" target=""_blank"">Microsoft Azure Network Adapter overview</a></li><li><a href=""https://learn.microsoft.com/azure/virtual-network/accelerated-networking-mana-existing-sizes"" target=""_blank"">MANA support for existing VM sizes</a></li><li><a href=""https://learn.microsoft.com/azure/virtual-network/accelerated-networking-mana-network-virtual-appliance-opt-out"" target=""_blank"">MANA support for Network Virtual Appliances</a></li><li><a href=""https://learn.microsoft.com/azure/virtual-network/accelerated-networking-mana-windows#verify-that-traffic-is-flowing-through-mana"" target=""_blank"">Windows VMs with the Microsoft Azure Network Adapter</a></li><li><a href=""https://learn.microsoft.com/azure/virtual-machines/vm-support-help"" target=""_blank"">Support</a></li></ul><p></p>"		2026-05-22T00:00:00Z	2027-06-01T00:00:00Z	2026-06-26T19:10:05Z	2026-05-29		northeurope	f9f0ed60-4b4b-49a6-97cb-8c8a0f9e2435	not_available				false	not_needed	full	retirement_date_derived_from_text	"{""event_source"":""resource_health_events""}"
Virtual Machines	UAT-CSTAR	azure-retirements-2721348d-5d3e-4374-adc4-06d277cdf144	2026-07-28	subscriptions	service_health_event_region	resource_health_events	Microsoft.ResourceHealth/events/5RWW-K4G	5RWW-K4G	5RWW-K4G	HealthAdvisory		ServiceHealth	Warning	Warning	Active		Action required: Verify your OS compatibility with Microsoft Azure Network Adapter (MANA) hardware for Intel D- and E- v5-series VMs and Cobalt 100 D- and E- v6-series VM 	Action required: Verify your OS compatibility with Microsoft Azure Network Adapter (MANA) hardware for Intel D- and E- v5-series VMs and Cobalt 100 D- and E- v6-series VM 	<p><em>You are receiving this notification because you are running one or more Azure virtual machines that may be affected by an upcoming infrastructure change.</em></p>	"<p><em>You are receiving this notification because you are running one or more Azure virtual machines that may be affected by an upcoming infrastructure change.</em></p> <p>As previously communicated on 29 May 2026, Azure has begun a staged roll out of the following virtual machines (VMs) on <a href=""https://learn.microsoft.com/azure/virtual-network/accelerated-networking-mana-overview"" target=""_blank"">Microsoft Azure Network Adapter</a>-enabled hardware:</p> <ul><li><strong>Intel:</strong> Dsv5, Dv5, Ddsv5, Ddv5, Dlsv5, Dldsv5, Esv5, Ev5, Edsv5, Edv5</li><li><strong>Cobalt 100:</strong> Dpsv6, Dpdsv6, Dplsv6, Dpldsv6, Epsv6, Epdsv6</li></ul> <p>If accelerated networking is not being used or if you are already running a <a href=""https://learn.microsoft.com/azure/virtual-network/accelerated-networking-overview?tabs=NetworkManager"" target=""_blank"">supported Windows or Linux OS version</a> on these VMs, no further action is required.</p> <p>The regions already enabled for these VMs on MANA-capable hardware are: West Central US, East Asia, Norway West, Spain Central.</p> <p>This update is announcing additional regional deployments of MANA-capable hardware for the VMs above:</p> <p></p><ul><li>29 June 2026: UK South, US Central, US East</li><li>30 June 2026: US North, US South, Europe West</li><li>6 July 2026: US East 2, US West 2, and all remaining public regions</li></ul><p>If you're <strong>running VM series listed above using Accelerated Networking, </strong>any <em>new</em> VM deployments or <em>existing</em> VMs which are redeployed due to maintenance events or customer action may land on MANA-enabled hardware once live in your region.</p><p>If your VMs are running Network Virtual Appliance (NVA) workloads, <strong>you'll need to verify that they are compatible with MANA-enabled hardware in your region(s).</strong> Some NVA and high network concurrency workloads may see performance degradation if not running on an OS with the MANA driver. Most other types of workloads are expected to run without performance degradation using an alternate netvsc networking path.</p><h2>Action required</h2><p>Verify that your workloads are compatible with MANA-enabled hardware by following the steps below:</p><ul><li>Identify all Intel D- and E- v5-series and Cobalt 100 D- and E- v6-series VMs using Accelerated Networking running NVA workloads.</li><li><strong>Verify </strong>your <a href=""https://learn.microsoft.com/azure/virtual-network/accelerated-networking-mana-linux"" target=""_blank"">OS is MANA compatible.</a></li><li>If your OS isn't MANA compatible, upgrade to an OS or NVA product that is. Contact your NVA provider for a list of MANA compatible products.</li><li>If you have NVA workloads and need additional time to complete step 3 (MANA Compatibility), you can establish a temporary MANA exception by <a href=""https://learn.microsoft.com/azure/virtual-network/accelerated-networking-mana-network-virtual-appliance-opt-out#temporary-mana-exception-with-legacyvmnva"" target=""_blank"">applying and enabling the ""LegacyVMNVA"" tag</a>. This step can be done at any time up until the tag expiration date of <strong>31 May 2027</strong>. If the ""LegacyVMNVA"" tag isn't applied <strong>and </strong>enabled <strong>before </strong>your region has the MANA-enabled hardware, your VMs may be deployed on that hardware.</li><li><strong>Upgrade </strong>to a MANA compatible OS or NVA product by 31 May 2027. After that date, the tag will no longer be valid and any VM could land on MANA-enabled hardware.</li></ul><p>If you continue using the above VMs without MANA compatibility, they'll remain supported on both existing Mellanox and new MANAenabled hardware until the size is retired.</p><h2>Help and support</h2><p>If you have questions or run into any issues, please contact your Customer Support Account Manager (CSAM), if available, or reach out to <a href=""https://learn.microsoft.com/azure/virtual-machines/vm-support-help"" target=""_blank"">Support</a> for assistance.</p><p>The following resources are available to support you:</p><ul><li>Landing page: <a href=""https://microsoft.sharepoint.com/teams/AzureReliabilityPortal/SitePages/Legacy-VMs-on-MANA-Rollout.aspx?TeamsCID=dd6d9562-c6a9-4756-ac58-62a1fb7fe900&amp;OR=Teams-HL&amp;CT=1781881120544&amp;linkOpenTime=1782158414535&amp;isSPOFile=1&amp;xsdata=MDV8MDJ8fDJhMjVmNjUwN2VmZTQxOWUyODE3MDhkZWNlMTg2YjNkfDcyZjk4OGJmODZmMTQxYWY5MWFiMmQ3Y2QwMTFkYjQ3fDB8MHw2MzkxNzQ4MDE0MDY4OTYxNTF8VW5rbm93bnxWR1ZoYlhOVFpXTjFjbWwwZVZObGNuWnBZMlY4ZXlKRFFTSTZJbFJsWVcxelgwRlVVRk5sY25acFkyVmZVMUJQVEU5R0lpd2lWaUk2SWpBdU1DNHdNREF3SWl3aVVDSTZJbGRwYmpNeUlpd2lRVTRpT2lKUGRHaGxjaUlzSWxkVUlqb3hNWDA9fDF8TDJOb1lYUnpMekU1T2pFNFlqbGlPR1kxTFRKbVpXSXRORFkzWXkxaE9EWmtMV0V5WW1VNFl6Qm1ObUpoT1Y5aE1UWTRNMlF3TlMwMFlqRTVMVFEyTnpZdE9XUTJOUzAyWXpFd01XSXdOR1JoWTJOQWRXNXhMbWRpYkM1emNHRmpaWE12YldWemMyRm5aWE12TVRjNE1UZzRNek16T1RBeU5nPT18ZTYxYzEwMzE2MWZiNDMzZWM1YTUwOGRlY2UxODZiM2F8YWZhODNkODY0N2JjNDViZWE4NzliNTAwODIyZGZhNWE%3D&amp;sdata=WUZ5YzNpcitvTDZzblgxWWFjMldjUW1LaDV1akV0UnJ2RjNNZEkxWWwzaz0%3D&amp;ovuser=72f988bf-86f1-41af-91ab-2d7cd011db47%2Canreicha%40microsoft.com&amp;clickparams=eyJBcHBOYW1lIjoiVGVhbXMtRGVza3RvcCIsIkFwcFZlcnNpb24iOiI0OS8yNjA1MjkwNjExOCJ9"" target=""_blank"">Legacy VMs on MANA Rollout</a></li><li><a href=""https://learn.microsoft.com/azure/virtual-network/accelerated-networking-mana-overview"" target=""_blank"">Microsoft Azure Network Adapter overview</a></li><li><a href=""https://learn.microsoft.com/azure/virtual-network/accelerated-networking-mana-existing-sizes"" target=""_blank"">MANA support for existing VM sizes</a></li><li><a href=""https://learn.microsoft.com/azure/virtual-network/accelerated-networking-mana-network-virtual-appliance-opt-out"" target=""_blank"">MANA support for Network Virtual Appliances</a></li><li><a href=""https://learn.microsoft.com/azure/virtual-network/accelerated-networking-mana-windows#verify-that-traffic-is-flowing-through-mana"" target=""_blank"">Windows VMs with the Microsoft Azure Network Adapter</a></li><li><a href=""https://learn.microsoft.com/azure/virtual-machines/vm-support-help"" target=""_blank"">Support</a></li></ul><p></p>"		2026-05-22T00:00:00Z	2027-06-01T00:00:00Z	2026-06-26T19:10:05Z	2026-05-29		spaincentral	f9f0ed60-4b4b-49a6-97cb-8c8a0f9e2435	not_available				false	not_needed	full	retirement_date_derived_from_text	"{""event_source"":""resource_health_events""}"
Virtual Machines	UAT-CSTAR	azure-retirements-2721348d-5d3e-4374-adc4-06d277cdf144	2026-07-28	subscriptions	service_health_event_region	resource_health_events	Microsoft.ResourceHealth/events/5RWW-K4G	5RWW-K4G	5RWW-K4G	HealthAdvisory		ServiceHealth	Warning	Warning	Active		Action required: Verify your OS compatibility with Microsoft Azure Network Adapter (MANA) hardware for Intel D- and E- v5-series VMs and Cobalt 100 D- and E- v6-series VM 	Action required: Verify your OS compatibility with Microsoft Azure Network Adapter (MANA) hardware for Intel D- and E- v5-series VMs and Cobalt 100 D- and E- v6-series VM 	<p><em>You are receiving this notification because you are running one or more Azure virtual machines that may be affected by an upcoming infrastructure change.</em></p>	"<p><em>You are receiving this notification because you are running one or more Azure virtual machines that may be affected by an upcoming infrastructure change.</em></p> <p>As previously communicated on 29 May 2026, Azure has begun a staged roll out of the following virtual machines (VMs) on <a href=""https://learn.microsoft.com/azure/virtual-network/accelerated-networking-mana-overview"" target=""_blank"">Microsoft Azure Network Adapter</a>-enabled hardware:</p> <ul><li><strong>Intel:</strong> Dsv5, Dv5, Ddsv5, Ddv5, Dlsv5, Dldsv5, Esv5, Ev5, Edsv5, Edv5</li><li><strong>Cobalt 100:</strong> Dpsv6, Dpdsv6, Dplsv6, Dpldsv6, Epsv6, Epdsv6</li></ul> <p>If accelerated networking is not being used or if you are already running a <a href=""https://learn.microsoft.com/azure/virtual-network/accelerated-networking-overview?tabs=NetworkManager"" target=""_blank"">supported Windows or Linux OS version</a> on these VMs, no further action is required.</p> <p>The regions already enabled for these VMs on MANA-capable hardware are: West Central US, East Asia, Norway West, Spain Central.</p> <p>This update is announcing additional regional deployments of MANA-capable hardware for the VMs above:</p> <p></p><ul><li>29 June 2026: UK South, US Central, US East</li><li>30 June 2026: US North, US South, Europe West</li><li>6 July 2026: US East 2, US West 2, and all remaining public regions</li></ul><p>If you're <strong>running VM series listed above using Accelerated Networking, </strong>any <em>new</em> VM deployments or <em>existing</em> VMs which are redeployed due to maintenance events or customer action may land on MANA-enabled hardware once live in your region.</p><p>If your VMs are running Network Virtual Appliance (NVA) workloads, <strong>you'll need to verify that they are compatible with MANA-enabled hardware in your region(s).</strong> Some NVA and high network concurrency workloads may see performance degradation if not running on an OS with the MANA driver. Most other types of workloads are expected to run without performance degradation using an alternate netvsc networking path.</p><h2>Action required</h2><p>Verify that your workloads are compatible with MANA-enabled hardware by following the steps below:</p><ul><li>Identify all Intel D- and E- v5-series and Cobalt 100 D- and E- v6-series VMs using Accelerated Networking running NVA workloads.</li><li><strong>Verify </strong>your <a href=""https://learn.microsoft.com/azure/virtual-network/accelerated-networking-mana-linux"" target=""_blank"">OS is MANA compatible.</a></li><li>If your OS isn't MANA compatible, upgrade to an OS or NVA product that is. Contact your NVA provider for a list of MANA compatible products.</li><li>If you have NVA workloads and need additional time to complete step 3 (MANA Compatibility), you can establish a temporary MANA exception by <a href=""https://learn.microsoft.com/azure/virtual-network/accelerated-networking-mana-network-virtual-appliance-opt-out#temporary-mana-exception-with-legacyvmnva"" target=""_blank"">applying and enabling the ""LegacyVMNVA"" tag</a>. This step can be done at any time up until the tag expiration date of <strong>31 May 2027</strong>. If the ""LegacyVMNVA"" tag isn't applied <strong>and </strong>enabled <strong>before </strong>your region has the MANA-enabled hardware, your VMs may be deployed on that hardware.</li><li><strong>Upgrade </strong>to a MANA compatible OS or NVA product by 31 May 2027. After that date, the tag will no longer be valid and any VM could land on MANA-enabled hardware.</li></ul><p>If you continue using the above VMs without MANA compatibility, they'll remain supported on both existing Mellanox and new MANAenabled hardware until the size is retired.</p><h2>Help and support</h2><p>If you have questions or run into any issues, please contact your Customer Support Account Manager (CSAM), if available, or reach out to <a href=""https://learn.microsoft.com/azure/virtual-machines/vm-support-help"" target=""_blank"">Support</a> for assistance.</p><p>The following resources are available to support you:</p><ul><li>Landing page: <a href=""https://microsoft.sharepoint.com/teams/AzureReliabilityPortal/SitePages/Legacy-VMs-on-MANA-Rollout.aspx?TeamsCID=dd6d9562-c6a9-4756-ac58-62a1fb7fe900&amp;OR=Teams-HL&amp;CT=1781881120544&amp;linkOpenTime=1782158414535&amp;isSPOFile=1&amp;xsdata=MDV8MDJ8fDJhMjVmNjUwN2VmZTQxOWUyODE3MDhkZWNlMTg2YjNkfDcyZjk4OGJmODZmMTQxYWY5MWFiMmQ3Y2QwMTFkYjQ3fDB8MHw2MzkxNzQ4MDE0MDY4OTYxNTF8VW5rbm93bnxWR1ZoYlhOVFpXTjFjbWwwZVZObGNuWnBZMlY4ZXlKRFFTSTZJbFJsWVcxelgwRlVVRk5sY25acFkyVmZVMUJQVEU5R0lpd2lWaUk2SWpBdU1DNHdNREF3SWl3aVVDSTZJbGRwYmpNeUlpd2lRVTRpT2lKUGRHaGxjaUlzSWxkVUlqb3hNWDA9fDF8TDJOb1lYUnpMekU1T2pFNFlqbGlPR1kxTFRKbVpXSXRORFkzWXkxaE9EWmtMV0V5WW1VNFl6Qm1ObUpoT1Y5aE1UWTRNMlF3TlMwMFlqRTVMVFEyTnpZdE9XUTJOUzAyWXpFd01XSXdOR1JoWTJOQWRXNXhMbWRpYkM1emNHRmpaWE12YldWemMyRm5aWE12TVRjNE1UZzRNek16T1RBeU5nPT18ZTYxYzEwMzE2MWZiNDMzZWM1YTUwOGRlY2UxODZiM2F8YWZhODNkODY0N2JjNDViZWE4NzliNTAwODIyZGZhNWE%3D&amp;sdata=WUZ5YzNpcitvTDZzblgxWWFjMldjUW1LaDV1akV0UnJ2RjNNZEkxWWwzaz0%3D&amp;ovuser=72f988bf-86f1-41af-91ab-2d7cd011db47%2Canreicha%40microsoft.com&amp;clickparams=eyJBcHBOYW1lIjoiVGVhbXMtRGVza3RvcCIsIkFwcFZlcnNpb24iOiI0OS8yNjA1MjkwNjExOCJ9"" target=""_blank"">Legacy VMs on MANA Rollout</a></li><li><a href=""https://learn.microsoft.com/azure/virtual-network/accelerated-networking-mana-overview"" target=""_blank"">Microsoft Azure Network Adapter overview</a></li><li><a href=""https://learn.microsoft.com/azure/virtual-network/accelerated-networking-mana-existing-sizes"" target=""_blank"">MANA support for existing VM sizes</a></li><li><a href=""https://learn.microsoft.com/azure/virtual-network/accelerated-networking-mana-network-virtual-appliance-opt-out"" target=""_blank"">MANA support for Network Virtual Appliances</a></li><li><a href=""https://learn.microsoft.com/azure/virtual-network/accelerated-networking-mana-windows#verify-that-traffic-is-flowing-through-mana"" target=""_blank"">Windows VMs with the Microsoft Azure Network Adapter</a></li><li><a href=""https://learn.microsoft.com/azure/virtual-machines/vm-support-help"" target=""_blank"">Support</a></li></ul><p></p>"		2026-05-22T00:00:00Z	2027-06-01T00:00:00Z	2026-06-26T19:10:05Z	2026-05-29		westeurope	f9f0ed60-4b4b-49a6-97cb-8c8a0f9e2435	not_available				false	not_needed	full	retirement_date_derived_from_text	"{""event_source"":""resource_health_events""}"
Azure Kubernetes Service (AKS)	UAT-CSTAR	azure-retirements-2721348d-5d3e-4374-adc4-06d277cdf144	2026-07-28	subscriptions	service_health_event_region	resource_health_events	Microsoft.ResourceHealth/events/9Y2Z-_K8	9Y2Z-_K8	9Y2Z-_K8	HealthAdvisory	Retirement	ServiceHealth	Warning	Warning	Active		Retirement notice: Transition Ubuntu 22.04 clusters to Ubuntu 24.04 or later before 30 June 2027	Retirement notice: Transition Ubuntu 22.04 clusters to Ubuntu 24.04 or later before 30 June 2027	<p><em>You’re receiving this notification because you’re associated with one or more Azure subscriptions that use Ubuntu 22.04 for Azure Kubernetes Service (AKS) clusters. For reference, you can find this notification in the Azure portal under&nbsp;Service Health/Health advisories&nbsp;using tracking ID: 9Y2Z-_K8.</em></p>	"<p><em>You’re receiving this notification because you’re associated with one or more Azure subscriptions that use Ubuntu 22.04 for Azure Kubernetes Service (AKS) clusters. For reference, you can find this notification in the Azure portal under&nbsp;Service Health/Health advisories&nbsp;using tracking ID: 9Y2Z-_K8.</em></p> <p><em>On 30 June 2027, we’ll retire Ubuntu 22.04 on Azure Kubernetes Service. To avoid disruptions,&nbsp;</em><a href=""https://learn.microsoft.com/azure/aks/upgrade-os-version"" target=""_blank""><strong>transition</strong>&nbsp;to Ubuntu 24.04 or later by that date.</a><a href=""https://aka.ms/aks/supported-ubuntu-versions"" target=""_blank"">&nbsp;</a>Newer supported versions<strong>&nbsp;</strong>include&nbsp;<a href=""https://discourse.ubuntu.com/t/ubuntu-24-04-lts-noble-numbat-release-notes/39890"" target=""_blank"">kernel updates and security improvements</a>.</p> <p>Between now and 30 June 2027, you can continue to use Ubuntu 22.04 on AKS without disruption. If you don’t migrate by 30 June 2027, you won’t be able to create new node pools, AKS&nbsp;won’t produce new node images, and you’ll no longer receive security patches for existing node pools. If you'd like to enable long-term support with Kubernetes version 1.33 or later, first update your node pools to Ubuntu 24.04.</p> <p>Additionally, on&nbsp;30 April 2028 AKS will remove Ubuntu 22.04 node images and existing code, causing scaling&nbsp;and remediation operations to fail.&nbsp;</p> <h2>Recommended action</h2> <p>To avoid service disruptions such as security vulnerabilities, failed node image upgrades, and scaling failures,&nbsp;<a href=""https://aka.ms/aks/upgrade-os-version"" target=""_blank""><strong>migrate</strong>&nbsp;to Ubuntu 24.04 or later by 30 June 2027.&nbsp;</a>Your migration options include:</p> <p></p><ul><li>Default&nbsp;Operating System SKU (OSSku): If you’re using ‘Ubuntu,’&nbsp;you’ll&nbsp;automatically migrate to Ubuntu 24.04 when you upgrade your Kubernetes version to 1.35 or later.</li><li>Versioned OSSku: If you’re using ‘Ubuntu2204,’ update your OSSku to ‘Ubuntu’ for Kubernetes 1.35 or later, or ‘Ubuntu2404’ for Kubernetes 1.32 or later.</li></ul><h2>Help and support&nbsp;</h2><p>If you have questions, get answers from community experts in&nbsp;<a href=""https://learn.microsoft.com/answers/tags/200/azure-kubernetes-service"" target=""_blank"">Microsoft Q&amp;A</a>&nbsp;or&nbsp;AKS GitHub. If you have a support plan and need technical help, follow our&nbsp;<a href=""https://learn.microsoft.com/azure/azure-portal/supportability/how-to-create-azure-support-request#open-a-support-request-from-the-global-header"" target=""_blank"">documentation</a>&nbsp;to create a support request.</p><p><em>Learn more about service retirements that may impact your resources in the&nbsp;</em><a href=""https://aka.ms/ServicesRetirementWorkbook"" target=""_blank""><em>Azure Retirement Workbook</em></a><em>. Please note that retirements may not be visible in the workbook for up to two weeks after being announced.</em></p><p></p>"		2026-02-19T21:31:43Z	2027-06-30T00:00:00Z	2026-04-13T09:49:41Z	2027-06-30		germanywestcentral	f9f0ed60-4b4b-49a6-97cb-8c8a0f9e2435	not_available				false	not_needed	full	retirement_date_derived_from_text	"{""event_source"":""resource_health_events""}"
Azure Kubernetes Service (AKS)	UAT-CSTAR	azure-retirements-2721348d-5d3e-4374-adc4-06d277cdf144	2026-07-28	subscriptions	service_health_event_region	resource_health_events	Microsoft.ResourceHealth/events/9Y2Z-_K8	9Y2Z-_K8	9Y2Z-_K8	HealthAdvisory	Retirement	ServiceHealth	Warning	Warning	Active		Retirement notice: Transition Ubuntu 22.04 clusters to Ubuntu 24.04 or later before 30 June 2027	Retirement notice: Transition Ubuntu 22.04 clusters to Ubuntu 24.04 or later before 30 June 2027	<p><em>You’re receiving this notification because you’re associated with one or more Azure subscriptions that use Ubuntu 22.04 for Azure Kubernetes Service (AKS) clusters. For reference, you can find this notification in the Azure portal under&nbsp;Service Health/Health advisories&nbsp;using tracking ID: 9Y2Z-_K8.</em></p>	"<p><em>You’re receiving this notification because you’re associated with one or more Azure subscriptions that use Ubuntu 22.04 for Azure Kubernetes Service (AKS) clusters. For reference, you can find this notification in the Azure portal under&nbsp;Service Health/Health advisories&nbsp;using tracking ID: 9Y2Z-_K8.</em></p> <p><em>On 30 June 2027, we’ll retire Ubuntu 22.04 on Azure Kubernetes Service. To avoid disruptions,&nbsp;</em><a href=""https://learn.microsoft.com/azure/aks/upgrade-os-version"" target=""_blank""><strong>transition</strong>&nbsp;to Ubuntu 24.04 or later by that date.</a><a href=""https://aka.ms/aks/supported-ubuntu-versions"" target=""_blank"">&nbsp;</a>Newer supported versions<strong>&nbsp;</strong>include&nbsp;<a href=""https://discourse.ubuntu.com/t/ubuntu-24-04-lts-noble-numbat-release-notes/39890"" target=""_blank"">kernel updates and security improvements</a>.</p> <p>Between now and 30 June 2027, you can continue to use Ubuntu 22.04 on AKS without disruption. If you don’t migrate by 30 June 2027, you won’t be able to create new node pools, AKS&nbsp;won’t produce new node images, and you’ll no longer receive security patches for existing node pools. If you'd like to enable long-term support with Kubernetes version 1.33 or later, first update your node pools to Ubuntu 24.04.</p> <p>Additionally, on&nbsp;30 April 2028 AKS will remove Ubuntu 22.04 node images and existing code, causing scaling&nbsp;and remediation operations to fail.&nbsp;</p> <h2>Recommended action</h2> <p>To avoid service disruptions such as security vulnerabilities, failed node image upgrades, and scaling failures,&nbsp;<a href=""https://aka.ms/aks/upgrade-os-version"" target=""_blank""><strong>migrate</strong>&nbsp;to Ubuntu 24.04 or later by 30 June 2027.&nbsp;</a>Your migration options include:</p> <p></p><ul><li>Default&nbsp;Operating System SKU (OSSku): If you’re using ‘Ubuntu,’&nbsp;you’ll&nbsp;automatically migrate to Ubuntu 24.04 when you upgrade your Kubernetes version to 1.35 or later.</li><li>Versioned OSSku: If you’re using ‘Ubuntu2204,’ update your OSSku to ‘Ubuntu’ for Kubernetes 1.35 or later, or ‘Ubuntu2404’ for Kubernetes 1.32 or later.</li></ul><h2>Help and support&nbsp;</h2><p>If you have questions, get answers from community experts in&nbsp;<a href=""https://learn.microsoft.com/answers/tags/200/azure-kubernetes-service"" target=""_blank"">Microsoft Q&amp;A</a>&nbsp;or&nbsp;AKS GitHub. If you have a support plan and need technical help, follow our&nbsp;<a href=""https://learn.microsoft.com/azure/azure-portal/supportability/how-to-create-azure-support-request#open-a-support-request-from-the-global-header"" target=""_blank"">documentation</a>&nbsp;to create a support request.</p><p><em>Learn more about service retirements that may impact your resources in the&nbsp;</em><a href=""https://aka.ms/ServicesRetirementWorkbook"" target=""_blank""><em>Azure Retirement Workbook</em></a><em>. Please note that retirements may not be visible in the workbook for up to two weeks after being announced.</em></p><p></p>"		2026-02-19T21:31:43Z	2027-06-30T00:00:00Z	2026-04-13T09:49:41Z	2027-06-30		italynorth	f9f0ed60-4b4b-49a6-97cb-8c8a0f9e2435	not_available				false	not_needed	full	retirement_date_derived_from_text	"{""event_source"":""resource_health_events""}"
Azure Kubernetes Service (AKS)	UAT-CSTAR	azure-retirements-2721348d-5d3e-4374-adc4-06d277cdf144	2026-07-28	subscriptions	service_health_event_region	resource_health_events	Microsoft.ResourceHealth/events/9Y2Z-_K8	9Y2Z-_K8	9Y2Z-_K8	HealthAdvisory	Retirement	ServiceHealth	Warning	Warning	Active		Retirement notice: Transition Ubuntu 22.04 clusters to Ubuntu 24.04 or later before 30 June 2027	Retirement notice: Transition Ubuntu 22.04 clusters to Ubuntu 24.04 or later before 30 June 2027	<p><em>You’re receiving this notification because you’re associated with one or more Azure subscriptions that use Ubuntu 22.04 for Azure Kubernetes Service (AKS) clusters. For reference, you can find this notification in the Azure portal under&nbsp;Service Health/Health advisories&nbsp;using tracking ID: 9Y2Z-_K8.</em></p>	"<p><em>You’re receiving this notification because you’re associated with one or more Azure subscriptions that use Ubuntu 22.04 for Azure Kubernetes Service (AKS) clusters. For reference, you can find this notification in the Azure portal under&nbsp;Service Health/Health advisories&nbsp;using tracking ID: 9Y2Z-_K8.</em></p> <p><em>On 30 June 2027, we’ll retire Ubuntu 22.04 on Azure Kubernetes Service. To avoid disruptions,&nbsp;</em><a href=""https://learn.microsoft.com/azure/aks/upgrade-os-version"" target=""_blank""><strong>transition</strong>&nbsp;to Ubuntu 24.04 or later by that date.</a><a href=""https://aka.ms/aks/supported-ubuntu-versions"" target=""_blank"">&nbsp;</a>Newer supported versions<strong>&nbsp;</strong>include&nbsp;<a href=""https://discourse.ubuntu.com/t/ubuntu-24-04-lts-noble-numbat-release-notes/39890"" target=""_blank"">kernel updates and security improvements</a>.</p> <p>Between now and 30 June 2027, you can continue to use Ubuntu 22.04 on AKS without disruption. If you don’t migrate by 30 June 2027, you won’t be able to create new node pools, AKS&nbsp;won’t produce new node images, and you’ll no longer receive security patches for existing node pools. If you'd like to enable long-term support with Kubernetes version 1.33 or later, first update your node pools to Ubuntu 24.04.</p> <p>Additionally, on&nbsp;30 April 2028 AKS will remove Ubuntu 22.04 node images and existing code, causing scaling&nbsp;and remediation operations to fail.&nbsp;</p> <h2>Recommended action</h2> <p>To avoid service disruptions such as security vulnerabilities, failed node image upgrades, and scaling failures,&nbsp;<a href=""https://aka.ms/aks/upgrade-os-version"" target=""_blank""><strong>migrate</strong>&nbsp;to Ubuntu 24.04 or later by 30 June 2027.&nbsp;</a>Your migration options include:</p> <p></p><ul><li>Default&nbsp;Operating System SKU (OSSku): If you’re using ‘Ubuntu,’&nbsp;you’ll&nbsp;automatically migrate to Ubuntu 24.04 when you upgrade your Kubernetes version to 1.35 or later.</li><li>Versioned OSSku: If you’re using ‘Ubuntu2204,’ update your OSSku to ‘Ubuntu’ for Kubernetes 1.35 or later, or ‘Ubuntu2404’ for Kubernetes 1.32 or later.</li></ul><h2>Help and support&nbsp;</h2><p>If you have questions, get answers from community experts in&nbsp;<a href=""https://learn.microsoft.com/answers/tags/200/azure-kubernetes-service"" target=""_blank"">Microsoft Q&amp;A</a>&nbsp;or&nbsp;AKS GitHub. If you have a support plan and need technical help, follow our&nbsp;<a href=""https://learn.microsoft.com/azure/azure-portal/supportability/how-to-create-azure-support-request#open-a-support-request-from-the-global-header"" target=""_blank"">documentation</a>&nbsp;to create a support request.</p><p><em>Learn more about service retirements that may impact your resources in the&nbsp;</em><a href=""https://aka.ms/ServicesRetirementWorkbook"" target=""_blank""><em>Azure Retirement Workbook</em></a><em>. Please note that retirements may not be visible in the workbook for up to two weeks after being announced.</em></p><p></p>"		2026-02-19T21:31:43Z	2027-06-30T00:00:00Z	2026-04-13T09:49:41Z	2027-06-30		northeurope	f9f0ed60-4b4b-49a6-97cb-8c8a0f9e2435	not_available				false	not_needed	full	retirement_date_derived_from_text	"{""event_source"":""resource_health_events""}"
Azure Kubernetes Service (AKS)	UAT-CSTAR	azure-retirements-2721348d-5d3e-4374-adc4-06d277cdf144	2026-07-28	subscriptions	service_health_event_region	resource_health_events	Microsoft.ResourceHealth/events/9Y2Z-_K8	9Y2Z-_K8	9Y2Z-_K8	HealthAdvisory	Retirement	ServiceHealth	Warning	Warning	Active		Retirement notice: Transition Ubuntu 22.04 clusters to Ubuntu 24.04 or later before 30 June 2027	Retirement notice: Transition Ubuntu 22.04 clusters to Ubuntu 24.04 or later before 30 June 2027	<p><em>You’re receiving this notification because you’re associated with one or more Azure subscriptions that use Ubuntu 22.04 for Azure Kubernetes Service (AKS) clusters. For reference, you can find this notification in the Azure portal under&nbsp;Service Health/Health advisories&nbsp;using tracking ID: 9Y2Z-_K8.</em></p>	"<p><em>You’re receiving this notification because you’re associated with one or more Azure subscriptions that use Ubuntu 22.04 for Azure Kubernetes Service (AKS) clusters. For reference, you can find this notification in the Azure portal under&nbsp;Service Health/Health advisories&nbsp;using tracking ID: 9Y2Z-_K8.</em></p> <p><em>On 30 June 2027, we’ll retire Ubuntu 22.04 on Azure Kubernetes Service. To avoid disruptions,&nbsp;</em><a href=""https://learn.microsoft.com/azure/aks/upgrade-os-version"" target=""_blank""><strong>transition</strong>&nbsp;to Ubuntu 24.04 or later by that date.</a><a href=""https://aka.ms/aks/supported-ubuntu-versions"" target=""_blank"">&nbsp;</a>Newer supported versions<strong>&nbsp;</strong>include&nbsp;<a href=""https://discourse.ubuntu.com/t/ubuntu-24-04-lts-noble-numbat-release-notes/39890"" target=""_blank"">kernel updates and security improvements</a>.</p> <p>Between now and 30 June 2027, you can continue to use Ubuntu 22.04 on AKS without disruption. If you don’t migrate by 30 June 2027, you won’t be able to create new node pools, AKS&nbsp;won’t produce new node images, and you’ll no longer receive security patches for existing node pools. If you'd like to enable long-term support with Kubernetes version 1.33 or later, first update your node pools to Ubuntu 24.04.</p> <p>Additionally, on&nbsp;30 April 2028 AKS will remove Ubuntu 22.04 node images and existing code, causing scaling&nbsp;and remediation operations to fail.&nbsp;</p> <h2>Recommended action</h2> <p>To avoid service disruptions such as security vulnerabilities, failed node image upgrades, and scaling failures,&nbsp;<a href=""https://aka.ms/aks/upgrade-os-version"" target=""_blank""><strong>migrate</strong>&nbsp;to Ubuntu 24.04 or later by 30 June 2027.&nbsp;</a>Your migration options include:</p> <p></p><ul><li>Default&nbsp;Operating System SKU (OSSku): If you’re using ‘Ubuntu,’&nbsp;you’ll&nbsp;automatically migrate to Ubuntu 24.04 when you upgrade your Kubernetes version to 1.35 or later.</li><li>Versioned OSSku: If you’re using ‘Ubuntu2204,’ update your OSSku to ‘Ubuntu’ for Kubernetes 1.35 or later, or ‘Ubuntu2404’ for Kubernetes 1.32 or later.</li></ul><h2>Help and support&nbsp;</h2><p>If you have questions, get answers from community experts in&nbsp;<a href=""https://learn.microsoft.com/answers/tags/200/azure-kubernetes-service"" target=""_blank"">Microsoft Q&amp;A</a>&nbsp;or&nbsp;AKS GitHub. If you have a support plan and need technical help, follow our&nbsp;<a href=""https://learn.microsoft.com/azure/azure-portal/supportability/how-to-create-azure-support-request#open-a-support-request-from-the-global-header"" target=""_blank"">documentation</a>&nbsp;to create a support request.</p><p><em>Learn more about service retirements that may impact your resources in the&nbsp;</em><a href=""https://aka.ms/ServicesRetirementWorkbook"" target=""_blank""><em>Azure Retirement Workbook</em></a><em>. Please note that retirements may not be visible in the workbook for up to two weeks after being announced.</em></p><p></p>"		2026-02-19T21:31:43Z	2027-06-30T00:00:00Z	2026-04-13T09:49:41Z	2027-06-30		spaincentral	f9f0ed60-4b4b-49a6-97cb-8c8a0f9e2435	not_available				false	not_needed	full	retirement_date_derived_from_text	"{""event_source"":""resource_health_events""}"
Azure Kubernetes Service (AKS)	UAT-CSTAR	azure-retirements-2721348d-5d3e-4374-adc4-06d277cdf144	2026-07-28	subscriptions	service_health_event_region	resource_health_events	Microsoft.ResourceHealth/events/9Y2Z-_K8	9Y2Z-_K8	9Y2Z-_K8	HealthAdvisory	Retirement	ServiceHealth	Warning	Warning	Active		Retirement notice: Transition Ubuntu 22.04 clusters to Ubuntu 24.04 or later before 30 June 2027	Retirement notice: Transition Ubuntu 22.04 clusters to Ubuntu 24.04 or later before 30 June 2027	<p><em>You’re receiving this notification because you’re associated with one or more Azure subscriptions that use Ubuntu 22.04 for Azure Kubernetes Service (AKS) clusters. For reference, you can find this notification in the Azure portal under&nbsp;Service Health/Health advisories&nbsp;using tracking ID: 9Y2Z-_K8.</em></p>	"<p><em>You’re receiving this notification because you’re associated with one or more Azure subscriptions that use Ubuntu 22.04 for Azure Kubernetes Service (AKS) clusters. For reference, you can find this notification in the Azure portal under&nbsp;Service Health/Health advisories&nbsp;using tracking ID: 9Y2Z-_K8.</em></p> <p><em>On 30 June 2027, we’ll retire Ubuntu 22.04 on Azure Kubernetes Service. To avoid disruptions,&nbsp;</em><a href=""https://learn.microsoft.com/azure/aks/upgrade-os-version"" target=""_blank""><strong>transition</strong>&nbsp;to Ubuntu 24.04 or later by that date.</a><a href=""https://aka.ms/aks/supported-ubuntu-versions"" target=""_blank"">&nbsp;</a>Newer supported versions<strong>&nbsp;</strong>include&nbsp;<a href=""https://discourse.ubuntu.com/t/ubuntu-24-04-lts-noble-numbat-release-notes/39890"" target=""_blank"">kernel updates and security improvements</a>.</p> <p>Between now and 30 June 2027, you can continue to use Ubuntu 22.04 on AKS without disruption. If you don’t migrate by 30 June 2027, you won’t be able to create new node pools, AKS&nbsp;won’t produce new node images, and you’ll no longer receive security patches for existing node pools. If you'd like to enable long-term support with Kubernetes version 1.33 or later, first update your node pools to Ubuntu 24.04.</p> <p>Additionally, on&nbsp;30 April 2028 AKS will remove Ubuntu 22.04 node images and existing code, causing scaling&nbsp;and remediation operations to fail.&nbsp;</p> <h2>Recommended action</h2> <p>To avoid service disruptions such as security vulnerabilities, failed node image upgrades, and scaling failures,&nbsp;<a href=""https://aka.ms/aks/upgrade-os-version"" target=""_blank""><strong>migrate</strong>&nbsp;to Ubuntu 24.04 or later by 30 June 2027.&nbsp;</a>Your migration options include:</p> <p></p><ul><li>Default&nbsp;Operating System SKU (OSSku): If you’re using ‘Ubuntu,’&nbsp;you’ll&nbsp;automatically migrate to Ubuntu 24.04 when you upgrade your Kubernetes version to 1.35 or later.</li><li>Versioned OSSku: If you’re using ‘Ubuntu2204,’ update your OSSku to ‘Ubuntu’ for Kubernetes 1.35 or later, or ‘Ubuntu2404’ for Kubernetes 1.32 or later.</li></ul><h2>Help and support&nbsp;</h2><p>If you have questions, get answers from community experts in&nbsp;<a href=""https://learn.microsoft.com/answers/tags/200/azure-kubernetes-service"" target=""_blank"">Microsoft Q&amp;A</a>&nbsp;or&nbsp;AKS GitHub. If you have a support plan and need technical help, follow our&nbsp;<a href=""https://learn.microsoft.com/azure/azure-portal/supportability/how-to-create-azure-support-request#open-a-support-request-from-the-global-header"" target=""_blank"">documentation</a>&nbsp;to create a support request.</p><p><em>Learn more about service retirements that may impact your resources in the&nbsp;</em><a href=""https://aka.ms/ServicesRetirementWorkbook"" target=""_blank""><em>Azure Retirement Workbook</em></a><em>. Please note that retirements may not be visible in the workbook for up to two weeks after being announced.</em></p><p></p>"		2026-02-19T21:31:43Z	2027-06-30T00:00:00Z	2026-04-13T09:49:41Z	2027-06-30		westeurope	f9f0ed60-4b4b-49a6-97cb-8c8a0f9e2435	not_available				false	not_needed	full	retirement_date_derived_from_text	"{""event_source"":""resource_health_events""}"
