service_name	retiring_feature	short_description_problem	recommendation_type_id	as_of_date	scope_mode	record_type	source_system	source_id	advisor_recommendation_id	advisor_metadata_id	retirement_date	retirement_date_quality	subscription_id	subscription_name	resource_id	resource_name	resource_group	resource_type	location	tags_json	environment_hint	platform_hint	impact	risk	category	sub_category	platform_state	last_updated	label	description	short_description_solution	potential_benefits	learn_more_link	action_link	action_caption	description_quality	join_quality	diagnostic_flags	provenance_json	raw_json
Key vault	API versions prior to 2026-02-01	Azure Key Vault API versions prior to 2026-02-01 are being retired	7ff06874-39e9-41be-9552-fa1ae2a83c88	2026-07-29	subscriptions	advisor_resource_retirement	advisor_joined	/subscriptions/00288c16-f581-4bb4-9c52-6954dce102f4/resourcegroups/p4pa-d-itn-payhub-sec-rg/providers/microsoft.keyvault/vaults/p4pa-d-payhub-kv/providers/Microsoft.Advisor/recommendations/76c903f8c1d9f6e1b5457ddadc46a095e783da86424b46c0a45504cea0b6f8f5	/subscriptions/00288c16-f581-4bb4-9c52-6954dce102f4/resourcegroups/p4pa-d-itn-payhub-sec-rg/providers/microsoft.keyvault/vaults/p4pa-d-payhub-kv/providers/Microsoft.Advisor/recommendations/76c903f8c1d9f6e1b5457ddadc46a095e783da86424b46c0a45504cea0b6f8f5	7ff06874-39e9-41be-9552-fa1ae2a83c88	2027-02-27	exact	00288c16-f581-4bb4-9c52-6954dce102f4	DEV-P4PA	/subscriptions/00288c16-f581-4bb4-9c52-6954dce102f4/resourcegroups/p4pa-d-itn-payhub-sec-rg/providers/microsoft.keyvault/vaults/p4pa-d-payhub-kv	p4pa-d-payhub-kv	p4pa-d-itn-payhub-sec-rg	microsoft.keyvault/vaults	italynorth	"{""CostCenter"":""TS310 - PAGAMENTI & SERVIZI"",""CreatedBy"":""Terraform"",""Environment"":""DEV"",""Owner"":""P4PA"",""SOPS"":""true"",""Source"":""https://github.com/pagopa/p4pa-infra""}"			High		HighAvailability		New	2026-07-28T21:57:21Z			Azure Key Vault API versions prior to 2026-02-01 are being retired		https://learn.microsoft.com/azure/key-vault/general/access-control-default?tabs=azure-cli			short	metadata_and_resource		"{""metadata_joined"":true,""recommendation_source"":""advisor_recommendations"",""resource_graph_joined"":true,""resource_graph_key"":[""7ff06874-39e9-41be-9552-fa1ae2a83c88"",""/subscriptions/00288c16-f581-4bb4-9c52-6954dce102f4/resourcegroups/p4pa-d-itn-payhub-sec-rg/providers/microsoft.keyvault/vaults/p4pa-d-payhub-kv""]}"	
Kubernetes service	Azure Kubernetes Service support for Ubuntu 22.04	Migrate to Ubuntu 24.04 or later versions	00dbcc9d-50d4-44ef-bc21-c15785cddf42	2026-07-29	subscriptions	advisor_resource_retirement	advisor_joined	/subscriptions/00288c16-f581-4bb4-9c52-6954dce102f4/resourcegroups/p4pa-d-itn-dev-aks-rg/providers/microsoft.containerservice/managedclusters/p4pa-d-itn-dev-aks/providers/Microsoft.Advisor/recommendations/c3f064b831ccf765b28c1361192ae556a0684be0e24812dd5cb936f90d175b2d	/subscriptions/00288c16-f581-4bb4-9c52-6954dce102f4/resourcegroups/p4pa-d-itn-dev-aks-rg/providers/microsoft.containerservice/managedclusters/p4pa-d-itn-dev-aks/providers/Microsoft.Advisor/recommendations/c3f064b831ccf765b28c1361192ae556a0684be0e24812dd5cb936f90d175b2d	00dbcc9d-50d4-44ef-bc21-c15785cddf42	2027-06-30	exact	00288c16-f581-4bb4-9c52-6954dce102f4	DEV-P4PA	/subscriptions/00288c16-f581-4bb4-9c52-6954dce102f4/resourcegroups/p4pa-d-itn-dev-aks-rg/providers/microsoft.containerservice/managedclusters/p4pa-d-itn-dev-aks	p4pa-d-itn-dev-aks	p4pa-d-itn-dev-aks-rg	microsoft.containerservice/managedclusters	italynorth	"{""CostCenter"":""TS310 - PAGAMENTI & SERVIZI"",""CreatedBy"":""Terraform"",""Environment"":""DEV"",""Owner"":""P4PA"",""Source"":""https://github.com/pagopa/p4pa-infra"",""grafana"":""yes""}"			Medium		HighAvailability		New	2026-05-07T15:05:08Z			Migrate to Ubuntu 24.04 or later versions		https://azure.microsoft.com/updates/?id=557928			short	metadata_and_resource		"{""metadata_joined"":true,""recommendation_source"":""advisor_recommendations"",""resource_graph_joined"":true,""resource_graph_key"":[""00dbcc9d-50d4-44ef-bc21-c15785cddf42"",""/subscriptions/00288c16-f581-4bb4-9c52-6954dce102f4/resourcegroups/p4pa-d-itn-dev-aks-rg/providers/microsoft.containerservice/managedclusters/p4pa-d-itn-dev-aks""]}"	
Kubernetes service	Legacy authentication for Container Insights - Azure Monitor	Migrate to Container insights managed identity authentication	b005ecf0-23e2-4279-9ca2-718d1518c9fb	2026-07-29	subscriptions	advisor_resource_retirement	advisor_joined	/subscriptions/00288c16-f581-4bb4-9c52-6954dce102f4/resourcegroups/p4pa-d-itn-dev-aks-rg/providers/microsoft.containerservice/managedclusters/p4pa-d-itn-dev-aks/providers/Microsoft.Advisor/recommendations/0e2dbd88a6b2c069535a0853466bad2cc7eb26b1e62cc4d648d8588d4408141b	/subscriptions/00288c16-f581-4bb4-9c52-6954dce102f4/resourcegroups/p4pa-d-itn-dev-aks-rg/providers/microsoft.containerservice/managedclusters/p4pa-d-itn-dev-aks/providers/Microsoft.Advisor/recommendations/0e2dbd88a6b2c069535a0853466bad2cc7eb26b1e62cc4d648d8588d4408141b	b005ecf0-23e2-4279-9ca2-718d1518c9fb	2026-09-30	exact	00288c16-f581-4bb4-9c52-6954dce102f4	DEV-P4PA	/subscriptions/00288c16-f581-4bb4-9c52-6954dce102f4/resourcegroups/p4pa-d-itn-dev-aks-rg/providers/microsoft.containerservice/managedclusters/p4pa-d-itn-dev-aks	p4pa-d-itn-dev-aks	p4pa-d-itn-dev-aks-rg	microsoft.containerservice/managedclusters	italynorth	"{""CostCenter"":""TS310 - PAGAMENTI & SERVIZI"",""CreatedBy"":""Terraform"",""Environment"":""DEV"",""Owner"":""P4PA"",""Source"":""https://github.com/pagopa/p4pa-infra"",""grafana"":""yes""}"			Medium		HighAvailability		New	2026-04-16T16:00:26Z			Migrate to Container insights managed identity authentication		https://azure.microsoft.com/updates/?id=500853			short	metadata_and_resource		"{""metadata_joined"":true,""recommendation_source"":""advisor_recommendations"",""resource_graph_joined"":true,""resource_graph_key"":[""b005ecf0-23e2-4279-9ca2-718d1518c9fb"",""/subscriptions/00288c16-f581-4bb4-9c52-6954dce102f4/resourcegroups/p4pa-d-itn-dev-aks-rg/providers/microsoft.containerservice/managedclusters/p4pa-d-itn-dev-aks""]}"	
Key vault	API versions prior to 2026-02-01	Azure Key Vault API versions prior to 2026-02-01 are being retired	7ff06874-39e9-41be-9552-fa1ae2a83c88	2026-07-29	subscriptions	advisor_resource_retirement	advisor_joined	/subscriptions/02a23258-2e41-433c-8e9a-465b99e77bca/resourcegroups/dx-p-itn-common-rg-01/providers/microsoft.keyvault/vaults/dx-p-itn-common-kv-01/providers/Microsoft.Advisor/recommendations/af6035ddf1af5c59fff9a768c7690564ab9afe2eb85ecb297173dd173b35300e	/subscriptions/02a23258-2e41-433c-8e9a-465b99e77bca/resourcegroups/dx-p-itn-common-rg-01/providers/microsoft.keyvault/vaults/dx-p-itn-common-kv-01/providers/Microsoft.Advisor/recommendations/af6035ddf1af5c59fff9a768c7690564ab9afe2eb85ecb297173dd173b35300e	7ff06874-39e9-41be-9552-fa1ae2a83c88	2027-02-27	exact	02a23258-2e41-433c-8e9a-465b99e77bca	PROD-DEVEX	/subscriptions/02a23258-2e41-433c-8e9a-465b99e77bca/resourcegroups/dx-p-itn-common-rg-01/providers/microsoft.keyvault/vaults/dx-p-itn-common-kv-01	dx-p-itn-common-kv-01	dx-p-itn-common-rg-01	microsoft.keyvault/vaults	italynorth	"{""CostCenter"":""TS000 - Tecnologia e Servizi"",""CreatedBy"":""Terraform"",""Environment"":""Prod"",""ManagementTeam"":""Developer Experience"",""ModuleName"":""azure_core_infra"",""ModuleSource"":""DX"",""ModuleVersion"":""2.1.1"",""Owner"":""DevEx"",""Source"":""https://github.com/pagopa/dx/blob/main/infra/core/prod""}"			High		HighAvailability		New	2026-07-24T18:35:54Z			Azure Key Vault API versions prior to 2026-02-01 are being retired		https://learn.microsoft.com/azure/key-vault/general/access-control-default?tabs=azure-cli			short	metadata_and_resource		"{""metadata_joined"":true,""recommendation_source"":""advisor_recommendations"",""resource_graph_joined"":true,""resource_graph_key"":[""7ff06874-39e9-41be-9552-fa1ae2a83c88"",""/subscriptions/02a23258-2e41-433c-8e9a-465b99e77bca/resourcegroups/dx-p-itn-common-rg-01/providers/microsoft.keyvault/vaults/dx-p-itn-common-kv-01""]}"	
Key vault	API versions prior to 2026-02-01	Azure Key Vault API versions prior to 2026-02-01 are being retired	7ff06874-39e9-41be-9552-fa1ae2a83c88	2026-07-29	subscriptions	advisor_resource_retirement	advisor_joined	/subscriptions/0f1c9857-d58b-47d2-874e-c905c5276dda/resourcegroups/ced-p-itn-common-rg-01/providers/microsoft.keyvault/vaults/ced-p-itn-common-kv-01/providers/Microsoft.Advisor/recommendations/41bc19500caeae3d79483df1f79772c7f4d53bdea7ce48c738fb2ce147d782fe	/subscriptions/0f1c9857-d58b-47d2-874e-c905c5276dda/resourcegroups/ced-p-itn-common-rg-01/providers/microsoft.keyvault/vaults/ced-p-itn-common-kv-01/providers/Microsoft.Advisor/recommendations/41bc19500caeae3d79483df1f79772c7f4d53bdea7ce48c738fb2ce147d782fe	7ff06874-39e9-41be-9552-fa1ae2a83c88	2027-02-27	exact	0f1c9857-d58b-47d2-874e-c905c5276dda	PROD-CED	/subscriptions/0f1c9857-d58b-47d2-874e-c905c5276dda/resourcegroups/ced-p-itn-common-rg-01/providers/microsoft.keyvault/vaults/ced-p-itn-common-kv-01	ced-p-itn-common-kv-01	ced-p-itn-common-rg-01	microsoft.keyvault/vaults	italynorth	"{""BusinessUnit"":""App IO"",""CostCenter"":""TS000"",""CreatedBy"":""Terraform"",""Environment"":""prod"",""ManagementTeam"":""IO Growth"",""ModuleName"":""azure_core_infra"",""ModuleSource"":""DX"",""ModuleVersion"":""4.2.1""}"			High		HighAvailability		New	2026-07-18T09:02:10Z			Azure Key Vault API versions prior to 2026-02-01 are being retired		https://learn.microsoft.com/azure/key-vault/general/access-control-default?tabs=azure-cli			short	metadata_and_resource		"{""metadata_joined"":true,""recommendation_source"":""advisor_recommendations"",""resource_graph_joined"":true,""resource_graph_key"":[""7ff06874-39e9-41be-9552-fa1ae2a83c88"",""/subscriptions/0f1c9857-d58b-47d2-874e-c905c5276dda/resourcegroups/ced-p-itn-common-rg-01/providers/microsoft.keyvault/vaults/ced-p-itn-common-kv-01""]}"	
Key vault	API versions prior to 2026-02-01	Azure Key Vault API versions prior to 2026-02-01 are being retired	7ff06874-39e9-41be-9552-fa1ae2a83c88	2026-07-29	subscriptions	advisor_resource_retirement	advisor_joined	/subscriptions/1ab5e788-3b98-4c63-bd05-de0c7388c853/resourcegroups/selc-d-pnpg-sec-rg/providers/microsoft.keyvault/vaults/selc-d-pnpg-kv/providers/Microsoft.Advisor/recommendations/0643b48d7d602fbdb982b5f56ecd5cb7c43f87601bb6a34bec2c03f314a97838	/subscriptions/1ab5e788-3b98-4c63-bd05-de0c7388c853/resourcegroups/selc-d-pnpg-sec-rg/providers/microsoft.keyvault/vaults/selc-d-pnpg-kv/providers/Microsoft.Advisor/recommendations/0643b48d7d602fbdb982b5f56ecd5cb7c43f87601bb6a34bec2c03f314a97838	7ff06874-39e9-41be-9552-fa1ae2a83c88	2027-02-27	exact	1ab5e788-3b98-4c63-bd05-de0c7388c853	DEV-SelfCare	/subscriptions/1ab5e788-3b98-4c63-bd05-de0c7388c853/resourcegroups/selc-d-pnpg-sec-rg/providers/microsoft.keyvault/vaults/selc-d-pnpg-kv	selc-d-pnpg-kv	selc-d-pnpg-sec-rg	microsoft.keyvault/vaults	westeurope	"{""Application"":""PNPG"",""CostCenter"":""TS310 - PAGAMENTI & SERVIZI"",""CreatedBy"":""Terraform"",""Environment"":""Dev"",""Owner"":""Selfcare"",""Source"":""https://github.com/pagopa/selfcare""}"			High		HighAvailability		New	2026-07-21T13:08:31Z			Azure Key Vault API versions prior to 2026-02-01 are being retired		https://learn.microsoft.com/azure/key-vault/general/access-control-default?tabs=azure-cli			short	metadata_and_resource		"{""metadata_joined"":true,""recommendation_source"":""advisor_recommendations"",""resource_graph_joined"":true,""resource_graph_key"":[""7ff06874-39e9-41be-9552-fa1ae2a83c88"",""/subscriptions/1ab5e788-3b98-4c63-bd05-de0c7388c853/resourcegroups/selc-d-pnpg-sec-rg/providers/microsoft.keyvault/vaults/selc-d-pnpg-kv""]}"	
Key vault	API versions prior to 2026-02-01	Azure Key Vault API versions prior to 2026-02-01 are being retired	7ff06874-39e9-41be-9552-fa1ae2a83c88	2026-07-29	subscriptions	advisor_resource_retirement	advisor_joined	/subscriptions/1ab5e788-3b98-4c63-bd05-de0c7388c853/resourcegroups/selc-d-sec-rg/providers/microsoft.keyvault/vaults/selc-d-kv/providers/Microsoft.Advisor/recommendations/046b790a8cf0e9cd445bc01a4611b9c14f25f593a85aeb194bb17990098e8435	/subscriptions/1ab5e788-3b98-4c63-bd05-de0c7388c853/resourcegroups/selc-d-sec-rg/providers/microsoft.keyvault/vaults/selc-d-kv/providers/Microsoft.Advisor/recommendations/046b790a8cf0e9cd445bc01a4611b9c14f25f593a85aeb194bb17990098e8435	7ff06874-39e9-41be-9552-fa1ae2a83c88	2027-02-27	exact	1ab5e788-3b98-4c63-bd05-de0c7388c853	DEV-SelfCare	/subscriptions/1ab5e788-3b98-4c63-bd05-de0c7388c853/resourcegroups/selc-d-sec-rg/providers/microsoft.keyvault/vaults/selc-d-kv	selc-d-kv	selc-d-sec-rg	microsoft.keyvault/vaults	westeurope	"{""CostCenter"":""TS310 - PAGAMENTI & SERVIZI"",""CreatedBy"":""Terraform"",""Environment"":""Dev"",""Owner"":""Selfcare"",""Source"":""https://github.com/pagopa/selfcare""}"			High		HighAvailability		New	2026-07-28T21:57:41Z			Azure Key Vault API versions prior to 2026-02-01 are being retired		https://learn.microsoft.com/azure/key-vault/general/access-control-default?tabs=azure-cli			short	metadata_and_resource		"{""metadata_joined"":true,""recommendation_source"":""advisor_recommendations"",""resource_graph_joined"":true,""resource_graph_key"":[""7ff06874-39e9-41be-9552-fa1ae2a83c88"",""/subscriptions/1ab5e788-3b98-4c63-bd05-de0c7388c853/resourcegroups/selc-d-sec-rg/providers/microsoft.keyvault/vaults/selc-d-kv""]}"	
Virtual network gateway	Non-AZ VPNs	VpnGw1-5 (Non-Availability Zones SKUs) is being retired.	4d9ee0c5-6fbd-41d3-864f-b9251c92eebc	2026-07-29	subscriptions	advisor_resource_retirement	advisor_joined	/subscriptions/1ab5e788-3b98-4c63-bd05-de0c7388c853/resourcegroups/selc-d-vnet-rg/providers/microsoft.network/virtualnetworkgateways/selc-d-vpn-gw/providers/Microsoft.Advisor/recommendations/2fc9e647cf66ce4dffddc18045cf9370cd31a780d6c6dd22b22a1841a6147a47	/subscriptions/1ab5e788-3b98-4c63-bd05-de0c7388c853/resourcegroups/selc-d-vnet-rg/providers/microsoft.network/virtualnetworkgateways/selc-d-vpn-gw/providers/Microsoft.Advisor/recommendations/2fc9e647cf66ce4dffddc18045cf9370cd31a780d6c6dd22b22a1841a6147a47	4d9ee0c5-6fbd-41d3-864f-b9251c92eebc	2026-09-30	exact	1ab5e788-3b98-4c63-bd05-de0c7388c853	DEV-SelfCare	/subscriptions/1ab5e788-3b98-4c63-bd05-de0c7388c853/resourcegroups/selc-d-vnet-rg/providers/microsoft.network/virtualnetworkgateways/selc-d-vpn-gw	selc-d-vpn-gw	selc-d-vnet-rg	microsoft.network/virtualnetworkgateways	westeurope	"{""CostCenter"":""TS310 - PAGAMENTI & SERVIZI"",""CreatedBy"":""Terraform"",""Environment"":""Dev"",""Owner"":""Selfcare"",""Source"":""https://github.com/pagopa/selfcare""}"			Medium		HighAvailability		New	2026-04-16T15:33:58Z			VpnGw1-5 (Non-Availability Zones SKUs) is being retired.		https://azure.microsoft.com/updates?id=vpngw1-5-non-az-skus-will-be-retired-on-30-september-2026			short	metadata_and_resource		"{""metadata_joined"":true,""recommendation_source"":""advisor_recommendations"",""resource_graph_joined"":true,""resource_graph_key"":[""4d9ee0c5-6fbd-41d3-864f-b9251c92eebc"",""/subscriptions/1ab5e788-3b98-4c63-bd05-de0c7388c853/resourcegroups/selc-d-vnet-rg/providers/microsoft.network/virtualnetworkgateways/selc-d-vpn-gw""]}"	
Storage Account	Legacy Blob and General-Purpose v1 storage accounts	Upgrade general-purpose v1 storage accounts	1d70919c-1a4a-4f79-8300-bb576c291e9d	2026-07-29	subscriptions	advisor_resource_retirement	advisor_joined	/subscriptions/1ab5e788-3b98-4c63-bd05-de0c7388c853/resourcegroups/azuredurablefunctionstyp/providers/microsoft.storage/storageaccounts/azuredurablefunctionstyp/providers/Microsoft.Advisor/recommendations/109249e0bde0538540e2d45671e8722b9a3b1a162271974f18a93d35765670d9	/subscriptions/1ab5e788-3b98-4c63-bd05-de0c7388c853/resourcegroups/azuredurablefunctionstyp/providers/microsoft.storage/storageaccounts/azuredurablefunctionstyp/providers/Microsoft.Advisor/recommendations/109249e0bde0538540e2d45671e8722b9a3b1a162271974f18a93d35765670d9	1d70919c-1a4a-4f79-8300-bb576c291e9d	2026-10-13	exact	1ab5e788-3b98-4c63-bd05-de0c7388c853	DEV-SelfCare	/subscriptions/1ab5e788-3b98-4c63-bd05-de0c7388c853/resourcegroups/azuredurablefunctionstyp/providers/microsoft.storage/storageaccounts/azuredurablefunctionstyp	azuredurablefunctionstyp	azuredurablefunctionstyp	microsoft.storage/storageaccounts	westeurope	{}			Medium		HighAvailability		New	2026-05-13T05:34:57Z			Upgrade general-purpose v1 storage accounts		https://azure.microsoft.com/updates/?id=496964			short	metadata_and_resource		"{""metadata_joined"":true,""recommendation_source"":""advisor_recommendations"",""resource_graph_joined"":true,""resource_graph_key"":[""1d70919c-1a4a-4f79-8300-bb576c291e9d"",""/subscriptions/1ab5e788-3b98-4c63-bd05-de0c7388c853/resourcegroups/azuredurablefunctionstyp/providers/microsoft.storage/storageaccounts/azuredurablefunctionstyp""]}"	
Storage Account	Legacy Blob and General-Purpose v1 storage accounts	Upgrade general-purpose v1 storage accounts	1d70919c-1a4a-4f79-8300-bb576c291e9d	2026-07-29	subscriptions	advisor_resource_retirement	advisor_joined	/subscriptions/1ab5e788-3b98-4c63-bd05-de0c7388c853/resourcegroups/selc-d-workflow-rg/providers/microsoft.storage/storageaccounts/selcdworkflowtestfa1ccd/providers/Microsoft.Advisor/recommendations/da01d70115f2fef9f6e8decee429a7da09e51d06eab4d4951529901c816f3c16	/subscriptions/1ab5e788-3b98-4c63-bd05-de0c7388c853/resourcegroups/selc-d-workflow-rg/providers/microsoft.storage/storageaccounts/selcdworkflowtestfa1ccd/providers/Microsoft.Advisor/recommendations/da01d70115f2fef9f6e8decee429a7da09e51d06eab4d4951529901c816f3c16	1d70919c-1a4a-4f79-8300-bb576c291e9d	2026-10-13	exact	1ab5e788-3b98-4c63-bd05-de0c7388c853	DEV-SelfCare	/subscriptions/1ab5e788-3b98-4c63-bd05-de0c7388c853/resourcegroups/selc-d-workflow-rg/providers/microsoft.storage/storageaccounts/selcdworkflowtestfa1ccd	selcdworkflowtestfa1ccd	selc-d-workflow-rg	microsoft.storage/storageaccounts	westeurope	{}			Medium		HighAvailability		New	2026-05-14T17:59:09Z			Upgrade general-purpose v1 storage accounts		https://azure.microsoft.com/updates/?id=496964			short	metadata_and_resource		"{""metadata_joined"":true,""recommendation_source"":""advisor_recommendations"",""resource_graph_joined"":true,""resource_graph_key"":[""1d70919c-1a4a-4f79-8300-bb576c291e9d"",""/subscriptions/1ab5e788-3b98-4c63-bd05-de0c7388c853/resourcegroups/selc-d-workflow-rg/providers/microsoft.storage/storageaccounts/selcdworkflowtestfa1ccd""]}"	
Key vault	API versions prior to 2026-02-01	Azure Key Vault API versions prior to 2026-02-01 are being retired	7ff06874-39e9-41be-9552-fa1ae2a83c88	2026-07-29	subscriptions	advisor_resource_retirement	advisor_joined	/subscriptions/1b06ce19-c192-49b3-8418-0f5bf013ea5f/resourcegroups/p4pa-u-itn-payhub-sec-rg/providers/microsoft.keyvault/vaults/p4pa-u-payhub-kv/providers/Microsoft.Advisor/recommendations/5815ccafe750e06db08a09add681436ef6d15d274ba16e2571a0e12734f5594d	/subscriptions/1b06ce19-c192-49b3-8418-0f5bf013ea5f/resourcegroups/p4pa-u-itn-payhub-sec-rg/providers/microsoft.keyvault/vaults/p4pa-u-payhub-kv/providers/Microsoft.Advisor/recommendations/5815ccafe750e06db08a09add681436ef6d15d274ba16e2571a0e12734f5594d	7ff06874-39e9-41be-9552-fa1ae2a83c88	2027-02-27	exact	1b06ce19-c192-49b3-8418-0f5bf013ea5f	UAT-P4PA	/subscriptions/1b06ce19-c192-49b3-8418-0f5bf013ea5f/resourcegroups/p4pa-u-itn-payhub-sec-rg/providers/microsoft.keyvault/vaults/p4pa-u-payhub-kv	p4pa-u-payhub-kv	p4pa-u-itn-payhub-sec-rg	microsoft.keyvault/vaults	italynorth	"{""CostCenter"":""TS310 - PAGAMENTI & SERVIZI"",""CreatedBy"":""Terraform"",""Environment"":""UAT"",""Owner"":""P4PA"",""SOPS"":""true"",""Source"":""https://github.com/pagopa/p4pa-infra""}"			High		HighAvailability		New	2026-07-27T18:42:07Z			Azure Key Vault API versions prior to 2026-02-01 are being retired		https://learn.microsoft.com/azure/key-vault/general/access-control-default?tabs=azure-cli			short	metadata_and_resource		"{""metadata_joined"":true,""recommendation_source"":""advisor_recommendations"",""resource_graph_joined"":true,""resource_graph_key"":[""7ff06874-39e9-41be-9552-fa1ae2a83c88"",""/subscriptions/1b06ce19-c192-49b3-8418-0f5bf013ea5f/resourcegroups/p4pa-u-itn-payhub-sec-rg/providers/microsoft.keyvault/vaults/p4pa-u-payhub-kv""]}"	
Kubernetes service	Azure Kubernetes Service support for Ubuntu 22.04	Migrate to Ubuntu 24.04 or later versions	00dbcc9d-50d4-44ef-bc21-c15785cddf42	2026-07-29	subscriptions	advisor_resource_retirement	advisor_joined	/subscriptions/1b06ce19-c192-49b3-8418-0f5bf013ea5f/resourcegroups/p4pa-u-itn-uat-aks-rg/providers/microsoft.containerservice/managedclusters/p4pa-u-itn-uat-aks/providers/Microsoft.Advisor/recommendations/31c1fd669f36a0dec8becff28b593eb73f0174c8533d983c5ed8cf01018c0d66	/subscriptions/1b06ce19-c192-49b3-8418-0f5bf013ea5f/resourcegroups/p4pa-u-itn-uat-aks-rg/providers/microsoft.containerservice/managedclusters/p4pa-u-itn-uat-aks/providers/Microsoft.Advisor/recommendations/31c1fd669f36a0dec8becff28b593eb73f0174c8533d983c5ed8cf01018c0d66	00dbcc9d-50d4-44ef-bc21-c15785cddf42	2027-06-30	exact	1b06ce19-c192-49b3-8418-0f5bf013ea5f	UAT-P4PA	/subscriptions/1b06ce19-c192-49b3-8418-0f5bf013ea5f/resourcegroups/p4pa-u-itn-uat-aks-rg/providers/microsoft.containerservice/managedclusters/p4pa-u-itn-uat-aks	p4pa-u-itn-uat-aks	p4pa-u-itn-uat-aks-rg	microsoft.containerservice/managedclusters	italynorth	"{""CostCenter"":""TS310 - PAGAMENTI & SERVIZI"",""CreatedBy"":""Terraform"",""Environment"":""UAT"",""Owner"":""P4PA"",""Source"":""https://github.com/pagopa/p4pa-infra"",""grafana"":""yes""}"			Medium		HighAvailability		New	2026-05-07T14:51:39Z			Migrate to Ubuntu 24.04 or later versions		https://azure.microsoft.com/updates/?id=557928			short	metadata_and_resource		"{""metadata_joined"":true,""recommendation_source"":""advisor_recommendations"",""resource_graph_joined"":true,""resource_graph_key"":[""00dbcc9d-50d4-44ef-bc21-c15785cddf42"",""/subscriptions/1b06ce19-c192-49b3-8418-0f5bf013ea5f/resourcegroups/p4pa-u-itn-uat-aks-rg/providers/microsoft.containerservice/managedclusters/p4pa-u-itn-uat-aks""]}"	
Kubernetes service	Legacy authentication for Container Insights - Azure Monitor	Migrate to Container insights managed identity authentication	b005ecf0-23e2-4279-9ca2-718d1518c9fb	2026-07-29	subscriptions	advisor_resource_retirement	advisor_joined	/subscriptions/1b06ce19-c192-49b3-8418-0f5bf013ea5f/resourcegroups/p4pa-u-itn-uat-aks-rg/providers/microsoft.containerservice/managedclusters/p4pa-u-itn-uat-aks/providers/Microsoft.Advisor/recommendations/b8fd7b48fa32961cca0903f3d8e52817c6090f8be8001e3b222b6a9a94b8d318	/subscriptions/1b06ce19-c192-49b3-8418-0f5bf013ea5f/resourcegroups/p4pa-u-itn-uat-aks-rg/providers/microsoft.containerservice/managedclusters/p4pa-u-itn-uat-aks/providers/Microsoft.Advisor/recommendations/b8fd7b48fa32961cca0903f3d8e52817c6090f8be8001e3b222b6a9a94b8d318	b005ecf0-23e2-4279-9ca2-718d1518c9fb	2026-09-30	exact	1b06ce19-c192-49b3-8418-0f5bf013ea5f	UAT-P4PA	/subscriptions/1b06ce19-c192-49b3-8418-0f5bf013ea5f/resourcegroups/p4pa-u-itn-uat-aks-rg/providers/microsoft.containerservice/managedclusters/p4pa-u-itn-uat-aks	p4pa-u-itn-uat-aks	p4pa-u-itn-uat-aks-rg	microsoft.containerservice/managedclusters	italynorth	"{""CostCenter"":""TS310 - PAGAMENTI & SERVIZI"",""CreatedBy"":""Terraform"",""Environment"":""UAT"",""Owner"":""P4PA"",""Source"":""https://github.com/pagopa/p4pa-infra"",""grafana"":""yes""}"			Medium		HighAvailability		New	2026-04-16T16:00:26Z			Migrate to Container insights managed identity authentication		https://azure.microsoft.com/updates/?id=500853			short	metadata_and_resource		"{""metadata_joined"":true,""recommendation_source"":""advisor_recommendations"",""resource_graph_joined"":true,""resource_graph_key"":[""b005ecf0-23e2-4279-9ca2-718d1518c9fb"",""/subscriptions/1b06ce19-c192-49b3-8418-0f5bf013ea5f/resourcegroups/p4pa-u-itn-uat-aks-rg/providers/microsoft.containerservice/managedclusters/p4pa-u-itn-uat-aks""]}"	
Key vault	API versions prior to 2026-02-01	Azure Key Vault API versions prior to 2026-02-01 are being retired	7ff06874-39e9-41be-9552-fa1ae2a83c88	2026-07-29	subscriptions	advisor_resource_retirement	advisor_joined	/subscriptions/1f1a5d38-ab5b-44af-b709-1d4085443abb/resourcegroups/p4pa-p-itn-payhub-sec-rg/providers/microsoft.keyvault/vaults/p4pa-p-payhub-kv/providers/Microsoft.Advisor/recommendations/5908c09fc91f5c3d9c7922277a3667608acaf6fa7d8c60237272975511ced39b	/subscriptions/1f1a5d38-ab5b-44af-b709-1d4085443abb/resourcegroups/p4pa-p-itn-payhub-sec-rg/providers/microsoft.keyvault/vaults/p4pa-p-payhub-kv/providers/Microsoft.Advisor/recommendations/5908c09fc91f5c3d9c7922277a3667608acaf6fa7d8c60237272975511ced39b	7ff06874-39e9-41be-9552-fa1ae2a83c88	2027-02-27	exact	1f1a5d38-ab5b-44af-b709-1d4085443abb	PROD-P4PA	/subscriptions/1f1a5d38-ab5b-44af-b709-1d4085443abb/resourcegroups/p4pa-p-itn-payhub-sec-rg/providers/microsoft.keyvault/vaults/p4pa-p-payhub-kv	p4pa-p-payhub-kv	p4pa-p-itn-payhub-sec-rg	microsoft.keyvault/vaults	italynorth	"{""CostCenter"":""TS310 - PAGAMENTI & SERVIZI"",""CreatedBy"":""Terraform"",""Environment"":""PROD"",""Owner"":""P4PA"",""SOPS"":""true"",""Source"":""https://github.com/pagopa/p4pa-infra""}"			High		HighAvailability		New	2026-07-27T18:41:49Z			Azure Key Vault API versions prior to 2026-02-01 are being retired		https://learn.microsoft.com/azure/key-vault/general/access-control-default?tabs=azure-cli			short	metadata_and_resource		"{""metadata_joined"":true,""recommendation_source"":""advisor_recommendations"",""resource_graph_joined"":true,""resource_graph_key"":[""7ff06874-39e9-41be-9552-fa1ae2a83c88"",""/subscriptions/1f1a5d38-ab5b-44af-b709-1d4085443abb/resourcegroups/p4pa-p-itn-payhub-sec-rg/providers/microsoft.keyvault/vaults/p4pa-p-payhub-kv""]}"	
Kubernetes service	Azure Kubernetes Service support for Ubuntu 22.04	Migrate to Ubuntu 24.04 or later versions	00dbcc9d-50d4-44ef-bc21-c15785cddf42	2026-07-29	subscriptions	advisor_resource_retirement	advisor_joined	/subscriptions/1f1a5d38-ab5b-44af-b709-1d4085443abb/resourcegroups/p4pa-p-itn-prod-aks-rg/providers/microsoft.containerservice/managedclusters/p4pa-p-itn-prod-aks/providers/Microsoft.Advisor/recommendations/8d13f30d743fece763a403afd739915ac6d20376a38a5f8c30ca71c53698d3b2	/subscriptions/1f1a5d38-ab5b-44af-b709-1d4085443abb/resourcegroups/p4pa-p-itn-prod-aks-rg/providers/microsoft.containerservice/managedclusters/p4pa-p-itn-prod-aks/providers/Microsoft.Advisor/recommendations/8d13f30d743fece763a403afd739915ac6d20376a38a5f8c30ca71c53698d3b2	00dbcc9d-50d4-44ef-bc21-c15785cddf42	2027-06-30	exact	1f1a5d38-ab5b-44af-b709-1d4085443abb	PROD-P4PA	/subscriptions/1f1a5d38-ab5b-44af-b709-1d4085443abb/resourcegroups/p4pa-p-itn-prod-aks-rg/providers/microsoft.containerservice/managedclusters/p4pa-p-itn-prod-aks	p4pa-p-itn-prod-aks	p4pa-p-itn-prod-aks-rg	microsoft.containerservice/managedclusters	italynorth	"{""CostCenter"":""TS310 - PAGAMENTI & SERVIZI"",""CreatedBy"":""Terraform"",""Environment"":""PROD"",""Owner"":""P4PA"",""Source"":""https://github.com/pagopa/p4pa-infra"",""grafana"":""yes""}"			Medium		HighAvailability		New	2026-05-07T15:05:09Z			Migrate to Ubuntu 24.04 or later versions		https://azure.microsoft.com/updates/?id=557928			short	metadata_and_resource		"{""metadata_joined"":true,""recommendation_source"":""advisor_recommendations"",""resource_graph_joined"":true,""resource_graph_key"":[""00dbcc9d-50d4-44ef-bc21-c15785cddf42"",""/subscriptions/1f1a5d38-ab5b-44af-b709-1d4085443abb/resourcegroups/p4pa-p-itn-prod-aks-rg/providers/microsoft.containerservice/managedclusters/p4pa-p-itn-prod-aks""]}"	
Kubernetes service	Legacy authentication for Container Insights - Azure Monitor	Migrate to Container insights managed identity authentication	b005ecf0-23e2-4279-9ca2-718d1518c9fb	2026-07-29	subscriptions	advisor_resource_retirement	advisor_joined	/subscriptions/1f1a5d38-ab5b-44af-b709-1d4085443abb/resourcegroups/p4pa-p-itn-prod-aks-rg/providers/microsoft.containerservice/managedclusters/p4pa-p-itn-prod-aks/providers/Microsoft.Advisor/recommendations/715f52598cf8768ca747ac2b78a67f3aa004d6842da155e3b60f0fef69978840	/subscriptions/1f1a5d38-ab5b-44af-b709-1d4085443abb/resourcegroups/p4pa-p-itn-prod-aks-rg/providers/microsoft.containerservice/managedclusters/p4pa-p-itn-prod-aks/providers/Microsoft.Advisor/recommendations/715f52598cf8768ca747ac2b78a67f3aa004d6842da155e3b60f0fef69978840	b005ecf0-23e2-4279-9ca2-718d1518c9fb	2026-09-30	exact	1f1a5d38-ab5b-44af-b709-1d4085443abb	PROD-P4PA	/subscriptions/1f1a5d38-ab5b-44af-b709-1d4085443abb/resourcegroups/p4pa-p-itn-prod-aks-rg/providers/microsoft.containerservice/managedclusters/p4pa-p-itn-prod-aks	p4pa-p-itn-prod-aks	p4pa-p-itn-prod-aks-rg	microsoft.containerservice/managedclusters	italynorth	"{""CostCenter"":""TS310 - PAGAMENTI & SERVIZI"",""CreatedBy"":""Terraform"",""Environment"":""PROD"",""Owner"":""P4PA"",""Source"":""https://github.com/pagopa/p4pa-infra"",""grafana"":""yes""}"			Medium		HighAvailability		New	2026-04-16T16:00:25Z			Migrate to Container insights managed identity authentication		https://azure.microsoft.com/updates/?id=500853			short	metadata_and_resource		"{""metadata_joined"":true,""recommendation_source"":""advisor_recommendations"",""resource_graph_joined"":true,""resource_graph_key"":[""b005ecf0-23e2-4279-9ca2-718d1518c9fb"",""/subscriptions/1f1a5d38-ab5b-44af-b709-1d4085443abb/resourcegroups/p4pa-p-itn-prod-aks-rg/providers/microsoft.containerservice/managedclusters/p4pa-p-itn-prod-aks""]}"	
Blueprint	Azure Blueprints	Retirement notice: migrate from Azure Blueprints by January 31, 2027	5de787df-6f37-4425-bf23-820b2126517b	2026-07-29	subscriptions	advisor_resource_retirement	advisor_joined	/subscriptions/1fa3dd86-a404-4a89-af1f-9350a2ac0894/providers/microsoft.blueprint/blueprints/security-musttohave/providers/Microsoft.Advisor/recommendations/3918ec7e1b2a61f87e0c12df6bffa7eee74d4d15d9056c1cd09825cd4fba507a	/subscriptions/1fa3dd86-a404-4a89-af1f-9350a2ac0894/providers/microsoft.blueprint/blueprints/security-musttohave/providers/Microsoft.Advisor/recommendations/3918ec7e1b2a61f87e0c12df6bffa7eee74d4d15d9056c1cd09825cd4fba507a		2027-01-31	exact	1fa3dd86-a404-4a89-af1f-9350a2ac0894	Common	/subscriptions/1fa3dd86-a404-4a89-af1f-9350a2ac0894/providers/microsoft.blueprint/blueprints/security-musttohave	security-musttohave		microsoft.blueprint/blueprints					Medium		OperationalExcellence			2026-06-30T14:30:00Z			Retirement notice: migrate from Azure Blueprints by January 31, 2027					short	recommendation_only	recommendation_without_metadata,subscription_scope	"{""metadata_joined"":false,""recommendation_source"":""advisor_recommendations"",""resource_graph_joined"":false,""resource_graph_key"":[""5de787df-6f37-4425-bf23-820b2126517b"",""/subscriptions/1fa3dd86-a404-4a89-af1f-9350a2ac0894/providers/microsoft.blueprint/blueprints/security-musttohave""]}"	
Blueprint	Azure Blueprints	Retirement notice: migrate from Azure Blueprints by January 31, 2027	5de787df-6f37-4425-bf23-820b2126517b	2026-07-29	subscriptions	advisor_resource_retirement	advisor_joined	/subscriptions/1fa3dd86-a404-4a89-af1f-9350a2ac0894/providers/microsoft.blueprint/blueprints/esempio_emiliano/providers/Microsoft.Advisor/recommendations/916beebfd3ca49ae24621fa4028dd709d80a71a5bad609058e44d88de9c63279	/subscriptions/1fa3dd86-a404-4a89-af1f-9350a2ac0894/providers/microsoft.blueprint/blueprints/esempio_emiliano/providers/Microsoft.Advisor/recommendations/916beebfd3ca49ae24621fa4028dd709d80a71a5bad609058e44d88de9c63279		2027-01-31	exact	1fa3dd86-a404-4a89-af1f-9350a2ac0894	Common	/subscriptions/1fa3dd86-a404-4a89-af1f-9350a2ac0894/providers/microsoft.blueprint/blueprints/esempio_emiliano	esempio_emiliano		microsoft.blueprint/blueprints					Medium		OperationalExcellence			2026-06-30T14:29:55Z			Retirement notice: migrate from Azure Blueprints by January 31, 2027					short	recommendation_only	recommendation_without_metadata,subscription_scope	"{""metadata_joined"":false,""recommendation_source"":""advisor_recommendations"",""resource_graph_joined"":false,""resource_graph_key"":[""5de787df-6f37-4425-bf23-820b2126517b"",""/subscriptions/1fa3dd86-a404-4a89-af1f-9350a2ac0894/providers/microsoft.blueprint/blueprints/esempio_emiliano""]}"	
Blueprint	Azure Blueprints	Retirement notice: migrate from Azure Blueprints by January 31, 2027	5de787df-6f37-4425-bf23-820b2126517b	2026-07-29	subscriptions	advisor_resource_retirement	advisor_joined	/subscriptions/1fa3dd86-a404-4a89-af1f-9350a2ac0894/providers/microsoft.blueprint/blueprints/security-musttohave/versions/v1/providers/Microsoft.Advisor/recommendations/800c922cfa15b29a654df3bfc250985f1fdc4da38bd8bdecc38a8d7cd9a95949	/subscriptions/1fa3dd86-a404-4a89-af1f-9350a2ac0894/providers/microsoft.blueprint/blueprints/security-musttohave/versions/v1/providers/Microsoft.Advisor/recommendations/800c922cfa15b29a654df3bfc250985f1fdc4da38bd8bdecc38a8d7cd9a95949		2027-01-31	exact	1fa3dd86-a404-4a89-af1f-9350a2ac0894	Common	/subscriptions/1fa3dd86-a404-4a89-af1f-9350a2ac0894/providers/microsoft.blueprint/blueprints/security-musttohave/versions/v1	v1		microsoft.blueprint/blueprints/versions					Medium		OperationalExcellence			2026-06-30T14:29:55Z			Retirement notice: migrate from Azure Blueprints by January 31, 2027					short	recommendation_only	recommendation_without_metadata,subscription_scope	"{""metadata_joined"":false,""recommendation_source"":""advisor_recommendations"",""resource_graph_joined"":false,""resource_graph_key"":[""5de787df-6f37-4425-bf23-820b2126517b"",""/subscriptions/1fa3dd86-a404-4a89-af1f-9350a2ac0894/providers/microsoft.blueprint/blueprints/security-musttohave/versions/v1""]}"	
Blueprint	Azure Blueprints	Retirement notice: migrate from Azure Blueprints by January 31, 2027	5de787df-6f37-4425-bf23-820b2126517b	2026-07-29	subscriptions	advisor_resource_retirement	advisor_joined	/subscriptions/1fa3dd86-a404-4a89-af1f-9350a2ac0894/providers/microsoft.blueprint/blueprints/security-musttohave/versions/v2/providers/Microsoft.Advisor/recommendations/037ad861eddd977dc30fcf34045adf6a9bdd8e31185291ae98198a89b74a7b88	/subscriptions/1fa3dd86-a404-4a89-af1f-9350a2ac0894/providers/microsoft.blueprint/blueprints/security-musttohave/versions/v2/providers/Microsoft.Advisor/recommendations/037ad861eddd977dc30fcf34045adf6a9bdd8e31185291ae98198a89b74a7b88		2027-01-31	exact	1fa3dd86-a404-4a89-af1f-9350a2ac0894	Common	/subscriptions/1fa3dd86-a404-4a89-af1f-9350a2ac0894/providers/microsoft.blueprint/blueprints/security-musttohave/versions/v2	v2		microsoft.blueprint/blueprints/versions					Medium		OperationalExcellence			2026-06-30T14:29:51Z			Retirement notice: migrate from Azure Blueprints by January 31, 2027					short	recommendation_only	recommendation_without_metadata,subscription_scope	"{""metadata_joined"":false,""recommendation_source"":""advisor_recommendations"",""resource_graph_joined"":false,""resource_graph_key"":[""5de787df-6f37-4425-bf23-820b2126517b"",""/subscriptions/1fa3dd86-a404-4a89-af1f-9350a2ac0894/providers/microsoft.blueprint/blueprints/security-musttohave/versions/v2""]}"	
Blueprint	Azure Blueprints	Retirement notice: migrate from Azure Blueprints by January 31, 2027	5de787df-6f37-4425-bf23-820b2126517b	2026-07-29	subscriptions	advisor_resource_retirement	advisor_joined	/subscriptions/1fa3dd86-a404-4a89-af1f-9350a2ac0894/providers/microsoft.blueprint/blueprints/prova-bp-sec/providers/Microsoft.Advisor/recommendations/bad5d729f3655bb0267f886577b3ecaacc73bd5f54c354cddc2d489dd6e5b46c	/subscriptions/1fa3dd86-a404-4a89-af1f-9350a2ac0894/providers/microsoft.blueprint/blueprints/prova-bp-sec/providers/Microsoft.Advisor/recommendations/bad5d729f3655bb0267f886577b3ecaacc73bd5f54c354cddc2d489dd6e5b46c		2027-01-31	exact	1fa3dd86-a404-4a89-af1f-9350a2ac0894	Common	/subscriptions/1fa3dd86-a404-4a89-af1f-9350a2ac0894/providers/microsoft.blueprint/blueprints/prova-bp-sec	prova-bp-sec		microsoft.blueprint/blueprints					Medium		OperationalExcellence			2026-06-30T14:30:00Z			Retirement notice: migrate from Azure Blueprints by January 31, 2027					short	recommendation_only	recommendation_without_metadata,subscription_scope	"{""metadata_joined"":false,""recommendation_source"":""advisor_recommendations"",""resource_graph_joined"":false,""resource_graph_key"":[""5de787df-6f37-4425-bf23-820b2126517b"",""/subscriptions/1fa3dd86-a404-4a89-af1f-9350a2ac0894/providers/microsoft.blueprint/blueprints/prova-bp-sec""]}"	
Blueprint	Azure Blueprints	Retirement notice: migrate from Azure Blueprints by January 31, 2027	5de787df-6f37-4425-bf23-820b2126517b	2026-07-29	subscriptions	advisor_resource_retirement	advisor_joined	/subscriptions/1fa3dd86-a404-4a89-af1f-9350a2ac0894/providers/microsoft.blueprint/blueprints/esempio_emiliano/versions/0.1/providers/Microsoft.Advisor/recommendations/a3bd01bbed9b40e357f0e8b54d58d3869a0591b2db005707c5d3e7b6da0f2047	/subscriptions/1fa3dd86-a404-4a89-af1f-9350a2ac0894/providers/microsoft.blueprint/blueprints/esempio_emiliano/versions/0.1/providers/Microsoft.Advisor/recommendations/a3bd01bbed9b40e357f0e8b54d58d3869a0591b2db005707c5d3e7b6da0f2047		2027-01-31	exact	1fa3dd86-a404-4a89-af1f-9350a2ac0894	Common	/subscriptions/1fa3dd86-a404-4a89-af1f-9350a2ac0894/providers/microsoft.blueprint/blueprints/esempio_emiliano/versions/0.1	0.1		microsoft.blueprint/blueprints/versions					Medium		OperationalExcellence			2026-06-30T14:35:49Z			Retirement notice: migrate from Azure Blueprints by January 31, 2027					short	recommendation_only	recommendation_without_metadata,subscription_scope	"{""metadata_joined"":false,""recommendation_source"":""advisor_recommendations"",""resource_graph_joined"":false,""resource_graph_key"":[""5de787df-6f37-4425-bf23-820b2126517b"",""/subscriptions/1fa3dd86-a404-4a89-af1f-9350a2ac0894/providers/microsoft.blueprint/blueprints/esempio_emiliano/versions/0.1""]}"	
Kubernetes service	Legacy authentication for Container Insights - Azure Monitor	Migrate to Container insights managed identity authentication	b005ecf0-23e2-4279-9ca2-718d1518c9fb	2026-07-29	subscriptions	advisor_resource_retirement	advisor_joined	/subscriptions/26abc801-0d8f-4a6e-ac5f-8e81bcc09112/resourcegroups/pagopa-u-weu-uat-aks-rg/providers/microsoft.containerservice/managedclusters/pagopa-u-weu-uat-aks/providers/Microsoft.Advisor/recommendations/a2110020615fca7103ce850863724b7dd24787738efcab9cc7799427a34668d6	/subscriptions/26abc801-0d8f-4a6e-ac5f-8e81bcc09112/resourcegroups/pagopa-u-weu-uat-aks-rg/providers/microsoft.containerservice/managedclusters/pagopa-u-weu-uat-aks/providers/Microsoft.Advisor/recommendations/a2110020615fca7103ce850863724b7dd24787738efcab9cc7799427a34668d6	b005ecf0-23e2-4279-9ca2-718d1518c9fb	2026-09-30	exact	26abc801-0d8f-4a6e-ac5f-8e81bcc09112	UAT-pagoPA	/subscriptions/26abc801-0d8f-4a6e-ac5f-8e81bcc09112/resourcegroups/pagopa-u-weu-uat-aks-rg/providers/microsoft.containerservice/managedclusters/pagopa-u-weu-uat-aks	pagopa-u-weu-uat-aks	pagopa-u-weu-uat-aks-rg	microsoft.containerservice/managedclusters	westeurope	"{""CostCenter"":""TS310 - PAGAMENTI & SERVIZI"",""CreatedBy"":""Terraform"",""Environment"":""Uat"",""Folder"":""aks-platform"",""Owner"":""pagoPA"",""Source"":""https://github.com/pagopa/pagopa-infra/tree/main/src/aks-platform"",""domain"":""core""}"			Medium		HighAvailability		New	2026-04-16T16:00:30Z			Migrate to Container insights managed identity authentication		https://azure.microsoft.com/updates/?id=500853			short	metadata_and_resource		"{""metadata_joined"":true,""recommendation_source"":""advisor_recommendations"",""resource_graph_joined"":true,""resource_graph_key"":[""b005ecf0-23e2-4279-9ca2-718d1518c9fb"",""/subscriptions/26abc801-0d8f-4a6e-ac5f-8e81bcc09112/resourcegroups/pagopa-u-weu-uat-aks-rg/providers/microsoft.containerservice/managedclusters/pagopa-u-weu-uat-aks""]}"	
Key vault	API versions prior to 2026-02-01	Azure Key Vault API versions prior to 2026-02-01 are being retired	7ff06874-39e9-41be-9552-fa1ae2a83c88	2026-07-29	subscriptions	advisor_resource_retirement	advisor_joined	/subscriptions/26abc801-0d8f-4a6e-ac5f-8e81bcc09112/resourcegroups/pagopa-u-bizevents-sec-rg/providers/microsoft.keyvault/vaults/pagopa-u-bizevents-kv/providers/Microsoft.Advisor/recommendations/07456da83e4995e3c9e7a94d0289b457236125629904a4fb0b9064aead17bd30	/subscriptions/26abc801-0d8f-4a6e-ac5f-8e81bcc09112/resourcegroups/pagopa-u-bizevents-sec-rg/providers/microsoft.keyvault/vaults/pagopa-u-bizevents-kv/providers/Microsoft.Advisor/recommendations/07456da83e4995e3c9e7a94d0289b457236125629904a4fb0b9064aead17bd30	7ff06874-39e9-41be-9552-fa1ae2a83c88	2027-02-27	exact	26abc801-0d8f-4a6e-ac5f-8e81bcc09112	UAT-pagoPA	/subscriptions/26abc801-0d8f-4a6e-ac5f-8e81bcc09112/resourcegroups/pagopa-u-bizevents-sec-rg/providers/microsoft.keyvault/vaults/pagopa-u-bizevents-kv	pagopa-u-bizevents-kv	pagopa-u-bizevents-sec-rg	microsoft.keyvault/vaults	westeurope	"{""CostCenter"":""TS310 - PAGAMENTI & SERVIZI"",""CreatedBy"":""Terraform"",""Environment"":""Uat"",""Folder"":""domains/bizevents-common"",""Owner"":""pagoPA"",""Source"":""https://github.com/pagopa/pagopa-infra/tree/main/src/domains/bizevents-common"",""domain"":""bizevents""}"			High		HighAvailability		New	2026-07-23T14:20:05Z			Azure Key Vault API versions prior to 2026-02-01 are being retired		https://learn.microsoft.com/azure/key-vault/general/access-control-default?tabs=azure-cli			short	metadata_and_resource		"{""metadata_joined"":true,""recommendation_source"":""advisor_recommendations"",""resource_graph_joined"":true,""resource_graph_key"":[""7ff06874-39e9-41be-9552-fa1ae2a83c88"",""/subscriptions/26abc801-0d8f-4a6e-ac5f-8e81bcc09112/resourcegroups/pagopa-u-bizevents-sec-rg/providers/microsoft.keyvault/vaults/pagopa-u-bizevents-kv""]}"	
Key vault	API versions prior to 2026-02-01	Azure Key Vault API versions prior to 2026-02-01 are being retired	7ff06874-39e9-41be-9552-fa1ae2a83c88	2026-07-29	subscriptions	advisor_resource_retirement	advisor_joined	/subscriptions/26abc801-0d8f-4a6e-ac5f-8e81bcc09112/resourcegroups/pagopa-u-fdr-sec-rg/providers/microsoft.keyvault/vaults/pagopa-u-fdr-kv/providers/Microsoft.Advisor/recommendations/156a75f174f174ec45970cda07e51b38541bd0776933ecceffd87956eb92f3a2	/subscriptions/26abc801-0d8f-4a6e-ac5f-8e81bcc09112/resourcegroups/pagopa-u-fdr-sec-rg/providers/microsoft.keyvault/vaults/pagopa-u-fdr-kv/providers/Microsoft.Advisor/recommendations/156a75f174f174ec45970cda07e51b38541bd0776933ecceffd87956eb92f3a2	7ff06874-39e9-41be-9552-fa1ae2a83c88	2027-02-27	exact	26abc801-0d8f-4a6e-ac5f-8e81bcc09112	UAT-pagoPA	/subscriptions/26abc801-0d8f-4a6e-ac5f-8e81bcc09112/resourcegroups/pagopa-u-fdr-sec-rg/providers/microsoft.keyvault/vaults/pagopa-u-fdr-kv	pagopa-u-fdr-kv	pagopa-u-fdr-sec-rg	microsoft.keyvault/vaults	westeurope	"{""CostCenter"":""TS310 - PAGAMENTI & SERVIZI"",""CreatedBy"":""Terraform"",""Environment"":""Uat"",""Folder"":""domains/fdr-secret"",""Owner"":""pagoPA"",""Source"":""https://github.com/pagopa/pagopa-infra/tree/main/src/domains/fdr-secret"",""domain"":""fdr""}"			High		HighAvailability		New	2026-07-22T12:38:08Z			Azure Key Vault API versions prior to 2026-02-01 are being retired		https://learn.microsoft.com/azure/key-vault/general/access-control-default?tabs=azure-cli			short	metadata_and_resource		"{""metadata_joined"":true,""recommendation_source"":""advisor_recommendations"",""resource_graph_joined"":true,""resource_graph_key"":[""7ff06874-39e9-41be-9552-fa1ae2a83c88"",""/subscriptions/26abc801-0d8f-4a6e-ac5f-8e81bcc09112/resourcegroups/pagopa-u-fdr-sec-rg/providers/microsoft.keyvault/vaults/pagopa-u-fdr-kv""]}"	
Key vault	API versions prior to 2026-02-01	Azure Key Vault API versions prior to 2026-02-01 are being retired	7ff06874-39e9-41be-9552-fa1ae2a83c88	2026-07-29	subscriptions	advisor_resource_retirement	advisor_joined	/subscriptions/26abc801-0d8f-4a6e-ac5f-8e81bcc09112/resourcegroups/pagopa-u-qi-sec-rg/providers/microsoft.keyvault/vaults/pagopa-u-qi-kv/providers/Microsoft.Advisor/recommendations/d355109c8948e2f077315e3b076b6a03e96c2d6101552727b3f874e03f98419f	/subscriptions/26abc801-0d8f-4a6e-ac5f-8e81bcc09112/resourcegroups/pagopa-u-qi-sec-rg/providers/microsoft.keyvault/vaults/pagopa-u-qi-kv/providers/Microsoft.Advisor/recommendations/d355109c8948e2f077315e3b076b6a03e96c2d6101552727b3f874e03f98419f	7ff06874-39e9-41be-9552-fa1ae2a83c88	2027-02-27	exact	26abc801-0d8f-4a6e-ac5f-8e81bcc09112	UAT-pagoPA	/subscriptions/26abc801-0d8f-4a6e-ac5f-8e81bcc09112/resourcegroups/pagopa-u-qi-sec-rg/providers/microsoft.keyvault/vaults/pagopa-u-qi-kv	pagopa-u-qi-kv	pagopa-u-qi-sec-rg	microsoft.keyvault/vaults	westeurope	"{""CostCenter"":""TS310 - PAGAMENTI & SERVIZI"",""CreatedBy"":""Terraform"",""Environment"":""Uat"",""Folder"":""domains/qi-common"",""Owner"":""pagoPA"",""Source"":""https://github.com/pagopa/pagopa-infra/tree/main/src/domains/qi-common"",""domain"":""qi""}"			High		HighAvailability		New	2026-07-24T18:36:08Z			Azure Key Vault API versions prior to 2026-02-01 are being retired		https://learn.microsoft.com/azure/key-vault/general/access-control-default?tabs=azure-cli			short	metadata_and_resource		"{""metadata_joined"":true,""recommendation_source"":""advisor_recommendations"",""resource_graph_joined"":true,""resource_graph_key"":[""7ff06874-39e9-41be-9552-fa1ae2a83c88"",""/subscriptions/26abc801-0d8f-4a6e-ac5f-8e81bcc09112/resourcegroups/pagopa-u-qi-sec-rg/providers/microsoft.keyvault/vaults/pagopa-u-qi-kv""]}"	
Key vault	API versions prior to 2026-02-01	Azure Key Vault API versions prior to 2026-02-01 are being retired	7ff06874-39e9-41be-9552-fa1ae2a83c88	2026-07-29	subscriptions	advisor_resource_retirement	advisor_joined	/subscriptions/26abc801-0d8f-4a6e-ac5f-8e81bcc09112/resourcegroups/pagopa-u-apiconfig-sec-rg/providers/microsoft.keyvault/vaults/pagopa-u-apiconfig-kv/providers/Microsoft.Advisor/recommendations/a78a48a44dff242e229da1fea5a327659eef97bd1ad139b3571c292aca73292b	/subscriptions/26abc801-0d8f-4a6e-ac5f-8e81bcc09112/resourcegroups/pagopa-u-apiconfig-sec-rg/providers/microsoft.keyvault/vaults/pagopa-u-apiconfig-kv/providers/Microsoft.Advisor/recommendations/a78a48a44dff242e229da1fea5a327659eef97bd1ad139b3571c292aca73292b	7ff06874-39e9-41be-9552-fa1ae2a83c88	2027-02-27	exact	26abc801-0d8f-4a6e-ac5f-8e81bcc09112	UAT-pagoPA	/subscriptions/26abc801-0d8f-4a6e-ac5f-8e81bcc09112/resourcegroups/pagopa-u-apiconfig-sec-rg/providers/microsoft.keyvault/vaults/pagopa-u-apiconfig-kv	pagopa-u-apiconfig-kv	pagopa-u-apiconfig-sec-rg	microsoft.keyvault/vaults	westeurope	"{""CostCenter"":""TS310 - PAGAMENTI & SERVIZI"",""CreatedBy"":""Terraform"",""Environment"":""Uat"",""Folder"":""domains/apiconfig-secret"",""Owner"":""pagoPA"",""Source"":""https://github.com/pagopa/pagopa-infra/tree/main/src/domains/apiconfig-secret"",""domain"":""apiconfig""}"			High		HighAvailability		New	2026-07-27T18:42:38Z			Azure Key Vault API versions prior to 2026-02-01 are being retired		https://learn.microsoft.com/azure/key-vault/general/access-control-default?tabs=azure-cli			short	metadata_and_resource		"{""metadata_joined"":true,""recommendation_source"":""advisor_recommendations"",""resource_graph_joined"":true,""resource_graph_key"":[""7ff06874-39e9-41be-9552-fa1ae2a83c88"",""/subscriptions/26abc801-0d8f-4a6e-ac5f-8e81bcc09112/resourcegroups/pagopa-u-apiconfig-sec-rg/providers/microsoft.keyvault/vaults/pagopa-u-apiconfig-kv""]}"	
Key vault	API versions prior to 2026-02-01	Azure Key Vault API versions prior to 2026-02-01 are being retired	7ff06874-39e9-41be-9552-fa1ae2a83c88	2026-07-29	subscriptions	advisor_resource_retirement	advisor_joined	/subscriptions/26abc801-0d8f-4a6e-ac5f-8e81bcc09112/resourcegroups/pagopa-u-gps-sec-rg/providers/microsoft.keyvault/vaults/pagopa-u-gps-kv/providers/Microsoft.Advisor/recommendations/1b688f7065b36d4642e5dafe4a6a8a4424c92374768883c19a627b50ebfd42ed	/subscriptions/26abc801-0d8f-4a6e-ac5f-8e81bcc09112/resourcegroups/pagopa-u-gps-sec-rg/providers/microsoft.keyvault/vaults/pagopa-u-gps-kv/providers/Microsoft.Advisor/recommendations/1b688f7065b36d4642e5dafe4a6a8a4424c92374768883c19a627b50ebfd42ed	7ff06874-39e9-41be-9552-fa1ae2a83c88	2027-02-27	exact	26abc801-0d8f-4a6e-ac5f-8e81bcc09112	UAT-pagoPA	/subscriptions/26abc801-0d8f-4a6e-ac5f-8e81bcc09112/resourcegroups/pagopa-u-gps-sec-rg/providers/microsoft.keyvault/vaults/pagopa-u-gps-kv	pagopa-u-gps-kv	pagopa-u-gps-sec-rg	microsoft.keyvault/vaults	westeurope	"{""CostCenter"":""TS310 - PAGAMENTI & SERVIZI"",""CreatedBy"":""Terraform"",""Environment"":""Uat"",""Folder"":""domains/gps-common"",""Owner"":""pagoPA"",""Source"":""https://github.com/pagopa/pagopa-infra/tree/main/src/domains/gps-common"",""domain"":""gps""}"			High		HighAvailability		New	2026-07-23T11:57:10Z			Azure Key Vault API versions prior to 2026-02-01 are being retired		https://learn.microsoft.com/azure/key-vault/general/access-control-default?tabs=azure-cli			short	metadata_and_resource		"{""metadata_joined"":true,""recommendation_source"":""advisor_recommendations"",""resource_graph_joined"":true,""resource_graph_key"":[""7ff06874-39e9-41be-9552-fa1ae2a83c88"",""/subscriptions/26abc801-0d8f-4a6e-ac5f-8e81bcc09112/resourcegroups/pagopa-u-gps-sec-rg/providers/microsoft.keyvault/vaults/pagopa-u-gps-kv""]}"	
Key vault	API versions prior to 2026-02-01	Azure Key Vault API versions prior to 2026-02-01 are being retired	7ff06874-39e9-41be-9552-fa1ae2a83c88	2026-07-29	subscriptions	advisor_resource_retirement	advisor_joined	/subscriptions/26abc801-0d8f-4a6e-ac5f-8e81bcc09112/resourcegroups/pagopa-u-pay-wallet-sec-rg/providers/microsoft.keyvault/vaults/pagopa-u-pay-wallet-kv/providers/Microsoft.Advisor/recommendations/a8b6305f1793dee0d3e19bec3ac786986d66c958d17c20dffafbfe98a05593aa	/subscriptions/26abc801-0d8f-4a6e-ac5f-8e81bcc09112/resourcegroups/pagopa-u-pay-wallet-sec-rg/providers/microsoft.keyvault/vaults/pagopa-u-pay-wallet-kv/providers/Microsoft.Advisor/recommendations/a8b6305f1793dee0d3e19bec3ac786986d66c958d17c20dffafbfe98a05593aa	7ff06874-39e9-41be-9552-fa1ae2a83c88	2027-02-27	exact	26abc801-0d8f-4a6e-ac5f-8e81bcc09112	UAT-pagoPA	/subscriptions/26abc801-0d8f-4a6e-ac5f-8e81bcc09112/resourcegroups/pagopa-u-pay-wallet-sec-rg/providers/microsoft.keyvault/vaults/pagopa-u-pay-wallet-kv	pagopa-u-pay-wallet-kv	pagopa-u-pay-wallet-sec-rg	microsoft.keyvault/vaults	italynorth	"{""CostCenter"":""TS310 - PAGAMENTI & SERVIZI"",""CreatedBy"":""Terraform"",""Environment"":""Uat"",""Folder"":""domains/pay-wallet-common"",""Owner"":""pagoPA"",""Source"":""https://github.com/pagopa/pagopa-infra/tree/main/src/domains/pay-wallet-common"",""domain"":""paywallet""}"			High		HighAvailability		New	2026-07-24T18:36:31Z			Azure Key Vault API versions prior to 2026-02-01 are being retired		https://learn.microsoft.com/azure/key-vault/general/access-control-default?tabs=azure-cli			short	metadata_and_resource		"{""metadata_joined"":true,""recommendation_source"":""advisor_recommendations"",""resource_graph_joined"":true,""resource_graph_key"":[""7ff06874-39e9-41be-9552-fa1ae2a83c88"",""/subscriptions/26abc801-0d8f-4a6e-ac5f-8e81bcc09112/resourcegroups/pagopa-u-pay-wallet-sec-rg/providers/microsoft.keyvault/vaults/pagopa-u-pay-wallet-kv""]}"	
Key vault	API versions prior to 2026-02-01	Azure Key Vault API versions prior to 2026-02-01 are being retired	7ff06874-39e9-41be-9552-fa1ae2a83c88	2026-07-29	subscriptions	advisor_resource_retirement	advisor_joined	/subscriptions/26abc801-0d8f-4a6e-ac5f-8e81bcc09112/resourcegroups/pagopa-u-checkout-sec-rg/providers/microsoft.keyvault/vaults/pagopa-u-checkout-kv/providers/Microsoft.Advisor/recommendations/8e06213ef7a33123e01cf45b5747fdd51afbf25f73d3d087191edb1b7c0f5f5d	/subscriptions/26abc801-0d8f-4a6e-ac5f-8e81bcc09112/resourcegroups/pagopa-u-checkout-sec-rg/providers/microsoft.keyvault/vaults/pagopa-u-checkout-kv/providers/Microsoft.Advisor/recommendations/8e06213ef7a33123e01cf45b5747fdd51afbf25f73d3d087191edb1b7c0f5f5d	7ff06874-39e9-41be-9552-fa1ae2a83c88	2027-02-27	exact	26abc801-0d8f-4a6e-ac5f-8e81bcc09112	UAT-pagoPA	/subscriptions/26abc801-0d8f-4a6e-ac5f-8e81bcc09112/resourcegroups/pagopa-u-checkout-sec-rg/providers/microsoft.keyvault/vaults/pagopa-u-checkout-kv	pagopa-u-checkout-kv	pagopa-u-checkout-sec-rg	microsoft.keyvault/vaults	westeurope	"{""CostCenter"":""TS310 - PAGAMENTI & SERVIZI"",""CreatedBy"":""Terraform"",""Environment"":""Uat"",""Folder"":""domains/checkout-common"",""Owner"":""pagoPA"",""Source"":""https://github.com/pagopa/pagopa-infra/tree/main/src/domains/checkout-common"",""domain"":""checkout""}"			High		HighAvailability		New	2026-07-24T18:36:46Z			Azure Key Vault API versions prior to 2026-02-01 are being retired		https://learn.microsoft.com/azure/key-vault/general/access-control-default?tabs=azure-cli			short	metadata_and_resource		"{""metadata_joined"":true,""recommendation_source"":""advisor_recommendations"",""resource_graph_joined"":true,""resource_graph_key"":[""7ff06874-39e9-41be-9552-fa1ae2a83c88"",""/subscriptions/26abc801-0d8f-4a6e-ac5f-8e81bcc09112/resourcegroups/pagopa-u-checkout-sec-rg/providers/microsoft.keyvault/vaults/pagopa-u-checkout-kv""]}"	
Key vault	API versions prior to 2026-02-01	Azure Key Vault API versions prior to 2026-02-01 are being retired	7ff06874-39e9-41be-9552-fa1ae2a83c88	2026-07-29	subscriptions	advisor_resource_retirement	advisor_joined	/subscriptions/26abc801-0d8f-4a6e-ac5f-8e81bcc09112/resourcegroups/pagopa-u-selfcare-sec-rg/providers/microsoft.keyvault/vaults/pagopa-u-selfcare-kv/providers/Microsoft.Advisor/recommendations/7e108495590cb164cbb6553f513fc341e5b41637b1d547035e5f3f4fc20f7050	/subscriptions/26abc801-0d8f-4a6e-ac5f-8e81bcc09112/resourcegroups/pagopa-u-selfcare-sec-rg/providers/microsoft.keyvault/vaults/pagopa-u-selfcare-kv/providers/Microsoft.Advisor/recommendations/7e108495590cb164cbb6553f513fc341e5b41637b1d547035e5f3f4fc20f7050	7ff06874-39e9-41be-9552-fa1ae2a83c88	2027-02-27	exact	26abc801-0d8f-4a6e-ac5f-8e81bcc09112	UAT-pagoPA	/subscriptions/26abc801-0d8f-4a6e-ac5f-8e81bcc09112/resourcegroups/pagopa-u-selfcare-sec-rg/providers/microsoft.keyvault/vaults/pagopa-u-selfcare-kv	pagopa-u-selfcare-kv	pagopa-u-selfcare-sec-rg	microsoft.keyvault/vaults	westeurope	"{""CostCenter"":""TS310 - PAGAMENTI & SERVIZI"",""CreatedBy"":""Terraform"",""Environment"":""Uat"",""Folder"":""domains/selfcare-secret"",""Owner"":""pagoPA"",""Source"":""https://github.com/pagopa/pagopa-infra/tree/main/src/domains/selfcare-secret"",""domain"":""selfcare""}"			High		HighAvailability		New	2026-07-27T18:42:31Z			Azure Key Vault API versions prior to 2026-02-01 are being retired		https://learn.microsoft.com/azure/key-vault/general/access-control-default?tabs=azure-cli			short	metadata_and_resource		"{""metadata_joined"":true,""recommendation_source"":""advisor_recommendations"",""resource_graph_joined"":true,""resource_graph_key"":[""7ff06874-39e9-41be-9552-fa1ae2a83c88"",""/subscriptions/26abc801-0d8f-4a6e-ac5f-8e81bcc09112/resourcegroups/pagopa-u-selfcare-sec-rg/providers/microsoft.keyvault/vaults/pagopa-u-selfcare-kv""]}"	
Key vault	API versions prior to 2026-02-01	Azure Key Vault API versions prior to 2026-02-01 are being retired	7ff06874-39e9-41be-9552-fa1ae2a83c88	2026-07-29	subscriptions	advisor_resource_retirement	advisor_joined	/subscriptions/26abc801-0d8f-4a6e-ac5f-8e81bcc09112/resourcegroups/pagopa-u-ecommerce-sec-rg/providers/microsoft.keyvault/vaults/pagopa-u-ecommerce-kv/providers/Microsoft.Advisor/recommendations/126d97b9cec5a94c718aeae43b3efb609edbb6330dd777fd4ae30e9a20a01c2d	/subscriptions/26abc801-0d8f-4a6e-ac5f-8e81bcc09112/resourcegroups/pagopa-u-ecommerce-sec-rg/providers/microsoft.keyvault/vaults/pagopa-u-ecommerce-kv/providers/Microsoft.Advisor/recommendations/126d97b9cec5a94c718aeae43b3efb609edbb6330dd777fd4ae30e9a20a01c2d	7ff06874-39e9-41be-9552-fa1ae2a83c88	2027-02-27	exact	26abc801-0d8f-4a6e-ac5f-8e81bcc09112	UAT-pagoPA	/subscriptions/26abc801-0d8f-4a6e-ac5f-8e81bcc09112/resourcegroups/pagopa-u-ecommerce-sec-rg/providers/microsoft.keyvault/vaults/pagopa-u-ecommerce-kv	pagopa-u-ecommerce-kv	pagopa-u-ecommerce-sec-rg	microsoft.keyvault/vaults	westeurope	"{""CostCenter"":""TS310 - PAGAMENTI & SERVIZI"",""CreatedBy"":""Terraform"",""Environment"":""Uat"",""Folder"":""domains/ecommerce-common"",""Owner"":""pagoPA"",""Source"":""https://github.com/pagopa/pagopa-infra/tree/main/src/domains/ecommerce-common"",""domain"":""ecommerce""}"			High		HighAvailability		New	2026-07-28T21:58:01Z			Azure Key Vault API versions prior to 2026-02-01 are being retired		https://learn.microsoft.com/azure/key-vault/general/access-control-default?tabs=azure-cli			short	metadata_and_resource		"{""metadata_joined"":true,""recommendation_source"":""advisor_recommendations"",""resource_graph_joined"":true,""resource_graph_key"":[""7ff06874-39e9-41be-9552-fa1ae2a83c88"",""/subscriptions/26abc801-0d8f-4a6e-ac5f-8e81bcc09112/resourcegroups/pagopa-u-ecommerce-sec-rg/providers/microsoft.keyvault/vaults/pagopa-u-ecommerce-kv""]}"	
Key vault	API versions prior to 2026-02-01	Azure Key Vault API versions prior to 2026-02-01 are being retired	7ff06874-39e9-41be-9552-fa1ae2a83c88	2026-07-29	subscriptions	advisor_resource_retirement	advisor_joined	/subscriptions/26abc801-0d8f-4a6e-ac5f-8e81bcc09112/resourcegroups/pagopa-u-receipts-sec-rg/providers/microsoft.keyvault/vaults/pagopa-u-receipts-kv/providers/Microsoft.Advisor/recommendations/1e821817faa077ae0de34f774d7b6822f3e96f92b6e3a30af829c562db41cd0e	/subscriptions/26abc801-0d8f-4a6e-ac5f-8e81bcc09112/resourcegroups/pagopa-u-receipts-sec-rg/providers/microsoft.keyvault/vaults/pagopa-u-receipts-kv/providers/Microsoft.Advisor/recommendations/1e821817faa077ae0de34f774d7b6822f3e96f92b6e3a30af829c562db41cd0e	7ff06874-39e9-41be-9552-fa1ae2a83c88	2027-02-27	exact	26abc801-0d8f-4a6e-ac5f-8e81bcc09112	UAT-pagoPA	/subscriptions/26abc801-0d8f-4a6e-ac5f-8e81bcc09112/resourcegroups/pagopa-u-receipts-sec-rg/providers/microsoft.keyvault/vaults/pagopa-u-receipts-kv	pagopa-u-receipts-kv	pagopa-u-receipts-sec-rg	microsoft.keyvault/vaults	westeurope	"{""CostCenter"":""TS310 - PAGAMENTI & SERVIZI"",""CreatedBy"":""Terraform"",""Environment"":""Uat"",""Folder"":""domains/receipts-secrets"",""Owner"":""pagoPA"",""Source"":""https://github.com/pagopa/pagopa-infra/tree/main/src/domains/receipts-secrets"",""domain"":""receipts""}"			High		HighAvailability		New	2026-07-24T18:35:32Z			Azure Key Vault API versions prior to 2026-02-01 are being retired		https://learn.microsoft.com/azure/key-vault/general/access-control-default?tabs=azure-cli			short	metadata_and_resource		"{""metadata_joined"":true,""recommendation_source"":""advisor_recommendations"",""resource_graph_joined"":true,""resource_graph_key"":[""7ff06874-39e9-41be-9552-fa1ae2a83c88"",""/subscriptions/26abc801-0d8f-4a6e-ac5f-8e81bcc09112/resourcegroups/pagopa-u-receipts-sec-rg/providers/microsoft.keyvault/vaults/pagopa-u-receipts-kv""]}"	
Key vault	API versions prior to 2026-02-01	Azure Key Vault API versions prior to 2026-02-01 are being retired	7ff06874-39e9-41be-9552-fa1ae2a83c88	2026-07-29	subscriptions	advisor_resource_retirement	advisor_joined	/subscriptions/26abc801-0d8f-4a6e-ac5f-8e81bcc09112/resourcegroups/pagopa-u-itn-printit-sec-rg/providers/microsoft.keyvault/vaults/pagopa-u-itn-printit-kv/providers/Microsoft.Advisor/recommendations/85015c876e99bd29c2ac0d3f951e8770252f8db7dec80663cf0d8fa4b9539506	/subscriptions/26abc801-0d8f-4a6e-ac5f-8e81bcc09112/resourcegroups/pagopa-u-itn-printit-sec-rg/providers/microsoft.keyvault/vaults/pagopa-u-itn-printit-kv/providers/Microsoft.Advisor/recommendations/85015c876e99bd29c2ac0d3f951e8770252f8db7dec80663cf0d8fa4b9539506	7ff06874-39e9-41be-9552-fa1ae2a83c88	2027-02-27	exact	26abc801-0d8f-4a6e-ac5f-8e81bcc09112	UAT-pagoPA	/subscriptions/26abc801-0d8f-4a6e-ac5f-8e81bcc09112/resourcegroups/pagopa-u-itn-printit-sec-rg/providers/microsoft.keyvault/vaults/pagopa-u-itn-printit-kv	pagopa-u-itn-printit-kv	pagopa-u-itn-printit-sec-rg	microsoft.keyvault/vaults	italynorth	"{""CostCenter"":""TS310 - PAGAMENTI & SERVIZI"",""CreatedBy"":""Terraform"",""Environment"":""Uat"",""Folder"":""domains/printit-secrets"",""Owner"":""pagoPA"",""Source"":""https://github.com/pagopa/pagopa-infra/tree/main/src/domains/printit-secrets"",""domain"":""printit""}"			High		HighAvailability		New	2026-07-27T18:42:38Z			Azure Key Vault API versions prior to 2026-02-01 are being retired		https://learn.microsoft.com/azure/key-vault/general/access-control-default?tabs=azure-cli			short	metadata_and_resource		"{""metadata_joined"":true,""recommendation_source"":""advisor_recommendations"",""resource_graph_joined"":true,""resource_graph_key"":[""7ff06874-39e9-41be-9552-fa1ae2a83c88"",""/subscriptions/26abc801-0d8f-4a6e-ac5f-8e81bcc09112/resourcegroups/pagopa-u-itn-printit-sec-rg/providers/microsoft.keyvault/vaults/pagopa-u-itn-printit-kv""]}"	
Key vault	API versions prior to 2026-02-01	Azure Key Vault API versions prior to 2026-02-01 are being retired	7ff06874-39e9-41be-9552-fa1ae2a83c88	2026-07-29	subscriptions	advisor_resource_retirement	advisor_joined	/subscriptions/26abc801-0d8f-4a6e-ac5f-8e81bcc09112/resourcegroups/pagopa-u-afm-sec-rg/providers/microsoft.keyvault/vaults/pagopa-u-afm-kv/providers/Microsoft.Advisor/recommendations/e8fae8747d832af0d18dc67be07b36eb4c9f3a026f9ebd5ad5e4abd292bb006b	/subscriptions/26abc801-0d8f-4a6e-ac5f-8e81bcc09112/resourcegroups/pagopa-u-afm-sec-rg/providers/microsoft.keyvault/vaults/pagopa-u-afm-kv/providers/Microsoft.Advisor/recommendations/e8fae8747d832af0d18dc67be07b36eb4c9f3a026f9ebd5ad5e4abd292bb006b	7ff06874-39e9-41be-9552-fa1ae2a83c88	2027-02-27	exact	26abc801-0d8f-4a6e-ac5f-8e81bcc09112	UAT-pagoPA	/subscriptions/26abc801-0d8f-4a6e-ac5f-8e81bcc09112/resourcegroups/pagopa-u-afm-sec-rg/providers/microsoft.keyvault/vaults/pagopa-u-afm-kv	pagopa-u-afm-kv	pagopa-u-afm-sec-rg	microsoft.keyvault/vaults	westeurope	"{""CostCenter"":""TS310 - PAGAMENTI & SERVIZI"",""CreatedBy"":""Terraform"",""Environment"":""Uat"",""Owner"":""pagopa"",""Source"":""https://github.com/pagopa/pagopa-infra/tree/main/src/afm""}"			High		HighAvailability		New	2026-07-27T18:41:48Z			Azure Key Vault API versions prior to 2026-02-01 are being retired		https://learn.microsoft.com/azure/key-vault/general/access-control-default?tabs=azure-cli			short	metadata_and_resource		"{""metadata_joined"":true,""recommendation_source"":""advisor_recommendations"",""resource_graph_joined"":true,""resource_graph_key"":[""7ff06874-39e9-41be-9552-fa1ae2a83c88"",""/subscriptions/26abc801-0d8f-4a6e-ac5f-8e81bcc09112/resourcegroups/pagopa-u-afm-sec-rg/providers/microsoft.keyvault/vaults/pagopa-u-afm-kv""]}"	
Key vault	API versions prior to 2026-02-01	Azure Key Vault API versions prior to 2026-02-01 are being retired	7ff06874-39e9-41be-9552-fa1ae2a83c88	2026-07-29	subscriptions	advisor_resource_retirement	advisor_joined	/subscriptions/26abc801-0d8f-4a6e-ac5f-8e81bcc09112/resourcegroups/pagopa-u-sec-rg/providers/microsoft.keyvault/vaults/pagopa-u-kv/providers/Microsoft.Advisor/recommendations/bad78f8e3226896d52a70b2cd738af667094a28aeafb1c86627610499412ba57	/subscriptions/26abc801-0d8f-4a6e-ac5f-8e81bcc09112/resourcegroups/pagopa-u-sec-rg/providers/microsoft.keyvault/vaults/pagopa-u-kv/providers/Microsoft.Advisor/recommendations/bad78f8e3226896d52a70b2cd738af667094a28aeafb1c86627610499412ba57	7ff06874-39e9-41be-9552-fa1ae2a83c88	2027-02-27	exact	26abc801-0d8f-4a6e-ac5f-8e81bcc09112	UAT-pagoPA	/subscriptions/26abc801-0d8f-4a6e-ac5f-8e81bcc09112/resourcegroups/pagopa-u-sec-rg/providers/microsoft.keyvault/vaults/pagopa-u-kv	pagopa-u-kv	pagopa-u-sec-rg	microsoft.keyvault/vaults	westeurope	"{""CostCenter"":""TS310 - PAGAMENTI & SERVIZI"",""CreatedBy"":""Terraform"",""Environment"":""Uat"",""Folder"":""next-core"",""Owner"":""pagoPA"",""Source"":""https://github.com/pagopa/pagopa-infra-core/tree/main/src/next-core"",""domain"":""core""}"			High		HighAvailability		New	2026-07-27T18:42:36Z			Azure Key Vault API versions prior to 2026-02-01 are being retired		https://learn.microsoft.com/azure/key-vault/general/access-control-default?tabs=azure-cli			short	metadata_and_resource		"{""metadata_joined"":true,""recommendation_source"":""advisor_recommendations"",""resource_graph_joined"":true,""resource_graph_key"":[""7ff06874-39e9-41be-9552-fa1ae2a83c88"",""/subscriptions/26abc801-0d8f-4a6e-ac5f-8e81bcc09112/resourcegroups/pagopa-u-sec-rg/providers/microsoft.keyvault/vaults/pagopa-u-kv""]}"	
Key vault	API versions prior to 2026-02-01	Azure Key Vault API versions prior to 2026-02-01 are being retired	7ff06874-39e9-41be-9552-fa1ae2a83c88	2026-07-29	subscriptions	advisor_resource_retirement	advisor_joined	/subscriptions/26abc801-0d8f-4a6e-ac5f-8e81bcc09112/resourcegroups/pagopa-u-itn-core-sec-rg/providers/microsoft.keyvault/vaults/pagopa-u-itn-core-kv/providers/Microsoft.Advisor/recommendations/7a7d2a6d3db6a31eb4d10ae8c10a06486bc329975f41bcf25fe827de9e8f9cf8	/subscriptions/26abc801-0d8f-4a6e-ac5f-8e81bcc09112/resourcegroups/pagopa-u-itn-core-sec-rg/providers/microsoft.keyvault/vaults/pagopa-u-itn-core-kv/providers/Microsoft.Advisor/recommendations/7a7d2a6d3db6a31eb4d10ae8c10a06486bc329975f41bcf25fe827de9e8f9cf8	7ff06874-39e9-41be-9552-fa1ae2a83c88	2027-02-27	exact	26abc801-0d8f-4a6e-ac5f-8e81bcc09112	UAT-pagoPA	/subscriptions/26abc801-0d8f-4a6e-ac5f-8e81bcc09112/resourcegroups/pagopa-u-itn-core-sec-rg/providers/microsoft.keyvault/vaults/pagopa-u-itn-core-kv	pagopa-u-itn-core-kv	pagopa-u-itn-core-sec-rg	microsoft.keyvault/vaults	italynorth	"{""CostCenter"":""TS310 - PAGAMENTI & SERVIZI"",""CreatedBy"":""Terraform"",""Environment"":""Uat"",""Folder"":""core-itn"",""Owner"":""pagoPA"",""Source"":""https://github.com/pagopa/pagopa-infra/tree/main/src/core-itn"",""domain"":""core""}"			High		HighAvailability		New	2026-07-28T21:56:28Z			Azure Key Vault API versions prior to 2026-02-01 are being retired		https://learn.microsoft.com/azure/key-vault/general/access-control-default?tabs=azure-cli			short	metadata_and_resource		"{""metadata_joined"":true,""recommendation_source"":""advisor_recommendations"",""resource_graph_joined"":true,""resource_graph_key"":[""7ff06874-39e9-41be-9552-fa1ae2a83c88"",""/subscriptions/26abc801-0d8f-4a6e-ac5f-8e81bcc09112/resourcegroups/pagopa-u-itn-core-sec-rg/providers/microsoft.keyvault/vaults/pagopa-u-itn-core-kv""]}"	
Key vault	API versions prior to 2026-02-01	Azure Key Vault API versions prior to 2026-02-01 are being retired	7ff06874-39e9-41be-9552-fa1ae2a83c88	2026-07-29	subscriptions	advisor_resource_retirement	advisor_joined	/subscriptions/26abc801-0d8f-4a6e-ac5f-8e81bcc09112/resourcegroups/pagopa-u-nodo-sec-rg/providers/microsoft.keyvault/vaults/pagopa-u-nodo-kv/providers/Microsoft.Advisor/recommendations/5f1d2eb8bde91d36d11fdc973775256941c5309a35cb919c27ee3fadb2ce2a16	/subscriptions/26abc801-0d8f-4a6e-ac5f-8e81bcc09112/resourcegroups/pagopa-u-nodo-sec-rg/providers/microsoft.keyvault/vaults/pagopa-u-nodo-kv/providers/Microsoft.Advisor/recommendations/5f1d2eb8bde91d36d11fdc973775256941c5309a35cb919c27ee3fadb2ce2a16	7ff06874-39e9-41be-9552-fa1ae2a83c88	2027-02-27	exact	26abc801-0d8f-4a6e-ac5f-8e81bcc09112	UAT-pagoPA	/subscriptions/26abc801-0d8f-4a6e-ac5f-8e81bcc09112/resourcegroups/pagopa-u-nodo-sec-rg/providers/microsoft.keyvault/vaults/pagopa-u-nodo-kv	pagopa-u-nodo-kv	pagopa-u-nodo-sec-rg	microsoft.keyvault/vaults	westeurope	"{""CostCenter"":""TS310 - PAGAMENTI & SERVIZI"",""CreatedBy"":""Terraform"",""Environment"":""Uat"",""Folder"":""domains/nodo-secret"",""Owner"":""pagoPA"",""Source"":""https://github.com/pagopa/pagopa-infra/tree/main/src/domains/nodo-secret"",""domain"":""nodo""}"			High		HighAvailability		New	2026-07-28T21:56:51Z			Azure Key Vault API versions prior to 2026-02-01 are being retired		https://learn.microsoft.com/azure/key-vault/general/access-control-default?tabs=azure-cli			short	metadata_and_resource		"{""metadata_joined"":true,""recommendation_source"":""advisor_recommendations"",""resource_graph_joined"":true,""resource_graph_key"":[""7ff06874-39e9-41be-9552-fa1ae2a83c88"",""/subscriptions/26abc801-0d8f-4a6e-ac5f-8e81bcc09112/resourcegroups/pagopa-u-nodo-sec-rg/providers/microsoft.keyvault/vaults/pagopa-u-nodo-kv""]}"	
Key vault	API versions prior to 2026-02-01	Azure Key Vault API versions prior to 2026-02-01 are being retired	7ff06874-39e9-41be-9552-fa1ae2a83c88	2026-07-29	subscriptions	advisor_resource_retirement	advisor_joined	/subscriptions/26abc801-0d8f-4a6e-ac5f-8e81bcc09112/resourcegroups/pagopa-u-aca-sec-rg/providers/microsoft.keyvault/vaults/pagopa-u-aca-kv/providers/Microsoft.Advisor/recommendations/fe71d3cbdc4943096f0056634bafabc9cbdae5d58ebdb58b2d0a9d5047252238	/subscriptions/26abc801-0d8f-4a6e-ac5f-8e81bcc09112/resourcegroups/pagopa-u-aca-sec-rg/providers/microsoft.keyvault/vaults/pagopa-u-aca-kv/providers/Microsoft.Advisor/recommendations/fe71d3cbdc4943096f0056634bafabc9cbdae5d58ebdb58b2d0a9d5047252238	7ff06874-39e9-41be-9552-fa1ae2a83c88	2027-02-27	exact	26abc801-0d8f-4a6e-ac5f-8e81bcc09112	UAT-pagoPA	/subscriptions/26abc801-0d8f-4a6e-ac5f-8e81bcc09112/resourcegroups/pagopa-u-aca-sec-rg/providers/microsoft.keyvault/vaults/pagopa-u-aca-kv	pagopa-u-aca-kv	pagopa-u-aca-sec-rg	microsoft.keyvault/vaults	westeurope	"{""CostCenter"":""TS310 - PAGAMENTI & SERVIZI"",""CreatedBy"":""Terraform"",""Environment"":""Uat"",""Owner"":""pagoPA"",""Source"":""https://github.com/pagopa/pagopa-infra/tree/main/src/domains/aca-common"",""domain"":""aca""}"			High		HighAvailability		New	2026-07-23T11:56:11Z			Azure Key Vault API versions prior to 2026-02-01 are being retired		https://learn.microsoft.com/azure/key-vault/general/access-control-default?tabs=azure-cli			short	metadata_and_resource		"{""metadata_joined"":true,""recommendation_source"":""advisor_recommendations"",""resource_graph_joined"":true,""resource_graph_key"":[""7ff06874-39e9-41be-9552-fa1ae2a83c88"",""/subscriptions/26abc801-0d8f-4a6e-ac5f-8e81bcc09112/resourcegroups/pagopa-u-aca-sec-rg/providers/microsoft.keyvault/vaults/pagopa-u-aca-kv""]}"	
Key vault	API versions prior to 2026-02-01	Azure Key Vault API versions prior to 2026-02-01 are being retired	7ff06874-39e9-41be-9552-fa1ae2a83c88	2026-07-29	subscriptions	advisor_resource_retirement	advisor_joined	/subscriptions/26abc801-0d8f-4a6e-ac5f-8e81bcc09112/resourcegroups/pagopa-u-shared-sec-rg/providers/microsoft.keyvault/vaults/pagopa-u-shared-kv/providers/Microsoft.Advisor/recommendations/4a5d263c27d4f1371d72c41313402bf419208c67d4ad535432569f8d2f79c553	/subscriptions/26abc801-0d8f-4a6e-ac5f-8e81bcc09112/resourcegroups/pagopa-u-shared-sec-rg/providers/microsoft.keyvault/vaults/pagopa-u-shared-kv/providers/Microsoft.Advisor/recommendations/4a5d263c27d4f1371d72c41313402bf419208c67d4ad535432569f8d2f79c553	7ff06874-39e9-41be-9552-fa1ae2a83c88	2027-02-27	exact	26abc801-0d8f-4a6e-ac5f-8e81bcc09112	UAT-pagoPA	/subscriptions/26abc801-0d8f-4a6e-ac5f-8e81bcc09112/resourcegroups/pagopa-u-shared-sec-rg/providers/microsoft.keyvault/vaults/pagopa-u-shared-kv	pagopa-u-shared-kv	pagopa-u-shared-sec-rg	microsoft.keyvault/vaults	westeurope	"{""CostCenter"":""TS310 - PAGAMENTI & SERVIZI"",""CreatedBy"":""Terraform"",""Environment"":""Uat"",""Folder"":""domains/shared-common"",""Owner"":""pagoPA"",""Source"":""https://github.com/pagopa/pagopa-infra/tree/main/src/domains/shared-common"",""domain"":""shared""}"			High		HighAvailability		New	2026-07-28T21:56:11Z			Azure Key Vault API versions prior to 2026-02-01 are being retired		https://learn.microsoft.com/azure/key-vault/general/access-control-default?tabs=azure-cli			short	metadata_and_resource		"{""metadata_joined"":true,""recommendation_source"":""advisor_recommendations"",""resource_graph_joined"":true,""resource_graph_key"":[""7ff06874-39e9-41be-9552-fa1ae2a83c88"",""/subscriptions/26abc801-0d8f-4a6e-ac5f-8e81bcc09112/resourcegroups/pagopa-u-shared-sec-rg/providers/microsoft.keyvault/vaults/pagopa-u-shared-kv""]}"	
Kubernetes service	Azure Kubernetes Service support for Ubuntu 22.04	Migrate to Ubuntu 24.04 or later versions	00dbcc9d-50d4-44ef-bc21-c15785cddf42	2026-07-29	subscriptions	advisor_resource_retirement	advisor_joined	/subscriptions/26abc801-0d8f-4a6e-ac5f-8e81bcc09112/resourcegroups/pagopa-u-weu-uat-aks-rg/providers/microsoft.containerservice/managedclusters/pagopa-u-weu-uat-aks/providers/Microsoft.Advisor/recommendations/dc131b7859f18705c651456eb95c84c287d3c0394b621a18c0672935f67f9cc2	/subscriptions/26abc801-0d8f-4a6e-ac5f-8e81bcc09112/resourcegroups/pagopa-u-weu-uat-aks-rg/providers/microsoft.containerservice/managedclusters/pagopa-u-weu-uat-aks/providers/Microsoft.Advisor/recommendations/dc131b7859f18705c651456eb95c84c287d3c0394b621a18c0672935f67f9cc2	00dbcc9d-50d4-44ef-bc21-c15785cddf42	2027-06-30	exact	26abc801-0d8f-4a6e-ac5f-8e81bcc09112	UAT-pagoPA	/subscriptions/26abc801-0d8f-4a6e-ac5f-8e81bcc09112/resourcegroups/pagopa-u-weu-uat-aks-rg/providers/microsoft.containerservice/managedclusters/pagopa-u-weu-uat-aks	pagopa-u-weu-uat-aks	pagopa-u-weu-uat-aks-rg	microsoft.containerservice/managedclusters	westeurope	"{""CostCenter"":""TS310 - PAGAMENTI & SERVIZI"",""CreatedBy"":""Terraform"",""Environment"":""Uat"",""Folder"":""aks-platform"",""Owner"":""pagoPA"",""Source"":""https://github.com/pagopa/pagopa-infra/tree/main/src/aks-platform"",""domain"":""core""}"			Medium		HighAvailability		New	2026-05-07T15:05:07Z			Migrate to Ubuntu 24.04 or later versions		https://azure.microsoft.com/updates/?id=557928			short	metadata_and_resource		"{""metadata_joined"":true,""recommendation_source"":""advisor_recommendations"",""resource_graph_joined"":true,""resource_graph_key"":[""00dbcc9d-50d4-44ef-bc21-c15785cddf42"",""/subscriptions/26abc801-0d8f-4a6e-ac5f-8e81bcc09112/resourcegroups/pagopa-u-weu-uat-aks-rg/providers/microsoft.containerservice/managedclusters/pagopa-u-weu-uat-aks""]}"	
Kubernetes service	Azure Kubernetes Service support for Ubuntu 22.04	Migrate to Ubuntu 24.04 or later versions	00dbcc9d-50d4-44ef-bc21-c15785cddf42	2026-07-29	subscriptions	advisor_resource_retirement	advisor_joined	/subscriptions/26abc801-0d8f-4a6e-ac5f-8e81bcc09112/resourcegroups/pagopa-u-itn-uat-aks-rg/providers/microsoft.containerservice/managedclusters/pagopa-u-itn-uat-aks/providers/Microsoft.Advisor/recommendations/882bb638b2f6c020d7cd8f12d8f409d6e3bc372f80971be17295e13d9e2ceb9d	/subscriptions/26abc801-0d8f-4a6e-ac5f-8e81bcc09112/resourcegroups/pagopa-u-itn-uat-aks-rg/providers/microsoft.containerservice/managedclusters/pagopa-u-itn-uat-aks/providers/Microsoft.Advisor/recommendations/882bb638b2f6c020d7cd8f12d8f409d6e3bc372f80971be17295e13d9e2ceb9d	00dbcc9d-50d4-44ef-bc21-c15785cddf42	2027-06-30	exact	26abc801-0d8f-4a6e-ac5f-8e81bcc09112	UAT-pagoPA	/subscriptions/26abc801-0d8f-4a6e-ac5f-8e81bcc09112/resourcegroups/pagopa-u-itn-uat-aks-rg/providers/microsoft.containerservice/managedclusters/pagopa-u-itn-uat-aks	pagopa-u-itn-uat-aks	pagopa-u-itn-uat-aks-rg	microsoft.containerservice/managedclusters	italynorth	"{""CostCenter"":""TS310 - PAGAMENTI & SERVIZI"",""CreatedBy"":""Terraform"",""Environment"":""Uat"",""Folder"":""aks-leonardo"",""Owner"":""pagoPA"",""Source"":""https://github.com/pagopa/pagopa-infra/tree/main/src/aks-leonardo"",""domain"":""core""}"			Medium		HighAvailability		New	2026-05-07T15:05:08Z			Migrate to Ubuntu 24.04 or later versions		https://azure.microsoft.com/updates/?id=557928			short	metadata_and_resource		"{""metadata_joined"":true,""recommendation_source"":""advisor_recommendations"",""resource_graph_joined"":true,""resource_graph_key"":[""00dbcc9d-50d4-44ef-bc21-c15785cddf42"",""/subscriptions/26abc801-0d8f-4a6e-ac5f-8e81bcc09112/resourcegroups/pagopa-u-itn-uat-aks-rg/providers/microsoft.containerservice/managedclusters/pagopa-u-itn-uat-aks""]}"	
Key vault	API versions prior to 2026-02-01	Azure Key Vault API versions prior to 2026-02-01 are being retired	7ff06874-39e9-41be-9552-fa1ae2a83c88	2026-07-29	subscriptions	advisor_resource_retirement	advisor_joined	/subscriptions/26abc801-0d8f-4a6e-ac5f-8e81bcc09112/resourcegroups/pagopa-u-weu-core-ca-rg/providers/microsoft.keyvault/vaults/pagopa-u-weu-core-ca-kv/providers/Microsoft.Advisor/recommendations/b2909489d1725a2662c73de674dc0717ac90b1a4c2723a6d4cc3e11c0ba8ba7c	/subscriptions/26abc801-0d8f-4a6e-ac5f-8e81bcc09112/resourcegroups/pagopa-u-weu-core-ca-rg/providers/microsoft.keyvault/vaults/pagopa-u-weu-core-ca-kv/providers/Microsoft.Advisor/recommendations/b2909489d1725a2662c73de674dc0717ac90b1a4c2723a6d4cc3e11c0ba8ba7c	7ff06874-39e9-41be-9552-fa1ae2a83c88	2027-02-27	exact	26abc801-0d8f-4a6e-ac5f-8e81bcc09112	UAT-pagoPA	/subscriptions/26abc801-0d8f-4a6e-ac5f-8e81bcc09112/resourcegroups/pagopa-u-weu-core-ca-rg/providers/microsoft.keyvault/vaults/pagopa-u-weu-core-ca-kv	pagopa-u-weu-core-ca-kv	pagopa-u-weu-core-ca-rg	microsoft.keyvault/vaults	westeurope	"{""CostCenter"":""TS310 - PAGAMENTI & SERVIZI"",""CreatedBy"":""Terraform"",""Environment"":""Uat"",""Folder"":""next-core"",""Owner"":""pagoPA"",""Source"":""https://github.com/pagopa/pagopa-infra/tree/main/src/next-core"",""domain"":""core""}"			High		HighAvailability		New	2026-07-20T14:19:24Z			Azure Key Vault API versions prior to 2026-02-01 are being retired		https://learn.microsoft.com/azure/key-vault/general/access-control-default?tabs=azure-cli			short	metadata_and_resource		"{""metadata_joined"":true,""recommendation_source"":""advisor_recommendations"",""resource_graph_joined"":true,""resource_graph_key"":[""7ff06874-39e9-41be-9552-fa1ae2a83c88"",""/subscriptions/26abc801-0d8f-4a6e-ac5f-8e81bcc09112/resourcegroups/pagopa-u-weu-core-ca-rg/providers/microsoft.keyvault/vaults/pagopa-u-weu-core-ca-kv""]}"	
Virtual network gateway	Non-AZ VPNs	VpnGw1-5 (Non-Availability Zones SKUs) is being retired.	4d9ee0c5-6fbd-41d3-864f-b9251c92eebc	2026-07-29	subscriptions	advisor_resource_retirement	advisor_joined	/subscriptions/2d2f0c09-adad-4118-8ef8-8bf737bdca76/resourcegroups/plsm-d-itn-network-rg-01/providers/microsoft.network/virtualnetworkgateways/plsm-d-itn-vpn-vgw-01/providers/Microsoft.Advisor/recommendations/cf9a23561b331a1767e8b93345e3afa34fb9237e23513d52e29ffeaf52f70231	/subscriptions/2d2f0c09-adad-4118-8ef8-8bf737bdca76/resourcegroups/plsm-d-itn-network-rg-01/providers/microsoft.network/virtualnetworkgateways/plsm-d-itn-vpn-vgw-01/providers/Microsoft.Advisor/recommendations/cf9a23561b331a1767e8b93345e3afa34fb9237e23513d52e29ffeaf52f70231	4d9ee0c5-6fbd-41d3-864f-b9251c92eebc	2026-09-30	exact	2d2f0c09-adad-4118-8ef8-8bf737bdca76	DEV-PLATFORM-SM	/subscriptions/2d2f0c09-adad-4118-8ef8-8bf737bdca76/resourcegroups/plsm-d-itn-network-rg-01/providers/microsoft.network/virtualnetworkgateways/plsm-d-itn-vpn-vgw-01	plsm-d-itn-vpn-vgw-01	plsm-d-itn-network-rg-01	microsoft.network/virtualnetworkgateways	italynorth	"{""CostCenter"":""TS310 - PAGAMENTI & SERVIZI"",""CreatedBy"":""Terraform"",""Environment"":""Dev"",""ManagementTeam"":""Service Management"",""ModuleName"":""azure_core_infra"",""ModuleSource"":""DX"",""ModuleVersion"":""2.2.1"",""Owner"":""PLSM"",""Source"":""https://github.com/pagopa/plsm-service-management/tree/main""}"			Medium		HighAvailability		New	2026-04-16T15:33:56Z			VpnGw1-5 (Non-Availability Zones SKUs) is being retired.		https://azure.microsoft.com/updates?id=vpngw1-5-non-az-skus-will-be-retired-on-30-september-2026			short	metadata_and_resource		"{""metadata_joined"":true,""recommendation_source"":""advisor_recommendations"",""resource_graph_joined"":true,""resource_graph_key"":[""4d9ee0c5-6fbd-41d3-864f-b9251c92eebc"",""/subscriptions/2d2f0c09-adad-4118-8ef8-8bf737bdca76/resourcegroups/plsm-d-itn-network-rg-01/providers/microsoft.network/virtualnetworkgateways/plsm-d-itn-vpn-vgw-01""]}"	
Key vault	API versions prior to 2026-02-01	Azure Key Vault API versions prior to 2026-02-01 are being retired	7ff06874-39e9-41be-9552-fa1ae2a83c88	2026-07-29	subscriptions	advisor_resource_retirement	advisor_joined	/subscriptions/35e6e3b2-4388-470e-a1b9-ad3bc34326d1/resourcegroups/dx-d-itn-common-rg-01/providers/microsoft.keyvault/vaults/dx-d-itn-common-kv-01/providers/Microsoft.Advisor/recommendations/4e61c8fea657fa37e1d601a9de842952a8bd5d84753e5b4db78affb02990d7f5	/subscriptions/35e6e3b2-4388-470e-a1b9-ad3bc34326d1/resourcegroups/dx-d-itn-common-rg-01/providers/microsoft.keyvault/vaults/dx-d-itn-common-kv-01/providers/Microsoft.Advisor/recommendations/4e61c8fea657fa37e1d601a9de842952a8bd5d84753e5b4db78affb02990d7f5	7ff06874-39e9-41be-9552-fa1ae2a83c88	2027-02-27	exact	35e6e3b2-4388-470e-a1b9-ad3bc34326d1	DEV-DEVEX	/subscriptions/35e6e3b2-4388-470e-a1b9-ad3bc34326d1/resourcegroups/dx-d-itn-common-rg-01/providers/microsoft.keyvault/vaults/dx-d-itn-common-kv-01	dx-d-itn-common-kv-01	dx-d-itn-common-rg-01	microsoft.keyvault/vaults	italynorth	"{""CostCenter"":""TS000 - Tecnologia e Servizi"",""CreatedBy"":""Terraform"",""Environment"":""Dev"",""ManagementTeam"":""Developer Experience"",""ModuleName"":""azure_core_infra"",""ModuleSource"":""DX"",""ModuleVersion"":""3.0.0"",""Owner"":""DevEx"",""Source"":""https://github.com/pagopa/dx/blob/main/infra/core/dev""}"			High		HighAvailability		New	2026-07-24T18:36:57Z			Azure Key Vault API versions prior to 2026-02-01 are being retired		https://learn.microsoft.com/azure/key-vault/general/access-control-default?tabs=azure-cli			short	metadata_and_resource		"{""metadata_joined"":true,""recommendation_source"":""advisor_recommendations"",""resource_graph_joined"":true,""resource_graph_key"":[""7ff06874-39e9-41be-9552-fa1ae2a83c88"",""/subscriptions/35e6e3b2-4388-470e-a1b9-ad3bc34326d1/resourcegroups/dx-d-itn-common-rg-01/providers/microsoft.keyvault/vaults/dx-d-itn-common-kv-01""]}"	
Key vault	API versions prior to 2026-02-01	Azure Key Vault API versions prior to 2026-02-01 are being retired	7ff06874-39e9-41be-9552-fa1ae2a83c88	2026-07-29	subscriptions	advisor_resource_retirement	advisor_joined	/subscriptions/35e6e3b2-4388-470e-a1b9-ad3bc34326d1/resourcegroups/dx-d-itn-playground-rg-01/providers/microsoft.keyvault/vaults/dx-d-itn-plygrnd-kv-01/providers/Microsoft.Advisor/recommendations/09c931b316dd781a0986869dd15e4f06271cd21f353866802c7455d6b7d4cd48	/subscriptions/35e6e3b2-4388-470e-a1b9-ad3bc34326d1/resourcegroups/dx-d-itn-playground-rg-01/providers/microsoft.keyvault/vaults/dx-d-itn-plygrnd-kv-01/providers/Microsoft.Advisor/recommendations/09c931b316dd781a0986869dd15e4f06271cd21f353866802c7455d6b7d4cd48	7ff06874-39e9-41be-9552-fa1ae2a83c88	2027-02-27	exact	35e6e3b2-4388-470e-a1b9-ad3bc34326d1	DEV-DEVEX	/subscriptions/35e6e3b2-4388-470e-a1b9-ad3bc34326d1/resourcegroups/dx-d-itn-playground-rg-01/providers/microsoft.keyvault/vaults/dx-d-itn-plygrnd-kv-01	dx-d-itn-plygrnd-kv-01	dx-d-itn-playground-rg-01	microsoft.keyvault/vaults	italynorth	"{""BusinessUnit"":""DevEx"",""CostCenter"":""TS000 - Tecnologia e Servizi"",""CreatedBy"":""Terraform"",""Environment"":""Dev"",""ManagementTeam"":""Developer Experience"",""Scope"":""DX Playground"",""Source"":""https://github.com/pagopa/dx-playground/tree/main/infra/repository""}"			High		HighAvailability		New	2026-07-21T13:07:56Z			Azure Key Vault API versions prior to 2026-02-01 are being retired		https://learn.microsoft.com/azure/key-vault/general/access-control-default?tabs=azure-cli			short	metadata_and_resource		"{""metadata_joined"":true,""recommendation_source"":""advisor_recommendations"",""resource_graph_joined"":true,""resource_graph_key"":[""7ff06874-39e9-41be-9552-fa1ae2a83c88"",""/subscriptions/35e6e3b2-4388-470e-a1b9-ad3bc34326d1/resourcegroups/dx-d-itn-playground-rg-01/providers/microsoft.keyvault/vaults/dx-d-itn-plygrnd-kv-01""]}"	
Key vault	API versions prior to 2026-02-01	Azure Key Vault API versions prior to 2026-02-01 are being retired	7ff06874-39e9-41be-9552-fa1ae2a83c88	2026-07-29	subscriptions	advisor_resource_retirement	advisor_joined	/subscriptions/35e6e3b2-4388-470e-a1b9-ad3bc34326d1/resourcegroups/dx-d-itn-int-ac-rg-01/providers/microsoft.keyvault/vaults/dx-d-itn-int-ac-kv-86/providers/Microsoft.Advisor/recommendations/94407a030377256fb5bd207e6e58ba85aa051dbfa65810136f9fa058903d546a	/subscriptions/35e6e3b2-4388-470e-a1b9-ad3bc34326d1/resourcegroups/dx-d-itn-int-ac-rg-01/providers/microsoft.keyvault/vaults/dx-d-itn-int-ac-kv-86/providers/Microsoft.Advisor/recommendations/94407a030377256fb5bd207e6e58ba85aa051dbfa65810136f9fa058903d546a	7ff06874-39e9-41be-9552-fa1ae2a83c88	2027-02-27	exact	35e6e3b2-4388-470e-a1b9-ad3bc34326d1	DEV-DEVEX	/subscriptions/35e6e3b2-4388-470e-a1b9-ad3bc34326d1/resourcegroups/dx-d-itn-int-ac-rg-01/providers/microsoft.keyvault/vaults/dx-d-itn-int-ac-kv-86	dx-d-itn-int-ac-kv-86	dx-d-itn-int-ac-rg-01		global				High		HighAvailability		New	2026-07-26T19:35:56Z			Azure Key Vault API versions prior to 2026-02-01 are being retired		https://learn.microsoft.com/azure/key-vault/general/access-control-default?tabs=azure-cli			short	metadata_and_resource		"{""metadata_joined"":true,""recommendation_source"":""advisor_recommendations"",""resource_graph_joined"":true,""resource_graph_key"":[""7ff06874-39e9-41be-9552-fa1ae2a83c88"",""/subscriptions/35e6e3b2-4388-470e-a1b9-ad3bc34326d1/resourcegroups/dx-d-itn-int-ac-rg-01/providers/microsoft.keyvault/vaults/dx-d-itn-int-ac-kv-86""]}"	
Key vault	API versions prior to 2026-02-01	Azure Key Vault API versions prior to 2026-02-01 are being retired	7ff06874-39e9-41be-9552-fa1ae2a83c88	2026-07-29	subscriptions	advisor_resource_retirement	advisor_joined	/subscriptions/35e6e3b2-4388-470e-a1b9-ad3bc34326d1/resourcegroups/dx-d-itn-integration-cdb-rg-01/providers/microsoft.keyvault/vaults/dx-d-itn-int-cdb-kv-03/providers/Microsoft.Advisor/recommendations/2e479eba7b6927a294d2861ea38ea3aeafd7963c6dd34f145f6f7a9f6701bb07	/subscriptions/35e6e3b2-4388-470e-a1b9-ad3bc34326d1/resourcegroups/dx-d-itn-integration-cdb-rg-01/providers/microsoft.keyvault/vaults/dx-d-itn-int-cdb-kv-03/providers/Microsoft.Advisor/recommendations/2e479eba7b6927a294d2861ea38ea3aeafd7963c6dd34f145f6f7a9f6701bb07	7ff06874-39e9-41be-9552-fa1ae2a83c88	2027-02-27	exact	35e6e3b2-4388-470e-a1b9-ad3bc34326d1	DEV-DEVEX	/subscriptions/35e6e3b2-4388-470e-a1b9-ad3bc34326d1/resourcegroups/dx-d-itn-integration-cdb-rg-01/providers/microsoft.keyvault/vaults/dx-d-itn-int-cdb-kv-03	dx-d-itn-int-cdb-kv-03	dx-d-itn-integration-cdb-rg-01						High		HighAvailability		New	2026-07-26T01:41:49Z			Azure Key Vault API versions prior to 2026-02-01 are being retired		https://learn.microsoft.com/azure/key-vault/general/access-control-default?tabs=azure-cli			short	metadata_and_resource		"{""metadata_joined"":true,""recommendation_source"":""advisor_recommendations"",""resource_graph_joined"":true,""resource_graph_key"":[""7ff06874-39e9-41be-9552-fa1ae2a83c88"",""/subscriptions/35e6e3b2-4388-470e-a1b9-ad3bc34326d1/resourcegroups/dx-d-itn-integration-cdb-rg-01/providers/microsoft.keyvault/vaults/dx-d-itn-int-cdb-kv-03""]}"	
Key vault	API versions prior to 2026-02-01	Azure Key Vault API versions prior to 2026-02-01 are being retired	7ff06874-39e9-41be-9552-fa1ae2a83c88	2026-07-29	subscriptions	advisor_resource_retirement	advisor_joined	/subscriptions/35e6e3b2-4388-470e-a1b9-ad3bc34326d1/resourcegroups/dx-d-itn-int-ghr-rg-01/providers/microsoft.keyvault/vaults/dx-d-itn-int-ghr-kv-21/providers/Microsoft.Advisor/recommendations/5690297cec4b60c6d6d944de09ed086e00c84c3cbdc5f310f24adb0b18d287b5	/subscriptions/35e6e3b2-4388-470e-a1b9-ad3bc34326d1/resourcegroups/dx-d-itn-int-ghr-rg-01/providers/microsoft.keyvault/vaults/dx-d-itn-int-ghr-kv-21/providers/Microsoft.Advisor/recommendations/5690297cec4b60c6d6d944de09ed086e00c84c3cbdc5f310f24adb0b18d287b5	7ff06874-39e9-41be-9552-fa1ae2a83c88	2027-02-27	exact	35e6e3b2-4388-470e-a1b9-ad3bc34326d1	DEV-DEVEX	/subscriptions/35e6e3b2-4388-470e-a1b9-ad3bc34326d1/resourcegroups/dx-d-itn-int-ghr-rg-01/providers/microsoft.keyvault/vaults/dx-d-itn-int-ghr-kv-21	dx-d-itn-int-ghr-kv-21	dx-d-itn-int-ghr-rg-01						High		HighAvailability		New	2026-07-26T01:41:49Z			Azure Key Vault API versions prior to 2026-02-01 are being retired		https://learn.microsoft.com/azure/key-vault/general/access-control-default?tabs=azure-cli			short	metadata_and_resource		"{""metadata_joined"":true,""recommendation_source"":""advisor_recommendations"",""resource_graph_joined"":true,""resource_graph_key"":[""7ff06874-39e9-41be-9552-fa1ae2a83c88"",""/subscriptions/35e6e3b2-4388-470e-a1b9-ad3bc34326d1/resourcegroups/dx-d-itn-int-ghr-rg-01/providers/microsoft.keyvault/vaults/dx-d-itn-int-ghr-kv-21""]}"	
Key vault	API versions prior to 2026-02-01	Azure Key Vault API versions prior to 2026-02-01 are being retired	7ff06874-39e9-41be-9552-fa1ae2a83c88	2026-07-29	subscriptions	advisor_resource_retirement	advisor_joined	/subscriptions/4d177dd6-5c7d-40ab-8019-0c1be380a25d/resourcegroups/cstar-d-itn-mcshared-security-rg/providers/microsoft.keyvault/vaults/cstar-d-itn-mc-auth-kv/providers/Microsoft.Advisor/recommendations/0a675e5ac04eaf3cab0591db610cd7eba8d44edda5866ca1181ff3ca79b82aa6	/subscriptions/4d177dd6-5c7d-40ab-8019-0c1be380a25d/resourcegroups/cstar-d-itn-mcshared-security-rg/providers/microsoft.keyvault/vaults/cstar-d-itn-mc-auth-kv/providers/Microsoft.Advisor/recommendations/0a675e5ac04eaf3cab0591db610cd7eba8d44edda5866ca1181ff3ca79b82aa6	7ff06874-39e9-41be-9552-fa1ae2a83c88	2027-02-27	exact	4d177dd6-5c7d-40ab-8019-0c1be380a25d	DEV-CSTAR	/subscriptions/4d177dd6-5c7d-40ab-8019-0c1be380a25d/resourcegroups/cstar-d-itn-mcshared-security-rg/providers/microsoft.keyvault/vaults/cstar-d-itn-mc-auth-kv	cstar-d-itn-mc-auth-kv	cstar-d-itn-mcshared-security-rg	microsoft.keyvault/vaults	italynorth	"{""CostCenter"":""TS310 - PAGAMENTI & SERVIZI"",""CreatedBy"":""Terraform"",""Environment"":""Dev"",""Folder"":""70_domains/mcshared-security"",""Owner"":""CSTAR"",""Source"":""https://github.com/pagopa/cstar-securehub-infra/tree/main/src/70_domains/mcshared-security"",""domain"":""mcshared""}"			High		HighAvailability		New	2026-07-28T21:56:05Z			Azure Key Vault API versions prior to 2026-02-01 are being retired		https://learn.microsoft.com/azure/key-vault/general/access-control-default?tabs=azure-cli			short	metadata_and_resource		"{""metadata_joined"":true,""recommendation_source"":""advisor_recommendations"",""resource_graph_joined"":true,""resource_graph_key"":[""7ff06874-39e9-41be-9552-fa1ae2a83c88"",""/subscriptions/4d177dd6-5c7d-40ab-8019-0c1be380a25d/resourcegroups/cstar-d-itn-mcshared-security-rg/providers/microsoft.keyvault/vaults/cstar-d-itn-mc-auth-kv""]}"	
Key vault	API versions prior to 2026-02-01	Azure Key Vault API versions prior to 2026-02-01 are being retired	7ff06874-39e9-41be-9552-fa1ae2a83c88	2026-07-29	subscriptions	advisor_resource_retirement	advisor_joined	/subscriptions/4d177dd6-5c7d-40ab-8019-0c1be380a25d/resourcegroups/cstar-d-itn-idpay-security-rg/providers/microsoft.keyvault/vaults/cstar-d-itn-idpay-kv/providers/Microsoft.Advisor/recommendations/b2c127b1e90f38442fef3c0248cb8f80be4aaf08aed066f04ca6512248b1c9be	/subscriptions/4d177dd6-5c7d-40ab-8019-0c1be380a25d/resourcegroups/cstar-d-itn-idpay-security-rg/providers/microsoft.keyvault/vaults/cstar-d-itn-idpay-kv/providers/Microsoft.Advisor/recommendations/b2c127b1e90f38442fef3c0248cb8f80be4aaf08aed066f04ca6512248b1c9be	7ff06874-39e9-41be-9552-fa1ae2a83c88	2027-02-27	exact	4d177dd6-5c7d-40ab-8019-0c1be380a25d	DEV-CSTAR	/subscriptions/4d177dd6-5c7d-40ab-8019-0c1be380a25d/resourcegroups/cstar-d-itn-idpay-security-rg/providers/microsoft.keyvault/vaults/cstar-d-itn-idpay-kv	cstar-d-itn-idpay-kv	cstar-d-itn-idpay-security-rg	microsoft.keyvault/vaults	italynorth	"{""CostCenter"":""TS310 - PAGAMENTI & SERVIZI"",""CreatedBy"":""Terraform"",""Environment"":""Dev"",""Folder"":""70_domains/idpay_security"",""Owner"":""CSTAR"",""Source"":""https://github.com/pagopa/cstar-securehub-infra/tree/main/src/70_domains/idpay_security"",""domain"":""idpay""}"			High		HighAvailability		New	2026-07-28T21:57:41Z			Azure Key Vault API versions prior to 2026-02-01 are being retired		https://learn.microsoft.com/azure/key-vault/general/access-control-default?tabs=azure-cli			short	metadata_and_resource		"{""metadata_joined"":true,""recommendation_source"":""advisor_recommendations"",""resource_graph_joined"":true,""resource_graph_key"":[""7ff06874-39e9-41be-9552-fa1ae2a83c88"",""/subscriptions/4d177dd6-5c7d-40ab-8019-0c1be380a25d/resourcegroups/cstar-d-itn-idpay-security-rg/providers/microsoft.keyvault/vaults/cstar-d-itn-idpay-kv""]}"	
Key vault	API versions prior to 2026-02-01	Azure Key Vault API versions prior to 2026-02-01 are being retired	7ff06874-39e9-41be-9552-fa1ae2a83c88	2026-07-29	subscriptions	advisor_resource_retirement	advisor_joined	/subscriptions/4d177dd6-5c7d-40ab-8019-0c1be380a25d/resourcegroups/cstar-d-itn-srtp-security-rg/providers/microsoft.keyvault/vaults/cstar-d-itn-srtp-kv/providers/Microsoft.Advisor/recommendations/5875ad85f63c94ee300ebbf55af26e63c46f7ed432bbe4b5a6fdc4d8dde9b7b6	/subscriptions/4d177dd6-5c7d-40ab-8019-0c1be380a25d/resourcegroups/cstar-d-itn-srtp-security-rg/providers/microsoft.keyvault/vaults/cstar-d-itn-srtp-kv/providers/Microsoft.Advisor/recommendations/5875ad85f63c94ee300ebbf55af26e63c46f7ed432bbe4b5a6fdc4d8dde9b7b6	7ff06874-39e9-41be-9552-fa1ae2a83c88	2027-02-27	exact	4d177dd6-5c7d-40ab-8019-0c1be380a25d	DEV-CSTAR	/subscriptions/4d177dd6-5c7d-40ab-8019-0c1be380a25d/resourcegroups/cstar-d-itn-srtp-security-rg/providers/microsoft.keyvault/vaults/cstar-d-itn-srtp-kv	cstar-d-itn-srtp-kv	cstar-d-itn-srtp-security-rg	microsoft.keyvault/vaults	italynorth	"{""CostCenter"":""TS310 - PAGAMENTI & SERVIZI"",""CreatedBy"":""Terraform"",""Environment"":""Dev"",""Folder"":""70_domains/srtp_security"",""Owner"":""CSTAR"",""Source"":""https://github.com/pagopa/cstar-securehub-infra/tree/main/src/70_domains/srtp_security"",""domain"":""srtp""}"			High		HighAvailability		New	2026-07-21T13:08:30Z			Azure Key Vault API versions prior to 2026-02-01 are being retired		https://learn.microsoft.com/azure/key-vault/general/access-control-default?tabs=azure-cli			short	metadata_and_resource		"{""metadata_joined"":true,""recommendation_source"":""advisor_recommendations"",""resource_graph_joined"":true,""resource_graph_key"":[""7ff06874-39e9-41be-9552-fa1ae2a83c88"",""/subscriptions/4d177dd6-5c7d-40ab-8019-0c1be380a25d/resourcegroups/cstar-d-itn-srtp-security-rg/providers/microsoft.keyvault/vaults/cstar-d-itn-srtp-kv""]}"	
Key vault	API versions prior to 2026-02-01	Azure Key Vault API versions prior to 2026-02-01 are being retired	7ff06874-39e9-41be-9552-fa1ae2a83c88	2026-07-29	subscriptions	advisor_resource_retirement	advisor_joined	/subscriptions/4d177dd6-5c7d-40ab-8019-0c1be380a25d/resourcegroups/cstar-d-rtd-sec-rg/providers/microsoft.keyvault/vaults/cstar-d-rtd-kv/providers/Microsoft.Advisor/recommendations/3ab8214fec9acf9e4105900cf8ba4acb65fb778535f5b0b116f0f3700364f3f0	/subscriptions/4d177dd6-5c7d-40ab-8019-0c1be380a25d/resourcegroups/cstar-d-rtd-sec-rg/providers/microsoft.keyvault/vaults/cstar-d-rtd-kv/providers/Microsoft.Advisor/recommendations/3ab8214fec9acf9e4105900cf8ba4acb65fb778535f5b0b116f0f3700364f3f0	7ff06874-39e9-41be-9552-fa1ae2a83c88	2027-02-27	exact	4d177dd6-5c7d-40ab-8019-0c1be380a25d	DEV-CSTAR	/subscriptions/4d177dd6-5c7d-40ab-8019-0c1be380a25d/resourcegroups/cstar-d-rtd-sec-rg/providers/microsoft.keyvault/vaults/cstar-d-rtd-kv	cstar-d-rtd-kv	cstar-d-rtd-sec-rg		global				High		HighAvailability		New	2026-07-28T21:56:35Z			Azure Key Vault API versions prior to 2026-02-01 are being retired		https://learn.microsoft.com/azure/key-vault/general/access-control-default?tabs=azure-cli			short	metadata_and_resource		"{""metadata_joined"":true,""recommendation_source"":""advisor_recommendations"",""resource_graph_joined"":true,""resource_graph_key"":[""7ff06874-39e9-41be-9552-fa1ae2a83c88"",""/subscriptions/4d177dd6-5c7d-40ab-8019-0c1be380a25d/resourcegroups/cstar-d-rtd-sec-rg/providers/microsoft.keyvault/vaults/cstar-d-rtd-kv""]}"	
Key vault	API versions prior to 2026-02-01	Azure Key Vault API versions prior to 2026-02-01 are being retired	7ff06874-39e9-41be-9552-fa1ae2a83c88	2026-07-29	subscriptions	advisor_resource_retirement	advisor_joined	/subscriptions/4d177dd6-5c7d-40ab-8019-0c1be380a25d/resourcegroups/cstar-d-itn-mcshared-security-rg/providers/microsoft.keyvault/vaults/cstar-d-itn-mc-gen-kv/providers/Microsoft.Advisor/recommendations/cba7c4bb1a650142b9b8822539c73abf586a7f007e84bec4013bf98acc87e8f7	/subscriptions/4d177dd6-5c7d-40ab-8019-0c1be380a25d/resourcegroups/cstar-d-itn-mcshared-security-rg/providers/microsoft.keyvault/vaults/cstar-d-itn-mc-gen-kv/providers/Microsoft.Advisor/recommendations/cba7c4bb1a650142b9b8822539c73abf586a7f007e84bec4013bf98acc87e8f7	7ff06874-39e9-41be-9552-fa1ae2a83c88	2027-02-27	exact	4d177dd6-5c7d-40ab-8019-0c1be380a25d	DEV-CSTAR	/subscriptions/4d177dd6-5c7d-40ab-8019-0c1be380a25d/resourcegroups/cstar-d-itn-mcshared-security-rg/providers/microsoft.keyvault/vaults/cstar-d-itn-mc-gen-kv	cstar-d-itn-mc-gen-kv	cstar-d-itn-mcshared-security-rg	microsoft.keyvault/vaults	italynorth	"{""CostCenter"":""TS310 - PAGAMENTI & SERVIZI"",""CreatedBy"":""Terraform"",""Environment"":""Dev"",""Folder"":""70_domains/mcshared-security"",""Owner"":""CSTAR"",""Source"":""https://github.com/pagopa/cstar-securehub-infra/tree/main/src/70_domains/mcshared-security"",""domain"":""mcshared""}"			High		HighAvailability		New	2026-07-28T21:56:05Z			Azure Key Vault API versions prior to 2026-02-01 are being retired		https://learn.microsoft.com/azure/key-vault/general/access-control-default?tabs=azure-cli			short	metadata_and_resource		"{""metadata_joined"":true,""recommendation_source"":""advisor_recommendations"",""resource_graph_joined"":true,""resource_graph_key"":[""7ff06874-39e9-41be-9552-fa1ae2a83c88"",""/subscriptions/4d177dd6-5c7d-40ab-8019-0c1be380a25d/resourcegroups/cstar-d-itn-mcshared-security-rg/providers/microsoft.keyvault/vaults/cstar-d-itn-mc-gen-kv""]}"	
Key vault	API versions prior to 2026-02-01	Azure Key Vault API versions prior to 2026-02-01 are being retired	7ff06874-39e9-41be-9552-fa1ae2a83c88	2026-07-29	subscriptions	advisor_resource_retirement	advisor_joined	/subscriptions/4d177dd6-5c7d-40ab-8019-0c1be380a25d/resourcegroups/cstar-d-itn-core-sec-rg/providers/microsoft.keyvault/vaults/cstar-d-itn-core-kv/providers/Microsoft.Advisor/recommendations/464d785f627e91d9b7d8ad5e5ab692a5c4ce3ce7b7332755392de15f6f5fbb8b	/subscriptions/4d177dd6-5c7d-40ab-8019-0c1be380a25d/resourcegroups/cstar-d-itn-core-sec-rg/providers/microsoft.keyvault/vaults/cstar-d-itn-core-kv/providers/Microsoft.Advisor/recommendations/464d785f627e91d9b7d8ad5e5ab692a5c4ce3ce7b7332755392de15f6f5fbb8b	7ff06874-39e9-41be-9552-fa1ae2a83c88	2027-02-27	exact	4d177dd6-5c7d-40ab-8019-0c1be380a25d	DEV-CSTAR	/subscriptions/4d177dd6-5c7d-40ab-8019-0c1be380a25d/resourcegroups/cstar-d-itn-core-sec-rg/providers/microsoft.keyvault/vaults/cstar-d-itn-core-kv	cstar-d-itn-core-kv	cstar-d-itn-core-sec-rg	microsoft.keyvault/vaults	italynorth	"{""CostCenter"":""TS310 - PAGAMENTI & SERVIZI"",""CreatedBy"":""Terraform"",""Environment"":""Dev"",""Folder"":""20_security_kv"",""Owner"":""CSTAR"",""Source"":""https://github.com/pagopa/cstar-securehub-infra/tree/main/src/20_security_kv"",""domain"":""core""}"			High		HighAvailability		New	2026-07-24T18:36:33Z			Azure Key Vault API versions prior to 2026-02-01 are being retired		https://learn.microsoft.com/azure/key-vault/general/access-control-default?tabs=azure-cli			short	metadata_and_resource		"{""metadata_joined"":true,""recommendation_source"":""advisor_recommendations"",""resource_graph_joined"":true,""resource_graph_key"":[""7ff06874-39e9-41be-9552-fa1ae2a83c88"",""/subscriptions/4d177dd6-5c7d-40ab-8019-0c1be380a25d/resourcegroups/cstar-d-itn-core-sec-rg/providers/microsoft.keyvault/vaults/cstar-d-itn-core-kv""]}"	
Key vault	API versions prior to 2026-02-01	Azure Key Vault API versions prior to 2026-02-01 are being retired	7ff06874-39e9-41be-9552-fa1ae2a83c88	2026-07-29	subscriptions	advisor_resource_retirement	advisor_joined	/subscriptions/4d177dd6-5c7d-40ab-8019-0c1be380a25d/resourcegroups/cstar-d-itn-mdc-security-rg/providers/microsoft.keyvault/vaults/cstar-d-itn-mdc-kv/providers/Microsoft.Advisor/recommendations/b34ebe4b3e42ec0deadfb0ec96f34a6f83c762e342c20f4f4ee892ca4add6ec3	/subscriptions/4d177dd6-5c7d-40ab-8019-0c1be380a25d/resourcegroups/cstar-d-itn-mdc-security-rg/providers/microsoft.keyvault/vaults/cstar-d-itn-mdc-kv/providers/Microsoft.Advisor/recommendations/b34ebe4b3e42ec0deadfb0ec96f34a6f83c762e342c20f4f4ee892ca4add6ec3	7ff06874-39e9-41be-9552-fa1ae2a83c88	2027-02-27	exact	4d177dd6-5c7d-40ab-8019-0c1be380a25d	DEV-CSTAR	/subscriptions/4d177dd6-5c7d-40ab-8019-0c1be380a25d/resourcegroups/cstar-d-itn-mdc-security-rg/providers/microsoft.keyvault/vaults/cstar-d-itn-mdc-kv	cstar-d-itn-mdc-kv	cstar-d-itn-mdc-security-rg	microsoft.keyvault/vaults	italynorth	"{""CostCenter"":""TS310 - PAGAMENTI & SERVIZI"",""CreatedBy"":""Terraform"",""Environment"":""Dev"",""Folder"":""70_domains/mdc_security"",""Owner"":""CSTAR"",""Source"":""https://github.com/pagopa/cstar-securehub-infra/tree/main/src/70_domains/mdc_security"",""domain"":""mdc""}"			High		HighAvailability		New	2026-07-28T21:55:41Z			Azure Key Vault API versions prior to 2026-02-01 are being retired		https://learn.microsoft.com/azure/key-vault/general/access-control-default?tabs=azure-cli			short	metadata_and_resource		"{""metadata_joined"":true,""recommendation_source"":""advisor_recommendations"",""resource_graph_joined"":true,""resource_graph_key"":[""7ff06874-39e9-41be-9552-fa1ae2a83c88"",""/subscriptions/4d177dd6-5c7d-40ab-8019-0c1be380a25d/resourcegroups/cstar-d-itn-mdc-security-rg/providers/microsoft.keyvault/vaults/cstar-d-itn-mdc-kv""]}"	
Key vault	API versions prior to 2026-02-01	Azure Key Vault API versions prior to 2026-02-01 are being retired	7ff06874-39e9-41be-9552-fa1ae2a83c88	2026-07-29	subscriptions	advisor_resource_retirement	advisor_joined	/subscriptions/4d177dd6-5c7d-40ab-8019-0c1be380a25d/resourcegroups/cstar-d-itn-core-sec-rg/providers/microsoft.keyvault/vaults/cstar-d-itn-cicd-kv/providers/Microsoft.Advisor/recommendations/550c4152987cf28547f3054dc02ef0910d0a7f9244afc57779eb940477835401	/subscriptions/4d177dd6-5c7d-40ab-8019-0c1be380a25d/resourcegroups/cstar-d-itn-core-sec-rg/providers/microsoft.keyvault/vaults/cstar-d-itn-cicd-kv/providers/Microsoft.Advisor/recommendations/550c4152987cf28547f3054dc02ef0910d0a7f9244afc57779eb940477835401	7ff06874-39e9-41be-9552-fa1ae2a83c88	2027-02-27	exact	4d177dd6-5c7d-40ab-8019-0c1be380a25d	DEV-CSTAR	/subscriptions/4d177dd6-5c7d-40ab-8019-0c1be380a25d/resourcegroups/cstar-d-itn-core-sec-rg/providers/microsoft.keyvault/vaults/cstar-d-itn-cicd-kv	cstar-d-itn-cicd-kv	cstar-d-itn-core-sec-rg	microsoft.keyvault/vaults	italynorth	"{""CostCenter"":""TS310 - PAGAMENTI & SERVIZI"",""CreatedBy"":""Terraform"",""Environment"":""Dev"",""Folder"":""20_security_kv"",""Owner"":""CSTAR"",""Source"":""https://github.com/pagopa/cstar-securehub-infra/tree/main/src/20_security_kv"",""domain"":""core""}"			High		HighAvailability		New	2026-07-28T21:58:03Z			Azure Key Vault API versions prior to 2026-02-01 are being retired		https://learn.microsoft.com/azure/key-vault/general/access-control-default?tabs=azure-cli			short	metadata_and_resource		"{""metadata_joined"":true,""recommendation_source"":""advisor_recommendations"",""resource_graph_joined"":true,""resource_graph_key"":[""7ff06874-39e9-41be-9552-fa1ae2a83c88"",""/subscriptions/4d177dd6-5c7d-40ab-8019-0c1be380a25d/resourcegroups/cstar-d-itn-core-sec-rg/providers/microsoft.keyvault/vaults/cstar-d-itn-cicd-kv""]}"	
Key vault	API versions prior to 2026-02-01	Azure Key Vault API versions prior to 2026-02-01 are being retired	7ff06874-39e9-41be-9552-fa1ae2a83c88	2026-07-29	subscriptions	advisor_resource_retirement	advisor_joined	/subscriptions/4d177dd6-5c7d-40ab-8019-0c1be380a25d/resourcegroups/cstar-d-sec-rg/providers/microsoft.keyvault/vaults/cstar-d-kv/providers/Microsoft.Advisor/recommendations/c83d4296b67237dc24bba1ee80db7fa4fae731668b7a885640ad9a4af853991a	/subscriptions/4d177dd6-5c7d-40ab-8019-0c1be380a25d/resourcegroups/cstar-d-sec-rg/providers/microsoft.keyvault/vaults/cstar-d-kv/providers/Microsoft.Advisor/recommendations/c83d4296b67237dc24bba1ee80db7fa4fae731668b7a885640ad9a4af853991a	7ff06874-39e9-41be-9552-fa1ae2a83c88	2027-02-27	exact	4d177dd6-5c7d-40ab-8019-0c1be380a25d	DEV-CSTAR	/subscriptions/4d177dd6-5c7d-40ab-8019-0c1be380a25d/resourcegroups/cstar-d-sec-rg/providers/microsoft.keyvault/vaults/cstar-d-kv	cstar-d-kv	cstar-d-sec-rg	microsoft.keyvault/vaults	westeurope	"{""CostCenter"":""TS310 - PAGAMENTI & SERVIZI"",""CreatedBy"":""Terraform"",""Environment"":""Dev"",""Owner"":""cstar"",""Source"":""https://github.com/pagopa/cstar-infrastructure""}"			High		HighAvailability		New	2026-07-23T11:56:17Z			Azure Key Vault API versions prior to 2026-02-01 are being retired		https://learn.microsoft.com/azure/key-vault/general/access-control-default?tabs=azure-cli			short	metadata_and_resource		"{""metadata_joined"":true,""recommendation_source"":""advisor_recommendations"",""resource_graph_joined"":true,""resource_graph_key"":[""7ff06874-39e9-41be-9552-fa1ae2a83c88"",""/subscriptions/4d177dd6-5c7d-40ab-8019-0c1be380a25d/resourcegroups/cstar-d-sec-rg/providers/microsoft.keyvault/vaults/cstar-d-kv""]}"	
Kubernetes service	Azure Kubernetes Service support for Ubuntu 22.04	Migrate to Ubuntu 24.04 or later versions	00dbcc9d-50d4-44ef-bc21-c15785cddf42	2026-07-29	subscriptions	advisor_resource_retirement	advisor_joined	/subscriptions/4d177dd6-5c7d-40ab-8019-0c1be380a25d/resourcegroups/cstar-d-itn-core-aks-rg/providers/microsoft.containerservice/managedclusters/cstar-d-itn-dev-aks/providers/Microsoft.Advisor/recommendations/ff785fac19427f5f7d01d0d7dda482819bb17b9438429bc06924d68666b0b626	/subscriptions/4d177dd6-5c7d-40ab-8019-0c1be380a25d/resourcegroups/cstar-d-itn-core-aks-rg/providers/microsoft.containerservice/managedclusters/cstar-d-itn-dev-aks/providers/Microsoft.Advisor/recommendations/ff785fac19427f5f7d01d0d7dda482819bb17b9438429bc06924d68666b0b626	00dbcc9d-50d4-44ef-bc21-c15785cddf42	2027-06-30	exact	4d177dd6-5c7d-40ab-8019-0c1be380a25d	DEV-CSTAR	/subscriptions/4d177dd6-5c7d-40ab-8019-0c1be380a25d/resourcegroups/cstar-d-itn-core-aks-rg/providers/microsoft.containerservice/managedclusters/cstar-d-itn-dev-aks	cstar-d-itn-dev-aks	cstar-d-itn-core-aks-rg	microsoft.containerservice/managedclusters	italynorth	"{""CostCenter"":""TS310 - PAGAMENTI & SERVIZI"",""CreatedBy"":""Terraform"",""Environment"":""Dev"",""Folder"":""31_aks_italy"",""Owner"":""CSTAR"",""Source"":""https://github.com/pagopa/cstar-securehub-infra/tree/main/src/31_aks_italy"",""domain"":""core"",""grafana"":""yes""}"			Medium		HighAvailability		New	2026-05-07T15:05:07Z			Migrate to Ubuntu 24.04 or later versions		https://azure.microsoft.com/updates/?id=557928			short	metadata_and_resource		"{""metadata_joined"":true,""recommendation_source"":""advisor_recommendations"",""resource_graph_joined"":true,""resource_graph_key"":[""00dbcc9d-50d4-44ef-bc21-c15785cddf42"",""/subscriptions/4d177dd6-5c7d-40ab-8019-0c1be380a25d/resourcegroups/cstar-d-itn-core-aks-rg/providers/microsoft.containerservice/managedclusters/cstar-d-itn-dev-aks""]}"	
Key vault	API versions prior to 2026-02-01	Azure Key Vault API versions prior to 2026-02-01 are being retired	7ff06874-39e9-41be-9552-fa1ae2a83c88	2026-07-29	subscriptions	advisor_resource_retirement	advisor_joined	/subscriptions/4d177dd6-5c7d-40ab-8019-0c1be380a25d/resourcegroups/cstar-d-itn-shared-security-rg/providers/microsoft.keyvault/vaults/cstar-d-itn-shared-kv/providers/Microsoft.Advisor/recommendations/72d380764a86673f7249fd8dc1124204952677c8767fb9f7e4b87a28a6dffd24	/subscriptions/4d177dd6-5c7d-40ab-8019-0c1be380a25d/resourcegroups/cstar-d-itn-shared-security-rg/providers/microsoft.keyvault/vaults/cstar-d-itn-shared-kv/providers/Microsoft.Advisor/recommendations/72d380764a86673f7249fd8dc1124204952677c8767fb9f7e4b87a28a6dffd24	7ff06874-39e9-41be-9552-fa1ae2a83c88	2027-02-27	exact	4d177dd6-5c7d-40ab-8019-0c1be380a25d	DEV-CSTAR	/subscriptions/4d177dd6-5c7d-40ab-8019-0c1be380a25d/resourcegroups/cstar-d-itn-shared-security-rg/providers/microsoft.keyvault/vaults/cstar-d-itn-shared-kv	cstar-d-itn-shared-kv	cstar-d-itn-shared-security-rg	microsoft.keyvault/vaults	italynorth	"{""CostCenter"":""TS310 - PAGAMENTI & SERVIZI"",""CreatedBy"":""Terraform"",""Environment"":""Dev"",""Folder"":""70_domains/shared_security"",""Owner"":""CSTAR"",""Source"":""https://github.com/pagopa/cstar-securehub-infra/tree/main/src/70_domains/shared_security"",""domain"":""shared""}"			High		HighAvailability		New	2026-07-28T21:56:22Z			Azure Key Vault API versions prior to 2026-02-01 are being retired		https://learn.microsoft.com/azure/key-vault/general/access-control-default?tabs=azure-cli			short	metadata_and_resource		"{""metadata_joined"":true,""recommendation_source"":""advisor_recommendations"",""resource_graph_joined"":true,""resource_graph_key"":[""7ff06874-39e9-41be-9552-fa1ae2a83c88"",""/subscriptions/4d177dd6-5c7d-40ab-8019-0c1be380a25d/resourcegroups/cstar-d-itn-shared-security-rg/providers/microsoft.keyvault/vaults/cstar-d-itn-shared-kv""]}"	
Kubernetes service	Legacy authentication for Container Insights - Azure Monitor	Migrate to Container insights managed identity authentication	b005ecf0-23e2-4279-9ca2-718d1518c9fb	2026-07-29	subscriptions	advisor_resource_retirement	advisor_joined	/subscriptions/4d177dd6-5c7d-40ab-8019-0c1be380a25d/resourcegroups/cstar-d-itn-core-aks-rg/providers/microsoft.containerservice/managedclusters/cstar-d-itn-dev-aks/providers/Microsoft.Advisor/recommendations/dc4492f537cc829cb2336b0bf024e03db1697f0f4d7190e1538fd007959700bd	/subscriptions/4d177dd6-5c7d-40ab-8019-0c1be380a25d/resourcegroups/cstar-d-itn-core-aks-rg/providers/microsoft.containerservice/managedclusters/cstar-d-itn-dev-aks/providers/Microsoft.Advisor/recommendations/dc4492f537cc829cb2336b0bf024e03db1697f0f4d7190e1538fd007959700bd	b005ecf0-23e2-4279-9ca2-718d1518c9fb	2026-09-30	exact	4d177dd6-5c7d-40ab-8019-0c1be380a25d	DEV-CSTAR	/subscriptions/4d177dd6-5c7d-40ab-8019-0c1be380a25d/resourcegroups/cstar-d-itn-core-aks-rg/providers/microsoft.containerservice/managedclusters/cstar-d-itn-dev-aks	cstar-d-itn-dev-aks	cstar-d-itn-core-aks-rg	microsoft.containerservice/managedclusters	italynorth	"{""CostCenter"":""TS310 - PAGAMENTI & SERVIZI"",""CreatedBy"":""Terraform"",""Environment"":""Dev"",""Folder"":""31_aks_italy"",""Owner"":""CSTAR"",""Source"":""https://github.com/pagopa/cstar-securehub-infra/tree/main/src/31_aks_italy"",""domain"":""core"",""grafana"":""yes""}"			Medium		HighAvailability		New	2026-06-19T02:44:37Z			Migrate to Container insights managed identity authentication		https://azure.microsoft.com/updates/?id=500853			short	metadata_and_resource		"{""metadata_joined"":true,""recommendation_source"":""advisor_recommendations"",""resource_graph_joined"":true,""resource_graph_key"":[""b005ecf0-23e2-4279-9ca2-718d1518c9fb"",""/subscriptions/4d177dd6-5c7d-40ab-8019-0c1be380a25d/resourcegroups/cstar-d-itn-core-aks-rg/providers/microsoft.containerservice/managedclusters/cstar-d-itn-dev-aks""]}"	
Key vault	API versions prior to 2026-02-01	Azure Key Vault API versions prior to 2026-02-01 are being retired	7ff06874-39e9-41be-9552-fa1ae2a83c88	2026-07-29	subscriptions	advisor_resource_retirement	advisor_joined	/subscriptions/5c587d75-fb91-4559-bda2-8612949a2b7d/resourcegroups/fat-d-kv-rg/providers/microsoft.keyvault/vaults/fat-d-kv-app/providers/Microsoft.Advisor/recommendations/91a1c8d587fffd788047879c6cedb1a510fbd4fade2a5414aae8e8867e459505	/subscriptions/5c587d75-fb91-4559-bda2-8612949a2b7d/resourcegroups/fat-d-kv-rg/providers/microsoft.keyvault/vaults/fat-d-kv-app/providers/Microsoft.Advisor/recommendations/91a1c8d587fffd788047879c6cedb1a510fbd4fade2a5414aae8e8867e459505	7ff06874-39e9-41be-9552-fa1ae2a83c88	2027-02-27	exact	5c587d75-fb91-4559-bda2-8612949a2b7d	DEV-FATTURAZIONE	/subscriptions/5c587d75-fb91-4559-bda2-8612949a2b7d/resourcegroups/fat-d-kv-rg/providers/microsoft.keyvault/vaults/fat-d-kv-app	fat-d-kv-app	fat-d-kv-rg	microsoft.keyvault/vaults	italynorth	"{""CostCenter"":""TS230 - PagoPA ICT"",""CreatedBy"":""Terraform"",""Environment"":""DEV"",""Owner"":""PagoPA ICT"",""Source"":""https://github.com/pagopa/portale-fatturazione-infra""}"			High		HighAvailability		New	2026-07-24T18:35:08Z			Azure Key Vault API versions prior to 2026-02-01 are being retired		https://learn.microsoft.com/azure/key-vault/general/access-control-default?tabs=azure-cli			short	metadata_and_resource		"{""metadata_joined"":true,""recommendation_source"":""advisor_recommendations"",""resource_graph_joined"":true,""resource_graph_key"":[""7ff06874-39e9-41be-9552-fa1ae2a83c88"",""/subscriptions/5c587d75-fb91-4559-bda2-8612949a2b7d/resourcegroups/fat-d-kv-rg/providers/microsoft.keyvault/vaults/fat-d-kv-app""]}"	
Virtual network gateway	Non-AZ VPNs	VpnGw1-5 (Non-Availability Zones SKUs) is being retired.	4d9ee0c5-6fbd-41d3-864f-b9251c92eebc	2026-07-29	subscriptions	advisor_resource_retirement	advisor_joined	/subscriptions/74da48a3-b0e7-489d-8172-da79801086ed/resourcegroups/io-p-itn-cgn-pe-rg-01/providers/microsoft.network/virtualnetworkgateways/io-p-itn-vgw-01-gw/providers/Microsoft.Advisor/recommendations/360d032183635e98fb559d6192bedf20a1bb620b26e1139e5d3e0a438e0afb83	/subscriptions/74da48a3-b0e7-489d-8172-da79801086ed/resourcegroups/io-p-itn-cgn-pe-rg-01/providers/microsoft.network/virtualnetworkgateways/io-p-itn-vgw-01-gw/providers/Microsoft.Advisor/recommendations/360d032183635e98fb559d6192bedf20a1bb620b26e1139e5d3e0a438e0afb83	4d9ee0c5-6fbd-41d3-864f-b9251c92eebc	2026-09-30	exact	74da48a3-b0e7-489d-8172-da79801086ed	PROD-Esercenti	/subscriptions/74da48a3-b0e7-489d-8172-da79801086ed/resourcegroups/io-p-itn-cgn-pe-rg-01/providers/microsoft.network/virtualnetworkgateways/io-p-itn-vgw-01-gw	io-p-itn-vgw-01-gw	io-p-itn-cgn-pe-rg-01	microsoft.network/virtualnetworkgateways	italynorth	"{""CostCenter"":""TS310 - PAGAMENTI & SERVIZI"",""CreatedBy"":""Terraform"",""Environment"":""Prod"",""ManagementTeam"":""IO CGN"",""Owner"":""IO"",""Source"":""https://github.com/pagopa/io-cgn/blob/main/infra/resources/prod""}"			Medium		HighAvailability		New	2026-04-16T15:33:58Z			VpnGw1-5 (Non-Availability Zones SKUs) is being retired.		https://azure.microsoft.com/updates?id=vpngw1-5-non-az-skus-will-be-retired-on-30-september-2026			short	metadata_and_resource		"{""metadata_joined"":true,""recommendation_source"":""advisor_recommendations"",""resource_graph_joined"":true,""resource_graph_key"":[""4d9ee0c5-6fbd-41d3-864f-b9251c92eebc"",""/subscriptions/74da48a3-b0e7-489d-8172-da79801086ed/resourcegroups/io-p-itn-cgn-pe-rg-01/providers/microsoft.network/virtualnetworkgateways/io-p-itn-vgw-01-gw""]}"	
Application gateway	WAF v2 Config	Application Gateway Web Application Firewall v2 configuration is retiring	13d4b9e9-e144-4fa6-8d03-38b1c9f2b4a3	2026-07-29	subscriptions	advisor_resource_retirement	advisor_joined	/subscriptions/74da48a3-b0e7-489d-8172-da79801086ed/resourcegroups/io-p-itn-cgn-pe-rg-01/providers/microsoft.network/applicationgateways/io-p-itn-cgn-pe-agw-01/providers/Microsoft.Advisor/recommendations/edf6cb56900c8fb42f574c6ccd5bd5d27419db73b3e132f3a6528ea081e3292f	/subscriptions/74da48a3-b0e7-489d-8172-da79801086ed/resourcegroups/io-p-itn-cgn-pe-rg-01/providers/microsoft.network/applicationgateways/io-p-itn-cgn-pe-agw-01/providers/Microsoft.Advisor/recommendations/edf6cb56900c8fb42f574c6ccd5bd5d27419db73b3e132f3a6528ea081e3292f	13d4b9e9-e144-4fa6-8d03-38b1c9f2b4a3	2027-03-31	exact	74da48a3-b0e7-489d-8172-da79801086ed	PROD-Esercenti	/subscriptions/74da48a3-b0e7-489d-8172-da79801086ed/resourcegroups/io-p-itn-cgn-pe-rg-01/providers/microsoft.network/applicationgateways/io-p-itn-cgn-pe-agw-01	io-p-itn-cgn-pe-agw-01	io-p-itn-cgn-pe-rg-01	microsoft.network/applicationgateways	italynorth	"{""CostCenter"":""TS310 - PAGAMENTI & SERVIZI"",""CreatedBy"":""Terraform"",""Environment"":""Prod"",""ManagementTeam"":""IO CGN"",""Owner"":""IO"",""Source"":""https://github.com/pagopa/io-cgn/blob/main/infra/resources/prod""}"			Medium		HighAvailability		New	2026-04-16T08:47:08Z			Application Gateway Web Application Firewall v2 configuration is retiring		https://learn.microsoft.com/azure/web-application-firewall/ag/upgrade-ag-waf-policy?tabs=portal#upgrade-waf-v2-with-legacy-waf-configuration-to-waf-policy			short	metadata_and_resource		"{""metadata_joined"":true,""recommendation_source"":""advisor_recommendations"",""resource_graph_joined"":true,""resource_graph_key"":[""13d4b9e9-e144-4fa6-8d03-38b1c9f2b4a3"",""/subscriptions/74da48a3-b0e7-489d-8172-da79801086ed/resourcegroups/io-p-itn-cgn-pe-rg-01/providers/microsoft.network/applicationgateways/io-p-itn-cgn-pe-agw-01""]}"	
Storage Account	Legacy Blob and General-Purpose v1 storage accounts	Upgrade general-purpose v1 storage accounts	1d70919c-1a4a-4f79-8300-bb576c291e9d	2026-07-29	subscriptions	advisor_resource_retirement	advisor_joined	/subscriptions/794146a8-9ae6-4002-b37c-f51d91ecc399/resourcegroups/fat-p-sm_group/providers/microsoft.storage/storageaccounts/fatpsmgroupaf46/providers/Microsoft.Advisor/recommendations/4ac06f860c2b14b567cc0479203276a7e2a84383bf9e9e1eb29c4f3feeeb76c9	/subscriptions/794146a8-9ae6-4002-b37c-f51d91ecc399/resourcegroups/fat-p-sm_group/providers/microsoft.storage/storageaccounts/fatpsmgroupaf46/providers/Microsoft.Advisor/recommendations/4ac06f860c2b14b567cc0479203276a7e2a84383bf9e9e1eb29c4f3feeeb76c9	1d70919c-1a4a-4f79-8300-bb576c291e9d	2026-10-13	exact	794146a8-9ae6-4002-b37c-f51d91ecc399	PROD-FATTURAZIONE	/subscriptions/794146a8-9ae6-4002-b37c-f51d91ecc399/resourcegroups/fat-p-sm_group/providers/microsoft.storage/storageaccounts/fatpsmgroupaf46	fatpsmgroupaf46	fat-p-sm_group	microsoft.storage/storageaccounts	italynorth	{}			Medium		HighAvailability		New	2026-05-14T01:38:55Z			Upgrade general-purpose v1 storage accounts		https://azure.microsoft.com/updates/?id=496964			short	metadata_and_resource		"{""metadata_joined"":true,""recommendation_source"":""advisor_recommendations"",""resource_graph_joined"":true,""resource_graph_key"":[""1d70919c-1a4a-4f79-8300-bb576c291e9d"",""/subscriptions/794146a8-9ae6-4002-b37c-f51d91ecc399/resourcegroups/fat-p-sm_group/providers/microsoft.storage/storageaccounts/fatpsmgroupaf46""]}"	
Application gateway	WAF v2 Config	Application Gateway Web Application Firewall v2 configuration is retiring	13d4b9e9-e144-4fa6-8d03-38b1c9f2b4a3	2026-07-29	subscriptions	advisor_resource_retirement	advisor_joined	/subscriptions/794146a8-9ae6-4002-b37c-f51d91ecc399/resourcegroups/fat-p-networking-rg/providers/microsoft.network/applicationgateways/fat-p-agw/providers/Microsoft.Advisor/recommendations/ed93b93e4b5d55982248dcfed6de6cc6b6cd26e94f4d956223ce2e526a6084b6	/subscriptions/794146a8-9ae6-4002-b37c-f51d91ecc399/resourcegroups/fat-p-networking-rg/providers/microsoft.network/applicationgateways/fat-p-agw/providers/Microsoft.Advisor/recommendations/ed93b93e4b5d55982248dcfed6de6cc6b6cd26e94f4d956223ce2e526a6084b6	13d4b9e9-e144-4fa6-8d03-38b1c9f2b4a3	2027-03-31	exact	794146a8-9ae6-4002-b37c-f51d91ecc399	PROD-FATTURAZIONE	/subscriptions/794146a8-9ae6-4002-b37c-f51d91ecc399/resourcegroups/fat-p-networking-rg/providers/microsoft.network/applicationgateways/fat-p-agw	fat-p-agw	fat-p-networking-rg	microsoft.network/applicationgateways	italynorth	"{""CostCenter"":""TS230 - PagoPA ICT"",""CreatedBy"":""Terraform"",""Environment"":""PROD"",""Owner"":""PagoPA ICT"",""Source"":""https://github.com/pagopa/portale-fatturazione-infra""}"			Medium		HighAvailability		New	2026-04-16T08:47:08Z			Application Gateway Web Application Firewall v2 configuration is retiring		https://learn.microsoft.com/azure/web-application-firewall/ag/upgrade-ag-waf-policy?tabs=portal#upgrade-waf-v2-with-legacy-waf-configuration-to-waf-policy			short	metadata_and_resource		"{""metadata_joined"":true,""recommendation_source"":""advisor_recommendations"",""resource_graph_joined"":true,""resource_graph_key"":[""13d4b9e9-e144-4fa6-8d03-38b1c9f2b4a3"",""/subscriptions/794146a8-9ae6-4002-b37c-f51d91ecc399/resourcegroups/fat-p-networking-rg/providers/microsoft.network/applicationgateways/fat-p-agw""]}"	
Key vault	API versions prior to 2026-02-01	Azure Key Vault API versions prior to 2026-02-01 are being retired	7ff06874-39e9-41be-9552-fa1ae2a83c88	2026-07-29	subscriptions	advisor_resource_retirement	advisor_joined	/subscriptions/813119d7-0943-46ed-8ebe-cebe24f9106c/resourcegroups/selc-p-sec-rg/providers/microsoft.keyvault/vaults/selc-p-kv/providers/Microsoft.Advisor/recommendations/0a27ff4096021c27da4e3e3a58bbeef8a53fbe0eea91732860c13f6cb107d5f4	/subscriptions/813119d7-0943-46ed-8ebe-cebe24f9106c/resourcegroups/selc-p-sec-rg/providers/microsoft.keyvault/vaults/selc-p-kv/providers/Microsoft.Advisor/recommendations/0a27ff4096021c27da4e3e3a58bbeef8a53fbe0eea91732860c13f6cb107d5f4	7ff06874-39e9-41be-9552-fa1ae2a83c88	2027-02-27	exact	813119d7-0943-46ed-8ebe-cebe24f9106c	PROD-SelfCare	/subscriptions/813119d7-0943-46ed-8ebe-cebe24f9106c/resourcegroups/selc-p-sec-rg/providers/microsoft.keyvault/vaults/selc-p-kv	selc-p-kv	selc-p-sec-rg	microsoft.keyvault/vaults	westeurope	"{""CostCenter"":""TS310 - PAGAMENTI & SERVIZI"",""CreatedBy"":""Terraform"",""Environment"":""Prod"",""Owner"":""Selfcare"",""Source"":""https://github.com/pagopa/selfcare""}"			High		HighAvailability		New	2026-07-27T18:43:21Z			Azure Key Vault API versions prior to 2026-02-01 are being retired		https://learn.microsoft.com/azure/key-vault/general/access-control-default?tabs=azure-cli			short	metadata_and_resource		"{""metadata_joined"":true,""recommendation_source"":""advisor_recommendations"",""resource_graph_joined"":true,""resource_graph_key"":[""7ff06874-39e9-41be-9552-fa1ae2a83c88"",""/subscriptions/813119d7-0943-46ed-8ebe-cebe24f9106c/resourcegroups/selc-p-sec-rg/providers/microsoft.keyvault/vaults/selc-p-kv""]}"	
Key vault	API versions prior to 2026-02-01	Azure Key Vault API versions prior to 2026-02-01 are being retired	7ff06874-39e9-41be-9552-fa1ae2a83c88	2026-07-29	subscriptions	advisor_resource_retirement	advisor_joined	/subscriptions/813119d7-0943-46ed-8ebe-cebe24f9106c/resourcegroups/selc-p-pnpg-sec-rg/providers/microsoft.keyvault/vaults/selc-p-pnpg-kv/providers/Microsoft.Advisor/recommendations/cc252f5720a076d953f89f9cdf088e0841f0581e37ecd448f4fe18fd78a8751c	/subscriptions/813119d7-0943-46ed-8ebe-cebe24f9106c/resourcegroups/selc-p-pnpg-sec-rg/providers/microsoft.keyvault/vaults/selc-p-pnpg-kv/providers/Microsoft.Advisor/recommendations/cc252f5720a076d953f89f9cdf088e0841f0581e37ecd448f4fe18fd78a8751c	7ff06874-39e9-41be-9552-fa1ae2a83c88	2027-02-27	exact	813119d7-0943-46ed-8ebe-cebe24f9106c	PROD-SelfCare	/subscriptions/813119d7-0943-46ed-8ebe-cebe24f9106c/resourcegroups/selc-p-pnpg-sec-rg/providers/microsoft.keyvault/vaults/selc-p-pnpg-kv	selc-p-pnpg-kv	selc-p-pnpg-sec-rg	microsoft.keyvault/vaults	westeurope	"{""Application"":""PNPG"",""CostCenter"":""TS310 - PAGAMENTI & SERVIZI"",""CreatedBy"":""Terraform"",""Environment"":""Prod"",""Owner"":""Selfcare"",""Source"":""https://github.com/pagopa/selfcare""}"			High		HighAvailability		New	2026-07-27T18:43:24Z			Azure Key Vault API versions prior to 2026-02-01 are being retired		https://learn.microsoft.com/azure/key-vault/general/access-control-default?tabs=azure-cli			short	metadata_and_resource		"{""metadata_joined"":true,""recommendation_source"":""advisor_recommendations"",""resource_graph_joined"":true,""resource_graph_key"":[""7ff06874-39e9-41be-9552-fa1ae2a83c88"",""/subscriptions/813119d7-0943-46ed-8ebe-cebe24f9106c/resourcegroups/selc-p-pnpg-sec-rg/providers/microsoft.keyvault/vaults/selc-p-pnpg-kv""]}"	
Virtual network gateway	Non-AZ VPNs	VpnGw1-5 (Non-Availability Zones SKUs) is being retired.	4d9ee0c5-6fbd-41d3-864f-b9251c92eebc	2026-07-29	subscriptions	advisor_resource_retirement	advisor_joined	/subscriptions/813119d7-0943-46ed-8ebe-cebe24f9106c/resourcegroups/selc-p-vnet-rg/providers/microsoft.network/virtualnetworkgateways/selc-p-vpn-gw/providers/Microsoft.Advisor/recommendations/79062c95ad6fc0daeafe0cc3dde2b2963b13ca5aa68fd2913a6a6befede94d2d	/subscriptions/813119d7-0943-46ed-8ebe-cebe24f9106c/resourcegroups/selc-p-vnet-rg/providers/microsoft.network/virtualnetworkgateways/selc-p-vpn-gw/providers/Microsoft.Advisor/recommendations/79062c95ad6fc0daeafe0cc3dde2b2963b13ca5aa68fd2913a6a6befede94d2d	4d9ee0c5-6fbd-41d3-864f-b9251c92eebc	2026-09-30	exact	813119d7-0943-46ed-8ebe-cebe24f9106c	PROD-SelfCare	/subscriptions/813119d7-0943-46ed-8ebe-cebe24f9106c/resourcegroups/selc-p-vnet-rg/providers/microsoft.network/virtualnetworkgateways/selc-p-vpn-gw	selc-p-vpn-gw	selc-p-vnet-rg	microsoft.network/virtualnetworkgateways	westeurope	"{""CostCenter"":""TS310 - PAGAMENTI & SERVIZI"",""CreatedBy"":""Terraform"",""Environment"":""Prod"",""Owner"":""Selfcare"",""Source"":""https://github.com/pagopa/selfcare""}"			Medium		HighAvailability		New	2026-04-27T18:00:54Z			VpnGw1-5 (Non-Availability Zones SKUs) is being retired.		https://azure.microsoft.com/updates?id=vpngw1-5-non-az-skus-will-be-retired-on-30-september-2026			short	metadata_and_resource		"{""metadata_joined"":true,""recommendation_source"":""advisor_recommendations"",""resource_graph_joined"":true,""resource_graph_key"":[""4d9ee0c5-6fbd-41d3-864f-b9251c92eebc"",""/subscriptions/813119d7-0943-46ed-8ebe-cebe24f9106c/resourcegroups/selc-p-vnet-rg/providers/microsoft.network/virtualnetworkgateways/selc-p-vpn-gw""]}"	
Application gateway	WAF v2 Config	Application Gateway Web Application Firewall v2 configuration is retiring	13d4b9e9-e144-4fa6-8d03-38b1c9f2b4a3	2026-07-29	subscriptions	advisor_resource_retirement	advisor_joined	/subscriptions/813119d7-0943-46ed-8ebe-cebe24f9106c/resourcegroups/selc-p-vnet-rg/providers/microsoft.network/applicationgateways/selc-p-app-gw/providers/Microsoft.Advisor/recommendations/cd3ee30c1df9871f15e81a39d60b39161a21886e3ead7b094eb928fc774588b7	/subscriptions/813119d7-0943-46ed-8ebe-cebe24f9106c/resourcegroups/selc-p-vnet-rg/providers/microsoft.network/applicationgateways/selc-p-app-gw/providers/Microsoft.Advisor/recommendations/cd3ee30c1df9871f15e81a39d60b39161a21886e3ead7b094eb928fc774588b7	13d4b9e9-e144-4fa6-8d03-38b1c9f2b4a3	2027-03-31	exact	813119d7-0943-46ed-8ebe-cebe24f9106c	PROD-SelfCare	/subscriptions/813119d7-0943-46ed-8ebe-cebe24f9106c/resourcegroups/selc-p-vnet-rg/providers/microsoft.network/applicationgateways/selc-p-app-gw	selc-p-app-gw	selc-p-vnet-rg	microsoft.network/applicationgateways	westeurope	"{""CostCenter"":""TS310 - PAGAMENTI & SERVIZI"",""CreatedBy"":""Terraform"",""Environment"":""Prod"",""Owner"":""Selfcare"",""Source"":""https://github.com/pagopa/selfcare""}"			Medium		HighAvailability		New	2026-04-16T08:47:08Z			Application Gateway Web Application Firewall v2 configuration is retiring		https://learn.microsoft.com/azure/web-application-firewall/ag/upgrade-ag-waf-policy?tabs=portal#upgrade-waf-v2-with-legacy-waf-configuration-to-waf-policy			short	metadata_and_resource		"{""metadata_joined"":true,""recommendation_source"":""advisor_recommendations"",""resource_graph_joined"":true,""resource_graph_key"":[""13d4b9e9-e144-4fa6-8d03-38b1c9f2b4a3"",""/subscriptions/813119d7-0943-46ed-8ebe-cebe24f9106c/resourcegroups/selc-p-vnet-rg/providers/microsoft.network/applicationgateways/selc-p-app-gw""]}"	
Application gateway	WAF v2 Config	Application Gateway Web Application Firewall v2 configuration is retiring	13d4b9e9-e144-4fa6-8d03-38b1c9f2b4a3	2026-07-29	subscriptions	advisor_resource_retirement	advisor_joined	/subscriptions/88c709b0-11cf-4450-856e-f9bf54051c1d/resourcegroups/cstar-p-vnet-rg/providers/microsoft.network/applicationgateways/cstar-p-app-gw-maz/providers/Microsoft.Advisor/recommendations/0e0dc6812c4d6ca15fb95dc148865b463b18b9c232dee7d1bcd81650a21270b5	/subscriptions/88c709b0-11cf-4450-856e-f9bf54051c1d/resourcegroups/cstar-p-vnet-rg/providers/microsoft.network/applicationgateways/cstar-p-app-gw-maz/providers/Microsoft.Advisor/recommendations/0e0dc6812c4d6ca15fb95dc148865b463b18b9c232dee7d1bcd81650a21270b5	13d4b9e9-e144-4fa6-8d03-38b1c9f2b4a3	2027-03-31	exact	88c709b0-11cf-4450-856e-f9bf54051c1d	PROD-CSTAR	/subscriptions/88c709b0-11cf-4450-856e-f9bf54051c1d/resourcegroups/cstar-p-vnet-rg/providers/microsoft.network/applicationgateways/cstar-p-app-gw-maz	cstar-p-app-gw-maz	cstar-p-vnet-rg	microsoft.network/applicationgateways	westeurope	"{""CostCenter"":""TS310 - PAGAMENTI & SERVIZI"",""CreatedBy"":""Terraform"",""Environment"":""Prod"",""Folder"":""core"",""Owner"":""CSTAR"",""Source"":""https://github.com/pagopa/cstar-infrastructure/tree/main/src/core"",""domain"":""core"",""grafana"":""yes""}"			Medium		HighAvailability		New	2026-04-16T08:47:05Z			Application Gateway Web Application Firewall v2 configuration is retiring		https://learn.microsoft.com/azure/web-application-firewall/ag/upgrade-ag-waf-policy?tabs=portal#upgrade-waf-v2-with-legacy-waf-configuration-to-waf-policy			short	metadata_and_resource		"{""metadata_joined"":true,""recommendation_source"":""advisor_recommendations"",""resource_graph_joined"":true,""resource_graph_key"":[""13d4b9e9-e144-4fa6-8d03-38b1c9f2b4a3"",""/subscriptions/88c709b0-11cf-4450-856e-f9bf54051c1d/resourcegroups/cstar-p-vnet-rg/providers/microsoft.network/applicationgateways/cstar-p-app-gw-maz""]}"	
Kubernetes service	Legacy authentication for Container Insights - Azure Monitor	Migrate to Container insights managed identity authentication	b005ecf0-23e2-4279-9ca2-718d1518c9fb	2026-07-29	subscriptions	advisor_resource_retirement	advisor_joined	/subscriptions/88c709b0-11cf-4450-856e-f9bf54051c1d/resourcegroups/cstar-p-itn-core-aks-rg/providers/microsoft.containerservice/managedclusters/cstar-p-itn-prod-aks/providers/Microsoft.Advisor/recommendations/711df1e9493267eebbd20e2961a8990eb520e44a9015ef4dd454d423dbddca63	/subscriptions/88c709b0-11cf-4450-856e-f9bf54051c1d/resourcegroups/cstar-p-itn-core-aks-rg/providers/microsoft.containerservice/managedclusters/cstar-p-itn-prod-aks/providers/Microsoft.Advisor/recommendations/711df1e9493267eebbd20e2961a8990eb520e44a9015ef4dd454d423dbddca63	b005ecf0-23e2-4279-9ca2-718d1518c9fb	2026-09-30	exact	88c709b0-11cf-4450-856e-f9bf54051c1d	PROD-CSTAR	/subscriptions/88c709b0-11cf-4450-856e-f9bf54051c1d/resourcegroups/cstar-p-itn-core-aks-rg/providers/microsoft.containerservice/managedclusters/cstar-p-itn-prod-aks	cstar-p-itn-prod-aks	cstar-p-itn-core-aks-rg	microsoft.containerservice/managedclusters	italynorth	"{""CostCenter"":""TS310 - PAGAMENTI & SERVIZI"",""CreatedBy"":""Terraform"",""Environment"":""Prod"",""Folder"":""31_aks_italy"",""Owner"":""CSTAR"",""Source"":""https://github.com/pagopa/cstar-securehub-infra/tree/main/src/31_aks_italy"",""domain"":""core"",""grafana"":""yes""}"			Medium		HighAvailability		New	2026-04-16T16:00:26Z			Migrate to Container insights managed identity authentication		https://azure.microsoft.com/updates/?id=500853			short	metadata_and_resource		"{""metadata_joined"":true,""recommendation_source"":""advisor_recommendations"",""resource_graph_joined"":true,""resource_graph_key"":[""b005ecf0-23e2-4279-9ca2-718d1518c9fb"",""/subscriptions/88c709b0-11cf-4450-856e-f9bf54051c1d/resourcegroups/cstar-p-itn-core-aks-rg/providers/microsoft.containerservice/managedclusters/cstar-p-itn-prod-aks""]}"	
Kubernetes service	Legacy authentication for Container Insights - Azure Monitor	Migrate to Container insights managed identity authentication	b005ecf0-23e2-4279-9ca2-718d1518c9fb	2026-07-29	subscriptions	advisor_resource_retirement	advisor_joined	/subscriptions/88c709b0-11cf-4450-856e-f9bf54051c1d/resourcegroups/cstar-p-weu-prod01-aks-rg/providers/microsoft.containerservice/managedclusters/cstar-p-weu-prod01-aks/providers/Microsoft.Advisor/recommendations/b228b79299ad296123e425d363886a7b37cc2aa3bc10990506480d8398acc859	/subscriptions/88c709b0-11cf-4450-856e-f9bf54051c1d/resourcegroups/cstar-p-weu-prod01-aks-rg/providers/microsoft.containerservice/managedclusters/cstar-p-weu-prod01-aks/providers/Microsoft.Advisor/recommendations/b228b79299ad296123e425d363886a7b37cc2aa3bc10990506480d8398acc859	b005ecf0-23e2-4279-9ca2-718d1518c9fb	2026-09-30	exact	88c709b0-11cf-4450-856e-f9bf54051c1d	PROD-CSTAR	/subscriptions/88c709b0-11cf-4450-856e-f9bf54051c1d/resourcegroups/cstar-p-weu-prod01-aks-rg/providers/microsoft.containerservice/managedclusters/cstar-p-weu-prod01-aks	cstar-p-weu-prod01-aks	cstar-p-weu-prod01-aks-rg	microsoft.containerservice/managedclusters	westeurope	"{""CostCenter"":""TS310 - PAGAMENTI & SERVIZI"",""CreatedBy"":""Terraform"",""Environment"":""PROD"",""Owner"":""CSTAR"",""Source"":""https://github.com/pagopa/cstar-infrastructure""}"			Medium		HighAvailability		New	2026-06-19T02:43:55Z			Migrate to Container insights managed identity authentication		https://azure.microsoft.com/updates/?id=500853			short	metadata_and_resource		"{""metadata_joined"":true,""recommendation_source"":""advisor_recommendations"",""resource_graph_joined"":true,""resource_graph_key"":[""b005ecf0-23e2-4279-9ca2-718d1518c9fb"",""/subscriptions/88c709b0-11cf-4450-856e-f9bf54051c1d/resourcegroups/cstar-p-weu-prod01-aks-rg/providers/microsoft.containerservice/managedclusters/cstar-p-weu-prod01-aks""]}"	
Key vault	API versions prior to 2026-02-01	Azure Key Vault API versions prior to 2026-02-01 are being retired	7ff06874-39e9-41be-9552-fa1ae2a83c88	2026-07-29	subscriptions	advisor_resource_retirement	advisor_joined	/subscriptions/88c709b0-11cf-4450-856e-f9bf54051c1d/resourcegroups/cstar-p-itn-core-sec-rg/providers/microsoft.keyvault/vaults/cstar-p-itn-cicd-kv/providers/Microsoft.Advisor/recommendations/4de0580175260e75d75439207431a6ad7831872481c4ef3cd603eb906247afdf	/subscriptions/88c709b0-11cf-4450-856e-f9bf54051c1d/resourcegroups/cstar-p-itn-core-sec-rg/providers/microsoft.keyvault/vaults/cstar-p-itn-cicd-kv/providers/Microsoft.Advisor/recommendations/4de0580175260e75d75439207431a6ad7831872481c4ef3cd603eb906247afdf	7ff06874-39e9-41be-9552-fa1ae2a83c88	2027-02-27	exact	88c709b0-11cf-4450-856e-f9bf54051c1d	PROD-CSTAR	/subscriptions/88c709b0-11cf-4450-856e-f9bf54051c1d/resourcegroups/cstar-p-itn-core-sec-rg/providers/microsoft.keyvault/vaults/cstar-p-itn-cicd-kv	cstar-p-itn-cicd-kv	cstar-p-itn-core-sec-rg	microsoft.keyvault/vaults	italynorth	"{""CostCenter"":""TS310 - PAGAMENTI & SERVIZI"",""CreatedBy"":""Terraform"",""Environment"":""Prod"",""Folder"":""20_security_kv"",""Owner"":""CSTAR"",""Source"":""https://github.com/pagopa/cstar-securehub-infra/tree/main/src/20_security_kv"",""domain"":""core""}"			High		HighAvailability		New	2026-07-27T18:41:38Z			Azure Key Vault API versions prior to 2026-02-01 are being retired		https://learn.microsoft.com/azure/key-vault/general/access-control-default?tabs=azure-cli			short	metadata_and_resource		"{""metadata_joined"":true,""recommendation_source"":""advisor_recommendations"",""resource_graph_joined"":true,""resource_graph_key"":[""7ff06874-39e9-41be-9552-fa1ae2a83c88"",""/subscriptions/88c709b0-11cf-4450-856e-f9bf54051c1d/resourcegroups/cstar-p-itn-core-sec-rg/providers/microsoft.keyvault/vaults/cstar-p-itn-cicd-kv""]}"	
Key vault	API versions prior to 2026-02-01	Azure Key Vault API versions prior to 2026-02-01 are being retired	7ff06874-39e9-41be-9552-fa1ae2a83c88	2026-07-29	subscriptions	advisor_resource_retirement	advisor_joined	/subscriptions/88c709b0-11cf-4450-856e-f9bf54051c1d/resourcegroups/cstar-p-sec-rg/providers/microsoft.keyvault/vaults/cstar-p-kv/providers/Microsoft.Advisor/recommendations/69472fe0895c69f9ce16c536d64c664435a1714433df11503ef77ab78427a6f4	/subscriptions/88c709b0-11cf-4450-856e-f9bf54051c1d/resourcegroups/cstar-p-sec-rg/providers/microsoft.keyvault/vaults/cstar-p-kv/providers/Microsoft.Advisor/recommendations/69472fe0895c69f9ce16c536d64c664435a1714433df11503ef77ab78427a6f4	7ff06874-39e9-41be-9552-fa1ae2a83c88	2027-02-27	exact	88c709b0-11cf-4450-856e-f9bf54051c1d	PROD-CSTAR	/subscriptions/88c709b0-11cf-4450-856e-f9bf54051c1d/resourcegroups/cstar-p-sec-rg/providers/microsoft.keyvault/vaults/cstar-p-kv	cstar-p-kv	cstar-p-sec-rg	microsoft.keyvault/vaults	westeurope	"{""CostCenter"":""TS310 - PAGAMENTI & SERVIZI"",""CreatedBy"":""Terraform"",""Environment"":""Prod"",""Owner"":""cstar"",""Source"":""https://github.com/pagopa/cstar-infrastructure""}"			High		HighAvailability		New	2026-07-24T18:37:07Z			Azure Key Vault API versions prior to 2026-02-01 are being retired		https://learn.microsoft.com/azure/key-vault/general/access-control-default?tabs=azure-cli			short	metadata_and_resource		"{""metadata_joined"":true,""recommendation_source"":""advisor_recommendations"",""resource_graph_joined"":true,""resource_graph_key"":[""7ff06874-39e9-41be-9552-fa1ae2a83c88"",""/subscriptions/88c709b0-11cf-4450-856e-f9bf54051c1d/resourcegroups/cstar-p-sec-rg/providers/microsoft.keyvault/vaults/cstar-p-kv""]}"	
Key vault	API versions prior to 2026-02-01	Azure Key Vault API versions prior to 2026-02-01 are being retired	7ff06874-39e9-41be-9552-fa1ae2a83c88	2026-07-29	subscriptions	advisor_resource_retirement	advisor_joined	/subscriptions/88c709b0-11cf-4450-856e-f9bf54051c1d/resourcegroups/cstar-p-itn-srtp-security-rg/providers/microsoft.keyvault/vaults/cstar-p-itn-srtp-kv/providers/Microsoft.Advisor/recommendations/476cd42e88916f3b48b08a3e7d51dfa9392b2b58ed13ad49c6706b0acfe236d3	/subscriptions/88c709b0-11cf-4450-856e-f9bf54051c1d/resourcegroups/cstar-p-itn-srtp-security-rg/providers/microsoft.keyvault/vaults/cstar-p-itn-srtp-kv/providers/Microsoft.Advisor/recommendations/476cd42e88916f3b48b08a3e7d51dfa9392b2b58ed13ad49c6706b0acfe236d3	7ff06874-39e9-41be-9552-fa1ae2a83c88	2027-02-27	exact	88c709b0-11cf-4450-856e-f9bf54051c1d	PROD-CSTAR	/subscriptions/88c709b0-11cf-4450-856e-f9bf54051c1d/resourcegroups/cstar-p-itn-srtp-security-rg/providers/microsoft.keyvault/vaults/cstar-p-itn-srtp-kv	cstar-p-itn-srtp-kv	cstar-p-itn-srtp-security-rg	microsoft.keyvault/vaults	italynorth	"{""CostCenter"":""TS310 - PAGAMENTI & SERVIZI"",""CreatedBy"":""Terraform"",""Environment"":""Prod"",""Folder"":""70_domains/srtp_security"",""Owner"":""CSTAR"",""Source"":""https://github.com/pagopa/cstar-securehub-infra/tree/main/src/70_domains/srtp_security"",""domain"":""srtp""}"			High		HighAvailability		New	2026-07-22T12:51:55Z			Azure Key Vault API versions prior to 2026-02-01 are being retired		https://learn.microsoft.com/azure/key-vault/general/access-control-default?tabs=azure-cli			short	metadata_and_resource		"{""metadata_joined"":true,""recommendation_source"":""advisor_recommendations"",""resource_graph_joined"":true,""resource_graph_key"":[""7ff06874-39e9-41be-9552-fa1ae2a83c88"",""/subscriptions/88c709b0-11cf-4450-856e-f9bf54051c1d/resourcegroups/cstar-p-itn-srtp-security-rg/providers/microsoft.keyvault/vaults/cstar-p-itn-srtp-kv""]}"	
Key vault	API versions prior to 2026-02-01	Azure Key Vault API versions prior to 2026-02-01 are being retired	7ff06874-39e9-41be-9552-fa1ae2a83c88	2026-07-29	subscriptions	advisor_resource_retirement	advisor_joined	/subscriptions/88c709b0-11cf-4450-856e-f9bf54051c1d/resourcegroups/cstar-p-itn-core-sec-rg/providers/microsoft.keyvault/vaults/cstar-p-itn-core-kv/providers/Microsoft.Advisor/recommendations/839c95b587bed9380e2633c7d3042bec62bb9164f4fd9de0a6df1dea81f100c0	/subscriptions/88c709b0-11cf-4450-856e-f9bf54051c1d/resourcegroups/cstar-p-itn-core-sec-rg/providers/microsoft.keyvault/vaults/cstar-p-itn-core-kv/providers/Microsoft.Advisor/recommendations/839c95b587bed9380e2633c7d3042bec62bb9164f4fd9de0a6df1dea81f100c0	7ff06874-39e9-41be-9552-fa1ae2a83c88	2027-02-27	exact	88c709b0-11cf-4450-856e-f9bf54051c1d	PROD-CSTAR	/subscriptions/88c709b0-11cf-4450-856e-f9bf54051c1d/resourcegroups/cstar-p-itn-core-sec-rg/providers/microsoft.keyvault/vaults/cstar-p-itn-core-kv	cstar-p-itn-core-kv	cstar-p-itn-core-sec-rg	microsoft.keyvault/vaults	italynorth	"{""CostCenter"":""TS310 - PAGAMENTI & SERVIZI"",""CreatedBy"":""Terraform"",""Environment"":""Prod"",""Folder"":""20_security_kv"",""Owner"":""CSTAR"",""Source"":""https://github.com/pagopa/cstar-securehub-infra/tree/main/src/20_security_kv"",""domain"":""core""}"			High		HighAvailability		New	2026-07-10T17:01:14Z			Azure Key Vault API versions prior to 2026-02-01 are being retired		https://learn.microsoft.com/azure/key-vault/general/access-control-default?tabs=azure-cli			short	metadata_and_resource		"{""metadata_joined"":true,""recommendation_source"":""advisor_recommendations"",""resource_graph_joined"":true,""resource_graph_key"":[""7ff06874-39e9-41be-9552-fa1ae2a83c88"",""/subscriptions/88c709b0-11cf-4450-856e-f9bf54051c1d/resourcegroups/cstar-p-itn-core-sec-rg/providers/microsoft.keyvault/vaults/cstar-p-itn-core-kv""]}"	
Key vault	API versions prior to 2026-02-01	Azure Key Vault API versions prior to 2026-02-01 are being retired	7ff06874-39e9-41be-9552-fa1ae2a83c88	2026-07-29	subscriptions	advisor_resource_retirement	advisor_joined	/subscriptions/88c709b0-11cf-4450-856e-f9bf54051c1d/resourcegroups/cstar-p-tae-sec-rg/providers/microsoft.keyvault/vaults/cstar-p-tae-kv/providers/Microsoft.Advisor/recommendations/644baa1ddd15c172e1242ed5140aa5cdd9f302de0f9ba7c543dffc26a1e69514	/subscriptions/88c709b0-11cf-4450-856e-f9bf54051c1d/resourcegroups/cstar-p-tae-sec-rg/providers/microsoft.keyvault/vaults/cstar-p-tae-kv/providers/Microsoft.Advisor/recommendations/644baa1ddd15c172e1242ed5140aa5cdd9f302de0f9ba7c543dffc26a1e69514	7ff06874-39e9-41be-9552-fa1ae2a83c88	2027-02-27	exact	88c709b0-11cf-4450-856e-f9bf54051c1d	PROD-CSTAR	/subscriptions/88c709b0-11cf-4450-856e-f9bf54051c1d/resourcegroups/cstar-p-tae-sec-rg/providers/microsoft.keyvault/vaults/cstar-p-tae-kv	cstar-p-tae-kv	cstar-p-tae-sec-rg						High		HighAvailability		New	2026-07-26T01:07:37Z			Azure Key Vault API versions prior to 2026-02-01 are being retired		https://learn.microsoft.com/azure/key-vault/general/access-control-default?tabs=azure-cli			short	metadata_and_resource		"{""metadata_joined"":true,""recommendation_source"":""advisor_recommendations"",""resource_graph_joined"":true,""resource_graph_key"":[""7ff06874-39e9-41be-9552-fa1ae2a83c88"",""/subscriptions/88c709b0-11cf-4450-856e-f9bf54051c1d/resourcegroups/cstar-p-tae-sec-rg/providers/microsoft.keyvault/vaults/cstar-p-tae-kv""]}"	
Key vault	API versions prior to 2026-02-01	Azure Key Vault API versions prior to 2026-02-01 are being retired	7ff06874-39e9-41be-9552-fa1ae2a83c88	2026-07-29	subscriptions	advisor_resource_retirement	advisor_joined	/subscriptions/88c709b0-11cf-4450-856e-f9bf54051c1d/resourcegroups/cstar-p-itn-mdc-security-rg/providers/microsoft.keyvault/vaults/cstar-p-itn-mdc-kv/providers/Microsoft.Advisor/recommendations/6b0b8ad04d2e2aa1f7c926433e63f5c759390dd4fd6d713e707f8bf2eb7c001e	/subscriptions/88c709b0-11cf-4450-856e-f9bf54051c1d/resourcegroups/cstar-p-itn-mdc-security-rg/providers/microsoft.keyvault/vaults/cstar-p-itn-mdc-kv/providers/Microsoft.Advisor/recommendations/6b0b8ad04d2e2aa1f7c926433e63f5c759390dd4fd6d713e707f8bf2eb7c001e	7ff06874-39e9-41be-9552-fa1ae2a83c88	2027-02-27	exact	88c709b0-11cf-4450-856e-f9bf54051c1d	PROD-CSTAR	/subscriptions/88c709b0-11cf-4450-856e-f9bf54051c1d/resourcegroups/cstar-p-itn-mdc-security-rg/providers/microsoft.keyvault/vaults/cstar-p-itn-mdc-kv	cstar-p-itn-mdc-kv	cstar-p-itn-mdc-security-rg	microsoft.keyvault/vaults	italynorth	"{""CostCenter"":""TS310 - PAGAMENTI & SERVIZI"",""CreatedBy"":""Terraform"",""Environment"":""Prod"",""Folder"":""70_domains/mdc_security"",""Owner"":""CSTAR"",""Source"":""https://github.com/pagopa/cstar-securehub-infra/tree/main/src/70_domains/mdc_security"",""domain"":""mdc""}"			High		HighAvailability		New	2026-07-28T21:56:47Z			Azure Key Vault API versions prior to 2026-02-01 are being retired		https://learn.microsoft.com/azure/key-vault/general/access-control-default?tabs=azure-cli			short	metadata_and_resource		"{""metadata_joined"":true,""recommendation_source"":""advisor_recommendations"",""resource_graph_joined"":true,""resource_graph_key"":[""7ff06874-39e9-41be-9552-fa1ae2a83c88"",""/subscriptions/88c709b0-11cf-4450-856e-f9bf54051c1d/resourcegroups/cstar-p-itn-mdc-security-rg/providers/microsoft.keyvault/vaults/cstar-p-itn-mdc-kv""]}"	
Key vault	API versions prior to 2026-02-01	Azure Key Vault API versions prior to 2026-02-01 are being retired	7ff06874-39e9-41be-9552-fa1ae2a83c88	2026-07-29	subscriptions	advisor_resource_retirement	advisor_joined	/subscriptions/88c709b0-11cf-4450-856e-f9bf54051c1d/resourcegroups/cstar-p-rtd-sec-rg/providers/microsoft.keyvault/vaults/cstar-p-rtd-kv/providers/Microsoft.Advisor/recommendations/ecde16b4e7df83bd15b25fb74986477b0e74a9e5207ba7d75fe6003010d8e80c	/subscriptions/88c709b0-11cf-4450-856e-f9bf54051c1d/resourcegroups/cstar-p-rtd-sec-rg/providers/microsoft.keyvault/vaults/cstar-p-rtd-kv/providers/Microsoft.Advisor/recommendations/ecde16b4e7df83bd15b25fb74986477b0e74a9e5207ba7d75fe6003010d8e80c	7ff06874-39e9-41be-9552-fa1ae2a83c88	2027-02-27	exact	88c709b0-11cf-4450-856e-f9bf54051c1d	PROD-CSTAR	/subscriptions/88c709b0-11cf-4450-856e-f9bf54051c1d/resourcegroups/cstar-p-rtd-sec-rg/providers/microsoft.keyvault/vaults/cstar-p-rtd-kv	cstar-p-rtd-kv	cstar-p-rtd-sec-rg						High		HighAvailability		New	2026-07-26T01:19:02Z			Azure Key Vault API versions prior to 2026-02-01 are being retired		https://learn.microsoft.com/azure/key-vault/general/access-control-default?tabs=azure-cli			short	metadata_and_resource		"{""metadata_joined"":true,""recommendation_source"":""advisor_recommendations"",""resource_graph_joined"":true,""resource_graph_key"":[""7ff06874-39e9-41be-9552-fa1ae2a83c88"",""/subscriptions/88c709b0-11cf-4450-856e-f9bf54051c1d/resourcegroups/cstar-p-rtd-sec-rg/providers/microsoft.keyvault/vaults/cstar-p-rtd-kv""]}"	
Key vault	API versions prior to 2026-02-01	Azure Key Vault API versions prior to 2026-02-01 are being retired	7ff06874-39e9-41be-9552-fa1ae2a83c88	2026-07-29	subscriptions	advisor_resource_retirement	advisor_joined	/subscriptions/88c709b0-11cf-4450-856e-f9bf54051c1d/resourcegroups/cstar-p-idpay-sec-rg/providers/microsoft.keyvault/vaults/cstar-p-idpay-kv/providers/Microsoft.Advisor/recommendations/680339074b9b08b803070040879fb13dc11a87c5083fa373c14591994d03c3f7	/subscriptions/88c709b0-11cf-4450-856e-f9bf54051c1d/resourcegroups/cstar-p-idpay-sec-rg/providers/microsoft.keyvault/vaults/cstar-p-idpay-kv/providers/Microsoft.Advisor/recommendations/680339074b9b08b803070040879fb13dc11a87c5083fa373c14591994d03c3f7	7ff06874-39e9-41be-9552-fa1ae2a83c88	2027-02-27	exact	88c709b0-11cf-4450-856e-f9bf54051c1d	PROD-CSTAR	/subscriptions/88c709b0-11cf-4450-856e-f9bf54051c1d/resourcegroups/cstar-p-idpay-sec-rg/providers/microsoft.keyvault/vaults/cstar-p-idpay-kv	cstar-p-idpay-kv	cstar-p-idpay-sec-rg		global				High		HighAvailability		New	2026-07-26T03:43:46Z			Azure Key Vault API versions prior to 2026-02-01 are being retired		https://learn.microsoft.com/azure/key-vault/general/access-control-default?tabs=azure-cli			short	metadata_and_resource		"{""metadata_joined"":true,""recommendation_source"":""advisor_recommendations"",""resource_graph_joined"":true,""resource_graph_key"":[""7ff06874-39e9-41be-9552-fa1ae2a83c88"",""/subscriptions/88c709b0-11cf-4450-856e-f9bf54051c1d/resourcegroups/cstar-p-idpay-sec-rg/providers/microsoft.keyvault/vaults/cstar-p-idpay-kv""]}"	
Key vault	API versions prior to 2026-02-01	Azure Key Vault API versions prior to 2026-02-01 are being retired	7ff06874-39e9-41be-9552-fa1ae2a83c88	2026-07-29	subscriptions	advisor_resource_retirement	advisor_joined	/subscriptions/88c709b0-11cf-4450-856e-f9bf54051c1d/resourcegroups/cstar-p-itn-idpay-security-rg/providers/microsoft.keyvault/vaults/cstar-p-itn-idpay-kv/providers/Microsoft.Advisor/recommendations/16b03272669540d59a7a12ed21e1f5be911b1aa0714f6811e01620bbfd0fd581	/subscriptions/88c709b0-11cf-4450-856e-f9bf54051c1d/resourcegroups/cstar-p-itn-idpay-security-rg/providers/microsoft.keyvault/vaults/cstar-p-itn-idpay-kv/providers/Microsoft.Advisor/recommendations/16b03272669540d59a7a12ed21e1f5be911b1aa0714f6811e01620bbfd0fd581	7ff06874-39e9-41be-9552-fa1ae2a83c88	2027-02-27	exact	88c709b0-11cf-4450-856e-f9bf54051c1d	PROD-CSTAR	/subscriptions/88c709b0-11cf-4450-856e-f9bf54051c1d/resourcegroups/cstar-p-itn-idpay-security-rg/providers/microsoft.keyvault/vaults/cstar-p-itn-idpay-kv	cstar-p-itn-idpay-kv	cstar-p-itn-idpay-security-rg	microsoft.keyvault/vaults	italynorth	"{""CostCenter"":""TS310 - PAGAMENTI & SERVIZI"",""CreatedBy"":""Terraform"",""Environment"":""Prod"",""Folder"":""70_domains/idpay_security"",""Owner"":""CSTAR"",""Source"":""https://github.com/pagopa/cstar-securehub-infra/tree/main/src/70_domains/idpay_security"",""domain"":""idpay""}"			High		HighAvailability		New	2026-07-28T21:58:00Z			Azure Key Vault API versions prior to 2026-02-01 are being retired		https://learn.microsoft.com/azure/key-vault/general/access-control-default?tabs=azure-cli			short	metadata_and_resource		"{""metadata_joined"":true,""recommendation_source"":""advisor_recommendations"",""resource_graph_joined"":true,""resource_graph_key"":[""7ff06874-39e9-41be-9552-fa1ae2a83c88"",""/subscriptions/88c709b0-11cf-4450-856e-f9bf54051c1d/resourcegroups/cstar-p-itn-idpay-security-rg/providers/microsoft.keyvault/vaults/cstar-p-itn-idpay-kv""]}"	
Kubernetes service	Azure Kubernetes Service support for Ubuntu 22.04	Migrate to Ubuntu 24.04 or later versions	00dbcc9d-50d4-44ef-bc21-c15785cddf42	2026-07-29	subscriptions	advisor_resource_retirement	advisor_joined	/subscriptions/88c709b0-11cf-4450-856e-f9bf54051c1d/resourcegroups/cstar-p-weu-prod01-aks-rg/providers/microsoft.containerservice/managedclusters/cstar-p-weu-prod01-aks/providers/Microsoft.Advisor/recommendations/8338ab043d1983c794e6b65548f296cb800b306722a3ec40119c9714a66c443b	/subscriptions/88c709b0-11cf-4450-856e-f9bf54051c1d/resourcegroups/cstar-p-weu-prod01-aks-rg/providers/microsoft.containerservice/managedclusters/cstar-p-weu-prod01-aks/providers/Microsoft.Advisor/recommendations/8338ab043d1983c794e6b65548f296cb800b306722a3ec40119c9714a66c443b	00dbcc9d-50d4-44ef-bc21-c15785cddf42	2027-06-30	exact	88c709b0-11cf-4450-856e-f9bf54051c1d	PROD-CSTAR	/subscriptions/88c709b0-11cf-4450-856e-f9bf54051c1d/resourcegroups/cstar-p-weu-prod01-aks-rg/providers/microsoft.containerservice/managedclusters/cstar-p-weu-prod01-aks	cstar-p-weu-prod01-aks	cstar-p-weu-prod01-aks-rg	microsoft.containerservice/managedclusters	westeurope	"{""CostCenter"":""TS310 - PAGAMENTI & SERVIZI"",""CreatedBy"":""Terraform"",""Environment"":""PROD"",""Owner"":""CSTAR"",""Source"":""https://github.com/pagopa/cstar-infrastructure""}"			Medium		HighAvailability		New	2026-05-07T14:51:41Z			Migrate to Ubuntu 24.04 or later versions		https://azure.microsoft.com/updates/?id=557928			short	metadata_and_resource		"{""metadata_joined"":true,""recommendation_source"":""advisor_recommendations"",""resource_graph_joined"":true,""resource_graph_key"":[""00dbcc9d-50d4-44ef-bc21-c15785cddf42"",""/subscriptions/88c709b0-11cf-4450-856e-f9bf54051c1d/resourcegroups/cstar-p-weu-prod01-aks-rg/providers/microsoft.containerservice/managedclusters/cstar-p-weu-prod01-aks""]}"	
Kubernetes service	Azure Kubernetes Service support for Ubuntu 22.04	Migrate to Ubuntu 24.04 or later versions	00dbcc9d-50d4-44ef-bc21-c15785cddf42	2026-07-29	subscriptions	advisor_resource_retirement	advisor_joined	/subscriptions/88c709b0-11cf-4450-856e-f9bf54051c1d/resourcegroups/cstar-p-itn-core-aks-rg/providers/microsoft.containerservice/managedclusters/cstar-p-itn-prod-aks/providers/Microsoft.Advisor/recommendations/5145fb2ca4c9e03131c664316b1a4d0a39f560ad17dba11c23007ff1ea131df5	/subscriptions/88c709b0-11cf-4450-856e-f9bf54051c1d/resourcegroups/cstar-p-itn-core-aks-rg/providers/microsoft.containerservice/managedclusters/cstar-p-itn-prod-aks/providers/Microsoft.Advisor/recommendations/5145fb2ca4c9e03131c664316b1a4d0a39f560ad17dba11c23007ff1ea131df5	00dbcc9d-50d4-44ef-bc21-c15785cddf42	2027-06-30	exact	88c709b0-11cf-4450-856e-f9bf54051c1d	PROD-CSTAR	/subscriptions/88c709b0-11cf-4450-856e-f9bf54051c1d/resourcegroups/cstar-p-itn-core-aks-rg/providers/microsoft.containerservice/managedclusters/cstar-p-itn-prod-aks	cstar-p-itn-prod-aks	cstar-p-itn-core-aks-rg	microsoft.containerservice/managedclusters	italynorth	"{""CostCenter"":""TS310 - PAGAMENTI & SERVIZI"",""CreatedBy"":""Terraform"",""Environment"":""Prod"",""Folder"":""31_aks_italy"",""Owner"":""CSTAR"",""Source"":""https://github.com/pagopa/cstar-securehub-infra/tree/main/src/31_aks_italy"",""domain"":""core"",""grafana"":""yes""}"			Medium		HighAvailability		New	2026-05-07T15:05:08Z			Migrate to Ubuntu 24.04 or later versions		https://azure.microsoft.com/updates/?id=557928			short	metadata_and_resource		"{""metadata_joined"":true,""recommendation_source"":""advisor_recommendations"",""resource_graph_joined"":true,""resource_graph_key"":[""00dbcc9d-50d4-44ef-bc21-c15785cddf42"",""/subscriptions/88c709b0-11cf-4450-856e-f9bf54051c1d/resourcegroups/cstar-p-itn-core-aks-rg/providers/microsoft.containerservice/managedclusters/cstar-p-itn-prod-aks""]}"	
Key vault	API versions prior to 2026-02-01	Azure Key Vault API versions prior to 2026-02-01 are being retired	7ff06874-39e9-41be-9552-fa1ae2a83c88	2026-07-29	subscriptions	advisor_resource_retirement	advisor_joined	/subscriptions/8fa8f33a-6309-40c4-bccf-b52fe517ae7d/resourcegroups/paymon-u-ec-org-sec-rg/providers/microsoft.keyvault/vaults/paymon-u-ec-org-kv/providers/Microsoft.Advisor/recommendations/4fe509414f95a9b98229733f9c5b25406ef58f75fab8e61a532b00079b488fec	/subscriptions/8fa8f33a-6309-40c4-bccf-b52fe517ae7d/resourcegroups/paymon-u-ec-org-sec-rg/providers/microsoft.keyvault/vaults/paymon-u-ec-org-kv/providers/Microsoft.Advisor/recommendations/4fe509414f95a9b98229733f9c5b25406ef58f75fab8e61a532b00079b488fec	7ff06874-39e9-41be-9552-fa1ae2a83c88	2027-02-27	exact	8fa8f33a-6309-40c4-bccf-b52fe517ae7d	UAT-PAY-MONITORING	/subscriptions/8fa8f33a-6309-40c4-bccf-b52fe517ae7d/resourcegroups/paymon-u-ec-org-sec-rg/providers/microsoft.keyvault/vaults/paymon-u-ec-org-kv	paymon-u-ec-org-kv	paymon-u-ec-org-sec-rg	microsoft.keyvault/vaults	italynorth	"{""CostCenter"":""TS310 - PAGAMENTI & SERVIZI"",""CreatedBy"":""Terraform"",""Environment"":""UAT"",""Folder"":""00_elastic_organization_secret"",""Owner"":""PAY-MONITORING"",""Source"":""https://github.com/pagopa/elasticcloud-infra""}"			High		HighAvailability		New	2026-07-22T12:42:00Z			Azure Key Vault API versions prior to 2026-02-01 are being retired		https://learn.microsoft.com/azure/key-vault/general/access-control-default?tabs=azure-cli			short	metadata_and_resource		"{""metadata_joined"":true,""recommendation_source"":""advisor_recommendations"",""resource_graph_joined"":true,""resource_graph_key"":[""7ff06874-39e9-41be-9552-fa1ae2a83c88"",""/subscriptions/8fa8f33a-6309-40c4-bccf-b52fe517ae7d/resourcegroups/paymon-u-ec-org-sec-rg/providers/microsoft.keyvault/vaults/paymon-u-ec-org-kv""]}"	
Key vault	API versions prior to 2026-02-01	Azure Key Vault API versions prior to 2026-02-01 are being retired	7ff06874-39e9-41be-9552-fa1ae2a83c88	2026-07-29	subscriptions	advisor_resource_retirement	advisor_joined	/subscriptions/8fa8f33a-6309-40c4-bccf-b52fe517ae7d/resourcegroups/paymon-u-pagopa-uat-sec-rg/providers/microsoft.keyvault/vaults/paymon-u-pagopa-uat-kv/providers/Microsoft.Advisor/recommendations/614b9b509aab9f67e3d2172909f1c7d7d22af459007ff72f490aadfaedfdfd2f	/subscriptions/8fa8f33a-6309-40c4-bccf-b52fe517ae7d/resourcegroups/paymon-u-pagopa-uat-sec-rg/providers/microsoft.keyvault/vaults/paymon-u-pagopa-uat-kv/providers/Microsoft.Advisor/recommendations/614b9b509aab9f67e3d2172909f1c7d7d22af459007ff72f490aadfaedfdfd2f	7ff06874-39e9-41be-9552-fa1ae2a83c88	2027-02-27	exact	8fa8f33a-6309-40c4-bccf-b52fe517ae7d	UAT-PAY-MONITORING	/subscriptions/8fa8f33a-6309-40c4-bccf-b52fe517ae7d/resourcegroups/paymon-u-pagopa-uat-sec-rg/providers/microsoft.keyvault/vaults/paymon-u-pagopa-uat-kv	paymon-u-pagopa-uat-kv	paymon-u-pagopa-uat-sec-rg	microsoft.keyvault/vaults	westeurope	"{""CostCenter"":""TS310 - PAGAMENTI & SERVIZI"",""CreatedBy"":""Terraform"",""Domain"":""05_elastic_secret"",""Environment"":""UAT"",""Owner"":""PAY-MONITORING"",""SecondaryOwner"":""pagopa"",""Source"":""https://github.com/pagopa/elasticcloud-infra""}"			High		HighAvailability		New	2026-07-22T12:36:26Z			Azure Key Vault API versions prior to 2026-02-01 are being retired		https://learn.microsoft.com/azure/key-vault/general/access-control-default?tabs=azure-cli			short	metadata_and_resource		"{""metadata_joined"":true,""recommendation_source"":""advisor_recommendations"",""resource_graph_joined"":true,""resource_graph_key"":[""7ff06874-39e9-41be-9552-fa1ae2a83c88"",""/subscriptions/8fa8f33a-6309-40c4-bccf-b52fe517ae7d/resourcegroups/paymon-u-pagopa-uat-sec-rg/providers/microsoft.keyvault/vaults/paymon-u-pagopa-uat-kv""]}"	
Key vault	API versions prior to 2026-02-01	Azure Key Vault API versions prior to 2026-02-01 are being retired	7ff06874-39e9-41be-9552-fa1ae2a83c88	2026-07-29	subscriptions	advisor_resource_retirement	advisor_joined	/subscriptions/a1c820d4-9fbd-4e24-b39a-745e74c01040/resourcegroups/paymon-d-pagopa-dev-sec-rg/providers/microsoft.keyvault/vaults/paymon-d-pagopa-dev-kv/providers/Microsoft.Advisor/recommendations/f8fb5e128dd13bfe1236ccd1717af4b424cbf955d8f074a5a7a9014e3eb3d417	/subscriptions/a1c820d4-9fbd-4e24-b39a-745e74c01040/resourcegroups/paymon-d-pagopa-dev-sec-rg/providers/microsoft.keyvault/vaults/paymon-d-pagopa-dev-kv/providers/Microsoft.Advisor/recommendations/f8fb5e128dd13bfe1236ccd1717af4b424cbf955d8f074a5a7a9014e3eb3d417	7ff06874-39e9-41be-9552-fa1ae2a83c88	2027-02-27	exact	a1c820d4-9fbd-4e24-b39a-745e74c01040	DEV-PAY-MONITORING	/subscriptions/a1c820d4-9fbd-4e24-b39a-745e74c01040/resourcegroups/paymon-d-pagopa-dev-sec-rg/providers/microsoft.keyvault/vaults/paymon-d-pagopa-dev-kv	paymon-d-pagopa-dev-kv	paymon-d-pagopa-dev-sec-rg	microsoft.keyvault/vaults	westeurope	"{""CostCenter"":""TS310 - PAGAMENTI & SERVIZI"",""CreatedBy"":""Terraform"",""Domain"":""05_elastic_secret"",""Environment"":""DEV"",""Owner"":""PAY-MONITORING"",""SecondaryOwner"":""pagopa"",""Source"":""https://github.com/pagopa/elasticcloud-infra""}"			High		HighAvailability		New	2026-07-22T12:47:18Z			Azure Key Vault API versions prior to 2026-02-01 are being retired		https://learn.microsoft.com/azure/key-vault/general/access-control-default?tabs=azure-cli			short	metadata_and_resource		"{""metadata_joined"":true,""recommendation_source"":""advisor_recommendations"",""resource_graph_joined"":true,""resource_graph_key"":[""7ff06874-39e9-41be-9552-fa1ae2a83c88"",""/subscriptions/a1c820d4-9fbd-4e24-b39a-745e74c01040/resourcegroups/paymon-d-pagopa-dev-sec-rg/providers/microsoft.keyvault/vaults/paymon-d-pagopa-dev-kv""]}"	
Key vault	API versions prior to 2026-02-01	Azure Key Vault API versions prior to 2026-02-01 are being retired	7ff06874-39e9-41be-9552-fa1ae2a83c88	2026-07-29	subscriptions	advisor_resource_retirement	advisor_joined	/subscriptions/a1c820d4-9fbd-4e24-b39a-745e74c01040/resourcegroups/paymon-d-ec-org-sec-rg/providers/microsoft.keyvault/vaults/paymon-d-ec-org-kv/providers/Microsoft.Advisor/recommendations/1f3863e2450c4e634c6f564c7577230f26b8d52bcafb1695515fcffbf799b3f6	/subscriptions/a1c820d4-9fbd-4e24-b39a-745e74c01040/resourcegroups/paymon-d-ec-org-sec-rg/providers/microsoft.keyvault/vaults/paymon-d-ec-org-kv/providers/Microsoft.Advisor/recommendations/1f3863e2450c4e634c6f564c7577230f26b8d52bcafb1695515fcffbf799b3f6	7ff06874-39e9-41be-9552-fa1ae2a83c88	2027-02-27	exact	a1c820d4-9fbd-4e24-b39a-745e74c01040	DEV-PAY-MONITORING	/subscriptions/a1c820d4-9fbd-4e24-b39a-745e74c01040/resourcegroups/paymon-d-ec-org-sec-rg/providers/microsoft.keyvault/vaults/paymon-d-ec-org-kv	paymon-d-ec-org-kv	paymon-d-ec-org-sec-rg	microsoft.keyvault/vaults	italynorth	"{""CostCenter"":""TS310 - PAGAMENTI & SERVIZI"",""CreatedBy"":""Terraform"",""Environment"":""DEV"",""Folder"":""00_elastic_organization_secret"",""Owner"":""PAY-MONITORING"",""Source"":""https://github.com/pagopa/elasticcloud-infra""}"			High		HighAvailability		New	2026-07-22T12:36:52Z			Azure Key Vault API versions prior to 2026-02-01 are being retired		https://learn.microsoft.com/azure/key-vault/general/access-control-default?tabs=azure-cli			short	metadata_and_resource		"{""metadata_joined"":true,""recommendation_source"":""advisor_recommendations"",""resource_graph_joined"":true,""resource_graph_key"":[""7ff06874-39e9-41be-9552-fa1ae2a83c88"",""/subscriptions/a1c820d4-9fbd-4e24-b39a-745e74c01040/resourcegroups/paymon-d-ec-org-sec-rg/providers/microsoft.keyvault/vaults/paymon-d-ec-org-kv""]}"	
Storage Account	Legacy Blob and General-Purpose v1 storage accounts	Upgrade general-purpose v1 storage accounts	1d70919c-1a4a-4f79-8300-bb576c291e9d	2026-07-29	subscriptions	advisor_resource_retirement	advisor_joined	/subscriptions/a2124115-ba74-462f-832a-9192cbd03649/resourcegroups/ts-p-ops-rg/providers/microsoft.storage/storageaccounts/tspopslapptest/providers/Microsoft.Advisor/recommendations/cf0774b14788f21141e34e022fdc712a5a5249ad62dae930d81744429b325e2f	/subscriptions/a2124115-ba74-462f-832a-9192cbd03649/resourcegroups/ts-p-ops-rg/providers/microsoft.storage/storageaccounts/tspopslapptest/providers/Microsoft.Advisor/recommendations/cf0774b14788f21141e34e022fdc712a5a5249ad62dae930d81744429b325e2f	1d70919c-1a4a-4f79-8300-bb576c291e9d	2026-10-13	exact	a2124115-ba74-462f-832a-9192cbd03649	PROD-TRIAL	/subscriptions/a2124115-ba74-462f-832a-9192cbd03649/resourcegroups/ts-p-ops-rg/providers/microsoft.storage/storageaccounts/tspopslapptest	tspopslapptest	ts-p-ops-rg	microsoft.storage/storageaccounts	italynorth	{}			Medium		HighAvailability		New	2026-05-11T17:38:10Z			Upgrade general-purpose v1 storage accounts		https://azure.microsoft.com/updates/?id=496964			short	metadata_and_resource		"{""metadata_joined"":true,""recommendation_source"":""advisor_recommendations"",""resource_graph_joined"":true,""resource_graph_key"":[""1d70919c-1a4a-4f79-8300-bb576c291e9d"",""/subscriptions/a2124115-ba74-462f-832a-9192cbd03649/resourcegroups/ts-p-ops-rg/providers/microsoft.storage/storageaccounts/tspopslapptest""]}"	
Storage Account	Legacy Blob and General-Purpose v1 storage accounts	Upgrade general-purpose v1 storage accounts	1d70919c-1a4a-4f79-8300-bb576c291e9d	2026-07-29	subscriptions	advisor_resource_retirement	advisor_joined	/subscriptions/a4e96bcd-59dc-4d66-b2f7-5547ad157c12/resourcegroups/io-d-itn-wallet-rg/providers/microsoft.storage/storageaccounts/ioditnwalletrg9a34/providers/Microsoft.Advisor/recommendations/e1c53daa1f4d7a4818dff16b35ac4f1ba99c2a45f516f2002f4d6a58bb11554e	/subscriptions/a4e96bcd-59dc-4d66-b2f7-5547ad157c12/resourcegroups/io-d-itn-wallet-rg/providers/microsoft.storage/storageaccounts/ioditnwalletrg9a34/providers/Microsoft.Advisor/recommendations/e1c53daa1f4d7a4818dff16b35ac4f1ba99c2a45f516f2002f4d6a58bb11554e	1d70919c-1a4a-4f79-8300-bb576c291e9d	2026-10-13	exact	a4e96bcd-59dc-4d66-b2f7-5547ad157c12	DEV-IO	/subscriptions/a4e96bcd-59dc-4d66-b2f7-5547ad157c12/resourcegroups/io-d-itn-wallet-rg/providers/microsoft.storage/storageaccounts/ioditnwalletrg9a34	ioditnwalletrg9a34	io-d-itn-wallet-rg	microsoft.storage/storageaccounts	italynorth	{}			Medium		HighAvailability		New	2026-05-11T17:38:56Z			Upgrade general-purpose v1 storage accounts		https://azure.microsoft.com/updates/?id=496964			short	metadata_and_resource		"{""metadata_joined"":true,""recommendation_source"":""advisor_recommendations"",""resource_graph_joined"":true,""resource_graph_key"":[""1d70919c-1a4a-4f79-8300-bb576c291e9d"",""/subscriptions/a4e96bcd-59dc-4d66-b2f7-5547ad157c12/resourcegroups/io-d-itn-wallet-rg/providers/microsoft.storage/storageaccounts/ioditnwalletrg9a34""]}"	
Storage Account	Legacy Blob and General-Purpose v1 storage accounts	Upgrade general-purpose v1 storage accounts	1d70919c-1a4a-4f79-8300-bb576c291e9d	2026-07-29	subscriptions	advisor_resource_retirement	advisor_joined	/subscriptions/a4e96bcd-59dc-4d66-b2f7-5547ad157c12/resourcegroups/dev-fn-elt/providers/microsoft.storage/storageaccounts/iodstfn3elt/providers/Microsoft.Advisor/recommendations/89ca301ed3e1a274a8a04f536c4e231d39921fbea891a062a6579baa54862116	/subscriptions/a4e96bcd-59dc-4d66-b2f7-5547ad157c12/resourcegroups/dev-fn-elt/providers/microsoft.storage/storageaccounts/iodstfn3elt/providers/Microsoft.Advisor/recommendations/89ca301ed3e1a274a8a04f536c4e231d39921fbea891a062a6579baa54862116	1d70919c-1a4a-4f79-8300-bb576c291e9d	2026-10-13	exact	a4e96bcd-59dc-4d66-b2f7-5547ad157c12	DEV-IO	/subscriptions/a4e96bcd-59dc-4d66-b2f7-5547ad157c12/resourcegroups/dev-fn-elt/providers/microsoft.storage/storageaccounts/iodstfn3elt	iodstfn3elt	dev-fn-elt	microsoft.storage/storageaccounts	westeurope	{}			Medium		HighAvailability		New	2026-05-18T10:17:24Z			Upgrade general-purpose v1 storage accounts		https://azure.microsoft.com/updates/?id=496964			short	metadata_and_resource		"{""metadata_joined"":true,""recommendation_source"":""advisor_recommendations"",""resource_graph_joined"":true,""resource_graph_key"":[""1d70919c-1a4a-4f79-8300-bb576c291e9d"",""/subscriptions/a4e96bcd-59dc-4d66-b2f7-5547ad157c12/resourcegroups/dev-fn-elt/providers/microsoft.storage/storageaccounts/iodstfn3elt""]}"	
Storage Account	Legacy Blob and General-Purpose v1 storage accounts	Upgrade general-purpose v1 storage accounts	1d70919c-1a4a-4f79-8300-bb576c291e9d	2026-07-29	subscriptions	advisor_resource_retirement	advisor_joined	/subscriptions/a4e96bcd-59dc-4d66-b2f7-5547ad157c12/resourcegroups/dev-scirulli/providers/microsoft.storage/storageaccounts/devscirulli8958/providers/Microsoft.Advisor/recommendations/e3cf714cab784d1178f33a4fc6a669644242dcbcd72544427d840b35f40648f4	/subscriptions/a4e96bcd-59dc-4d66-b2f7-5547ad157c12/resourcegroups/dev-scirulli/providers/microsoft.storage/storageaccounts/devscirulli8958/providers/Microsoft.Advisor/recommendations/e3cf714cab784d1178f33a4fc6a669644242dcbcd72544427d840b35f40648f4	1d70919c-1a4a-4f79-8300-bb576c291e9d	2026-10-13	exact	a4e96bcd-59dc-4d66-b2f7-5547ad157c12	DEV-IO	/subscriptions/a4e96bcd-59dc-4d66-b2f7-5547ad157c12/resourcegroups/dev-scirulli/providers/microsoft.storage/storageaccounts/devscirulli8958	devscirulli8958	dev-scirulli	microsoft.storage/storageaccounts	westeurope	{}			Medium		HighAvailability		New	2026-05-20T17:48:44Z			Upgrade general-purpose v1 storage accounts		https://azure.microsoft.com/updates/?id=496964			short	metadata_and_resource		"{""metadata_joined"":true,""recommendation_source"":""advisor_recommendations"",""resource_graph_joined"":true,""resource_graph_key"":[""1d70919c-1a4a-4f79-8300-bb576c291e9d"",""/subscriptions/a4e96bcd-59dc-4d66-b2f7-5547ad157c12/resourcegroups/dev-scirulli/providers/microsoft.storage/storageaccounts/devscirulli8958""]}"	
Storage Account	Legacy Blob and General-Purpose v1 storage accounts	Upgrade general-purpose v1 storage accounts	1d70919c-1a4a-4f79-8300-bb576c291e9d	2026-07-29	subscriptions	advisor_resource_retirement	advisor_joined	/subscriptions/a4e96bcd-59dc-4d66-b2f7-5547ad157c12/resourcegroups/dev-lorenzo/providers/microsoft.storage/storageaccounts/devlorenzo947b/providers/Microsoft.Advisor/recommendations/9a48b84d756ba01269a5cb2c82e0d388eb117649ca991c80a9518436127165db	/subscriptions/a4e96bcd-59dc-4d66-b2f7-5547ad157c12/resourcegroups/dev-lorenzo/providers/microsoft.storage/storageaccounts/devlorenzo947b/providers/Microsoft.Advisor/recommendations/9a48b84d756ba01269a5cb2c82e0d388eb117649ca991c80a9518436127165db	1d70919c-1a4a-4f79-8300-bb576c291e9d	2026-10-13	exact	a4e96bcd-59dc-4d66-b2f7-5547ad157c12	DEV-IO	/subscriptions/a4e96bcd-59dc-4d66-b2f7-5547ad157c12/resourcegroups/dev-lorenzo/providers/microsoft.storage/storageaccounts/devlorenzo947b	devlorenzo947b	dev-lorenzo	microsoft.storage/storageaccounts	italynorth	{}			Medium		HighAvailability		New	2026-05-19T17:47:33Z			Upgrade general-purpose v1 storage accounts		https://azure.microsoft.com/updates/?id=496964			short	metadata_and_resource		"{""metadata_joined"":true,""recommendation_source"":""advisor_recommendations"",""resource_graph_joined"":true,""resource_graph_key"":[""1d70919c-1a4a-4f79-8300-bb576c291e9d"",""/subscriptions/a4e96bcd-59dc-4d66-b2f7-5547ad157c12/resourcegroups/dev-lorenzo/providers/microsoft.storage/storageaccounts/devlorenzo947b""]}"	
Key vault	API versions prior to 2026-02-01	Azure Key Vault API versions prior to 2026-02-01 are being retired	7ff06874-39e9-41be-9552-fa1ae2a83c88	2026-07-29	subscriptions	advisor_resource_retirement	advisor_joined	/subscriptions/a4e96bcd-59dc-4d66-b2f7-5547ad157c12/resourcegroups/io-d-itn-wallet-rg/providers/microsoft.keyvault/vaults/io-d-itn-wallet-kv/providers/Microsoft.Advisor/recommendations/179e6d36f592b41fd9156a359de24b5a41d22d1f0cfe1a24fa7fea5f87108850	/subscriptions/a4e96bcd-59dc-4d66-b2f7-5547ad157c12/resourcegroups/io-d-itn-wallet-rg/providers/microsoft.keyvault/vaults/io-d-itn-wallet-kv/providers/Microsoft.Advisor/recommendations/179e6d36f592b41fd9156a359de24b5a41d22d1f0cfe1a24fa7fea5f87108850	7ff06874-39e9-41be-9552-fa1ae2a83c88	2027-02-27	exact	a4e96bcd-59dc-4d66-b2f7-5547ad157c12	DEV-IO	/subscriptions/a4e96bcd-59dc-4d66-b2f7-5547ad157c12/resourcegroups/io-d-itn-wallet-rg/providers/microsoft.keyvault/vaults/io-d-itn-wallet-kv	io-d-itn-wallet-kv	io-d-itn-wallet-rg	microsoft.keyvault/vaults	italynorth	{}			High		HighAvailability		New	2026-07-20T14:27:26Z			Azure Key Vault API versions prior to 2026-02-01 are being retired		https://learn.microsoft.com/azure/key-vault/general/access-control-default?tabs=azure-cli			short	metadata_and_resource		"{""metadata_joined"":true,""recommendation_source"":""advisor_recommendations"",""resource_graph_joined"":true,""resource_graph_key"":[""7ff06874-39e9-41be-9552-fa1ae2a83c88"",""/subscriptions/a4e96bcd-59dc-4d66-b2f7-5547ad157c12/resourcegroups/io-d-itn-wallet-rg/providers/microsoft.keyvault/vaults/io-d-itn-wallet-kv""]}"	
Key vault	API versions prior to 2026-02-01	Azure Key Vault API versions prior to 2026-02-01 are being retired	7ff06874-39e9-41be-9552-fa1ae2a83c88	2026-07-29	subscriptions	advisor_resource_retirement	advisor_joined	/subscriptions/a4e96bcd-59dc-4d66-b2f7-5547ad157c12/resourcegroups/io-d-itn-common-rg-01/providers/microsoft.keyvault/vaults/io-d-itn-common-kv-01/providers/Microsoft.Advisor/recommendations/cab1e4e2cfcc6029efe77fc47a428e15857489a88904650af1b2e73b0cb3ed1d	/subscriptions/a4e96bcd-59dc-4d66-b2f7-5547ad157c12/resourcegroups/io-d-itn-common-rg-01/providers/microsoft.keyvault/vaults/io-d-itn-common-kv-01/providers/Microsoft.Advisor/recommendations/cab1e4e2cfcc6029efe77fc47a428e15857489a88904650af1b2e73b0cb3ed1d	7ff06874-39e9-41be-9552-fa1ae2a83c88	2027-02-27	exact	a4e96bcd-59dc-4d66-b2f7-5547ad157c12	DEV-IO	/subscriptions/a4e96bcd-59dc-4d66-b2f7-5547ad157c12/resourcegroups/io-d-itn-common-rg-01/providers/microsoft.keyvault/vaults/io-d-itn-common-kv-01	io-d-itn-common-kv-01	io-d-itn-common-rg-01	microsoft.keyvault/vaults	italynorth	{}			High		HighAvailability		New	2026-07-27T18:41:36Z			Azure Key Vault API versions prior to 2026-02-01 are being retired		https://learn.microsoft.com/azure/key-vault/general/access-control-default?tabs=azure-cli			short	metadata_and_resource		"{""metadata_joined"":true,""recommendation_source"":""advisor_recommendations"",""resource_graph_joined"":true,""resource_graph_key"":[""7ff06874-39e9-41be-9552-fa1ae2a83c88"",""/subscriptions/a4e96bcd-59dc-4d66-b2f7-5547ad157c12/resourcegroups/io-d-itn-common-rg-01/providers/microsoft.keyvault/vaults/io-d-itn-common-kv-01""]}"	
Storage Account	Legacy Blob and General-Purpose v1 storage accounts	Upgrade general-purpose v1 storage accounts	1d70919c-1a4a-4f79-8300-bb576c291e9d	2026-07-29	subscriptions	advisor_resource_retirement	advisor_joined	/subscriptions/a4e96bcd-59dc-4d66-b2f7-5547ad157c12/resourcegroups/io-d-itn-wallet-rg/providers/microsoft.storage/storageaccounts/ioditnwalletrga9a2/providers/Microsoft.Advisor/recommendations/9d2d42e3a504740c7205e3f144097694e84a2d2c0f873b442a42c16e4179fe1d	/subscriptions/a4e96bcd-59dc-4d66-b2f7-5547ad157c12/resourcegroups/io-d-itn-wallet-rg/providers/microsoft.storage/storageaccounts/ioditnwalletrga9a2/providers/Microsoft.Advisor/recommendations/9d2d42e3a504740c7205e3f144097694e84a2d2c0f873b442a42c16e4179fe1d	1d70919c-1a4a-4f79-8300-bb576c291e9d	2026-10-13	exact	a4e96bcd-59dc-4d66-b2f7-5547ad157c12	DEV-IO	/subscriptions/a4e96bcd-59dc-4d66-b2f7-5547ad157c12/resourcegroups/io-d-itn-wallet-rg/providers/microsoft.storage/storageaccounts/ioditnwalletrga9a2	ioditnwalletrga9a2	io-d-itn-wallet-rg	microsoft.storage/storageaccounts	italynorth	{}			Medium		HighAvailability		New	2026-05-21T10:03:12Z			Upgrade general-purpose v1 storage accounts		https://azure.microsoft.com/updates/?id=496964			short	metadata_and_resource		"{""metadata_joined"":true,""recommendation_source"":""advisor_recommendations"",""resource_graph_joined"":true,""resource_graph_key"":[""1d70919c-1a4a-4f79-8300-bb576c291e9d"",""/subscriptions/a4e96bcd-59dc-4d66-b2f7-5547ad157c12/resourcegroups/io-d-itn-wallet-rg/providers/microsoft.storage/storageaccounts/ioditnwalletrga9a2""]}"	
Storage Account	Legacy Blob and General-Purpose v1 storage accounts	Upgrade general-purpose v1 storage accounts	1d70919c-1a4a-4f79-8300-bb576c291e9d	2026-07-29	subscriptions	advisor_resource_retirement	advisor_joined	/subscriptions/a4e96bcd-59dc-4d66-b2f7-5547ad157c12/resourcegroups/grausof/providers/microsoft.storage/storageaccounts/grausof/providers/Microsoft.Advisor/recommendations/c8c08224469c3184227e78e1b2fcf0eca6da5e888ca84c9db3a3ebcb4bfd1a01	/subscriptions/a4e96bcd-59dc-4d66-b2f7-5547ad157c12/resourcegroups/grausof/providers/microsoft.storage/storageaccounts/grausof/providers/Microsoft.Advisor/recommendations/c8c08224469c3184227e78e1b2fcf0eca6da5e888ca84c9db3a3ebcb4bfd1a01	1d70919c-1a4a-4f79-8300-bb576c291e9d	2026-10-13	exact	a4e96bcd-59dc-4d66-b2f7-5547ad157c12	DEV-IO	/subscriptions/a4e96bcd-59dc-4d66-b2f7-5547ad157c12/resourcegroups/grausof/providers/microsoft.storage/storageaccounts/grausof	grausof	grausof	microsoft.storage/storageaccounts	italynorth	{}			Medium		HighAvailability		New	2026-05-18T10:17:28Z			Upgrade general-purpose v1 storage accounts		https://azure.microsoft.com/updates/?id=496964			short	metadata_and_resource		"{""metadata_joined"":true,""recommendation_source"":""advisor_recommendations"",""resource_graph_joined"":true,""resource_graph_key"":[""1d70919c-1a4a-4f79-8300-bb576c291e9d"",""/subscriptions/a4e96bcd-59dc-4d66-b2f7-5547ad157c12/resourcegroups/grausof/providers/microsoft.storage/storageaccounts/grausof""]}"	
Storage Account	Legacy Blob and General-Purpose v1 storage accounts	Upgrade general-purpose v1 storage accounts	1d70919c-1a4a-4f79-8300-bb576c291e9d	2026-07-29	subscriptions	advisor_resource_retirement	advisor_joined	/subscriptions/a4e96bcd-59dc-4d66-b2f7-5547ad157c12/resourcegroups/dev-alessio/providers/microsoft.storage/storageaccounts/devalessio8f3c/providers/Microsoft.Advisor/recommendations/e56a3c22005e4a1fc9def0ffae5a3cd6fbc6448f617eec822ea0554dbd7dc901	/subscriptions/a4e96bcd-59dc-4d66-b2f7-5547ad157c12/resourcegroups/dev-alessio/providers/microsoft.storage/storageaccounts/devalessio8f3c/providers/Microsoft.Advisor/recommendations/e56a3c22005e4a1fc9def0ffae5a3cd6fbc6448f617eec822ea0554dbd7dc901	1d70919c-1a4a-4f79-8300-bb576c291e9d	2026-10-13	exact	a4e96bcd-59dc-4d66-b2f7-5547ad157c12	DEV-IO	/subscriptions/a4e96bcd-59dc-4d66-b2f7-5547ad157c12/resourcegroups/dev-alessio/providers/microsoft.storage/storageaccounts/devalessio8f3c	devalessio8f3c	dev-alessio	microsoft.storage/storageaccounts	italynorth	{}			Medium		HighAvailability		New	2026-05-12T17:32:32Z			Upgrade general-purpose v1 storage accounts		https://azure.microsoft.com/updates/?id=496964			short	metadata_and_resource		"{""metadata_joined"":true,""recommendation_source"":""advisor_recommendations"",""resource_graph_joined"":true,""resource_graph_key"":[""1d70919c-1a4a-4f79-8300-bb576c291e9d"",""/subscriptions/a4e96bcd-59dc-4d66-b2f7-5547ad157c12/resourcegroups/dev-alessio/providers/microsoft.storage/storageaccounts/devalessio8f3c""]}"	
Kubernetes service	Azure Kubernetes Service support for Ubuntu 22.04	Migrate to Ubuntu 24.04 or later versions	00dbcc9d-50d4-44ef-bc21-c15785cddf42	2026-07-29	subscriptions	advisor_resource_retirement	advisor_joined	/subscriptions/ac17914c-79bf-48fa-831e-1359ef74c1d5/resourcegroups/dvopla-d-itn-dev-aks-rg/providers/microsoft.containerservice/managedclusters/dvopla-d-itn-dev-aks/providers/Microsoft.Advisor/recommendations/9e31bcfd6529054ec8aae0c20fa2dfeae098efb7b1ce9b629e051637aef46fad	/subscriptions/ac17914c-79bf-48fa-831e-1359ef74c1d5/resourcegroups/dvopla-d-itn-dev-aks-rg/providers/microsoft.containerservice/managedclusters/dvopla-d-itn-dev-aks/providers/Microsoft.Advisor/recommendations/9e31bcfd6529054ec8aae0c20fa2dfeae098efb7b1ce9b629e051637aef46fad	00dbcc9d-50d4-44ef-bc21-c15785cddf42	2027-06-30	exact	ac17914c-79bf-48fa-831e-1359ef74c1d5	DevOpsLab	/subscriptions/ac17914c-79bf-48fa-831e-1359ef74c1d5/resourcegroups/dvopla-d-itn-dev-aks-rg/providers/microsoft.containerservice/managedclusters/dvopla-d-itn-dev-aks	dvopla-d-itn-dev-aks	dvopla-d-itn-dev-aks-rg	microsoft.containerservice/managedclusters	italynorth	"{""CostCenter"":""TS310 - PAGAMENTI & SERVIZI"",""CreatedBy"":""Terraform"",""Environment"":""Dev"",""Folder"":""aks-platform"",""Owner"":""DevOpsLab"",""Source"":""https://github.com/pagopa/devopslab-infra/tree/main/src/aks-platform"",""domain"":""dev01""}"			Medium		HighAvailability		New	2026-05-07T14:51:42Z			Migrate to Ubuntu 24.04 or later versions		https://azure.microsoft.com/updates/?id=557928			short	metadata_and_resource		"{""metadata_joined"":true,""recommendation_source"":""advisor_recommendations"",""resource_graph_joined"":true,""resource_graph_key"":[""00dbcc9d-50d4-44ef-bc21-c15785cddf42"",""/subscriptions/ac17914c-79bf-48fa-831e-1359ef74c1d5/resourcegroups/dvopla-d-itn-dev-aks-rg/providers/microsoft.containerservice/managedclusters/dvopla-d-itn-dev-aks""]}"	
Availability test	Single URL Ping Test	The URL ping test capability of the application insights feature for Azure Monitor is being retired.	e877d6d4-e952-4f8a-a4c4-5f90e5ac1da9	2026-07-29	subscriptions	advisor_resource_retirement	advisor_joined	/subscriptions/ac17914c-79bf-48fa-831e-1359ef74c1d5/resourcegroups/dvopla-d-monitor-rg/providers/microsoft.insights/webtests/test tokeniser uat-dvopla-d-appinsights/providers/Microsoft.Advisor/recommendations/517ab95ee8ce6d5f55e5b95511145852ee581ceec3b61ccd070dccce7e3a433f	/subscriptions/ac17914c-79bf-48fa-831e-1359ef74c1d5/resourcegroups/dvopla-d-monitor-rg/providers/microsoft.insights/webtests/test tokeniser uat-dvopla-d-appinsights/providers/Microsoft.Advisor/recommendations/517ab95ee8ce6d5f55e5b95511145852ee581ceec3b61ccd070dccce7e3a433f	e877d6d4-e952-4f8a-a4c4-5f90e5ac1da9	2026-09-30	exact	ac17914c-79bf-48fa-831e-1359ef74c1d5	DevOpsLab	/subscriptions/ac17914c-79bf-48fa-831e-1359ef74c1d5/resourcegroups/dvopla-d-monitor-rg/providers/microsoft.insights/webtests/test tokeniser uat-dvopla-d-appinsights	test tokeniser uat-dvopla-d-appinsights	dvopla-d-monitor-rg	microsoft.insights/webtests	northeurope	"{""hidden-link:/subscriptions/ac17914c-79bf-48fa-831e-1359ef74c1d5/resourceGroups/dvopla-d-monitor-rg/providers/microsoft.insights/components/dvopla-d-appinsights"":""Resource""}"			Medium		HighAvailability		New	2026-04-16T22:33:27Z			The URL ping test capability of the application insights feature for Azure Monitor is being retired.		https://azure.microsoft.com/updates?id=transition-to-using-standard-tests-for-singlestep-availability-testing-in-azure-monitor-application-insights-by-30-september			short	metadata_and_resource		"{""metadata_joined"":true,""recommendation_source"":""advisor_recommendations"",""resource_graph_joined"":true,""resource_graph_key"":[""e877d6d4-e952-4f8a-a4c4-5f90e5ac1da9"",""/subscriptions/ac17914c-79bf-48fa-831e-1359ef74c1d5/resourcegroups/dvopla-d-monitor-rg/providers/microsoft.insights/webtests/test tokeniser uat-dvopla-d-appinsights""]}"	
Kubernetes service	Legacy authentication for Container Insights - Azure Monitor	Migrate to Container insights managed identity authentication	b005ecf0-23e2-4279-9ca2-718d1518c9fb	2026-07-29	subscriptions	advisor_resource_retirement	advisor_joined	/subscriptions/ac17914c-79bf-48fa-831e-1359ef74c1d5/resourcegroups/dvopla-d-itn-dev-aks-rg/providers/microsoft.containerservice/managedclusters/dvopla-d-itn-dev-aks/providers/Microsoft.Advisor/recommendations/85eb9738003387f743d30fab8c3a6154bc4721db3afb29f0487142c9cbfb4fc2	/subscriptions/ac17914c-79bf-48fa-831e-1359ef74c1d5/resourcegroups/dvopla-d-itn-dev-aks-rg/providers/microsoft.containerservice/managedclusters/dvopla-d-itn-dev-aks/providers/Microsoft.Advisor/recommendations/85eb9738003387f743d30fab8c3a6154bc4721db3afb29f0487142c9cbfb4fc2	b005ecf0-23e2-4279-9ca2-718d1518c9fb	2026-09-30	exact	ac17914c-79bf-48fa-831e-1359ef74c1d5	DevOpsLab	/subscriptions/ac17914c-79bf-48fa-831e-1359ef74c1d5/resourcegroups/dvopla-d-itn-dev-aks-rg/providers/microsoft.containerservice/managedclusters/dvopla-d-itn-dev-aks	dvopla-d-itn-dev-aks	dvopla-d-itn-dev-aks-rg	microsoft.containerservice/managedclusters	italynorth	"{""CostCenter"":""TS310 - PAGAMENTI & SERVIZI"",""CreatedBy"":""Terraform"",""Environment"":""Dev"",""Folder"":""aks-platform"",""Owner"":""DevOpsLab"",""Source"":""https://github.com/pagopa/devopslab-infra/tree/main/src/aks-platform"",""domain"":""dev01""}"			Medium		HighAvailability		New	2026-04-16T16:00:25Z			Migrate to Container insights managed identity authentication		https://azure.microsoft.com/updates/?id=500853			short	metadata_and_resource		"{""metadata_joined"":true,""recommendation_source"":""advisor_recommendations"",""resource_graph_joined"":true,""resource_graph_key"":[""b005ecf0-23e2-4279-9ca2-718d1518c9fb"",""/subscriptions/ac17914c-79bf-48fa-831e-1359ef74c1d5/resourcegroups/dvopla-d-itn-dev-aks-rg/providers/microsoft.containerservice/managedclusters/dvopla-d-itn-dev-aks""]}"	
Application gateway	WAF v2 Config	Application Gateway Web Application Firewall v2 configuration is retiring	13d4b9e9-e144-4fa6-8d03-38b1c9f2b4a3	2026-07-29	subscriptions	advisor_resource_retirement	advisor_joined	/subscriptions/b9fc9419-6097-45fe-9f74-ba0641c91912/resourcegroups/pagopa-p-vnet-rg/providers/microsoft.network/applicationgateways/pagopa-p-app-gw/providers/Microsoft.Advisor/recommendations/c6453a2bc7ccb036e1dc17ee2476aa8afd125c341bd21252f6855916aca6da1e	/subscriptions/b9fc9419-6097-45fe-9f74-ba0641c91912/resourcegroups/pagopa-p-vnet-rg/providers/microsoft.network/applicationgateways/pagopa-p-app-gw/providers/Microsoft.Advisor/recommendations/c6453a2bc7ccb036e1dc17ee2476aa8afd125c341bd21252f6855916aca6da1e	13d4b9e9-e144-4fa6-8d03-38b1c9f2b4a3	2027-03-31	exact	b9fc9419-6097-45fe-9f74-ba0641c91912	PROD-pagoPA	/subscriptions/b9fc9419-6097-45fe-9f74-ba0641c91912/resourcegroups/pagopa-p-vnet-rg/providers/microsoft.network/applicationgateways/pagopa-p-app-gw	pagopa-p-app-gw	pagopa-p-vnet-rg	microsoft.network/applicationgateways	westeurope	"{""CostCenter"":""TS310 - PAGAMENTI & SERVIZI"",""CreatedBy"":""Terraform"",""Environment"":""Prod"",""Folder"":""next-core"",""Owner"":""pagoPA"",""Source"":""https://github.com/pagopa/pagopa-infra/tree/main/src/next-core"",""domain"":""core""}"			Medium		HighAvailability		New	2026-04-16T08:47:07Z			Application Gateway Web Application Firewall v2 configuration is retiring		https://learn.microsoft.com/azure/web-application-firewall/ag/upgrade-ag-waf-policy?tabs=portal#upgrade-waf-v2-with-legacy-waf-configuration-to-waf-policy			short	metadata_and_resource		"{""metadata_joined"":true,""recommendation_source"":""advisor_recommendations"",""resource_graph_joined"":true,""resource_graph_key"":[""13d4b9e9-e144-4fa6-8d03-38b1c9f2b4a3"",""/subscriptions/b9fc9419-6097-45fe-9f74-ba0641c91912/resourcegroups/pagopa-p-vnet-rg/providers/microsoft.network/applicationgateways/pagopa-p-app-gw""]}"	
Availability test	Single URL Ping Test	The URL ping test capability of the application insights feature for Azure Monitor is being retired.	e877d6d4-e952-4f8a-a4c4-5f90e5ac1da9	2026-07-29	subscriptions	advisor_resource_retirement	advisor_joined	/subscriptions/b9fc9419-6097-45fe-9f74-ba0641c91912/resourcegroups/pagopa-p-monitor-rg/providers/microsoft.insights/webtests/pagopa-p-apim-pagopa-p-appinsights/providers/Microsoft.Advisor/recommendations/909984bd56bb428c0bdc3ecab43ecece1a98db4c46b40775798e0963aa04c548	/subscriptions/b9fc9419-6097-45fe-9f74-ba0641c91912/resourcegroups/pagopa-p-monitor-rg/providers/microsoft.insights/webtests/pagopa-p-apim-pagopa-p-appinsights/providers/Microsoft.Advisor/recommendations/909984bd56bb428c0bdc3ecab43ecece1a98db4c46b40775798e0963aa04c548	e877d6d4-e952-4f8a-a4c4-5f90e5ac1da9	2026-09-30	exact	b9fc9419-6097-45fe-9f74-ba0641c91912	PROD-pagoPA	/subscriptions/b9fc9419-6097-45fe-9f74-ba0641c91912/resourcegroups/pagopa-p-monitor-rg/providers/microsoft.insights/webtests/pagopa-p-apim-pagopa-p-appinsights	pagopa-p-apim-pagopa-p-appinsights	pagopa-p-monitor-rg	microsoft.insights/webtests	westeurope	"{""hidden-link:/subscriptions/b9fc9419-6097-45fe-9f74-ba0641c91912/resourceGroups/pagopa-p-monitor-rg/providers/Microsoft.Insights/components/pagopa-p-appinsights"":""Resource""}"			Medium		HighAvailability		New	2026-04-16T22:33:20Z			The URL ping test capability of the application insights feature for Azure Monitor is being retired.		https://azure.microsoft.com/updates?id=transition-to-using-standard-tests-for-singlestep-availability-testing-in-azure-monitor-application-insights-by-30-september			short	metadata_and_resource		"{""metadata_joined"":true,""recommendation_source"":""advisor_recommendations"",""resource_graph_joined"":true,""resource_graph_key"":[""e877d6d4-e952-4f8a-a4c4-5f90e5ac1da9"",""/subscriptions/b9fc9419-6097-45fe-9f74-ba0641c91912/resourcegroups/pagopa-p-monitor-rg/providers/microsoft.insights/webtests/pagopa-p-apim-pagopa-p-appinsights""]}"	
Availability test	Single URL Ping Test	The URL ping test capability of the application insights feature for Azure Monitor is being retired.	e877d6d4-e952-4f8a-a4c4-5f90e5ac1da9	2026-07-29	subscriptions	advisor_resource_retirement	advisor_joined	/subscriptions/b9fc9419-6097-45fe-9f74-ba0641c91912/resourcegroups/pagopa-p-monitor-rg/providers/microsoft.insights/webtests/pagopa-p-assets-platform-web-test/providers/Microsoft.Advisor/recommendations/55ec61d72cccf27008f595200e2465aa1bd22f96158de329255f3184ce3871ef	/subscriptions/b9fc9419-6097-45fe-9f74-ba0641c91912/resourcegroups/pagopa-p-monitor-rg/providers/microsoft.insights/webtests/pagopa-p-assets-platform-web-test/providers/Microsoft.Advisor/recommendations/55ec61d72cccf27008f595200e2465aa1bd22f96158de329255f3184ce3871ef	e877d6d4-e952-4f8a-a4c4-5f90e5ac1da9	2026-09-30	exact	b9fc9419-6097-45fe-9f74-ba0641c91912	PROD-pagoPA	/subscriptions/b9fc9419-6097-45fe-9f74-ba0641c91912/resourcegroups/pagopa-p-monitor-rg/providers/microsoft.insights/webtests/pagopa-p-assets-platform-web-test	pagopa-p-assets-platform-web-test	pagopa-p-monitor-rg	microsoft.insights/webtests	westeurope	"{""hidden-link:/subscriptions/b9fc9419-6097-45fe-9f74-ba0641c91912/resourceGroups/pagopa-p-monitor-rg/providers/Microsoft.Insights/components/pagopa-p-appinsights"":""Resource""}"			Medium		HighAvailability		New	2026-04-16T22:33:18Z			The URL ping test capability of the application insights feature for Azure Monitor is being retired.		https://azure.microsoft.com/updates?id=transition-to-using-standard-tests-for-singlestep-availability-testing-in-azure-monitor-application-insights-by-30-september			short	metadata_and_resource		"{""metadata_joined"":true,""recommendation_source"":""advisor_recommendations"",""resource_graph_joined"":true,""resource_graph_key"":[""e877d6d4-e952-4f8a-a4c4-5f90e5ac1da9"",""/subscriptions/b9fc9419-6097-45fe-9f74-ba0641c91912/resourcegroups/pagopa-p-monitor-rg/providers/microsoft.insights/webtests/pagopa-p-assets-platform-web-test""]}"	
Kubernetes service	Legacy authentication for Container Insights - Azure Monitor	Migrate to Container insights managed identity authentication	b005ecf0-23e2-4279-9ca2-718d1518c9fb	2026-07-29	subscriptions	advisor_resource_retirement	advisor_joined	/subscriptions/b9fc9419-6097-45fe-9f74-ba0641c91912/resourcegroups/pagopa-p-weu-prod-aks-rg/providers/microsoft.containerservice/managedclusters/pagopa-p-weu-prod-aks/providers/Microsoft.Advisor/recommendations/a028f062c25479648475c48d7482bd993966d067d91280fb680b6b4fec266894	/subscriptions/b9fc9419-6097-45fe-9f74-ba0641c91912/resourcegroups/pagopa-p-weu-prod-aks-rg/providers/microsoft.containerservice/managedclusters/pagopa-p-weu-prod-aks/providers/Microsoft.Advisor/recommendations/a028f062c25479648475c48d7482bd993966d067d91280fb680b6b4fec266894	b005ecf0-23e2-4279-9ca2-718d1518c9fb	2026-09-30	exact	b9fc9419-6097-45fe-9f74-ba0641c91912	PROD-pagoPA	/subscriptions/b9fc9419-6097-45fe-9f74-ba0641c91912/resourcegroups/pagopa-p-weu-prod-aks-rg/providers/microsoft.containerservice/managedclusters/pagopa-p-weu-prod-aks	pagopa-p-weu-prod-aks	pagopa-p-weu-prod-aks-rg	microsoft.containerservice/managedclusters	westeurope	"{""CostCenter"":""TS310 - PAGAMENTI & SERVIZI"",""CreatedBy"":""Terraform"",""Environment"":""Prod"",""Folder"":""aks-platform"",""Owner"":""pagoPA"",""Source"":""https://github.com/pagopa/pagopa-infra/tree/main/src/aks-platform"",""domain"":""core""}"			Medium		HighAvailability		New	2026-04-16T16:00:29Z			Migrate to Container insights managed identity authentication		https://azure.microsoft.com/updates/?id=500853			short	metadata_and_resource		"{""metadata_joined"":true,""recommendation_source"":""advisor_recommendations"",""resource_graph_joined"":true,""resource_graph_key"":[""b005ecf0-23e2-4279-9ca2-718d1518c9fb"",""/subscriptions/b9fc9419-6097-45fe-9f74-ba0641c91912/resourcegroups/pagopa-p-weu-prod-aks-rg/providers/microsoft.containerservice/managedclusters/pagopa-p-weu-prod-aks""]}"	
Kubernetes service	Legacy authentication for Container Insights - Azure Monitor	Migrate to Container insights managed identity authentication	b005ecf0-23e2-4279-9ca2-718d1518c9fb	2026-07-29	subscriptions	advisor_resource_retirement	advisor_joined	/subscriptions/b9fc9419-6097-45fe-9f74-ba0641c91912/resourcegroups/pagopa-p-itn-prod-aks-rg/providers/microsoft.containerservice/managedclusters/pagopa-p-itn-prod-aks/providers/Microsoft.Advisor/recommendations/3422cb7882a94d89e8aef34ca9b707a50c20882559b5b10d65200dcf4d5ab996	/subscriptions/b9fc9419-6097-45fe-9f74-ba0641c91912/resourcegroups/pagopa-p-itn-prod-aks-rg/providers/microsoft.containerservice/managedclusters/pagopa-p-itn-prod-aks/providers/Microsoft.Advisor/recommendations/3422cb7882a94d89e8aef34ca9b707a50c20882559b5b10d65200dcf4d5ab996	b005ecf0-23e2-4279-9ca2-718d1518c9fb	2026-09-30	exact	b9fc9419-6097-45fe-9f74-ba0641c91912	PROD-pagoPA	/subscriptions/b9fc9419-6097-45fe-9f74-ba0641c91912/resourcegroups/pagopa-p-itn-prod-aks-rg/providers/microsoft.containerservice/managedclusters/pagopa-p-itn-prod-aks	pagopa-p-itn-prod-aks	pagopa-p-itn-prod-aks-rg	microsoft.containerservice/managedclusters	italynorth	"{""CostCenter"":""TS310 - PAGAMENTI & SERVIZI"",""CreatedBy"":""Terraform"",""Environment"":""Prod"",""Folder"":""aks-leonardo"",""Owner"":""pagoPA"",""Source"":""https://github.com/pagopa/pagopa-infra/tree/main/src/aks-leonardo"",""domain"":""core""}"			Medium		HighAvailability		New	2026-04-16T16:00:26Z			Migrate to Container insights managed identity authentication		https://azure.microsoft.com/updates/?id=500853			short	metadata_and_resource		"{""metadata_joined"":true,""recommendation_source"":""advisor_recommendations"",""resource_graph_joined"":true,""resource_graph_key"":[""b005ecf0-23e2-4279-9ca2-718d1518c9fb"",""/subscriptions/b9fc9419-6097-45fe-9f74-ba0641c91912/resourcegroups/pagopa-p-itn-prod-aks-rg/providers/microsoft.containerservice/managedclusters/pagopa-p-itn-prod-aks""]}"	
Key vault	API versions prior to 2026-02-01	Azure Key Vault API versions prior to 2026-02-01 are being retired	7ff06874-39e9-41be-9552-fa1ae2a83c88	2026-07-29	subscriptions	advisor_resource_retirement	advisor_joined	/subscriptions/b9fc9419-6097-45fe-9f74-ba0641c91912/resourcegroups/pagopa-p-sec-rg/providers/microsoft.keyvault/vaults/pagopa-p-azdo-weu-kv/providers/Microsoft.Advisor/recommendations/0004198cd60282152496ca8dfe90337295ba451cc626ad7e651483ba007a8d46	/subscriptions/b9fc9419-6097-45fe-9f74-ba0641c91912/resourcegroups/pagopa-p-sec-rg/providers/microsoft.keyvault/vaults/pagopa-p-azdo-weu-kv/providers/Microsoft.Advisor/recommendations/0004198cd60282152496ca8dfe90337295ba451cc626ad7e651483ba007a8d46	7ff06874-39e9-41be-9552-fa1ae2a83c88	2027-02-27	exact	b9fc9419-6097-45fe-9f74-ba0641c91912	PROD-pagoPA	/subscriptions/b9fc9419-6097-45fe-9f74-ba0641c91912/resourcegroups/pagopa-p-sec-rg/providers/microsoft.keyvault/vaults/pagopa-p-azdo-weu-kv	pagopa-p-azdo-weu-kv	pagopa-p-sec-rg	microsoft.keyvault/vaults	westeurope	"{""BusinessUnit"":""PagoPa"",""CostCenter"":""TS310 - PAGAMENTI & SERVIZI"",""CreatedBy"":""Terraform"",""Environment"":""PROD"",""Owner"":""PagoPa"",""Renew"":""v1""}"			High		HighAvailability		New	2026-07-28T21:56:43Z			Azure Key Vault API versions prior to 2026-02-01 are being retired		https://learn.microsoft.com/azure/key-vault/general/access-control-default?tabs=azure-cli			short	metadata_and_resource		"{""metadata_joined"":true,""recommendation_source"":""advisor_recommendations"",""resource_graph_joined"":true,""resource_graph_key"":[""7ff06874-39e9-41be-9552-fa1ae2a83c88"",""/subscriptions/b9fc9419-6097-45fe-9f74-ba0641c91912/resourcegroups/pagopa-p-sec-rg/providers/microsoft.keyvault/vaults/pagopa-p-azdo-weu-kv""]}"	
Key vault	API versions prior to 2026-02-01	Azure Key Vault API versions prior to 2026-02-01 are being retired	7ff06874-39e9-41be-9552-fa1ae2a83c88	2026-07-29	subscriptions	advisor_resource_retirement	advisor_joined	/subscriptions/b9fc9419-6097-45fe-9f74-ba0641c91912/resourcegroups/pagopa-p-gps-sec-rg/providers/microsoft.keyvault/vaults/pagopa-p-gps-kv/providers/Microsoft.Advisor/recommendations/63b9c3bc8005bd0d94011fe6e71eff5ff9d8c4fa474d289653ceed2b3128f942	/subscriptions/b9fc9419-6097-45fe-9f74-ba0641c91912/resourcegroups/pagopa-p-gps-sec-rg/providers/microsoft.keyvault/vaults/pagopa-p-gps-kv/providers/Microsoft.Advisor/recommendations/63b9c3bc8005bd0d94011fe6e71eff5ff9d8c4fa474d289653ceed2b3128f942	7ff06874-39e9-41be-9552-fa1ae2a83c88	2027-02-27	exact	b9fc9419-6097-45fe-9f74-ba0641c91912	PROD-pagoPA	/subscriptions/b9fc9419-6097-45fe-9f74-ba0641c91912/resourcegroups/pagopa-p-gps-sec-rg/providers/microsoft.keyvault/vaults/pagopa-p-gps-kv	pagopa-p-gps-kv	pagopa-p-gps-sec-rg	microsoft.keyvault/vaults	westeurope	"{""CostCenter"":""TS310 - PAGAMENTI & SERVIZI"",""CreatedBy"":""Terraform"",""Environment"":""Prod"",""Folder"":""domains/gps-common"",""Owner"":""pagoPA"",""Source"":""https://github.com/pagopa/pagopa-infra/tree/main/src/domains/gps-common"",""domain"":""gps""}"			High		HighAvailability		New	2026-07-21T13:08:28Z			Azure Key Vault API versions prior to 2026-02-01 are being retired		https://learn.microsoft.com/azure/key-vault/general/access-control-default?tabs=azure-cli			short	metadata_and_resource		"{""metadata_joined"":true,""recommendation_source"":""advisor_recommendations"",""resource_graph_joined"":true,""resource_graph_key"":[""7ff06874-39e9-41be-9552-fa1ae2a83c88"",""/subscriptions/b9fc9419-6097-45fe-9f74-ba0641c91912/resourcegroups/pagopa-p-gps-sec-rg/providers/microsoft.keyvault/vaults/pagopa-p-gps-kv""]}"	
Key vault	API versions prior to 2026-02-01	Azure Key Vault API versions prior to 2026-02-01 are being retired	7ff06874-39e9-41be-9552-fa1ae2a83c88	2026-07-29	subscriptions	advisor_resource_retirement	advisor_joined	/subscriptions/b9fc9419-6097-45fe-9f74-ba0641c91912/resourcegroups/pagopa-p-aca-sec-rg/providers/microsoft.keyvault/vaults/pagopa-p-aca-kv/providers/Microsoft.Advisor/recommendations/0205287f9f1ba74e16c21d115d74aa015e078dfb18e2e0a95fc3d288db1a1d25	/subscriptions/b9fc9419-6097-45fe-9f74-ba0641c91912/resourcegroups/pagopa-p-aca-sec-rg/providers/microsoft.keyvault/vaults/pagopa-p-aca-kv/providers/Microsoft.Advisor/recommendations/0205287f9f1ba74e16c21d115d74aa015e078dfb18e2e0a95fc3d288db1a1d25	7ff06874-39e9-41be-9552-fa1ae2a83c88	2027-02-27	exact	b9fc9419-6097-45fe-9f74-ba0641c91912	PROD-pagoPA	/subscriptions/b9fc9419-6097-45fe-9f74-ba0641c91912/resourcegroups/pagopa-p-aca-sec-rg/providers/microsoft.keyvault/vaults/pagopa-p-aca-kv	pagopa-p-aca-kv	pagopa-p-aca-sec-rg	microsoft.keyvault/vaults	westeurope	"{""CostCenter"":""TS310 - PAGAMENTI & SERVIZI"",""CreatedBy"":""Terraform"",""Environment"":""Prod"",""Owner"":""pagoPA"",""Source"":""https://github.com/pagopa/pagopa-infra/tree/main/src/domains/aca-common"",""domain"":""aca""}"			High		HighAvailability		New	2026-07-24T18:35:45Z			Azure Key Vault API versions prior to 2026-02-01 are being retired		https://learn.microsoft.com/azure/key-vault/general/access-control-default?tabs=azure-cli			short	metadata_and_resource		"{""metadata_joined"":true,""recommendation_source"":""advisor_recommendations"",""resource_graph_joined"":true,""resource_graph_key"":[""7ff06874-39e9-41be-9552-fa1ae2a83c88"",""/subscriptions/b9fc9419-6097-45fe-9f74-ba0641c91912/resourcegroups/pagopa-p-aca-sec-rg/providers/microsoft.keyvault/vaults/pagopa-p-aca-kv""]}"	
Key vault	API versions prior to 2026-02-01	Azure Key Vault API versions prior to 2026-02-01 are being retired	7ff06874-39e9-41be-9552-fa1ae2a83c88	2026-07-29	subscriptions	advisor_resource_retirement	advisor_joined	/subscriptions/b9fc9419-6097-45fe-9f74-ba0641c91912/resourcegroups/pagopa-p-itn-printit-sec-rg/providers/microsoft.keyvault/vaults/pagopa-p-itn-printit-kv/providers/Microsoft.Advisor/recommendations/b75cc734491996a34af8662d50b3a39f19899869ec363cafdaa07c67e5ae42ac	/subscriptions/b9fc9419-6097-45fe-9f74-ba0641c91912/resourcegroups/pagopa-p-itn-printit-sec-rg/providers/microsoft.keyvault/vaults/pagopa-p-itn-printit-kv/providers/Microsoft.Advisor/recommendations/b75cc734491996a34af8662d50b3a39f19899869ec363cafdaa07c67e5ae42ac	7ff06874-39e9-41be-9552-fa1ae2a83c88	2027-02-27	exact	b9fc9419-6097-45fe-9f74-ba0641c91912	PROD-pagoPA	/subscriptions/b9fc9419-6097-45fe-9f74-ba0641c91912/resourcegroups/pagopa-p-itn-printit-sec-rg/providers/microsoft.keyvault/vaults/pagopa-p-itn-printit-kv	pagopa-p-itn-printit-kv	pagopa-p-itn-printit-sec-rg	microsoft.keyvault/vaults	italynorth	"{""CostCenter"":""TS310 - PAGAMENTI & SERVIZI"",""CreatedBy"":""Terraform"",""Environment"":""Prod"",""Folder"":""domains/printit-secrets"",""Owner"":""pagoPA"",""Source"":""https://github.com/pagopa/pagopa-infra/tree/main/src/domains/printit-secrets"",""domain"":""printit""}"			High		HighAvailability		New	2026-07-27T18:42:20Z			Azure Key Vault API versions prior to 2026-02-01 are being retired		https://learn.microsoft.com/azure/key-vault/general/access-control-default?tabs=azure-cli			short	metadata_and_resource		"{""metadata_joined"":true,""recommendation_source"":""advisor_recommendations"",""resource_graph_joined"":true,""resource_graph_key"":[""7ff06874-39e9-41be-9552-fa1ae2a83c88"",""/subscriptions/b9fc9419-6097-45fe-9f74-ba0641c91912/resourcegroups/pagopa-p-itn-printit-sec-rg/providers/microsoft.keyvault/vaults/pagopa-p-itn-printit-kv""]}"	
Key vault	API versions prior to 2026-02-01	Azure Key Vault API versions prior to 2026-02-01 are being retired	7ff06874-39e9-41be-9552-fa1ae2a83c88	2026-07-29	subscriptions	advisor_resource_retirement	advisor_joined	/subscriptions/b9fc9419-6097-45fe-9f74-ba0641c91912/resourcegroups/pagopa-p-shared-sec-rg/providers/microsoft.keyvault/vaults/pagopa-p-shared-kv/providers/Microsoft.Advisor/recommendations/7b9223e529816c3acac9d4ea0aee126d1e093e3c3d1cce68d24959b4d4ea5137	/subscriptions/b9fc9419-6097-45fe-9f74-ba0641c91912/resourcegroups/pagopa-p-shared-sec-rg/providers/microsoft.keyvault/vaults/pagopa-p-shared-kv/providers/Microsoft.Advisor/recommendations/7b9223e529816c3acac9d4ea0aee126d1e093e3c3d1cce68d24959b4d4ea5137	7ff06874-39e9-41be-9552-fa1ae2a83c88	2027-02-27	exact	b9fc9419-6097-45fe-9f74-ba0641c91912	PROD-pagoPA	/subscriptions/b9fc9419-6097-45fe-9f74-ba0641c91912/resourcegroups/pagopa-p-shared-sec-rg/providers/microsoft.keyvault/vaults/pagopa-p-shared-kv	pagopa-p-shared-kv	pagopa-p-shared-sec-rg	microsoft.keyvault/vaults	westeurope	"{""CostCenter"":""TS310 - PAGAMENTI & SERVIZI"",""CreatedBy"":""Terraform"",""Environment"":""Prod"",""Folder"":""domains/shared-common"",""Owner"":""pagoPA"",""Source"":""https://github.com/pagopa/pagopa-infra/tree/main/src/domains/shared-common"",""domain"":""shared""}"			High		HighAvailability		New	2026-07-17T10:05:01Z			Azure Key Vault API versions prior to 2026-02-01 are being retired		https://learn.microsoft.com/azure/key-vault/general/access-control-default?tabs=azure-cli			short	metadata_and_resource		"{""metadata_joined"":true,""recommendation_source"":""advisor_recommendations"",""resource_graph_joined"":true,""resource_graph_key"":[""7ff06874-39e9-41be-9552-fa1ae2a83c88"",""/subscriptions/b9fc9419-6097-45fe-9f74-ba0641c91912/resourcegroups/pagopa-p-shared-sec-rg/providers/microsoft.keyvault/vaults/pagopa-p-shared-kv""]}"	
Key vault	API versions prior to 2026-02-01	Azure Key Vault API versions prior to 2026-02-01 are being retired	7ff06874-39e9-41be-9552-fa1ae2a83c88	2026-07-29	subscriptions	advisor_resource_retirement	advisor_joined	/subscriptions/b9fc9419-6097-45fe-9f74-ba0641c91912/resourcegroups/pagopa-p-itn-core-sec-rg/providers/microsoft.keyvault/vaults/pagopa-p-itn-core-kv/providers/Microsoft.Advisor/recommendations/40643269e51bdaae3ea5ee77992fffd2f92970829a3d90ba718380a2a55d38a6	/subscriptions/b9fc9419-6097-45fe-9f74-ba0641c91912/resourcegroups/pagopa-p-itn-core-sec-rg/providers/microsoft.keyvault/vaults/pagopa-p-itn-core-kv/providers/Microsoft.Advisor/recommendations/40643269e51bdaae3ea5ee77992fffd2f92970829a3d90ba718380a2a55d38a6	7ff06874-39e9-41be-9552-fa1ae2a83c88	2027-02-27	exact	b9fc9419-6097-45fe-9f74-ba0641c91912	PROD-pagoPA	/subscriptions/b9fc9419-6097-45fe-9f74-ba0641c91912/resourcegroups/pagopa-p-itn-core-sec-rg/providers/microsoft.keyvault/vaults/pagopa-p-itn-core-kv	pagopa-p-itn-core-kv	pagopa-p-itn-core-sec-rg	microsoft.keyvault/vaults	italynorth	"{""CostCenter"":""TS310 - PAGAMENTI & SERVIZI"",""CreatedBy"":""Terraform"",""Environment"":""Prod"",""Folder"":""core-itn"",""Owner"":""pagoPA"",""Source"":""https://github.com/pagopa/pagopa-infra/tree/main/src/core-itn"",""domain"":""core""}"			High		HighAvailability		New	2026-07-28T21:56:32Z			Azure Key Vault API versions prior to 2026-02-01 are being retired		https://learn.microsoft.com/azure/key-vault/general/access-control-default?tabs=azure-cli			short	metadata_and_resource		"{""metadata_joined"":true,""recommendation_source"":""advisor_recommendations"",""resource_graph_joined"":true,""resource_graph_key"":[""7ff06874-39e9-41be-9552-fa1ae2a83c88"",""/subscriptions/b9fc9419-6097-45fe-9f74-ba0641c91912/resourcegroups/pagopa-p-itn-core-sec-rg/providers/microsoft.keyvault/vaults/pagopa-p-itn-core-kv""]}"	
Key vault	API versions prior to 2026-02-01	Azure Key Vault API versions prior to 2026-02-01 are being retired	7ff06874-39e9-41be-9552-fa1ae2a83c88	2026-07-29	subscriptions	advisor_resource_retirement	advisor_joined	/subscriptions/b9fc9419-6097-45fe-9f74-ba0641c91912/resourcegroups/pagopa-p-apiconfig-sec-rg/providers/microsoft.keyvault/vaults/pagopa-p-apiconfig-kv/providers/Microsoft.Advisor/recommendations/ee7ec9311d0ab441035b1a5c9caed79179aac506e2fe72176318fccd0c26c920	/subscriptions/b9fc9419-6097-45fe-9f74-ba0641c91912/resourcegroups/pagopa-p-apiconfig-sec-rg/providers/microsoft.keyvault/vaults/pagopa-p-apiconfig-kv/providers/Microsoft.Advisor/recommendations/ee7ec9311d0ab441035b1a5c9caed79179aac506e2fe72176318fccd0c26c920	7ff06874-39e9-41be-9552-fa1ae2a83c88	2027-02-27	exact	b9fc9419-6097-45fe-9f74-ba0641c91912	PROD-pagoPA	/subscriptions/b9fc9419-6097-45fe-9f74-ba0641c91912/resourcegroups/pagopa-p-apiconfig-sec-rg/providers/microsoft.keyvault/vaults/pagopa-p-apiconfig-kv	pagopa-p-apiconfig-kv	pagopa-p-apiconfig-sec-rg	microsoft.keyvault/vaults	westeurope	"{""CostCenter"":""TS310 - PAGAMENTI & SERVIZI"",""CreatedBy"":""Terraform"",""Environment"":""Prod"",""Folder"":""domains/apiconfig-secret"",""Owner"":""pagoPA"",""Source"":""https://github.com/pagopa/pagopa-infra/tree/main/src/domains/apiconfig-secret"",""domain"":""apiconfig""}"			High		HighAvailability		New	2026-07-24T18:35:44Z			Azure Key Vault API versions prior to 2026-02-01 are being retired		https://learn.microsoft.com/azure/key-vault/general/access-control-default?tabs=azure-cli			short	metadata_and_resource		"{""metadata_joined"":true,""recommendation_source"":""advisor_recommendations"",""resource_graph_joined"":true,""resource_graph_key"":[""7ff06874-39e9-41be-9552-fa1ae2a83c88"",""/subscriptions/b9fc9419-6097-45fe-9f74-ba0641c91912/resourcegroups/pagopa-p-apiconfig-sec-rg/providers/microsoft.keyvault/vaults/pagopa-p-apiconfig-kv""]}"	
Key vault	API versions prior to 2026-02-01	Azure Key Vault API versions prior to 2026-02-01 are being retired	7ff06874-39e9-41be-9552-fa1ae2a83c88	2026-07-29	subscriptions	advisor_resource_retirement	advisor_joined	/subscriptions/b9fc9419-6097-45fe-9f74-ba0641c91912/resourcegroups/pagopa-p-receipts-sec-rg/providers/microsoft.keyvault/vaults/pagopa-p-receipts-kv/providers/Microsoft.Advisor/recommendations/9f512729fcd80c97e93f06faca4b7d6d9b75ecfac36969ca98721cb5ea8a5a00	/subscriptions/b9fc9419-6097-45fe-9f74-ba0641c91912/resourcegroups/pagopa-p-receipts-sec-rg/providers/microsoft.keyvault/vaults/pagopa-p-receipts-kv/providers/Microsoft.Advisor/recommendations/9f512729fcd80c97e93f06faca4b7d6d9b75ecfac36969ca98721cb5ea8a5a00	7ff06874-39e9-41be-9552-fa1ae2a83c88	2027-02-27	exact	b9fc9419-6097-45fe-9f74-ba0641c91912	PROD-pagoPA	/subscriptions/b9fc9419-6097-45fe-9f74-ba0641c91912/resourcegroups/pagopa-p-receipts-sec-rg/providers/microsoft.keyvault/vaults/pagopa-p-receipts-kv	pagopa-p-receipts-kv	pagopa-p-receipts-sec-rg	microsoft.keyvault/vaults	westeurope	"{""CostCenter"":""TS310 - PAGAMENTI & SERVIZI"",""CreatedBy"":""Terraform"",""Environment"":""Prod"",""Folder"":""domains/receipts-secrets"",""Owner"":""pagoPA"",""Source"":""https://github.com/pagopa/pagopa-infra/tree/main/src/domains/receipts-secrets"",""domain"":""receipts""}"			High		HighAvailability		New	2026-07-27T18:42:26Z			Azure Key Vault API versions prior to 2026-02-01 are being retired		https://learn.microsoft.com/azure/key-vault/general/access-control-default?tabs=azure-cli			short	metadata_and_resource		"{""metadata_joined"":true,""recommendation_source"":""advisor_recommendations"",""resource_graph_joined"":true,""resource_graph_key"":[""7ff06874-39e9-41be-9552-fa1ae2a83c88"",""/subscriptions/b9fc9419-6097-45fe-9f74-ba0641c91912/resourcegroups/pagopa-p-receipts-sec-rg/providers/microsoft.keyvault/vaults/pagopa-p-receipts-kv""]}"	
Key vault	API versions prior to 2026-02-01	Azure Key Vault API versions prior to 2026-02-01 are being retired	7ff06874-39e9-41be-9552-fa1ae2a83c88	2026-07-29	subscriptions	advisor_resource_retirement	advisor_joined	/subscriptions/b9fc9419-6097-45fe-9f74-ba0641c91912/resourcegroups/pagopa-p-selfcare-sec-rg/providers/microsoft.keyvault/vaults/pagopa-p-selfcare-kv/providers/Microsoft.Advisor/recommendations/06c7a42da2b696e75f951b2f7f8ceae0005653a417e98adf5f3860f238c13d6f	/subscriptions/b9fc9419-6097-45fe-9f74-ba0641c91912/resourcegroups/pagopa-p-selfcare-sec-rg/providers/microsoft.keyvault/vaults/pagopa-p-selfcare-kv/providers/Microsoft.Advisor/recommendations/06c7a42da2b696e75f951b2f7f8ceae0005653a417e98adf5f3860f238c13d6f	7ff06874-39e9-41be-9552-fa1ae2a83c88	2027-02-27	exact	b9fc9419-6097-45fe-9f74-ba0641c91912	PROD-pagoPA	/subscriptions/b9fc9419-6097-45fe-9f74-ba0641c91912/resourcegroups/pagopa-p-selfcare-sec-rg/providers/microsoft.keyvault/vaults/pagopa-p-selfcare-kv	pagopa-p-selfcare-kv	pagopa-p-selfcare-sec-rg	microsoft.keyvault/vaults	westeurope	"{""CostCenter"":""TS310 - PAGAMENTI & SERVIZI"",""CreatedBy"":""Terraform"",""Environment"":""Prod"",""Folder"":""domains/selfcare-secret"",""Owner"":""pagoPA"",""Source"":""https://github.com/pagopa/pagopa-infra/tree/main/src/domains/selfcare-secret"",""domain"":""selfcare""}"			High		HighAvailability		New	2026-07-24T18:35:34Z			Azure Key Vault API versions prior to 2026-02-01 are being retired		https://learn.microsoft.com/azure/key-vault/general/access-control-default?tabs=azure-cli			short	metadata_and_resource		"{""metadata_joined"":true,""recommendation_source"":""advisor_recommendations"",""resource_graph_joined"":true,""resource_graph_key"":[""7ff06874-39e9-41be-9552-fa1ae2a83c88"",""/subscriptions/b9fc9419-6097-45fe-9f74-ba0641c91912/resourcegroups/pagopa-p-selfcare-sec-rg/providers/microsoft.keyvault/vaults/pagopa-p-selfcare-kv""]}"	
Key vault	API versions prior to 2026-02-01	Azure Key Vault API versions prior to 2026-02-01 are being retired	7ff06874-39e9-41be-9552-fa1ae2a83c88	2026-07-29	subscriptions	advisor_resource_retirement	advisor_joined	/subscriptions/b9fc9419-6097-45fe-9f74-ba0641c91912/resourcegroups/pagopa-p-nodo-sec-rg/providers/microsoft.keyvault/vaults/pagopa-p-nodo-kv/providers/Microsoft.Advisor/recommendations/f00c749c8e1d232fdff7f3f8fe5fc4833790dcb5dbace133dd0f808974fa519e	/subscriptions/b9fc9419-6097-45fe-9f74-ba0641c91912/resourcegroups/pagopa-p-nodo-sec-rg/providers/microsoft.keyvault/vaults/pagopa-p-nodo-kv/providers/Microsoft.Advisor/recommendations/f00c749c8e1d232fdff7f3f8fe5fc4833790dcb5dbace133dd0f808974fa519e	7ff06874-39e9-41be-9552-fa1ae2a83c88	2027-02-27	exact	b9fc9419-6097-45fe-9f74-ba0641c91912	PROD-pagoPA	/subscriptions/b9fc9419-6097-45fe-9f74-ba0641c91912/resourcegroups/pagopa-p-nodo-sec-rg/providers/microsoft.keyvault/vaults/pagopa-p-nodo-kv	pagopa-p-nodo-kv	pagopa-p-nodo-sec-rg	microsoft.keyvault/vaults	westeurope	"{""CostCenter"":""TS310 - PAGAMENTI & SERVIZI"",""CreatedBy"":""Terraform"",""Environment"":""Prod"",""Folder"":""domains/nodo-secret"",""Owner"":""pagoPA"",""Source"":""https://github.com/pagopa/pagopa-infra/tree/main/src/domains/nodo-secret"",""domain"":""nodo""}"			High		HighAvailability		New	2026-07-28T21:56:59Z			Azure Key Vault API versions prior to 2026-02-01 are being retired		https://learn.microsoft.com/azure/key-vault/general/access-control-default?tabs=azure-cli			short	metadata_and_resource		"{""metadata_joined"":true,""recommendation_source"":""advisor_recommendations"",""resource_graph_joined"":true,""resource_graph_key"":[""7ff06874-39e9-41be-9552-fa1ae2a83c88"",""/subscriptions/b9fc9419-6097-45fe-9f74-ba0641c91912/resourcegroups/pagopa-p-nodo-sec-rg/providers/microsoft.keyvault/vaults/pagopa-p-nodo-kv""]}"	
Key vault	API versions prior to 2026-02-01	Azure Key Vault API versions prior to 2026-02-01 are being retired	7ff06874-39e9-41be-9552-fa1ae2a83c88	2026-07-29	subscriptions	advisor_resource_retirement	advisor_joined	/subscriptions/b9fc9419-6097-45fe-9f74-ba0641c91912/resourcegroups/pagopa-p-bizevents-sec-rg/providers/microsoft.keyvault/vaults/pagopa-p-bizevents-kv/providers/Microsoft.Advisor/recommendations/e538f3038a45bb00c5c9a856d53015e952a76310d82a59c943046848e9205abb	/subscriptions/b9fc9419-6097-45fe-9f74-ba0641c91912/resourcegroups/pagopa-p-bizevents-sec-rg/providers/microsoft.keyvault/vaults/pagopa-p-bizevents-kv/providers/Microsoft.Advisor/recommendations/e538f3038a45bb00c5c9a856d53015e952a76310d82a59c943046848e9205abb	7ff06874-39e9-41be-9552-fa1ae2a83c88	2027-02-27	exact	b9fc9419-6097-45fe-9f74-ba0641c91912	PROD-pagoPA	/subscriptions/b9fc9419-6097-45fe-9f74-ba0641c91912/resourcegroups/pagopa-p-bizevents-sec-rg/providers/microsoft.keyvault/vaults/pagopa-p-bizevents-kv	pagopa-p-bizevents-kv	pagopa-p-bizevents-sec-rg	microsoft.keyvault/vaults	westeurope	"{""CostCenter"":""TS310 - PAGAMENTI & SERVIZI"",""CreatedBy"":""Terraform"",""Environment"":""Prod"",""Folder"":""domains/bizevents-common"",""Owner"":""pagoPA"",""Source"":""https://github.com/pagopa/pagopa-infra/tree/main/src/domains/bizevents-common"",""domain"":""bizevents""}"			High		HighAvailability		New	2026-07-23T12:13:32Z			Azure Key Vault API versions prior to 2026-02-01 are being retired		https://learn.microsoft.com/azure/key-vault/general/access-control-default?tabs=azure-cli			short	metadata_and_resource		"{""metadata_joined"":true,""recommendation_source"":""advisor_recommendations"",""resource_graph_joined"":true,""resource_graph_key"":[""7ff06874-39e9-41be-9552-fa1ae2a83c88"",""/subscriptions/b9fc9419-6097-45fe-9f74-ba0641c91912/resourcegroups/pagopa-p-bizevents-sec-rg/providers/microsoft.keyvault/vaults/pagopa-p-bizevents-kv""]}"	
Key vault	API versions prior to 2026-02-01	Azure Key Vault API versions prior to 2026-02-01 are being retired	7ff06874-39e9-41be-9552-fa1ae2a83c88	2026-07-29	subscriptions	advisor_resource_retirement	advisor_joined	/subscriptions/b9fc9419-6097-45fe-9f74-ba0641c91912/resourcegroups/pagopa-p-ecommerce-sec-rg/providers/microsoft.keyvault/vaults/pagopa-p-ecommerce-kv/providers/Microsoft.Advisor/recommendations/49eb91b4c2dbccf309feef9372cf5b5a58dd0fb53a011c7a145af6006dc15e94	/subscriptions/b9fc9419-6097-45fe-9f74-ba0641c91912/resourcegroups/pagopa-p-ecommerce-sec-rg/providers/microsoft.keyvault/vaults/pagopa-p-ecommerce-kv/providers/Microsoft.Advisor/recommendations/49eb91b4c2dbccf309feef9372cf5b5a58dd0fb53a011c7a145af6006dc15e94	7ff06874-39e9-41be-9552-fa1ae2a83c88	2027-02-27	exact	b9fc9419-6097-45fe-9f74-ba0641c91912	PROD-pagoPA	/subscriptions/b9fc9419-6097-45fe-9f74-ba0641c91912/resourcegroups/pagopa-p-ecommerce-sec-rg/providers/microsoft.keyvault/vaults/pagopa-p-ecommerce-kv	pagopa-p-ecommerce-kv	pagopa-p-ecommerce-sec-rg	microsoft.keyvault/vaults	westeurope	"{""CostCenter"":""TS310 - PAGAMENTI & SERVIZI"",""CreatedBy"":""Terraform"",""Environment"":""Prod"",""Folder"":""domains/ecommerce-common"",""Owner"":""pagoPA"",""Source"":""https://github.com/pagopa/pagopa-infra/tree/main/src/domains/ecommerce-common"",""domain"":""ecommerce""}"			High		HighAvailability		New	2026-07-24T18:36:33Z			Azure Key Vault API versions prior to 2026-02-01 are being retired		https://learn.microsoft.com/azure/key-vault/general/access-control-default?tabs=azure-cli			short	metadata_and_resource		"{""metadata_joined"":true,""recommendation_source"":""advisor_recommendations"",""resource_graph_joined"":true,""resource_graph_key"":[""7ff06874-39e9-41be-9552-fa1ae2a83c88"",""/subscriptions/b9fc9419-6097-45fe-9f74-ba0641c91912/resourcegroups/pagopa-p-ecommerce-sec-rg/providers/microsoft.keyvault/vaults/pagopa-p-ecommerce-kv""]}"	
Key vault	API versions prior to 2026-02-01	Azure Key Vault API versions prior to 2026-02-01 are being retired	7ff06874-39e9-41be-9552-fa1ae2a83c88	2026-07-29	subscriptions	advisor_resource_retirement	advisor_joined	/subscriptions/b9fc9419-6097-45fe-9f74-ba0641c91912/resourcegroups/pagopa-p-pay-wallet-sec-rg/providers/microsoft.keyvault/vaults/pagopa-p-pay-wallet-kv/providers/Microsoft.Advisor/recommendations/1adcf5dd0b3daba42ddf9505a65c5c0a44077aa89ff091ebe6fe9a783c6d6aa4	/subscriptions/b9fc9419-6097-45fe-9f74-ba0641c91912/resourcegroups/pagopa-p-pay-wallet-sec-rg/providers/microsoft.keyvault/vaults/pagopa-p-pay-wallet-kv/providers/Microsoft.Advisor/recommendations/1adcf5dd0b3daba42ddf9505a65c5c0a44077aa89ff091ebe6fe9a783c6d6aa4	7ff06874-39e9-41be-9552-fa1ae2a83c88	2027-02-27	exact	b9fc9419-6097-45fe-9f74-ba0641c91912	PROD-pagoPA	/subscriptions/b9fc9419-6097-45fe-9f74-ba0641c91912/resourcegroups/pagopa-p-pay-wallet-sec-rg/providers/microsoft.keyvault/vaults/pagopa-p-pay-wallet-kv	pagopa-p-pay-wallet-kv	pagopa-p-pay-wallet-sec-rg	microsoft.keyvault/vaults	italynorth	"{""CostCenter"":""TS310 - PAGAMENTI & SERVIZI"",""CreatedBy"":""Terraform"",""Environment"":""Prod"",""Folder"":""domains/pay-wallet-common"",""Owner"":""pagoPA"",""Source"":""https://github.com/pagopa/pagopa-infra/tree/main/src/domains/pay-wallet-common"",""domain"":""paywallet""}"			High		HighAvailability		New	2026-07-26T05:28:20Z			Azure Key Vault API versions prior to 2026-02-01 are being retired		https://learn.microsoft.com/azure/key-vault/general/access-control-default?tabs=azure-cli			short	metadata_and_resource		"{""metadata_joined"":true,""recommendation_source"":""advisor_recommendations"",""resource_graph_joined"":true,""resource_graph_key"":[""7ff06874-39e9-41be-9552-fa1ae2a83c88"",""/subscriptions/b9fc9419-6097-45fe-9f74-ba0641c91912/resourcegroups/pagopa-p-pay-wallet-sec-rg/providers/microsoft.keyvault/vaults/pagopa-p-pay-wallet-kv""]}"	
Key vault	API versions prior to 2026-02-01	Azure Key Vault API versions prior to 2026-02-01 are being retired	7ff06874-39e9-41be-9552-fa1ae2a83c88	2026-07-29	subscriptions	advisor_resource_retirement	advisor_joined	/subscriptions/b9fc9419-6097-45fe-9f74-ba0641c91912/resourcegroups/pagopa-p-afm-sec-rg/providers/microsoft.keyvault/vaults/pagopa-p-afm-kv/providers/Microsoft.Advisor/recommendations/58754c9f7a644414a85a7cbe09512d21e6c28da3d503dc551f48260ee81d879a	/subscriptions/b9fc9419-6097-45fe-9f74-ba0641c91912/resourcegroups/pagopa-p-afm-sec-rg/providers/microsoft.keyvault/vaults/pagopa-p-afm-kv/providers/Microsoft.Advisor/recommendations/58754c9f7a644414a85a7cbe09512d21e6c28da3d503dc551f48260ee81d879a	7ff06874-39e9-41be-9552-fa1ae2a83c88	2027-02-27	exact	b9fc9419-6097-45fe-9f74-ba0641c91912	PROD-pagoPA	/subscriptions/b9fc9419-6097-45fe-9f74-ba0641c91912/resourcegroups/pagopa-p-afm-sec-rg/providers/microsoft.keyvault/vaults/pagopa-p-afm-kv	pagopa-p-afm-kv	pagopa-p-afm-sec-rg	microsoft.keyvault/vaults	westeurope	"{""CostCenter"":""TS310 - PAGAMENTI & SERVIZI"",""CreatedBy"":""Terraform"",""Environment"":""Prod"",""Folder"":""domains/afm-common"",""Owner"":""pagoPA"",""Source"":""https://github.com/pagopa/pagopa-infra/tree/main/src/domains/afm-common"",""domain"":""afm""}"			High		HighAvailability		New	2026-07-27T18:42:25Z			Azure Key Vault API versions prior to 2026-02-01 are being retired		https://learn.microsoft.com/azure/key-vault/general/access-control-default?tabs=azure-cli			short	metadata_and_resource		"{""metadata_joined"":true,""recommendation_source"":""advisor_recommendations"",""resource_graph_joined"":true,""resource_graph_key"":[""7ff06874-39e9-41be-9552-fa1ae2a83c88"",""/subscriptions/b9fc9419-6097-45fe-9f74-ba0641c91912/resourcegroups/pagopa-p-afm-sec-rg/providers/microsoft.keyvault/vaults/pagopa-p-afm-kv""]}"	
Key vault	API versions prior to 2026-02-01	Azure Key Vault API versions prior to 2026-02-01 are being retired	7ff06874-39e9-41be-9552-fa1ae2a83c88	2026-07-29	subscriptions	advisor_resource_retirement	advisor_joined	/subscriptions/b9fc9419-6097-45fe-9f74-ba0641c91912/resourcegroups/pagopa-p-qi-sec-rg/providers/microsoft.keyvault/vaults/pagopa-p-qi-kv/providers/Microsoft.Advisor/recommendations/198c73b69617668d6d3b86b62fda7764b32938a237d0ee2762fcce8ece0246b9	/subscriptions/b9fc9419-6097-45fe-9f74-ba0641c91912/resourcegroups/pagopa-p-qi-sec-rg/providers/microsoft.keyvault/vaults/pagopa-p-qi-kv/providers/Microsoft.Advisor/recommendations/198c73b69617668d6d3b86b62fda7764b32938a237d0ee2762fcce8ece0246b9	7ff06874-39e9-41be-9552-fa1ae2a83c88	2027-02-27	exact	b9fc9419-6097-45fe-9f74-ba0641c91912	PROD-pagoPA	/subscriptions/b9fc9419-6097-45fe-9f74-ba0641c91912/resourcegroups/pagopa-p-qi-sec-rg/providers/microsoft.keyvault/vaults/pagopa-p-qi-kv	pagopa-p-qi-kv	pagopa-p-qi-sec-rg	microsoft.keyvault/vaults	westeurope	"{""CostCenter"":""TS310 - PAGAMENTI & SERVIZI"",""CreatedBy"":""Terraform"",""Environment"":""Prod"",""Folder"":""domains/qi-common"",""Owner"":""pagoPA"",""Source"":""https://github.com/pagopa/pagopa-infra/tree/main/src/domains/qi-common"",""domain"":""qi""}"			High		HighAvailability		New	2026-07-24T18:35:32Z			Azure Key Vault API versions prior to 2026-02-01 are being retired		https://learn.microsoft.com/azure/key-vault/general/access-control-default?tabs=azure-cli			short	metadata_and_resource		"{""metadata_joined"":true,""recommendation_source"":""advisor_recommendations"",""resource_graph_joined"":true,""resource_graph_key"":[""7ff06874-39e9-41be-9552-fa1ae2a83c88"",""/subscriptions/b9fc9419-6097-45fe-9f74-ba0641c91912/resourcegroups/pagopa-p-qi-sec-rg/providers/microsoft.keyvault/vaults/pagopa-p-qi-kv""]}"	
Key vault	API versions prior to 2026-02-01	Azure Key Vault API versions prior to 2026-02-01 are being retired	7ff06874-39e9-41be-9552-fa1ae2a83c88	2026-07-29	subscriptions	advisor_resource_retirement	advisor_joined	/subscriptions/b9fc9419-6097-45fe-9f74-ba0641c91912/resourcegroups/pagopa-p-checkout-sec-rg/providers/microsoft.keyvault/vaults/pagopa-p-checkout-kv/providers/Microsoft.Advisor/recommendations/6c2c84633d0cfbf50d973e8cc2209db5e9b681fbec48a42975089ffd63483499	/subscriptions/b9fc9419-6097-45fe-9f74-ba0641c91912/resourcegroups/pagopa-p-checkout-sec-rg/providers/microsoft.keyvault/vaults/pagopa-p-checkout-kv/providers/Microsoft.Advisor/recommendations/6c2c84633d0cfbf50d973e8cc2209db5e9b681fbec48a42975089ffd63483499	7ff06874-39e9-41be-9552-fa1ae2a83c88	2027-02-27	exact	b9fc9419-6097-45fe-9f74-ba0641c91912	PROD-pagoPA	/subscriptions/b9fc9419-6097-45fe-9f74-ba0641c91912/resourcegroups/pagopa-p-checkout-sec-rg/providers/microsoft.keyvault/vaults/pagopa-p-checkout-kv	pagopa-p-checkout-kv	pagopa-p-checkout-sec-rg	microsoft.keyvault/vaults	westeurope	"{""CostCenter"":""TS310 - PAGAMENTI & SERVIZI"",""CreatedBy"":""Terraform"",""Environment"":""Prod"",""Folder"":""domains/checkout-common"",""Owner"":""pagoPA"",""Source"":""https://github.com/pagopa/pagopa-infra/tree/main/src/domains/checkout-common"",""domain"":""checkout""}"			High		HighAvailability		New	2026-07-22T12:37:40Z			Azure Key Vault API versions prior to 2026-02-01 are being retired		https://learn.microsoft.com/azure/key-vault/general/access-control-default?tabs=azure-cli			short	metadata_and_resource		"{""metadata_joined"":true,""recommendation_source"":""advisor_recommendations"",""resource_graph_joined"":true,""resource_graph_key"":[""7ff06874-39e9-41be-9552-fa1ae2a83c88"",""/subscriptions/b9fc9419-6097-45fe-9f74-ba0641c91912/resourcegroups/pagopa-p-checkout-sec-rg/providers/microsoft.keyvault/vaults/pagopa-p-checkout-kv""]}"	
Key vault	API versions prior to 2026-02-01	Azure Key Vault API versions prior to 2026-02-01 are being retired	7ff06874-39e9-41be-9552-fa1ae2a83c88	2026-07-29	subscriptions	advisor_resource_retirement	advisor_joined	/subscriptions/b9fc9419-6097-45fe-9f74-ba0641c91912/resourcegroups/pagopa-p-fdr-sec-rg/providers/microsoft.keyvault/vaults/pagopa-p-fdr-kv/providers/Microsoft.Advisor/recommendations/cf0745abb70cb82d24128ea328c373033dd3cffb9db1114142ef0063a03e6575	/subscriptions/b9fc9419-6097-45fe-9f74-ba0641c91912/resourcegroups/pagopa-p-fdr-sec-rg/providers/microsoft.keyvault/vaults/pagopa-p-fdr-kv/providers/Microsoft.Advisor/recommendations/cf0745abb70cb82d24128ea328c373033dd3cffb9db1114142ef0063a03e6575	7ff06874-39e9-41be-9552-fa1ae2a83c88	2027-02-27	exact	b9fc9419-6097-45fe-9f74-ba0641c91912	PROD-pagoPA	/subscriptions/b9fc9419-6097-45fe-9f74-ba0641c91912/resourcegroups/pagopa-p-fdr-sec-rg/providers/microsoft.keyvault/vaults/pagopa-p-fdr-kv	pagopa-p-fdr-kv	pagopa-p-fdr-sec-rg	microsoft.keyvault/vaults	westeurope	"{""CostCenter"":""TS310 - PAGAMENTI & SERVIZI"",""CreatedBy"":""Terraform"",""Environment"":""Prod"",""Folder"":""domains/fdr-secret"",""Owner"":""pagoPA"",""Source"":""https://github.com/pagopa/pagopa-infra/tree/main/src/domains/fdr-secret"",""domain"":""fdr""}"			High		HighAvailability		New	2026-07-24T18:35:17Z			Azure Key Vault API versions prior to 2026-02-01 are being retired		https://learn.microsoft.com/azure/key-vault/general/access-control-default?tabs=azure-cli			short	metadata_and_resource		"{""metadata_joined"":true,""recommendation_source"":""advisor_recommendations"",""resource_graph_joined"":true,""resource_graph_key"":[""7ff06874-39e9-41be-9552-fa1ae2a83c88"",""/subscriptions/b9fc9419-6097-45fe-9f74-ba0641c91912/resourcegroups/pagopa-p-fdr-sec-rg/providers/microsoft.keyvault/vaults/pagopa-p-fdr-kv""]}"	
Key vault	API versions prior to 2026-02-01	Azure Key Vault API versions prior to 2026-02-01 are being retired	7ff06874-39e9-41be-9552-fa1ae2a83c88	2026-07-29	subscriptions	advisor_resource_retirement	advisor_joined	/subscriptions/b9fc9419-6097-45fe-9f74-ba0641c91912/resourcegroups/pagopa-p-sec-rg/providers/microsoft.keyvault/vaults/pagopa-p-kv/providers/Microsoft.Advisor/recommendations/9d16a6482679462c9331c41c8c0edf952b243dc4128f3dc79eae235c0ca8340a	/subscriptions/b9fc9419-6097-45fe-9f74-ba0641c91912/resourcegroups/pagopa-p-sec-rg/providers/microsoft.keyvault/vaults/pagopa-p-kv/providers/Microsoft.Advisor/recommendations/9d16a6482679462c9331c41c8c0edf952b243dc4128f3dc79eae235c0ca8340a	7ff06874-39e9-41be-9552-fa1ae2a83c88	2027-02-27	exact	b9fc9419-6097-45fe-9f74-ba0641c91912	PROD-pagoPA	/subscriptions/b9fc9419-6097-45fe-9f74-ba0641c91912/resourcegroups/pagopa-p-sec-rg/providers/microsoft.keyvault/vaults/pagopa-p-kv	pagopa-p-kv	pagopa-p-sec-rg	microsoft.keyvault/vaults	westeurope	"{""CostCenter"":""TS310 - PAGAMENTI & SERVIZI"",""CreatedBy"":""Terraform"",""Environment"":""Prod"",""Folder"":""next-core"",""Owner"":""pagoPA"",""Source"":""https://github.com/pagopa/pagopa-infra/tree/main/src/next-core"",""domain"":""core""}"			High		HighAvailability		New	2026-07-27T18:42:29Z			Azure Key Vault API versions prior to 2026-02-01 are being retired		https://learn.microsoft.com/azure/key-vault/general/access-control-default?tabs=azure-cli			short	metadata_and_resource		"{""metadata_joined"":true,""recommendation_source"":""advisor_recommendations"",""resource_graph_joined"":true,""resource_graph_key"":[""7ff06874-39e9-41be-9552-fa1ae2a83c88"",""/subscriptions/b9fc9419-6097-45fe-9f74-ba0641c91912/resourcegroups/pagopa-p-sec-rg/providers/microsoft.keyvault/vaults/pagopa-p-kv""]}"	
Kubernetes service	Azure Kubernetes Service support for Ubuntu 22.04	Migrate to Ubuntu 24.04 or later versions	00dbcc9d-50d4-44ef-bc21-c15785cddf42	2026-07-29	subscriptions	advisor_resource_retirement	advisor_joined	/subscriptions/b9fc9419-6097-45fe-9f74-ba0641c91912/resourcegroups/pagopa-p-weu-prod-aks-rg/providers/microsoft.containerservice/managedclusters/pagopa-p-weu-prod-aks/providers/Microsoft.Advisor/recommendations/8edfdd003e127ad0037aab547cc690918e8179677b1f5f6f6fb9287b4c537128	/subscriptions/b9fc9419-6097-45fe-9f74-ba0641c91912/resourcegroups/pagopa-p-weu-prod-aks-rg/providers/microsoft.containerservice/managedclusters/pagopa-p-weu-prod-aks/providers/Microsoft.Advisor/recommendations/8edfdd003e127ad0037aab547cc690918e8179677b1f5f6f6fb9287b4c537128	00dbcc9d-50d4-44ef-bc21-c15785cddf42	2027-06-30	exact	b9fc9419-6097-45fe-9f74-ba0641c91912	PROD-pagoPA	/subscriptions/b9fc9419-6097-45fe-9f74-ba0641c91912/resourcegroups/pagopa-p-weu-prod-aks-rg/providers/microsoft.containerservice/managedclusters/pagopa-p-weu-prod-aks	pagopa-p-weu-prod-aks	pagopa-p-weu-prod-aks-rg	microsoft.containerservice/managedclusters	westeurope	"{""CostCenter"":""TS310 - PAGAMENTI & SERVIZI"",""CreatedBy"":""Terraform"",""Environment"":""Prod"",""Folder"":""aks-platform"",""Owner"":""pagoPA"",""Source"":""https://github.com/pagopa/pagopa-infra/tree/main/src/aks-platform"",""domain"":""core""}"			Medium		HighAvailability		New	2026-05-07T14:51:39Z			Migrate to Ubuntu 24.04 or later versions		https://azure.microsoft.com/updates/?id=557928			short	metadata_and_resource		"{""metadata_joined"":true,""recommendation_source"":""advisor_recommendations"",""resource_graph_joined"":true,""resource_graph_key"":[""00dbcc9d-50d4-44ef-bc21-c15785cddf42"",""/subscriptions/b9fc9419-6097-45fe-9f74-ba0641c91912/resourcegroups/pagopa-p-weu-prod-aks-rg/providers/microsoft.containerservice/managedclusters/pagopa-p-weu-prod-aks""]}"	
Kubernetes service	Azure Kubernetes Service support for Ubuntu 22.04	Migrate to Ubuntu 24.04 or later versions	00dbcc9d-50d4-44ef-bc21-c15785cddf42	2026-07-29	subscriptions	advisor_resource_retirement	advisor_joined	/subscriptions/b9fc9419-6097-45fe-9f74-ba0641c91912/resourcegroups/pagopa-p-itn-prod-aks-rg/providers/microsoft.containerservice/managedclusters/pagopa-p-itn-prod-aks/providers/Microsoft.Advisor/recommendations/3713c82e0ebd22b98c78d386b179e255843b22c890c99dd744b1905fc8103f11	/subscriptions/b9fc9419-6097-45fe-9f74-ba0641c91912/resourcegroups/pagopa-p-itn-prod-aks-rg/providers/microsoft.containerservice/managedclusters/pagopa-p-itn-prod-aks/providers/Microsoft.Advisor/recommendations/3713c82e0ebd22b98c78d386b179e255843b22c890c99dd744b1905fc8103f11	00dbcc9d-50d4-44ef-bc21-c15785cddf42	2027-06-30	exact	b9fc9419-6097-45fe-9f74-ba0641c91912	PROD-pagoPA	/subscriptions/b9fc9419-6097-45fe-9f74-ba0641c91912/resourcegroups/pagopa-p-itn-prod-aks-rg/providers/microsoft.containerservice/managedclusters/pagopa-p-itn-prod-aks	pagopa-p-itn-prod-aks	pagopa-p-itn-prod-aks-rg	microsoft.containerservice/managedclusters	italynorth	"{""CostCenter"":""TS310 - PAGAMENTI & SERVIZI"",""CreatedBy"":""Terraform"",""Environment"":""Prod"",""Folder"":""aks-leonardo"",""Owner"":""pagoPA"",""Source"":""https://github.com/pagopa/pagopa-infra/tree/main/src/aks-leonardo"",""domain"":""core""}"			Medium		HighAvailability		New	2026-05-07T14:51:39Z			Migrate to Ubuntu 24.04 or later versions		https://azure.microsoft.com/updates/?id=557928			short	metadata_and_resource		"{""metadata_joined"":true,""recommendation_source"":""advisor_recommendations"",""resource_graph_joined"":true,""resource_graph_key"":[""00dbcc9d-50d4-44ef-bc21-c15785cddf42"",""/subscriptions/b9fc9419-6097-45fe-9f74-ba0641c91912/resourcegroups/pagopa-p-itn-prod-aks-rg/providers/microsoft.containerservice/managedclusters/pagopa-p-itn-prod-aks""]}"	
Key vault	API versions prior to 2026-02-01	Azure Key Vault API versions prior to 2026-02-01 are being retired	7ff06874-39e9-41be-9552-fa1ae2a83c88	2026-07-29	subscriptions	advisor_resource_retirement	advisor_joined	/subscriptions/b9fc9419-6097-45fe-9f74-ba0641c91912/resourcegroups/pagopa-p-weu-core-ca-rg/providers/microsoft.keyvault/vaults/pagopa-p-weu-core-ca-kv/providers/Microsoft.Advisor/recommendations/26c5ddfd0047b32d6225b69c514ebc5843bab1702ae952c552637c8e022c2438	/subscriptions/b9fc9419-6097-45fe-9f74-ba0641c91912/resourcegroups/pagopa-p-weu-core-ca-rg/providers/microsoft.keyvault/vaults/pagopa-p-weu-core-ca-kv/providers/Microsoft.Advisor/recommendations/26c5ddfd0047b32d6225b69c514ebc5843bab1702ae952c552637c8e022c2438	7ff06874-39e9-41be-9552-fa1ae2a83c88	2027-02-27	exact	b9fc9419-6097-45fe-9f74-ba0641c91912	PROD-pagoPA	/subscriptions/b9fc9419-6097-45fe-9f74-ba0641c91912/resourcegroups/pagopa-p-weu-core-ca-rg/providers/microsoft.keyvault/vaults/pagopa-p-weu-core-ca-kv	pagopa-p-weu-core-ca-kv	pagopa-p-weu-core-ca-rg	microsoft.keyvault/vaults	westeurope	"{""CostCenter"":""TS310 - PAGAMENTI & SERVIZI"",""CreatedBy"":""Terraform"",""Environment"":""Prod"",""Folder"":""next-core"",""Owner"":""pagoPA"",""Source"":""https://github.com/pagopa/pagopa-infra/tree/main/src/next-core"",""domain"":""core""}"			High		HighAvailability		New	2026-07-27T18:42:30Z			Azure Key Vault API versions prior to 2026-02-01 are being retired		https://learn.microsoft.com/azure/key-vault/general/access-control-default?tabs=azure-cli			short	metadata_and_resource		"{""metadata_joined"":true,""recommendation_source"":""advisor_recommendations"",""resource_graph_joined"":true,""resource_graph_key"":[""7ff06874-39e9-41be-9552-fa1ae2a83c88"",""/subscriptions/b9fc9419-6097-45fe-9f74-ba0641c91912/resourcegroups/pagopa-p-weu-core-ca-rg/providers/microsoft.keyvault/vaults/pagopa-p-weu-core-ca-kv""]}"	
Storage Account	Legacy Blob and General-Purpose v1 storage accounts	Upgrade general-purpose v1 storage accounts	1d70919c-1a4a-4f79-8300-bb576c291e9d	2026-07-29	subscriptions	advisor_resource_retirement	advisor_joined	/subscriptions/bbe47ad4-08b3-4925-94c5-1278e5819b86/resourcegroups/test-smo-rg/providers/microsoft.storage/storageaccounts/testsmorg88ce/providers/Microsoft.Advisor/recommendations/0a1d63756ecaa6d05283ff3acfc25252ee386429af2f55513b74de2b0870dacf	/subscriptions/bbe47ad4-08b3-4925-94c5-1278e5819b86/resourcegroups/test-smo-rg/providers/microsoft.storage/storageaccounts/testsmorg88ce/providers/Microsoft.Advisor/recommendations/0a1d63756ecaa6d05283ff3acfc25252ee386429af2f55513b74de2b0870dacf	1d70919c-1a4a-4f79-8300-bb576c291e9d	2026-10-13	exact	bbe47ad4-08b3-4925-94c5-1278e5819b86	DEV-pagoPA	/subscriptions/bbe47ad4-08b3-4925-94c5-1278e5819b86/resourcegroups/test-smo-rg/providers/microsoft.storage/storageaccounts/testsmorg88ce	testsmorg88ce	test-smo-rg	microsoft.storage/storageaccounts	westeurope	{}			Medium		HighAvailability		New	2026-04-30T03:34:57Z			Upgrade general-purpose v1 storage accounts		https://azure.microsoft.com/updates/?id=496964			short	metadata_and_resource		"{""metadata_joined"":true,""recommendation_source"":""advisor_recommendations"",""resource_graph_joined"":true,""resource_graph_key"":[""1d70919c-1a4a-4f79-8300-bb576c291e9d"",""/subscriptions/bbe47ad4-08b3-4925-94c5-1278e5819b86/resourcegroups/test-smo-rg/providers/microsoft.storage/storageaccounts/testsmorg88ce""]}"	
Kubernetes service	Legacy authentication for Container Insights - Azure Monitor	Migrate to Container insights managed identity authentication	b005ecf0-23e2-4279-9ca2-718d1518c9fb	2026-07-29	subscriptions	advisor_resource_retirement	advisor_joined	/subscriptions/bbe47ad4-08b3-4925-94c5-1278e5819b86/resourcegroups/pagopa-d-weu-dev-aks-rg/providers/microsoft.containerservice/managedclusters/pagopa-d-weu-dev-aks/providers/Microsoft.Advisor/recommendations/b64200885200c5586950becada18399376b4d513e1d811925ea33f8d8388b9e8	/subscriptions/bbe47ad4-08b3-4925-94c5-1278e5819b86/resourcegroups/pagopa-d-weu-dev-aks-rg/providers/microsoft.containerservice/managedclusters/pagopa-d-weu-dev-aks/providers/Microsoft.Advisor/recommendations/b64200885200c5586950becada18399376b4d513e1d811925ea33f8d8388b9e8	b005ecf0-23e2-4279-9ca2-718d1518c9fb	2026-09-30	exact	bbe47ad4-08b3-4925-94c5-1278e5819b86	DEV-pagoPA	/subscriptions/bbe47ad4-08b3-4925-94c5-1278e5819b86/resourcegroups/pagopa-d-weu-dev-aks-rg/providers/microsoft.containerservice/managedclusters/pagopa-d-weu-dev-aks	pagopa-d-weu-dev-aks	pagopa-d-weu-dev-aks-rg	microsoft.containerservice/managedclusters	westeurope	"{""CostCenter"":""TS310 - PAGAMENTI & SERVIZI"",""CreatedBy"":""Terraform"",""Environment"":""Dev"",""Folder"":""aks-platform"",""Owner"":""pagoPA"",""Source"":""https://github.com/pagopa/pagopa-infra/tree/main/src/aks-platform"",""domain"":""core""}"			Medium		HighAvailability		New	2026-04-16T16:00:25Z			Migrate to Container insights managed identity authentication		https://azure.microsoft.com/updates/?id=500853			short	metadata_and_resource		"{""metadata_joined"":true,""recommendation_source"":""advisor_recommendations"",""resource_graph_joined"":true,""resource_graph_key"":[""b005ecf0-23e2-4279-9ca2-718d1518c9fb"",""/subscriptions/bbe47ad4-08b3-4925-94c5-1278e5819b86/resourcegroups/pagopa-d-weu-dev-aks-rg/providers/microsoft.containerservice/managedclusters/pagopa-d-weu-dev-aks""]}"	
Storage Account	Legacy Blob and General-Purpose v1 storage accounts	Upgrade general-purpose v1 storage accounts	1d70919c-1a4a-4f79-8300-bb576c291e9d	2026-07-29	subscriptions	advisor_resource_retirement	advisor_joined	/subscriptions/bbe47ad4-08b3-4925-94c5-1278e5819b86/resourcegroups/test-caccuri/providers/microsoft.storage/storageaccounts/testcaccurib8d1/providers/Microsoft.Advisor/recommendations/b0802cd014f2855e6e0b4feee6d9cfe71b52e67ec0124d20cc03dc26272a8ac7	/subscriptions/bbe47ad4-08b3-4925-94c5-1278e5819b86/resourcegroups/test-caccuri/providers/microsoft.storage/storageaccounts/testcaccurib8d1/providers/Microsoft.Advisor/recommendations/b0802cd014f2855e6e0b4feee6d9cfe71b52e67ec0124d20cc03dc26272a8ac7	1d70919c-1a4a-4f79-8300-bb576c291e9d	2026-10-13	exact	bbe47ad4-08b3-4925-94c5-1278e5819b86	DEV-pagoPA	/subscriptions/bbe47ad4-08b3-4925-94c5-1278e5819b86/resourcegroups/test-caccuri/providers/microsoft.storage/storageaccounts/testcaccurib8d1	testcaccurib8d1	test-caccuri	microsoft.storage/storageaccounts	westeurope	{}			Medium		HighAvailability		New	2026-05-21T10:03:20Z			Upgrade general-purpose v1 storage accounts		https://azure.microsoft.com/updates/?id=496964			short	metadata_and_resource		"{""metadata_joined"":true,""recommendation_source"":""advisor_recommendations"",""resource_graph_joined"":true,""resource_graph_key"":[""1d70919c-1a4a-4f79-8300-bb576c291e9d"",""/subscriptions/bbe47ad4-08b3-4925-94c5-1278e5819b86/resourcegroups/test-caccuri/providers/microsoft.storage/storageaccounts/testcaccurib8d1""]}"	
Key vault	API versions prior to 2026-02-01	Azure Key Vault API versions prior to 2026-02-01 are being retired	7ff06874-39e9-41be-9552-fa1ae2a83c88	2026-07-29	subscriptions	advisor_resource_retirement	advisor_joined	/subscriptions/bbe47ad4-08b3-4925-94c5-1278e5819b86/resourcegroups/pagopa-d-weu-network-sec-rg/providers/microsoft.keyvault/vaults/pagopa-d-weu-network-kv/providers/Microsoft.Advisor/recommendations/39388ae92f2cb3e298b102ad856a1db6e0dd85f78f93bbfba29faff3acbdf08a	/subscriptions/bbe47ad4-08b3-4925-94c5-1278e5819b86/resourcegroups/pagopa-d-weu-network-sec-rg/providers/microsoft.keyvault/vaults/pagopa-d-weu-network-kv/providers/Microsoft.Advisor/recommendations/39388ae92f2cb3e298b102ad856a1db6e0dd85f78f93bbfba29faff3acbdf08a	7ff06874-39e9-41be-9552-fa1ae2a83c88	2027-02-27	exact	bbe47ad4-08b3-4925-94c5-1278e5819b86	DEV-pagoPA	/subscriptions/bbe47ad4-08b3-4925-94c5-1278e5819b86/resourcegroups/pagopa-d-weu-network-sec-rg/providers/microsoft.keyvault/vaults/pagopa-d-weu-network-kv	pagopa-d-weu-network-kv	pagopa-d-weu-network-sec-rg	microsoft.keyvault/vaults	westeurope	"{""CostCenter"":""TS310 - PAGAMENTI & SERVIZI"",""CreatedBy"":""Terraform"",""Environment"":""Dev"",""Folder"":""network-secrets"",""Owner"":""pagoPA"",""Source"":""https://github.com/pagopa/pagopa-infra/tree/main/src/network-secrets"",""domain"":""network""}"			High		HighAvailability		New	2026-07-28T21:56:55Z			Azure Key Vault API versions prior to 2026-02-01 are being retired		https://learn.microsoft.com/azure/key-vault/general/access-control-default?tabs=azure-cli			short	metadata_and_resource		"{""metadata_joined"":true,""recommendation_source"":""advisor_recommendations"",""resource_graph_joined"":true,""resource_graph_key"":[""7ff06874-39e9-41be-9552-fa1ae2a83c88"",""/subscriptions/bbe47ad4-08b3-4925-94c5-1278e5819b86/resourcegroups/pagopa-d-weu-network-sec-rg/providers/microsoft.keyvault/vaults/pagopa-d-weu-network-kv""]}"	
Key vault	API versions prior to 2026-02-01	Azure Key Vault API versions prior to 2026-02-01 are being retired	7ff06874-39e9-41be-9552-fa1ae2a83c88	2026-07-29	subscriptions	advisor_resource_retirement	advisor_joined	/subscriptions/bbe47ad4-08b3-4925-94c5-1278e5819b86/resourcegroups/pagopa-d-itn-crusc8-sec-rg/providers/microsoft.keyvault/vaults/pagopa-d-itn-crusc8-kv/providers/Microsoft.Advisor/recommendations/ab031a36b038dac1947f35311b04a2a5eff0a33ae6b7c35e8cacf7176b966f6a	/subscriptions/bbe47ad4-08b3-4925-94c5-1278e5819b86/resourcegroups/pagopa-d-itn-crusc8-sec-rg/providers/microsoft.keyvault/vaults/pagopa-d-itn-crusc8-kv/providers/Microsoft.Advisor/recommendations/ab031a36b038dac1947f35311b04a2a5eff0a33ae6b7c35e8cacf7176b966f6a	7ff06874-39e9-41be-9552-fa1ae2a83c88	2027-02-27	exact	bbe47ad4-08b3-4925-94c5-1278e5819b86	DEV-pagoPA	/subscriptions/bbe47ad4-08b3-4925-94c5-1278e5819b86/resourcegroups/pagopa-d-itn-crusc8-sec-rg/providers/microsoft.keyvault/vaults/pagopa-d-itn-crusc8-kv	pagopa-d-itn-crusc8-kv	pagopa-d-itn-crusc8-sec-rg	microsoft.keyvault/vaults	italynorth	"{""CostCenter"":""TS310 - PAGAMENTI & SERVIZI"",""CreatedBy"":""Terraform"",""Environment"":""Dev"",""Folder"":""domains/cruscotto-secrets"",""Owner"":""pagoPA"",""Source"":""https://github.com/pagopa/pagopa-infra/tree/main/src/domains/cruscotto-secrets"",""domain"":""crusc8""}"			High		HighAvailability		New	2026-07-24T18:36:53Z			Azure Key Vault API versions prior to 2026-02-01 are being retired		https://learn.microsoft.com/azure/key-vault/general/access-control-default?tabs=azure-cli			short	metadata_and_resource		"{""metadata_joined"":true,""recommendation_source"":""advisor_recommendations"",""resource_graph_joined"":true,""resource_graph_key"":[""7ff06874-39e9-41be-9552-fa1ae2a83c88"",""/subscriptions/bbe47ad4-08b3-4925-94c5-1278e5819b86/resourcegroups/pagopa-d-itn-crusc8-sec-rg/providers/microsoft.keyvault/vaults/pagopa-d-itn-crusc8-kv""]}"	
Key vault	API versions prior to 2026-02-01	Azure Key Vault API versions prior to 2026-02-01 are being retired	7ff06874-39e9-41be-9552-fa1ae2a83c88	2026-07-29	subscriptions	advisor_resource_retirement	advisor_joined	/subscriptions/bbe47ad4-08b3-4925-94c5-1278e5819b86/resourcegroups/pagopa-d-shared-sec-rg/providers/microsoft.keyvault/vaults/pagopa-d-shared-kv/providers/Microsoft.Advisor/recommendations/f0b9ad20123e64228a8fc8dce7325928a85117aa9f74c7e33e562ab557add5f0	/subscriptions/bbe47ad4-08b3-4925-94c5-1278e5819b86/resourcegroups/pagopa-d-shared-sec-rg/providers/microsoft.keyvault/vaults/pagopa-d-shared-kv/providers/Microsoft.Advisor/recommendations/f0b9ad20123e64228a8fc8dce7325928a85117aa9f74c7e33e562ab557add5f0	7ff06874-39e9-41be-9552-fa1ae2a83c88	2027-02-27	exact	bbe47ad4-08b3-4925-94c5-1278e5819b86	DEV-pagoPA	/subscriptions/bbe47ad4-08b3-4925-94c5-1278e5819b86/resourcegroups/pagopa-d-shared-sec-rg/providers/microsoft.keyvault/vaults/pagopa-d-shared-kv	pagopa-d-shared-kv	pagopa-d-shared-sec-rg	microsoft.keyvault/vaults	westeurope	"{""CostCenter"":""TS310 - PAGAMENTI & SERVIZI"",""CreatedBy"":""Terraform"",""Environment"":""Dev"",""Folder"":""domains/shared-common"",""Owner"":""pagoPA"",""Source"":""https://github.com/pagopa/pagopa-infra/tree/main/src/domains/shared-common"",""domain"":""shared""}"			High		HighAvailability		New	2026-07-28T21:57:41Z			Azure Key Vault API versions prior to 2026-02-01 are being retired		https://learn.microsoft.com/azure/key-vault/general/access-control-default?tabs=azure-cli			short	metadata_and_resource		"{""metadata_joined"":true,""recommendation_source"":""advisor_recommendations"",""resource_graph_joined"":true,""resource_graph_key"":[""7ff06874-39e9-41be-9552-fa1ae2a83c88"",""/subscriptions/bbe47ad4-08b3-4925-94c5-1278e5819b86/resourcegroups/pagopa-d-shared-sec-rg/providers/microsoft.keyvault/vaults/pagopa-d-shared-kv""]}"	
Key vault	API versions prior to 2026-02-01	Azure Key Vault API versions prior to 2026-02-01 are being retired	7ff06874-39e9-41be-9552-fa1ae2a83c88	2026-07-29	subscriptions	advisor_resource_retirement	advisor_joined	/subscriptions/bbe47ad4-08b3-4925-94c5-1278e5819b86/resourcegroups/pagopa-d-sec-rg/providers/microsoft.keyvault/vaults/pagopa-d-kv/providers/Microsoft.Advisor/recommendations/635c545c1d80401e2a5d1c0bc194484fa6b376307ffae25ebe334a36ec527509	/subscriptions/bbe47ad4-08b3-4925-94c5-1278e5819b86/resourcegroups/pagopa-d-sec-rg/providers/microsoft.keyvault/vaults/pagopa-d-kv/providers/Microsoft.Advisor/recommendations/635c545c1d80401e2a5d1c0bc194484fa6b376307ffae25ebe334a36ec527509	7ff06874-39e9-41be-9552-fa1ae2a83c88	2027-02-27	exact	bbe47ad4-08b3-4925-94c5-1278e5819b86	DEV-pagoPA	/subscriptions/bbe47ad4-08b3-4925-94c5-1278e5819b86/resourcegroups/pagopa-d-sec-rg/providers/microsoft.keyvault/vaults/pagopa-d-kv	pagopa-d-kv	pagopa-d-sec-rg	microsoft.keyvault/vaults	westeurope	"{""CostCenter"":""TS310 - PAGAMENTI & SERVIZI"",""CreatedBy"":""Terraform"",""Environment"":""Dev"",""Folder"":""next-core"",""Owner"":""pagoPA"",""Source"":""https://github.com/pagopa/pagopa-infra/tree/main/src/next-core"",""domain"":""core""}"			High		HighAvailability		New	2026-07-28T21:57:37Z			Azure Key Vault API versions prior to 2026-02-01 are being retired		https://learn.microsoft.com/azure/key-vault/general/access-control-default?tabs=azure-cli			short	metadata_and_resource		"{""metadata_joined"":true,""recommendation_source"":""advisor_recommendations"",""resource_graph_joined"":true,""resource_graph_key"":[""7ff06874-39e9-41be-9552-fa1ae2a83c88"",""/subscriptions/bbe47ad4-08b3-4925-94c5-1278e5819b86/resourcegroups/pagopa-d-sec-rg/providers/microsoft.keyvault/vaults/pagopa-d-kv""]}"	
Key vault	API versions prior to 2026-02-01	Azure Key Vault API versions prior to 2026-02-01 are being retired	7ff06874-39e9-41be-9552-fa1ae2a83c88	2026-07-29	subscriptions	advisor_resource_retirement	advisor_joined	/subscriptions/bbe47ad4-08b3-4925-94c5-1278e5819b86/resourcegroups/pagopa-d-gps-sec-rg/providers/microsoft.keyvault/vaults/pagopa-d-gps-kv/providers/Microsoft.Advisor/recommendations/00b291d4148f917b9bf9ca55ab2d0d0e5a4a71a16d5803dcd38d54028e622bc0	/subscriptions/bbe47ad4-08b3-4925-94c5-1278e5819b86/resourcegroups/pagopa-d-gps-sec-rg/providers/microsoft.keyvault/vaults/pagopa-d-gps-kv/providers/Microsoft.Advisor/recommendations/00b291d4148f917b9bf9ca55ab2d0d0e5a4a71a16d5803dcd38d54028e622bc0	7ff06874-39e9-41be-9552-fa1ae2a83c88	2027-02-27	exact	bbe47ad4-08b3-4925-94c5-1278e5819b86	DEV-pagoPA	/subscriptions/bbe47ad4-08b3-4925-94c5-1278e5819b86/resourcegroups/pagopa-d-gps-sec-rg/providers/microsoft.keyvault/vaults/pagopa-d-gps-kv	pagopa-d-gps-kv	pagopa-d-gps-sec-rg	microsoft.keyvault/vaults	westeurope	"{""CostCenter"":""TS310 - PAGAMENTI & SERVIZI"",""CreatedBy"":""Terraform"",""Environment"":""Dev"",""Folder"":""domains/gps-common"",""Owner"":""pagoPA"",""Source"":""https://github.com/pagopa/pagopa-infra/tree/main/src/domains/gps-common"",""domain"":""gps""}"			High		HighAvailability		New	2026-07-28T21:57:05Z			Azure Key Vault API versions prior to 2026-02-01 are being retired		https://learn.microsoft.com/azure/key-vault/general/access-control-default?tabs=azure-cli			short	metadata_and_resource		"{""metadata_joined"":true,""recommendation_source"":""advisor_recommendations"",""resource_graph_joined"":true,""resource_graph_key"":[""7ff06874-39e9-41be-9552-fa1ae2a83c88"",""/subscriptions/bbe47ad4-08b3-4925-94c5-1278e5819b86/resourcegroups/pagopa-d-gps-sec-rg/providers/microsoft.keyvault/vaults/pagopa-d-gps-kv""]}"	
Key vault	API versions prior to 2026-02-01	Azure Key Vault API versions prior to 2026-02-01 are being retired	7ff06874-39e9-41be-9552-fa1ae2a83c88	2026-07-29	subscriptions	advisor_resource_retirement	advisor_joined	/subscriptions/bbe47ad4-08b3-4925-94c5-1278e5819b86/resourcegroups/pagopa-d-fdr-sec-rg/providers/microsoft.keyvault/vaults/pagopa-d-fdr-kv/providers/Microsoft.Advisor/recommendations/d0409dfc5c0ea8966b123c25128a6f173df96ecdcb752e3542063ae2ad3db652	/subscriptions/bbe47ad4-08b3-4925-94c5-1278e5819b86/resourcegroups/pagopa-d-fdr-sec-rg/providers/microsoft.keyvault/vaults/pagopa-d-fdr-kv/providers/Microsoft.Advisor/recommendations/d0409dfc5c0ea8966b123c25128a6f173df96ecdcb752e3542063ae2ad3db652	7ff06874-39e9-41be-9552-fa1ae2a83c88	2027-02-27	exact	bbe47ad4-08b3-4925-94c5-1278e5819b86	DEV-pagoPA	/subscriptions/bbe47ad4-08b3-4925-94c5-1278e5819b86/resourcegroups/pagopa-d-fdr-sec-rg/providers/microsoft.keyvault/vaults/pagopa-d-fdr-kv	pagopa-d-fdr-kv	pagopa-d-fdr-sec-rg	microsoft.keyvault/vaults	westeurope	"{""CostCenter"":""TS310 - PAGAMENTI & SERVIZI"",""CreatedBy"":""Terraform"",""Environment"":""Dev"",""Folder"":""domains/fdr-secret"",""Owner"":""pagoPA"",""Source"":""https://github.com/pagopa/pagopa-infra/tree/main/src/domains/fdr-secret"",""domain"":""fdr""}"			High		HighAvailability		New	2026-07-28T21:56:31Z			Azure Key Vault API versions prior to 2026-02-01 are being retired		https://learn.microsoft.com/azure/key-vault/general/access-control-default?tabs=azure-cli			short	metadata_and_resource		"{""metadata_joined"":true,""recommendation_source"":""advisor_recommendations"",""resource_graph_joined"":true,""resource_graph_key"":[""7ff06874-39e9-41be-9552-fa1ae2a83c88"",""/subscriptions/bbe47ad4-08b3-4925-94c5-1278e5819b86/resourcegroups/pagopa-d-fdr-sec-rg/providers/microsoft.keyvault/vaults/pagopa-d-fdr-kv""]}"	
Key vault	API versions prior to 2026-02-01	Azure Key Vault API versions prior to 2026-02-01 are being retired	7ff06874-39e9-41be-9552-fa1ae2a83c88	2026-07-29	subscriptions	advisor_resource_retirement	advisor_joined	/subscriptions/bbe47ad4-08b3-4925-94c5-1278e5819b86/resourcegroups/pagopa-d-ecommerce-sec-rg/providers/microsoft.keyvault/vaults/pagopa-d-ecommerce-kv/providers/Microsoft.Advisor/recommendations/21cb56b6bc804ac11e43acb9218a0ba42471bdc3f3d923240dd24551ea823dcd	/subscriptions/bbe47ad4-08b3-4925-94c5-1278e5819b86/resourcegroups/pagopa-d-ecommerce-sec-rg/providers/microsoft.keyvault/vaults/pagopa-d-ecommerce-kv/providers/Microsoft.Advisor/recommendations/21cb56b6bc804ac11e43acb9218a0ba42471bdc3f3d923240dd24551ea823dcd	7ff06874-39e9-41be-9552-fa1ae2a83c88	2027-02-27	exact	bbe47ad4-08b3-4925-94c5-1278e5819b86	DEV-pagoPA	/subscriptions/bbe47ad4-08b3-4925-94c5-1278e5819b86/resourcegroups/pagopa-d-ecommerce-sec-rg/providers/microsoft.keyvault/vaults/pagopa-d-ecommerce-kv	pagopa-d-ecommerce-kv	pagopa-d-ecommerce-sec-rg	microsoft.keyvault/vaults	westeurope	"{""CostCenter"":""TS310 - PAGAMENTI & SERVIZI"",""CreatedBy"":""Terraform"",""Environment"":""Dev"",""Folder"":""domains/ecommerce-common"",""Owner"":""pagoPA"",""Source"":""https://github.com/pagopa/pagopa-infra/tree/main/src/domains/ecommerce-common"",""domain"":""ecommerce""}"			High		HighAvailability		New	2026-07-28T21:58:07Z			Azure Key Vault API versions prior to 2026-02-01 are being retired		https://learn.microsoft.com/azure/key-vault/general/access-control-default?tabs=azure-cli			short	metadata_and_resource		"{""metadata_joined"":true,""recommendation_source"":""advisor_recommendations"",""resource_graph_joined"":true,""resource_graph_key"":[""7ff06874-39e9-41be-9552-fa1ae2a83c88"",""/subscriptions/bbe47ad4-08b3-4925-94c5-1278e5819b86/resourcegroups/pagopa-d-ecommerce-sec-rg/providers/microsoft.keyvault/vaults/pagopa-d-ecommerce-kv""]}"	
Key vault	API versions prior to 2026-02-01	Azure Key Vault API versions prior to 2026-02-01 are being retired	7ff06874-39e9-41be-9552-fa1ae2a83c88	2026-07-29	subscriptions	advisor_resource_retirement	advisor_joined	/subscriptions/bbe47ad4-08b3-4925-94c5-1278e5819b86/resourcegroups/pagopa-d-apiconfig-sec-rg/providers/microsoft.keyvault/vaults/pagopa-d-apiconfig-kv/providers/Microsoft.Advisor/recommendations/bc0311c6783853d948440bcc1690c76f0506ac3d9be9ee140b41c431244c8a8e	/subscriptions/bbe47ad4-08b3-4925-94c5-1278e5819b86/resourcegroups/pagopa-d-apiconfig-sec-rg/providers/microsoft.keyvault/vaults/pagopa-d-apiconfig-kv/providers/Microsoft.Advisor/recommendations/bc0311c6783853d948440bcc1690c76f0506ac3d9be9ee140b41c431244c8a8e	7ff06874-39e9-41be-9552-fa1ae2a83c88	2027-02-27	exact	bbe47ad4-08b3-4925-94c5-1278e5819b86	DEV-pagoPA	/subscriptions/bbe47ad4-08b3-4925-94c5-1278e5819b86/resourcegroups/pagopa-d-apiconfig-sec-rg/providers/microsoft.keyvault/vaults/pagopa-d-apiconfig-kv	pagopa-d-apiconfig-kv	pagopa-d-apiconfig-sec-rg	microsoft.keyvault/vaults	westeurope	"{""CostCenter"":""TS310 - PAGAMENTI & SERVIZI"",""CreatedBy"":""Terraform"",""Environment"":""Dev"",""Folder"":""domains/apiconfig-secret"",""Owner"":""pagoPA"",""Source"":""https://github.com/pagopa/pagopa-infra/tree/main/src/domains/apiconfig-secret"",""domain"":""apiconfig""}"			High		HighAvailability		New	2026-07-24T18:36:11Z			Azure Key Vault API versions prior to 2026-02-01 are being retired		https://learn.microsoft.com/azure/key-vault/general/access-control-default?tabs=azure-cli			short	metadata_and_resource		"{""metadata_joined"":true,""recommendation_source"":""advisor_recommendations"",""resource_graph_joined"":true,""resource_graph_key"":[""7ff06874-39e9-41be-9552-fa1ae2a83c88"",""/subscriptions/bbe47ad4-08b3-4925-94c5-1278e5819b86/resourcegroups/pagopa-d-apiconfig-sec-rg/providers/microsoft.keyvault/vaults/pagopa-d-apiconfig-kv""]}"	
Key vault	API versions prior to 2026-02-01	Azure Key Vault API versions prior to 2026-02-01 are being retired	7ff06874-39e9-41be-9552-fa1ae2a83c88	2026-07-29	subscriptions	advisor_resource_retirement	advisor_joined	/subscriptions/bbe47ad4-08b3-4925-94c5-1278e5819b86/resourcegroups/pagopa-d-selfcare-sec-rg/providers/microsoft.keyvault/vaults/pagopa-d-selfcare-kv/providers/Microsoft.Advisor/recommendations/d6411a9daba36dc52d4de0bdd81bff9af1c37d162aa86fb7ccd6550b337c2343	/subscriptions/bbe47ad4-08b3-4925-94c5-1278e5819b86/resourcegroups/pagopa-d-selfcare-sec-rg/providers/microsoft.keyvault/vaults/pagopa-d-selfcare-kv/providers/Microsoft.Advisor/recommendations/d6411a9daba36dc52d4de0bdd81bff9af1c37d162aa86fb7ccd6550b337c2343	7ff06874-39e9-41be-9552-fa1ae2a83c88	2027-02-27	exact	bbe47ad4-08b3-4925-94c5-1278e5819b86	DEV-pagoPA	/subscriptions/bbe47ad4-08b3-4925-94c5-1278e5819b86/resourcegroups/pagopa-d-selfcare-sec-rg/providers/microsoft.keyvault/vaults/pagopa-d-selfcare-kv	pagopa-d-selfcare-kv	pagopa-d-selfcare-sec-rg	microsoft.keyvault/vaults	westeurope	"{""CostCenter"":""TS310 - PAGAMENTI & SERVIZI"",""CreatedBy"":""Terraform"",""Environment"":""Dev"",""Folder"":""domains/selfcare-secret"",""Owner"":""pagoPA"",""Source"":""https://github.com/pagopa/pagopa-infra/tree/main/src/domains/selfcare-secret"",""domain"":""selfcare""}"			High		HighAvailability		New	2026-07-28T21:58:18Z			Azure Key Vault API versions prior to 2026-02-01 are being retired		https://learn.microsoft.com/azure/key-vault/general/access-control-default?tabs=azure-cli			short	metadata_and_resource		"{""metadata_joined"":true,""recommendation_source"":""advisor_recommendations"",""resource_graph_joined"":true,""resource_graph_key"":[""7ff06874-39e9-41be-9552-fa1ae2a83c88"",""/subscriptions/bbe47ad4-08b3-4925-94c5-1278e5819b86/resourcegroups/pagopa-d-selfcare-sec-rg/providers/microsoft.keyvault/vaults/pagopa-d-selfcare-kv""]}"	
Key vault	API versions prior to 2026-02-01	Azure Key Vault API versions prior to 2026-02-01 are being retired	7ff06874-39e9-41be-9552-fa1ae2a83c88	2026-07-29	subscriptions	advisor_resource_retirement	advisor_joined	/subscriptions/bbe47ad4-08b3-4925-94c5-1278e5819b86/resourcegroups/pagopa-d-sec-rg/providers/microsoft.keyvault/vaults/pagopa-d-azdo-weu-kv/providers/Microsoft.Advisor/recommendations/c5cbbf93efaa002f2034c0f71ba3ca3f5de1495524f759ab35cd996583a95fd6	/subscriptions/bbe47ad4-08b3-4925-94c5-1278e5819b86/resourcegroups/pagopa-d-sec-rg/providers/microsoft.keyvault/vaults/pagopa-d-azdo-weu-kv/providers/Microsoft.Advisor/recommendations/c5cbbf93efaa002f2034c0f71ba3ca3f5de1495524f759ab35cd996583a95fd6	7ff06874-39e9-41be-9552-fa1ae2a83c88	2027-02-27	exact	bbe47ad4-08b3-4925-94c5-1278e5819b86	DEV-pagoPA	/subscriptions/bbe47ad4-08b3-4925-94c5-1278e5819b86/resourcegroups/pagopa-d-sec-rg/providers/microsoft.keyvault/vaults/pagopa-d-azdo-weu-kv	pagopa-d-azdo-weu-kv	pagopa-d-sec-rg	microsoft.keyvault/vaults	westeurope	"{""BusinessUnit"":""PagoPa"",""CostCenter"":""TS310 - PAGAMENTI & SERVIZI"",""CreatedBy"":""Terraform"",""Environment"":""DEV"",""Owner"":""PagoPa"",""Renew"":""v1"",""domain"":""core""}"			High		HighAvailability		New	2026-07-28T21:57:26Z			Azure Key Vault API versions prior to 2026-02-01 are being retired		https://learn.microsoft.com/azure/key-vault/general/access-control-default?tabs=azure-cli			short	metadata_and_resource		"{""metadata_joined"":true,""recommendation_source"":""advisor_recommendations"",""resource_graph_joined"":true,""resource_graph_key"":[""7ff06874-39e9-41be-9552-fa1ae2a83c88"",""/subscriptions/bbe47ad4-08b3-4925-94c5-1278e5819b86/resourcegroups/pagopa-d-sec-rg/providers/microsoft.keyvault/vaults/pagopa-d-azdo-weu-kv""]}"	
Key vault	API versions prior to 2026-02-01	Azure Key Vault API versions prior to 2026-02-01 are being retired	7ff06874-39e9-41be-9552-fa1ae2a83c88	2026-07-29	subscriptions	advisor_resource_retirement	advisor_joined	/subscriptions/bbe47ad4-08b3-4925-94c5-1278e5819b86/resourcegroups/pagopa-d-observ-sec-rg/providers/microsoft.keyvault/vaults/pagopa-d-observ-kv/providers/Microsoft.Advisor/recommendations/74b1a7b1f39a7aa7ce8f7c15f75c1c4cbced0d871ae922f369d190237307da1b	/subscriptions/bbe47ad4-08b3-4925-94c5-1278e5819b86/resourcegroups/pagopa-d-observ-sec-rg/providers/microsoft.keyvault/vaults/pagopa-d-observ-kv/providers/Microsoft.Advisor/recommendations/74b1a7b1f39a7aa7ce8f7c15f75c1c4cbced0d871ae922f369d190237307da1b	7ff06874-39e9-41be-9552-fa1ae2a83c88	2027-02-27	exact	bbe47ad4-08b3-4925-94c5-1278e5819b86	DEV-pagoPA	/subscriptions/bbe47ad4-08b3-4925-94c5-1278e5819b86/resourcegroups/pagopa-d-observ-sec-rg/providers/microsoft.keyvault/vaults/pagopa-d-observ-kv	pagopa-d-observ-kv	pagopa-d-observ-sec-rg	microsoft.keyvault/vaults	italynorth	{}			High		HighAvailability		New	2026-07-28T21:57:25Z			Azure Key Vault API versions prior to 2026-02-01 are being retired		https://learn.microsoft.com/azure/key-vault/general/access-control-default?tabs=azure-cli			short	metadata_and_resource		"{""metadata_joined"":true,""recommendation_source"":""advisor_recommendations"",""resource_graph_joined"":true,""resource_graph_key"":[""7ff06874-39e9-41be-9552-fa1ae2a83c88"",""/subscriptions/bbe47ad4-08b3-4925-94c5-1278e5819b86/resourcegroups/pagopa-d-observ-sec-rg/providers/microsoft.keyvault/vaults/pagopa-d-observ-kv""]}"	
Key vault	API versions prior to 2026-02-01	Azure Key Vault API versions prior to 2026-02-01 are being retired	7ff06874-39e9-41be-9552-fa1ae2a83c88	2026-07-29	subscriptions	advisor_resource_retirement	advisor_joined	/subscriptions/bbe47ad4-08b3-4925-94c5-1278e5819b86/resourcegroups/pagopa-d-bizevents-sec-rg/providers/microsoft.keyvault/vaults/pagopa-d-bizevents-kv/providers/Microsoft.Advisor/recommendations/e96887369bf5242eb010d5a5ae613a23424812e06a43d27e4c25b4615207e7ab	/subscriptions/bbe47ad4-08b3-4925-94c5-1278e5819b86/resourcegroups/pagopa-d-bizevents-sec-rg/providers/microsoft.keyvault/vaults/pagopa-d-bizevents-kv/providers/Microsoft.Advisor/recommendations/e96887369bf5242eb010d5a5ae613a23424812e06a43d27e4c25b4615207e7ab	7ff06874-39e9-41be-9552-fa1ae2a83c88	2027-02-27	exact	bbe47ad4-08b3-4925-94c5-1278e5819b86	DEV-pagoPA	/subscriptions/bbe47ad4-08b3-4925-94c5-1278e5819b86/resourcegroups/pagopa-d-bizevents-sec-rg/providers/microsoft.keyvault/vaults/pagopa-d-bizevents-kv	pagopa-d-bizevents-kv	pagopa-d-bizevents-sec-rg	microsoft.keyvault/vaults	westeurope	"{""CostCenter"":""TS310 - PAGAMENTI & SERVIZI"",""CreatedBy"":""Terraform"",""Environment"":""Dev"",""Folder"":""domains/bizevents-common"",""Owner"":""pagoPA"",""Source"":""https://github.com/pagopa/pagopa-infra/tree/main/src/domains/bizevents-common"",""domain"":""bizevents""}"			High		HighAvailability		New	2026-07-23T11:57:50Z			Azure Key Vault API versions prior to 2026-02-01 are being retired		https://learn.microsoft.com/azure/key-vault/general/access-control-default?tabs=azure-cli			short	metadata_and_resource		"{""metadata_joined"":true,""recommendation_source"":""advisor_recommendations"",""resource_graph_joined"":true,""resource_graph_key"":[""7ff06874-39e9-41be-9552-fa1ae2a83c88"",""/subscriptions/bbe47ad4-08b3-4925-94c5-1278e5819b86/resourcegroups/pagopa-d-bizevents-sec-rg/providers/microsoft.keyvault/vaults/pagopa-d-bizevents-kv""]}"	
Key vault	API versions prior to 2026-02-01	Azure Key Vault API versions prior to 2026-02-01 are being retired	7ff06874-39e9-41be-9552-fa1ae2a83c88	2026-07-29	subscriptions	advisor_resource_retirement	advisor_joined	/subscriptions/bbe47ad4-08b3-4925-94c5-1278e5819b86/resourcegroups/pagopa-d-itn-printit-sec-rg/providers/microsoft.keyvault/vaults/pagopa-d-itn-printit-kv/providers/Microsoft.Advisor/recommendations/ce35444eb5b185368e6a9b0c636d6360b3cd2d94bf21e5f69957a8115f4e1c59	/subscriptions/bbe47ad4-08b3-4925-94c5-1278e5819b86/resourcegroups/pagopa-d-itn-printit-sec-rg/providers/microsoft.keyvault/vaults/pagopa-d-itn-printit-kv/providers/Microsoft.Advisor/recommendations/ce35444eb5b185368e6a9b0c636d6360b3cd2d94bf21e5f69957a8115f4e1c59	7ff06874-39e9-41be-9552-fa1ae2a83c88	2027-02-27	exact	bbe47ad4-08b3-4925-94c5-1278e5819b86	DEV-pagoPA	/subscriptions/bbe47ad4-08b3-4925-94c5-1278e5819b86/resourcegroups/pagopa-d-itn-printit-sec-rg/providers/microsoft.keyvault/vaults/pagopa-d-itn-printit-kv	pagopa-d-itn-printit-kv	pagopa-d-itn-printit-sec-rg	microsoft.keyvault/vaults	italynorth	"{""CostCenter"":""TS310 - PAGAMENTI & SERVIZI"",""CreatedBy"":""Terraform"",""Environment"":""Dev"",""Folder"":""domains/printit-secrets"",""Owner"":""pagoPA"",""Source"":""https://github.com/pagopa/pagopa-infra/tree/main/src/domains/printit-secrets"",""domain"":""printit""}"			High		HighAvailability		New	2026-07-28T21:57:55Z			Azure Key Vault API versions prior to 2026-02-01 are being retired		https://learn.microsoft.com/azure/key-vault/general/access-control-default?tabs=azure-cli			short	metadata_and_resource		"{""metadata_joined"":true,""recommendation_source"":""advisor_recommendations"",""resource_graph_joined"":true,""resource_graph_key"":[""7ff06874-39e9-41be-9552-fa1ae2a83c88"",""/subscriptions/bbe47ad4-08b3-4925-94c5-1278e5819b86/resourcegroups/pagopa-d-itn-printit-sec-rg/providers/microsoft.keyvault/vaults/pagopa-d-itn-printit-kv""]}"	
Key vault	API versions prior to 2026-02-01	Azure Key Vault API versions prior to 2026-02-01 are being retired	7ff06874-39e9-41be-9552-fa1ae2a83c88	2026-07-29	subscriptions	advisor_resource_retirement	advisor_joined	/subscriptions/bbe47ad4-08b3-4925-94c5-1278e5819b86/resourcegroups/pagopa-d-afm-sec-rg/providers/microsoft.keyvault/vaults/pagopa-d-afm-kv/providers/Microsoft.Advisor/recommendations/e6db0143b997906f5fb861ce53f754e34fac85211cf80c84113a474ac8a7966a	/subscriptions/bbe47ad4-08b3-4925-94c5-1278e5819b86/resourcegroups/pagopa-d-afm-sec-rg/providers/microsoft.keyvault/vaults/pagopa-d-afm-kv/providers/Microsoft.Advisor/recommendations/e6db0143b997906f5fb861ce53f754e34fac85211cf80c84113a474ac8a7966a	7ff06874-39e9-41be-9552-fa1ae2a83c88	2027-02-27	exact	bbe47ad4-08b3-4925-94c5-1278e5819b86	DEV-pagoPA	/subscriptions/bbe47ad4-08b3-4925-94c5-1278e5819b86/resourcegroups/pagopa-d-afm-sec-rg/providers/microsoft.keyvault/vaults/pagopa-d-afm-kv	pagopa-d-afm-kv	pagopa-d-afm-sec-rg	microsoft.keyvault/vaults	westeurope	"{""CostCenter"":""TS310 - PAGAMENTI & SERVIZI"",""CreatedBy"":""Terraform"",""Environment"":""Dev"",""Folder"":""domains/afm-common"",""Owner"":""pagoPA"",""Source"":""https://github.com/pagopa/pagopa-infra/tree/main/src/domains/afm-common"",""domain"":""afm""}"			High		HighAvailability		New	2026-07-28T21:58:00Z			Azure Key Vault API versions prior to 2026-02-01 are being retired		https://learn.microsoft.com/azure/key-vault/general/access-control-default?tabs=azure-cli			short	metadata_and_resource		"{""metadata_joined"":true,""recommendation_source"":""advisor_recommendations"",""resource_graph_joined"":true,""resource_graph_key"":[""7ff06874-39e9-41be-9552-fa1ae2a83c88"",""/subscriptions/bbe47ad4-08b3-4925-94c5-1278e5819b86/resourcegroups/pagopa-d-afm-sec-rg/providers/microsoft.keyvault/vaults/pagopa-d-afm-kv""]}"	
Key vault	API versions prior to 2026-02-01	Azure Key Vault API versions prior to 2026-02-01 are being retired	7ff06874-39e9-41be-9552-fa1ae2a83c88	2026-07-29	subscriptions	advisor_resource_retirement	advisor_joined	/subscriptions/bbe47ad4-08b3-4925-94c5-1278e5819b86/resourcegroups/pagopa-d-aca-sec-rg/providers/microsoft.keyvault/vaults/pagopa-d-aca-kv/providers/Microsoft.Advisor/recommendations/66c30ac7862bd6d784733aafdb6ec6460964ea6fdd8c61113441932bfbfe070b	/subscriptions/bbe47ad4-08b3-4925-94c5-1278e5819b86/resourcegroups/pagopa-d-aca-sec-rg/providers/microsoft.keyvault/vaults/pagopa-d-aca-kv/providers/Microsoft.Advisor/recommendations/66c30ac7862bd6d784733aafdb6ec6460964ea6fdd8c61113441932bfbfe070b	7ff06874-39e9-41be-9552-fa1ae2a83c88	2027-02-27	exact	bbe47ad4-08b3-4925-94c5-1278e5819b86	DEV-pagoPA	/subscriptions/bbe47ad4-08b3-4925-94c5-1278e5819b86/resourcegroups/pagopa-d-aca-sec-rg/providers/microsoft.keyvault/vaults/pagopa-d-aca-kv	pagopa-d-aca-kv	pagopa-d-aca-sec-rg	microsoft.keyvault/vaults	westeurope	"{""CostCenter"":""TS310 - PAGAMENTI & SERVIZI"",""CreatedBy"":""Terraform"",""Environment"":""Dev"",""Owner"":""pagoPA"",""Source"":""https://github.com/pagopa/pagopa-infra/tree/main/src/domains/aca-common"",""domain"":""aca""}"			High		HighAvailability		New	2026-07-24T18:35:16Z			Azure Key Vault API versions prior to 2026-02-01 are being retired		https://learn.microsoft.com/azure/key-vault/general/access-control-default?tabs=azure-cli			short	metadata_and_resource		"{""metadata_joined"":true,""recommendation_source"":""advisor_recommendations"",""resource_graph_joined"":true,""resource_graph_key"":[""7ff06874-39e9-41be-9552-fa1ae2a83c88"",""/subscriptions/bbe47ad4-08b3-4925-94c5-1278e5819b86/resourcegroups/pagopa-d-aca-sec-rg/providers/microsoft.keyvault/vaults/pagopa-d-aca-kv""]}"	
Key vault	API versions prior to 2026-02-01	Azure Key Vault API versions prior to 2026-02-01 are being retired	7ff06874-39e9-41be-9552-fa1ae2a83c88	2026-07-29	subscriptions	advisor_resource_retirement	advisor_joined	/subscriptions/bbe47ad4-08b3-4925-94c5-1278e5819b86/resourcegroups/pagopa-d-qi-sec-rg/providers/microsoft.keyvault/vaults/pagopa-d-qi-kv/providers/Microsoft.Advisor/recommendations/26230c900e7943fe57f9765575058db7582781fdfd26381557fcd6c0a91658bb	/subscriptions/bbe47ad4-08b3-4925-94c5-1278e5819b86/resourcegroups/pagopa-d-qi-sec-rg/providers/microsoft.keyvault/vaults/pagopa-d-qi-kv/providers/Microsoft.Advisor/recommendations/26230c900e7943fe57f9765575058db7582781fdfd26381557fcd6c0a91658bb	7ff06874-39e9-41be-9552-fa1ae2a83c88	2027-02-27	exact	bbe47ad4-08b3-4925-94c5-1278e5819b86	DEV-pagoPA	/subscriptions/bbe47ad4-08b3-4925-94c5-1278e5819b86/resourcegroups/pagopa-d-qi-sec-rg/providers/microsoft.keyvault/vaults/pagopa-d-qi-kv	pagopa-d-qi-kv	pagopa-d-qi-sec-rg	microsoft.keyvault/vaults	westeurope	"{""CostCenter"":""TS310 - PAGAMENTI & SERVIZI"",""CreatedBy"":""Terraform"",""Environment"":""Dev"",""Folder"":""domains/qi-common"",""Owner"":""pagoPA"",""Source"":""https://github.com/pagopa/pagopa-infra/tree/main/src/domains/qi-common"",""domain"":""qi""}"			High		HighAvailability		New	2026-07-28T21:57:26Z			Azure Key Vault API versions prior to 2026-02-01 are being retired		https://learn.microsoft.com/azure/key-vault/general/access-control-default?tabs=azure-cli			short	metadata_and_resource		"{""metadata_joined"":true,""recommendation_source"":""advisor_recommendations"",""resource_graph_joined"":true,""resource_graph_key"":[""7ff06874-39e9-41be-9552-fa1ae2a83c88"",""/subscriptions/bbe47ad4-08b3-4925-94c5-1278e5819b86/resourcegroups/pagopa-d-qi-sec-rg/providers/microsoft.keyvault/vaults/pagopa-d-qi-kv""]}"	
Key vault	API versions prior to 2026-02-01	Azure Key Vault API versions prior to 2026-02-01 are being retired	7ff06874-39e9-41be-9552-fa1ae2a83c88	2026-07-29	subscriptions	advisor_resource_retirement	advisor_joined	/subscriptions/bbe47ad4-08b3-4925-94c5-1278e5819b86/resourcegroups/pagopa-d-pay-wallet-sec-rg/providers/microsoft.keyvault/vaults/pagopa-d-pay-wallet-kv/providers/Microsoft.Advisor/recommendations/1d36f24c738fcd295fde325bc18deba019a1fa5ad843a163c09858e84baf88d0	/subscriptions/bbe47ad4-08b3-4925-94c5-1278e5819b86/resourcegroups/pagopa-d-pay-wallet-sec-rg/providers/microsoft.keyvault/vaults/pagopa-d-pay-wallet-kv/providers/Microsoft.Advisor/recommendations/1d36f24c738fcd295fde325bc18deba019a1fa5ad843a163c09858e84baf88d0	7ff06874-39e9-41be-9552-fa1ae2a83c88	2027-02-27	exact	bbe47ad4-08b3-4925-94c5-1278e5819b86	DEV-pagoPA	/subscriptions/bbe47ad4-08b3-4925-94c5-1278e5819b86/resourcegroups/pagopa-d-pay-wallet-sec-rg/providers/microsoft.keyvault/vaults/pagopa-d-pay-wallet-kv	pagopa-d-pay-wallet-kv	pagopa-d-pay-wallet-sec-rg	microsoft.keyvault/vaults	italynorth	"{""CostCenter"":""TS310 - PAGAMENTI & SERVIZI"",""CreatedBy"":""Terraform"",""Environment"":""Dev"",""Folder"":""domains/pay-wallet-common"",""Owner"":""pagoPA"",""Source"":""https://github.com/pagopa/pagopa-infra/tree/main/src/domains/pay-wallet-common"",""domain"":""paywallet""}"			High		HighAvailability		New	2026-07-28T21:57:35Z			Azure Key Vault API versions prior to 2026-02-01 are being retired		https://learn.microsoft.com/azure/key-vault/general/access-control-default?tabs=azure-cli			short	metadata_and_resource		"{""metadata_joined"":true,""recommendation_source"":""advisor_recommendations"",""resource_graph_joined"":true,""resource_graph_key"":[""7ff06874-39e9-41be-9552-fa1ae2a83c88"",""/subscriptions/bbe47ad4-08b3-4925-94c5-1278e5819b86/resourcegroups/pagopa-d-pay-wallet-sec-rg/providers/microsoft.keyvault/vaults/pagopa-d-pay-wallet-kv""]}"	
Key vault	API versions prior to 2026-02-01	Azure Key Vault API versions prior to 2026-02-01 are being retired	7ff06874-39e9-41be-9552-fa1ae2a83c88	2026-07-29	subscriptions	advisor_resource_retirement	advisor_joined	/subscriptions/bbe47ad4-08b3-4925-94c5-1278e5819b86/resourcegroups/pagopa-d-itn-core-sec-rg/providers/microsoft.keyvault/vaults/pagopa-d-itn-core-kv/providers/Microsoft.Advisor/recommendations/a1c05e0325eee4630da7ef57fd297d4122a5b02034a19c3391e62a8d34ef5b7d	/subscriptions/bbe47ad4-08b3-4925-94c5-1278e5819b86/resourcegroups/pagopa-d-itn-core-sec-rg/providers/microsoft.keyvault/vaults/pagopa-d-itn-core-kv/providers/Microsoft.Advisor/recommendations/a1c05e0325eee4630da7ef57fd297d4122a5b02034a19c3391e62a8d34ef5b7d	7ff06874-39e9-41be-9552-fa1ae2a83c88	2027-02-27	exact	bbe47ad4-08b3-4925-94c5-1278e5819b86	DEV-pagoPA	/subscriptions/bbe47ad4-08b3-4925-94c5-1278e5819b86/resourcegroups/pagopa-d-itn-core-sec-rg/providers/microsoft.keyvault/vaults/pagopa-d-itn-core-kv	pagopa-d-itn-core-kv	pagopa-d-itn-core-sec-rg	microsoft.keyvault/vaults	italynorth	"{""CostCenter"":""TS310 - PAGAMENTI & SERVIZI"",""CreatedBy"":""Terraform"",""Environment"":""Dev"",""Folder"":""core-itn"",""Owner"":""pagoPA"",""Source"":""https://github.com/pagopa/pagopa-infra/tree/main/src/core-itn"",""domain"":""core""}"			High		HighAvailability		New	2026-07-28T21:56:56Z			Azure Key Vault API versions prior to 2026-02-01 are being retired		https://learn.microsoft.com/azure/key-vault/general/access-control-default?tabs=azure-cli			short	metadata_and_resource		"{""metadata_joined"":true,""recommendation_source"":""advisor_recommendations"",""resource_graph_joined"":true,""resource_graph_key"":[""7ff06874-39e9-41be-9552-fa1ae2a83c88"",""/subscriptions/bbe47ad4-08b3-4925-94c5-1278e5819b86/resourcegroups/pagopa-d-itn-core-sec-rg/providers/microsoft.keyvault/vaults/pagopa-d-itn-core-kv""]}"	
Key vault	API versions prior to 2026-02-01	Azure Key Vault API versions prior to 2026-02-01 are being retired	7ff06874-39e9-41be-9552-fa1ae2a83c88	2026-07-29	subscriptions	advisor_resource_retirement	advisor_joined	/subscriptions/bbe47ad4-08b3-4925-94c5-1278e5819b86/resourcegroups/pagopa-d-checkout-sec-rg/providers/microsoft.keyvault/vaults/pagopa-d-checkout-kv/providers/Microsoft.Advisor/recommendations/38cdbf16b8ad2b4101bcc2e628dac1bd25ee5e5e76d69c1171b4a01f2201b413	/subscriptions/bbe47ad4-08b3-4925-94c5-1278e5819b86/resourcegroups/pagopa-d-checkout-sec-rg/providers/microsoft.keyvault/vaults/pagopa-d-checkout-kv/providers/Microsoft.Advisor/recommendations/38cdbf16b8ad2b4101bcc2e628dac1bd25ee5e5e76d69c1171b4a01f2201b413	7ff06874-39e9-41be-9552-fa1ae2a83c88	2027-02-27	exact	bbe47ad4-08b3-4925-94c5-1278e5819b86	DEV-pagoPA	/subscriptions/bbe47ad4-08b3-4925-94c5-1278e5819b86/resourcegroups/pagopa-d-checkout-sec-rg/providers/microsoft.keyvault/vaults/pagopa-d-checkout-kv	pagopa-d-checkout-kv	pagopa-d-checkout-sec-rg	microsoft.keyvault/vaults	westeurope	"{""CostCenter"":""TS310 - PAGAMENTI & SERVIZI"",""CreatedBy"":""Terraform"",""Environment"":""Dev"",""Folder"":""domains/checkout-common"",""Owner"":""pagoPA"",""Source"":""https://github.com/pagopa/pagopa-infra/tree/main/src/domains/checkout-common"",""domain"":""checkout""}"			High		HighAvailability		New	2026-07-28T21:57:40Z			Azure Key Vault API versions prior to 2026-02-01 are being retired		https://learn.microsoft.com/azure/key-vault/general/access-control-default?tabs=azure-cli			short	metadata_and_resource		"{""metadata_joined"":true,""recommendation_source"":""advisor_recommendations"",""resource_graph_joined"":true,""resource_graph_key"":[""7ff06874-39e9-41be-9552-fa1ae2a83c88"",""/subscriptions/bbe47ad4-08b3-4925-94c5-1278e5819b86/resourcegroups/pagopa-d-checkout-sec-rg/providers/microsoft.keyvault/vaults/pagopa-d-checkout-kv""]}"	
Key vault	API versions prior to 2026-02-01	Azure Key Vault API versions prior to 2026-02-01 are being retired	7ff06874-39e9-41be-9552-fa1ae2a83c88	2026-07-29	subscriptions	advisor_resource_retirement	advisor_joined	/subscriptions/bbe47ad4-08b3-4925-94c5-1278e5819b86/resourcegroups/pagopa-d-receipts-sec-rg/providers/microsoft.keyvault/vaults/pagopa-d-receipts-kv/providers/Microsoft.Advisor/recommendations/99277bcf0beeeb3591b695ca41e330e22239bff0149aa96ebd8c52764c0519a5	/subscriptions/bbe47ad4-08b3-4925-94c5-1278e5819b86/resourcegroups/pagopa-d-receipts-sec-rg/providers/microsoft.keyvault/vaults/pagopa-d-receipts-kv/providers/Microsoft.Advisor/recommendations/99277bcf0beeeb3591b695ca41e330e22239bff0149aa96ebd8c52764c0519a5	7ff06874-39e9-41be-9552-fa1ae2a83c88	2027-02-27	exact	bbe47ad4-08b3-4925-94c5-1278e5819b86	DEV-pagoPA	/subscriptions/bbe47ad4-08b3-4925-94c5-1278e5819b86/resourcegroups/pagopa-d-receipts-sec-rg/providers/microsoft.keyvault/vaults/pagopa-d-receipts-kv	pagopa-d-receipts-kv	pagopa-d-receipts-sec-rg	microsoft.keyvault/vaults	westeurope	"{""CostCenter"":""TS310 - PAGAMENTI & SERVIZI"",""CreatedBy"":""Terraform"",""Environment"":""Dev"",""Folder"":""domains/receipts-secrets"",""Owner"":""pagoPA"",""Source"":""https://github.com/pagopa/pagopa-infra/tree/main/src/domains/receipts-secrets"",""domain"":""receipts""}"			High		HighAvailability		New	2026-07-28T21:58:03Z			Azure Key Vault API versions prior to 2026-02-01 are being retired		https://learn.microsoft.com/azure/key-vault/general/access-control-default?tabs=azure-cli			short	metadata_and_resource		"{""metadata_joined"":true,""recommendation_source"":""advisor_recommendations"",""resource_graph_joined"":true,""resource_graph_key"":[""7ff06874-39e9-41be-9552-fa1ae2a83c88"",""/subscriptions/bbe47ad4-08b3-4925-94c5-1278e5819b86/resourcegroups/pagopa-d-receipts-sec-rg/providers/microsoft.keyvault/vaults/pagopa-d-receipts-kv""]}"	
Key vault	API versions prior to 2026-02-01	Azure Key Vault API versions prior to 2026-02-01 are being retired	7ff06874-39e9-41be-9552-fa1ae2a83c88	2026-07-29	subscriptions	advisor_resource_retirement	advisor_joined	/subscriptions/bbe47ad4-08b3-4925-94c5-1278e5819b86/resourcegroups/pagopa-d-itn-tstdmo-sec-rg/providers/microsoft.keyvault/vaults/pagopa-d-itn-tstdmo-kv/providers/Microsoft.Advisor/recommendations/afecf9f481af89e7ae7245b63c6e6863de2a77c798c96b516f08c4e380cef6bb	/subscriptions/bbe47ad4-08b3-4925-94c5-1278e5819b86/resourcegroups/pagopa-d-itn-tstdmo-sec-rg/providers/microsoft.keyvault/vaults/pagopa-d-itn-tstdmo-kv/providers/Microsoft.Advisor/recommendations/afecf9f481af89e7ae7245b63c6e6863de2a77c798c96b516f08c4e380cef6bb	7ff06874-39e9-41be-9552-fa1ae2a83c88	2027-02-27	exact	bbe47ad4-08b3-4925-94c5-1278e5819b86	DEV-pagoPA	/subscriptions/bbe47ad4-08b3-4925-94c5-1278e5819b86/resourcegroups/pagopa-d-itn-tstdmo-sec-rg/providers/microsoft.keyvault/vaults/pagopa-d-itn-tstdmo-kv	pagopa-d-itn-tstdmo-kv	pagopa-d-itn-tstdmo-sec-rg	microsoft.keyvault/vaults	italynorth	"{""CostCenter"":""TS310 - PAGAMENTI & SERVIZI"",""CreatedBy"":""Terraform"",""Environment"":""Dev"",""Folder"":""domains/tstdmo-secrets"",""Owner"":""pagoPA"",""Source"":""https://github.com/pagopa/pagopa-infra/tree/main/src/domains/tstdmo-secrets"",""domain"":""tstdmo""}"			High		HighAvailability		New	2026-07-28T21:56:02Z			Azure Key Vault API versions prior to 2026-02-01 are being retired		https://learn.microsoft.com/azure/key-vault/general/access-control-default?tabs=azure-cli			short	metadata_and_resource		"{""metadata_joined"":true,""recommendation_source"":""advisor_recommendations"",""resource_graph_joined"":true,""resource_graph_key"":[""7ff06874-39e9-41be-9552-fa1ae2a83c88"",""/subscriptions/bbe47ad4-08b3-4925-94c5-1278e5819b86/resourcegroups/pagopa-d-itn-tstdmo-sec-rg/providers/microsoft.keyvault/vaults/pagopa-d-itn-tstdmo-kv""]}"	
Key vault	API versions prior to 2026-02-01	Azure Key Vault API versions prior to 2026-02-01 are being retired	7ff06874-39e9-41be-9552-fa1ae2a83c88	2026-07-29	subscriptions	advisor_resource_retirement	advisor_joined	/subscriptions/bbe47ad4-08b3-4925-94c5-1278e5819b86/resourcegroups/pagopa-d-nodo-sec-rg/providers/microsoft.keyvault/vaults/pagopa-d-nodo-kv/providers/Microsoft.Advisor/recommendations/b33122aac749bd79aa9e9526fce94a8e84cb2332fed895035520a204c770bbdf	/subscriptions/bbe47ad4-08b3-4925-94c5-1278e5819b86/resourcegroups/pagopa-d-nodo-sec-rg/providers/microsoft.keyvault/vaults/pagopa-d-nodo-kv/providers/Microsoft.Advisor/recommendations/b33122aac749bd79aa9e9526fce94a8e84cb2332fed895035520a204c770bbdf	7ff06874-39e9-41be-9552-fa1ae2a83c88	2027-02-27	exact	bbe47ad4-08b3-4925-94c5-1278e5819b86	DEV-pagoPA	/subscriptions/bbe47ad4-08b3-4925-94c5-1278e5819b86/resourcegroups/pagopa-d-nodo-sec-rg/providers/microsoft.keyvault/vaults/pagopa-d-nodo-kv	pagopa-d-nodo-kv	pagopa-d-nodo-sec-rg	microsoft.keyvault/vaults	westeurope	"{""CostCenter"":""TS310 - PAGAMENTI & SERVIZI"",""CreatedBy"":""Terraform"",""Environment"":""Dev"",""Folder"":""domains/nodo-secret"",""Owner"":""pagoPA"",""Source"":""https://github.com/pagopa/pagopa-infra/tree/main/src/domains/nodo-secret"",""domain"":""nodo""}"			High		HighAvailability		New	2026-07-28T21:58:00Z			Azure Key Vault API versions prior to 2026-02-01 are being retired		https://learn.microsoft.com/azure/key-vault/general/access-control-default?tabs=azure-cli			short	metadata_and_resource		"{""metadata_joined"":true,""recommendation_source"":""advisor_recommendations"",""resource_graph_joined"":true,""resource_graph_key"":[""7ff06874-39e9-41be-9552-fa1ae2a83c88"",""/subscriptions/bbe47ad4-08b3-4925-94c5-1278e5819b86/resourcegroups/pagopa-d-nodo-sec-rg/providers/microsoft.keyvault/vaults/pagopa-d-nodo-kv""]}"	
Key vault	API versions prior to 2026-02-01	Azure Key Vault API versions prior to 2026-02-01 are being retired	7ff06874-39e9-41be-9552-fa1ae2a83c88	2026-07-29	subscriptions	advisor_resource_retirement	advisor_joined	/subscriptions/bbe47ad4-08b3-4925-94c5-1278e5819b86/resourcegroups/pagopa-d-mock-sec-rg/providers/microsoft.keyvault/vaults/pagopa-d-mock-kv/providers/Microsoft.Advisor/recommendations/0f3d2b8fa149e892e60a5e2c8cd2a667475e9a6145899d2b59ff1d934bfa24a3	/subscriptions/bbe47ad4-08b3-4925-94c5-1278e5819b86/resourcegroups/pagopa-d-mock-sec-rg/providers/microsoft.keyvault/vaults/pagopa-d-mock-kv/providers/Microsoft.Advisor/recommendations/0f3d2b8fa149e892e60a5e2c8cd2a667475e9a6145899d2b59ff1d934bfa24a3	7ff06874-39e9-41be-9552-fa1ae2a83c88	2027-02-27	exact	bbe47ad4-08b3-4925-94c5-1278e5819b86	DEV-pagoPA	/subscriptions/bbe47ad4-08b3-4925-94c5-1278e5819b86/resourcegroups/pagopa-d-mock-sec-rg/providers/microsoft.keyvault/vaults/pagopa-d-mock-kv	pagopa-d-mock-kv	pagopa-d-mock-sec-rg	microsoft.keyvault/vaults	westeurope	"{""CostCenter"":""TS310 - PAGAMENTI & SERVIZI"",""CreatedBy"":""Terraform"",""Environment"":""Dev"",""Folder"":""domains/mock-common"",""Owner"":""pagoPA"",""Source"":""https://github.com/pagopa/pagopa-infra/tree/main/src/domains/mock-common"",""domain"":""mock""}"			High		HighAvailability		New	2026-07-28T21:57:35Z			Azure Key Vault API versions prior to 2026-02-01 are being retired		https://learn.microsoft.com/azure/key-vault/general/access-control-default?tabs=azure-cli			short	metadata_and_resource		"{""metadata_joined"":true,""recommendation_source"":""advisor_recommendations"",""resource_graph_joined"":true,""resource_graph_key"":[""7ff06874-39e9-41be-9552-fa1ae2a83c88"",""/subscriptions/bbe47ad4-08b3-4925-94c5-1278e5819b86/resourcegroups/pagopa-d-mock-sec-rg/providers/microsoft.keyvault/vaults/pagopa-d-mock-kv""]}"	
Kubernetes service	Azure Kubernetes Service support for Ubuntu 22.04	Migrate to Ubuntu 24.04 or later versions	00dbcc9d-50d4-44ef-bc21-c15785cddf42	2026-07-29	subscriptions	advisor_resource_retirement	advisor_joined	/subscriptions/bbe47ad4-08b3-4925-94c5-1278e5819b86/resourcegroups/pagopa-d-itn-dev-aks-rg/providers/microsoft.containerservice/managedclusters/pagopa-d-itn-dev-aks/providers/Microsoft.Advisor/recommendations/d5771b235e7bd8f279daa1ec754c0c5f75aae4346873c7206796f55ef2233ea2	/subscriptions/bbe47ad4-08b3-4925-94c5-1278e5819b86/resourcegroups/pagopa-d-itn-dev-aks-rg/providers/microsoft.containerservice/managedclusters/pagopa-d-itn-dev-aks/providers/Microsoft.Advisor/recommendations/d5771b235e7bd8f279daa1ec754c0c5f75aae4346873c7206796f55ef2233ea2	00dbcc9d-50d4-44ef-bc21-c15785cddf42	2027-06-30	exact	bbe47ad4-08b3-4925-94c5-1278e5819b86	DEV-pagoPA	/subscriptions/bbe47ad4-08b3-4925-94c5-1278e5819b86/resourcegroups/pagopa-d-itn-dev-aks-rg/providers/microsoft.containerservice/managedclusters/pagopa-d-itn-dev-aks	pagopa-d-itn-dev-aks	pagopa-d-itn-dev-aks-rg	microsoft.containerservice/managedclusters	italynorth	"{""CostCenter"":""TS310 - PAGAMENTI & SERVIZI"",""CreatedBy"":""Terraform"",""Environment"":""Dev"",""Folder"":""aks-leonardo"",""Owner"":""pagoPA"",""Source"":""https://github.com/pagopa/pagopa-infra/tree/main/src/aks-leonardo"",""domain"":""core""}"			Medium		HighAvailability		New	2026-05-07T15:05:08Z			Migrate to Ubuntu 24.04 or later versions		https://azure.microsoft.com/updates/?id=557928			short	metadata_and_resource		"{""metadata_joined"":true,""recommendation_source"":""advisor_recommendations"",""resource_graph_joined"":true,""resource_graph_key"":[""00dbcc9d-50d4-44ef-bc21-c15785cddf42"",""/subscriptions/bbe47ad4-08b3-4925-94c5-1278e5819b86/resourcegroups/pagopa-d-itn-dev-aks-rg/providers/microsoft.containerservice/managedclusters/pagopa-d-itn-dev-aks""]}"	
Kubernetes service	Azure Kubernetes Service support for Ubuntu 22.04	Migrate to Ubuntu 24.04 or later versions	00dbcc9d-50d4-44ef-bc21-c15785cddf42	2026-07-29	subscriptions	advisor_resource_retirement	advisor_joined	/subscriptions/bbe47ad4-08b3-4925-94c5-1278e5819b86/resourcegroups/pagopa-d-weu-dev-aks-rg/providers/microsoft.containerservice/managedclusters/pagopa-d-weu-dev-aks/providers/Microsoft.Advisor/recommendations/193ecb944afdccd6fec13b4ce95ad9093b0721cd73caec8b922005db71c610f7	/subscriptions/bbe47ad4-08b3-4925-94c5-1278e5819b86/resourcegroups/pagopa-d-weu-dev-aks-rg/providers/microsoft.containerservice/managedclusters/pagopa-d-weu-dev-aks/providers/Microsoft.Advisor/recommendations/193ecb944afdccd6fec13b4ce95ad9093b0721cd73caec8b922005db71c610f7	00dbcc9d-50d4-44ef-bc21-c15785cddf42	2027-06-30	exact	bbe47ad4-08b3-4925-94c5-1278e5819b86	DEV-pagoPA	/subscriptions/bbe47ad4-08b3-4925-94c5-1278e5819b86/resourcegroups/pagopa-d-weu-dev-aks-rg/providers/microsoft.containerservice/managedclusters/pagopa-d-weu-dev-aks	pagopa-d-weu-dev-aks	pagopa-d-weu-dev-aks-rg	microsoft.containerservice/managedclusters	westeurope	"{""CostCenter"":""TS310 - PAGAMENTI & SERVIZI"",""CreatedBy"":""Terraform"",""Environment"":""Dev"",""Folder"":""aks-platform"",""Owner"":""pagoPA"",""Source"":""https://github.com/pagopa/pagopa-infra/tree/main/src/aks-platform"",""domain"":""core""}"			Medium		HighAvailability		New	2026-05-07T15:05:10Z			Migrate to Ubuntu 24.04 or later versions		https://azure.microsoft.com/updates/?id=557928			short	metadata_and_resource		"{""metadata_joined"":true,""recommendation_source"":""advisor_recommendations"",""resource_graph_joined"":true,""resource_graph_key"":[""00dbcc9d-50d4-44ef-bc21-c15785cddf42"",""/subscriptions/bbe47ad4-08b3-4925-94c5-1278e5819b86/resourcegroups/pagopa-d-weu-dev-aks-rg/providers/microsoft.containerservice/managedclusters/pagopa-d-weu-dev-aks""]}"	
Key vault	API versions prior to 2026-02-01	Azure Key Vault API versions prior to 2026-02-01 are being retired	7ff06874-39e9-41be-9552-fa1ae2a83c88	2026-07-29	subscriptions	advisor_resource_retirement	advisor_joined	/subscriptions/bbe47ad4-08b3-4925-94c5-1278e5819b86/resourcegroups/pagopa-d-weu-core-ca-rg/providers/microsoft.keyvault/vaults/pagopa-d-weu-core-ca-kv/providers/Microsoft.Advisor/recommendations/402f79a91d9403c2574eb09fbb2cb8f03e07b6e54d323c1b09f46c1b90bd07ad	/subscriptions/bbe47ad4-08b3-4925-94c5-1278e5819b86/resourcegroups/pagopa-d-weu-core-ca-rg/providers/microsoft.keyvault/vaults/pagopa-d-weu-core-ca-kv/providers/Microsoft.Advisor/recommendations/402f79a91d9403c2574eb09fbb2cb8f03e07b6e54d323c1b09f46c1b90bd07ad	7ff06874-39e9-41be-9552-fa1ae2a83c88	2027-02-27	exact	bbe47ad4-08b3-4925-94c5-1278e5819b86	DEV-pagoPA	/subscriptions/bbe47ad4-08b3-4925-94c5-1278e5819b86/resourcegroups/pagopa-d-weu-core-ca-rg/providers/microsoft.keyvault/vaults/pagopa-d-weu-core-ca-kv	pagopa-d-weu-core-ca-kv	pagopa-d-weu-core-ca-rg	microsoft.keyvault/vaults	westeurope	"{""CostCenter"":""TS310 - PAGAMENTI & SERVIZI"",""CreatedBy"":""Terraform"",""Environment"":""Dev"",""Folder"":""next-core"",""Owner"":""pagoPA"",""Source"":""https://github.com/pagopa/pagopa-infra/tree/main/src/next-core"",""domain"":""core""}"			High		HighAvailability		New	2026-07-28T21:56:34Z			Azure Key Vault API versions prior to 2026-02-01 are being retired		https://learn.microsoft.com/azure/key-vault/general/access-control-default?tabs=azure-cli			short	metadata_and_resource		"{""metadata_joined"":true,""recommendation_source"":""advisor_recommendations"",""resource_graph_joined"":true,""resource_graph_key"":[""7ff06874-39e9-41be-9552-fa1ae2a83c88"",""/subscriptions/bbe47ad4-08b3-4925-94c5-1278e5819b86/resourcegroups/pagopa-d-weu-core-ca-rg/providers/microsoft.keyvault/vaults/pagopa-d-weu-core-ca-kv""]}"	
Key vault	API versions prior to 2026-02-01	Azure Key Vault API versions prior to 2026-02-01 are being retired	7ff06874-39e9-41be-9552-fa1ae2a83c88	2026-07-29	subscriptions	advisor_resource_retirement	advisor_joined	/subscriptions/bbe47ad4-08b3-4925-94c5-1278e5819b86/resourcegroups/pagopa-d-itn-qa-sec-rg/providers/microsoft.keyvault/vaults/pagopa-d-itn-qa-kv/providers/Microsoft.Advisor/recommendations/d8a8021dde31be9885d1ad3ffbe69e95b558a697ccd71ad99a1b2b24e345e40d	/subscriptions/bbe47ad4-08b3-4925-94c5-1278e5819b86/resourcegroups/pagopa-d-itn-qa-sec-rg/providers/microsoft.keyvault/vaults/pagopa-d-itn-qa-kv/providers/Microsoft.Advisor/recommendations/d8a8021dde31be9885d1ad3ffbe69e95b558a697ccd71ad99a1b2b24e345e40d	7ff06874-39e9-41be-9552-fa1ae2a83c88	2027-02-27	exact	bbe47ad4-08b3-4925-94c5-1278e5819b86	DEV-pagoPA	/subscriptions/bbe47ad4-08b3-4925-94c5-1278e5819b86/resourcegroups/pagopa-d-itn-qa-sec-rg/providers/microsoft.keyvault/vaults/pagopa-d-itn-qa-kv	pagopa-d-itn-qa-kv	pagopa-d-itn-qa-sec-rg	microsoft.keyvault/vaults	italynorth	"{""CostCenter"":""TS310 - PAGAMENTI & SERVIZI"",""CreatedBy"":""Terraform"",""Environment"":""Dev"",""Folder"":""domains/qa-secrets"",""Owner"":""pagoPA"",""Source"":""https://github.com/pagopa/pagopa-infra/tree/main/src/domains/qa-secrets"",""domain"":""qa""}"			High		HighAvailability		New	2026-07-28T21:57:05Z			Azure Key Vault API versions prior to 2026-02-01 are being retired		https://learn.microsoft.com/azure/key-vault/general/access-control-default?tabs=azure-cli			short	metadata_and_resource		"{""metadata_joined"":true,""recommendation_source"":""advisor_recommendations"",""resource_graph_joined"":true,""resource_graph_key"":[""7ff06874-39e9-41be-9552-fa1ae2a83c88"",""/subscriptions/bbe47ad4-08b3-4925-94c5-1278e5819b86/resourcegroups/pagopa-d-itn-qa-sec-rg/providers/microsoft.keyvault/vaults/pagopa-d-itn-qa-kv""]}"	
Key vault	API versions prior to 2026-02-01	Azure Key Vault API versions prior to 2026-02-01 are being retired	7ff06874-39e9-41be-9552-fa1ae2a83c88	2026-07-29	subscriptions	advisor_resource_retirement	advisor_joined	/subscriptions/bbe47ad4-08b3-4925-94c5-1278e5819b86/resourcegroups/pagopa-d-itn-portalpa-sec-rg/providers/microsoft.keyvault/vaults/pagopa-d-itn-portalpa-kv/providers/Microsoft.Advisor/recommendations/5a239d1902accd0c5ca05f35a1ef43b3188b5ded713e06e3dd85a26089d1cd71	/subscriptions/bbe47ad4-08b3-4925-94c5-1278e5819b86/resourcegroups/pagopa-d-itn-portalpa-sec-rg/providers/microsoft.keyvault/vaults/pagopa-d-itn-portalpa-kv/providers/Microsoft.Advisor/recommendations/5a239d1902accd0c5ca05f35a1ef43b3188b5ded713e06e3dd85a26089d1cd71	7ff06874-39e9-41be-9552-fa1ae2a83c88	2027-02-27	exact	bbe47ad4-08b3-4925-94c5-1278e5819b86	DEV-pagoPA	/subscriptions/bbe47ad4-08b3-4925-94c5-1278e5819b86/resourcegroups/pagopa-d-itn-portalpa-sec-rg/providers/microsoft.keyvault/vaults/pagopa-d-itn-portalpa-kv	pagopa-d-itn-portalpa-kv	pagopa-d-itn-portalpa-sec-rg	microsoft.keyvault/vaults	italynorth	"{""CostCenter"":""TS310 - PAGAMENTI & SERVIZI"",""CreatedBy"":""Terraform"",""Environment"":""Dev"",""Folder"":""portal-pagopa/portal-pagopa-secrets"",""Owner"":""pagoPA"",""Source"":""https://github.com/pagopa/pagopa-infra/tree/main/src/portal-pagopa/portal-pagopa-secrets"",""domain"":""portalpa""}"			High		HighAvailability		New	2026-07-28T21:56:55Z			Azure Key Vault API versions prior to 2026-02-01 are being retired		https://learn.microsoft.com/azure/key-vault/general/access-control-default?tabs=azure-cli			short	metadata_and_resource		"{""metadata_joined"":true,""recommendation_source"":""advisor_recommendations"",""resource_graph_joined"":true,""resource_graph_key"":[""7ff06874-39e9-41be-9552-fa1ae2a83c88"",""/subscriptions/bbe47ad4-08b3-4925-94c5-1278e5819b86/resourcegroups/pagopa-d-itn-portalpa-sec-rg/providers/microsoft.keyvault/vaults/pagopa-d-itn-portalpa-kv""]}"	
Key vault	API versions prior to 2026-02-01	Azure Key Vault API versions prior to 2026-02-01 are being retired	7ff06874-39e9-41be-9552-fa1ae2a83c88	2026-07-29	subscriptions	advisor_resource_retirement	advisor_joined	/subscriptions/bbe47ad4-08b3-4925-94c5-1278e5819b86/resourcegroups/pagopa-d-itn-rn-agent-sec-rg/providers/microsoft.keyvault/vaults/pagopa-d-itn-rn-agent-kv/providers/Microsoft.Advisor/recommendations/586fe7d68d6dc42bb3f9056da77b3de3cb83f20561303b45df4fc3b2b585a670	/subscriptions/bbe47ad4-08b3-4925-94c5-1278e5819b86/resourcegroups/pagopa-d-itn-rn-agent-sec-rg/providers/microsoft.keyvault/vaults/pagopa-d-itn-rn-agent-kv/providers/Microsoft.Advisor/recommendations/586fe7d68d6dc42bb3f9056da77b3de3cb83f20561303b45df4fc3b2b585a670	7ff06874-39e9-41be-9552-fa1ae2a83c88	2027-02-27	exact	bbe47ad4-08b3-4925-94c5-1278e5819b86	DEV-pagoPA	/subscriptions/bbe47ad4-08b3-4925-94c5-1278e5819b86/resourcegroups/pagopa-d-itn-rn-agent-sec-rg/providers/microsoft.keyvault/vaults/pagopa-d-itn-rn-agent-kv	pagopa-d-itn-rn-agent-kv	pagopa-d-itn-rn-agent-sec-rg	microsoft.keyvault/vaults	italynorth	"{""CostCenter"":""TS310 - PAGAMENTI & SERVIZI"",""CreatedBy"":""Terraform"",""Environment"":""Dev"",""Folder"":""release-notes-agent/rn-agent-secrets"",""Owner"":""pagoPA"",""Source"":""https://github.com/pagopa/pagopa-infra-core/tree/main/src/release-notes-agent/rn-agent-secrets"",""domain"":""rn-agent""}"			High		HighAvailability		New	2026-07-28T21:57:37Z			Azure Key Vault API versions prior to 2026-02-01 are being retired		https://learn.microsoft.com/azure/key-vault/general/access-control-default?tabs=azure-cli			short	metadata_and_resource		"{""metadata_joined"":true,""recommendation_source"":""advisor_recommendations"",""resource_graph_joined"":true,""resource_graph_key"":[""7ff06874-39e9-41be-9552-fa1ae2a83c88"",""/subscriptions/bbe47ad4-08b3-4925-94c5-1278e5819b86/resourcegroups/pagopa-d-itn-rn-agent-sec-rg/providers/microsoft.keyvault/vaults/pagopa-d-itn-rn-agent-kv""]}"	
Virtual network gateway	Non-AZ VPNs	VpnGw1-5 (Non-Availability Zones SKUs) is being retired.	4d9ee0c5-6fbd-41d3-864f-b9251c92eebc	2026-07-29	subscriptions	advisor_resource_retirement	advisor_joined	/subscriptions/c703d239-22b7-4d1a-9433-145daa884c10/resourcegroups/plsm-p-itn-network-rg-01/providers/microsoft.network/virtualnetworkgateways/plsm-p-itn-vpn-vgw-01/providers/Microsoft.Advisor/recommendations/e82b50b70152a6df315b5c1f11f05a593bbdf4d6b29584f3036b57e608ddf8c1	/subscriptions/c703d239-22b7-4d1a-9433-145daa884c10/resourcegroups/plsm-p-itn-network-rg-01/providers/microsoft.network/virtualnetworkgateways/plsm-p-itn-vpn-vgw-01/providers/Microsoft.Advisor/recommendations/e82b50b70152a6df315b5c1f11f05a593bbdf4d6b29584f3036b57e608ddf8c1	4d9ee0c5-6fbd-41d3-864f-b9251c92eebc	2026-09-30	exact	c703d239-22b7-4d1a-9433-145daa884c10	PROD-PLATFORM-SM	/subscriptions/c703d239-22b7-4d1a-9433-145daa884c10/resourcegroups/plsm-p-itn-network-rg-01/providers/microsoft.network/virtualnetworkgateways/plsm-p-itn-vpn-vgw-01	plsm-p-itn-vpn-vgw-01	plsm-p-itn-network-rg-01	microsoft.network/virtualnetworkgateways	italynorth	"{""CostCenter"":""TS310 - PAGAMENTI & SERVIZI"",""CreatedBy"":""Terraform"",""Environment"":""Prod"",""ManagementTeam"":""Service Management"",""ModuleName"":""azure_core_infra"",""ModuleSource"":""DX"",""ModuleVersion"":""2.2.1"",""Owner"":""PLSM"",""Source"":""https://github.com/pagopa/plsm-service-management/tree/main""}"			Medium		HighAvailability		New	2026-05-15T16:52:04Z			VpnGw1-5 (Non-Availability Zones SKUs) is being retired.		https://azure.microsoft.com/updates?id=vpngw1-5-non-az-skus-will-be-retired-on-30-september-2026			short	metadata_and_resource		"{""metadata_joined"":true,""recommendation_source"":""advisor_recommendations"",""resource_graph_joined"":true,""resource_graph_key"":[""4d9ee0c5-6fbd-41d3-864f-b9251c92eebc"",""/subscriptions/c703d239-22b7-4d1a-9433-145daa884c10/resourcegroups/plsm-p-itn-network-rg-01/providers/microsoft.network/virtualnetworkgateways/plsm-p-itn-vpn-vgw-01""]}"	
Key vault	API versions prior to 2026-02-01	Azure Key Vault API versions prior to 2026-02-01 are being retired	7ff06874-39e9-41be-9552-fa1ae2a83c88	2026-07-29	subscriptions	advisor_resource_retirement	advisor_joined	/subscriptions/cbbe33f9-f35f-4d38-8b0c-adfb3a54c228/resourcegroups/paymon-p-ec-org-sec-rg/providers/microsoft.keyvault/vaults/paymon-p-ec-org-kv/providers/Microsoft.Advisor/recommendations/9a04d2c97455066ee815c8b18d9e854a87d83ee570748dd95dc1a2fc13375d01	/subscriptions/cbbe33f9-f35f-4d38-8b0c-adfb3a54c228/resourcegroups/paymon-p-ec-org-sec-rg/providers/microsoft.keyvault/vaults/paymon-p-ec-org-kv/providers/Microsoft.Advisor/recommendations/9a04d2c97455066ee815c8b18d9e854a87d83ee570748dd95dc1a2fc13375d01	7ff06874-39e9-41be-9552-fa1ae2a83c88	2027-02-27	exact	cbbe33f9-f35f-4d38-8b0c-adfb3a54c228	PROD-PAY-MONITORING	/subscriptions/cbbe33f9-f35f-4d38-8b0c-adfb3a54c228/resourcegroups/paymon-p-ec-org-sec-rg/providers/microsoft.keyvault/vaults/paymon-p-ec-org-kv	paymon-p-ec-org-kv	paymon-p-ec-org-sec-rg	microsoft.keyvault/vaults	italynorth	"{""CostCenter"":""TS310 - PAGAMENTI & SERVIZI"",""CreatedBy"":""Terraform"",""Environment"":""PROD"",""Folder"":""00_elastic_organization_secret"",""Owner"":""PAY-MONITORING"",""Source"":""https://github.com/pagopa/elasticcloud-infra""}"			High		HighAvailability		New	2026-07-22T12:41:56Z			Azure Key Vault API versions prior to 2026-02-01 are being retired		https://learn.microsoft.com/azure/key-vault/general/access-control-default?tabs=azure-cli			short	metadata_and_resource		"{""metadata_joined"":true,""recommendation_source"":""advisor_recommendations"",""resource_graph_joined"":true,""resource_graph_key"":[""7ff06874-39e9-41be-9552-fa1ae2a83c88"",""/subscriptions/cbbe33f9-f35f-4d38-8b0c-adfb3a54c228/resourcegroups/paymon-p-ec-org-sec-rg/providers/microsoft.keyvault/vaults/paymon-p-ec-org-kv""]}"	
Key vault	API versions prior to 2026-02-01	Azure Key Vault API versions prior to 2026-02-01 are being retired	7ff06874-39e9-41be-9552-fa1ae2a83c88	2026-07-29	subscriptions	advisor_resource_retirement	advisor_joined	/subscriptions/cbbe33f9-f35f-4d38-8b0c-adfb3a54c228/resourcegroups/paymon-p-pagopa-prod-sec-rg/providers/microsoft.keyvault/vaults/paymon-p-pagopa-prod-kv/providers/Microsoft.Advisor/recommendations/ca8b60f89fc4b931e142593abe8813b47d95c4faf6a58d785807beb87e1dbb58	/subscriptions/cbbe33f9-f35f-4d38-8b0c-adfb3a54c228/resourcegroups/paymon-p-pagopa-prod-sec-rg/providers/microsoft.keyvault/vaults/paymon-p-pagopa-prod-kv/providers/Microsoft.Advisor/recommendations/ca8b60f89fc4b931e142593abe8813b47d95c4faf6a58d785807beb87e1dbb58	7ff06874-39e9-41be-9552-fa1ae2a83c88	2027-02-27	exact	cbbe33f9-f35f-4d38-8b0c-adfb3a54c228	PROD-PAY-MONITORING	/subscriptions/cbbe33f9-f35f-4d38-8b0c-adfb3a54c228/resourcegroups/paymon-p-pagopa-prod-sec-rg/providers/microsoft.keyvault/vaults/paymon-p-pagopa-prod-kv	paymon-p-pagopa-prod-kv	paymon-p-pagopa-prod-sec-rg	microsoft.keyvault/vaults	westeurope	"{""CostCenter"":""TS310 - PAGAMENTI & SERVIZI"",""CreatedBy"":""Terraform"",""Domain"":""05_elastic_secret"",""Environment"":""PROD"",""Owner"":""PAY-MONITORING"",""SecondaryOwner"":""pagopa"",""Source"":""https://github.com/pagopa/elasticcloud-infra""}"			High		HighAvailability		New	2026-07-22T12:37:01Z			Azure Key Vault API versions prior to 2026-02-01 are being retired		https://learn.microsoft.com/azure/key-vault/general/access-control-default?tabs=azure-cli			short	metadata_and_resource		"{""metadata_joined"":true,""recommendation_source"":""advisor_recommendations"",""resource_graph_joined"":true,""resource_graph_key"":[""7ff06874-39e9-41be-9552-fa1ae2a83c88"",""/subscriptions/cbbe33f9-f35f-4d38-8b0c-adfb3a54c228/resourcegroups/paymon-p-pagopa-prod-sec-rg/providers/microsoft.keyvault/vaults/paymon-p-pagopa-prod-kv""]}"	
Virtual network gateway	Non-AZ VPNs	VpnGw1-5 (Non-Availability Zones SKUs) is being retired.	4d9ee0c5-6fbd-41d3-864f-b9251c92eebc	2026-07-29	subscriptions	advisor_resource_retirement	advisor_joined	/subscriptions/d1a90d9f-6ee1-4fb2-a149-7aedbf3ed49d/resourcegroups/io-u-itn-cgn-pe-rg-01/providers/microsoft.network/virtualnetworkgateways/io-u-itn-vgw-01-gw/providers/Microsoft.Advisor/recommendations/c10eca8be2bf08796cb8f810e3224923035e0f5011014f5f09e5759542f7b543	/subscriptions/d1a90d9f-6ee1-4fb2-a149-7aedbf3ed49d/resourcegroups/io-u-itn-cgn-pe-rg-01/providers/microsoft.network/virtualnetworkgateways/io-u-itn-vgw-01-gw/providers/Microsoft.Advisor/recommendations/c10eca8be2bf08796cb8f810e3224923035e0f5011014f5f09e5759542f7b543	4d9ee0c5-6fbd-41d3-864f-b9251c92eebc	2026-09-30	exact	d1a90d9f-6ee1-4fb2-a149-7aedbf3ed49d	UAT-Esercenti	/subscriptions/d1a90d9f-6ee1-4fb2-a149-7aedbf3ed49d/resourcegroups/io-u-itn-cgn-pe-rg-01/providers/microsoft.network/virtualnetworkgateways/io-u-itn-vgw-01-gw	io-u-itn-vgw-01-gw	io-u-itn-cgn-pe-rg-01	microsoft.network/virtualnetworkgateways	italynorth	"{""CostCenter"":""TS310 - PAGAMENTI & SERVIZI"",""CreatedBy"":""Terraform"",""Environment"":""Uat"",""ManagementTeam"":""IO CGN"",""Owner"":""IO"",""Source"":""https://github.com/pagopa/io-cgn/blob/main/infra/resources/uat""}"			Medium		HighAvailability		New	2026-04-28T14:15:02Z			VpnGw1-5 (Non-Availability Zones SKUs) is being retired.		https://azure.microsoft.com/updates?id=vpngw1-5-non-az-skus-will-be-retired-on-30-september-2026			short	metadata_and_resource		"{""metadata_joined"":true,""recommendation_source"":""advisor_recommendations"",""resource_graph_joined"":true,""resource_graph_key"":[""4d9ee0c5-6fbd-41d3-864f-b9251c92eebc"",""/subscriptions/d1a90d9f-6ee1-4fb2-a149-7aedbf3ed49d/resourcegroups/io-u-itn-cgn-pe-rg-01/providers/microsoft.network/virtualnetworkgateways/io-u-itn-vgw-01-gw""]}"	
Application gateway	WAF v2 Config	Application Gateway Web Application Firewall v2 configuration is retiring	13d4b9e9-e144-4fa6-8d03-38b1c9f2b4a3	2026-07-29	subscriptions	advisor_resource_retirement	advisor_joined	/subscriptions/d1a90d9f-6ee1-4fb2-a149-7aedbf3ed49d/resourcegroups/io-u-itn-cgn-pe-rg-01/providers/microsoft.network/applicationgateways/io-u-itn-cgn-pe-agw-01/providers/Microsoft.Advisor/recommendations/eb4927850564990ab0e4d359a471541274618811dd8624d03161ae03ab69dd41	/subscriptions/d1a90d9f-6ee1-4fb2-a149-7aedbf3ed49d/resourcegroups/io-u-itn-cgn-pe-rg-01/providers/microsoft.network/applicationgateways/io-u-itn-cgn-pe-agw-01/providers/Microsoft.Advisor/recommendations/eb4927850564990ab0e4d359a471541274618811dd8624d03161ae03ab69dd41	13d4b9e9-e144-4fa6-8d03-38b1c9f2b4a3	2027-03-31	exact	d1a90d9f-6ee1-4fb2-a149-7aedbf3ed49d	UAT-Esercenti	/subscriptions/d1a90d9f-6ee1-4fb2-a149-7aedbf3ed49d/resourcegroups/io-u-itn-cgn-pe-rg-01/providers/microsoft.network/applicationgateways/io-u-itn-cgn-pe-agw-01	io-u-itn-cgn-pe-agw-01	io-u-itn-cgn-pe-rg-01	microsoft.network/applicationgateways	italynorth	"{""CostCenter"":""TS310 - PAGAMENTI & SERVIZI"",""CreatedBy"":""Terraform"",""Environment"":""Uat"",""ManagementTeam"":""IO CGN"",""Owner"":""IO"",""Source"":""https://github.com/pagopa/io-cgn/blob/main/infra/resources/uat""}"			Medium		HighAvailability		New	2026-04-16T08:47:05Z			Application Gateway Web Application Firewall v2 configuration is retiring		https://learn.microsoft.com/azure/web-application-firewall/ag/upgrade-ag-waf-policy?tabs=portal#upgrade-waf-v2-with-legacy-waf-configuration-to-waf-policy			short	metadata_and_resource		"{""metadata_joined"":true,""recommendation_source"":""advisor_recommendations"",""resource_graph_joined"":true,""resource_graph_key"":[""13d4b9e9-e144-4fa6-8d03-38b1c9f2b4a3"",""/subscriptions/d1a90d9f-6ee1-4fb2-a149-7aedbf3ed49d/resourcegroups/io-u-itn-cgn-pe-rg-01/providers/microsoft.network/applicationgateways/io-u-itn-cgn-pe-agw-01""]}"	
Storage Account	Legacy Blob and General-Purpose v1 storage accounts	Upgrade general-purpose v1 storage accounts	1d70919c-1a4a-4f79-8300-bb576c291e9d	2026-07-29	subscriptions	advisor_resource_retirement	advisor_joined	/subscriptions/d7de83e0-0571-40ad-b63a-64c942385eae/resourcegroups/iosignbroken/providers/microsoft.storage/storageaccounts/iosignbroken4b1e10/providers/Microsoft.Advisor/recommendations/8596453fc75f8d74b43522211ff8f62c2a289b32a8d36834d969bd7ed9ec9389	/subscriptions/d7de83e0-0571-40ad-b63a-64c942385eae/resourcegroups/iosignbroken/providers/microsoft.storage/storageaccounts/iosignbroken4b1e10/providers/Microsoft.Advisor/recommendations/8596453fc75f8d74b43522211ff8f62c2a289b32a8d36834d969bd7ed9ec9389	1d70919c-1a4a-4f79-8300-bb576c291e9d	2026-10-13	exact	d7de83e0-0571-40ad-b63a-64c942385eae	DEV-ENGINEERING	/subscriptions/d7de83e0-0571-40ad-b63a-64c942385eae/resourcegroups/iosignbroken/providers/microsoft.storage/storageaccounts/iosignbroken4b1e10	iosignbroken4b1e10	iosignbroken	microsoft.storage/storageaccounts	westeurope	{}			Medium		HighAvailability		New	2026-05-12T17:32:27Z			Upgrade general-purpose v1 storage accounts		https://azure.microsoft.com/updates/?id=496964			short	metadata_and_resource		"{""metadata_joined"":true,""recommendation_source"":""advisor_recommendations"",""resource_graph_joined"":true,""resource_graph_key"":[""1d70919c-1a4a-4f79-8300-bb576c291e9d"",""/subscriptions/d7de83e0-0571-40ad-b63a-64c942385eae/resourcegroups/iosignbroken/providers/microsoft.storage/storageaccounts/iosignbroken4b1e10""]}"	
Storage Account	Legacy Blob and General-Purpose v1 storage accounts	Upgrade general-purpose v1 storage accounts	1d70919c-1a4a-4f79-8300-bb576c291e9d	2026-07-29	subscriptions	advisor_resource_retirement	advisor_joined	/subscriptions/d7de83e0-0571-40ad-b63a-64c942385eae/resourcegroups/dev/providers/microsoft.storage/storageaccounts/dev8454/providers/Microsoft.Advisor/recommendations/6bf071d098d72c2b216f32e09f0cb6c30419fdbe2e85fe771f6a8fa92326b7ed	/subscriptions/d7de83e0-0571-40ad-b63a-64c942385eae/resourcegroups/dev/providers/microsoft.storage/storageaccounts/dev8454/providers/Microsoft.Advisor/recommendations/6bf071d098d72c2b216f32e09f0cb6c30419fdbe2e85fe771f6a8fa92326b7ed	1d70919c-1a4a-4f79-8300-bb576c291e9d	2026-10-13	exact	d7de83e0-0571-40ad-b63a-64c942385eae	DEV-ENGINEERING	/subscriptions/d7de83e0-0571-40ad-b63a-64c942385eae/resourcegroups/dev/providers/microsoft.storage/storageaccounts/dev8454	dev8454	dev	microsoft.storage/storageaccounts	westeurope	{}			Medium		HighAvailability		New	2026-05-13T12:10:25Z			Upgrade general-purpose v1 storage accounts		https://azure.microsoft.com/updates/?id=496964			short	metadata_and_resource		"{""metadata_joined"":true,""recommendation_source"":""advisor_recommendations"",""resource_graph_joined"":true,""resource_graph_key"":[""1d70919c-1a4a-4f79-8300-bb576c291e9d"",""/subscriptions/d7de83e0-0571-40ad-b63a-64c942385eae/resourcegroups/dev/providers/microsoft.storage/storageaccounts/dev8454""]}"	
Storage Account	Legacy Blob and General-Purpose v1 storage accounts	Upgrade general-purpose v1 storage accounts	1d70919c-1a4a-4f79-8300-bb576c291e9d	2026-07-29	subscriptions	advisor_resource_retirement	advisor_joined	/subscriptions/d7de83e0-0571-40ad-b63a-64c942385eae/resourcegroups/io-d-wallet-it_group/providers/microsoft.storage/storageaccounts/iodwalletit/providers/Microsoft.Advisor/recommendations/61ec5b46b3b01cb80f3b4cda9db1c1ed6607814ba24fc65c44f26226ef5511ca	/subscriptions/d7de83e0-0571-40ad-b63a-64c942385eae/resourcegroups/io-d-wallet-it_group/providers/microsoft.storage/storageaccounts/iodwalletit/providers/Microsoft.Advisor/recommendations/61ec5b46b3b01cb80f3b4cda9db1c1ed6607814ba24fc65c44f26226ef5511ca	1d70919c-1a4a-4f79-8300-bb576c291e9d	2026-10-13	exact	d7de83e0-0571-40ad-b63a-64c942385eae	DEV-ENGINEERING	/subscriptions/d7de83e0-0571-40ad-b63a-64c942385eae/resourcegroups/io-d-wallet-it_group/providers/microsoft.storage/storageaccounts/iodwalletit	iodwalletit	io-d-wallet-it_group	microsoft.storage/storageaccounts	westeurope	{}			Medium		HighAvailability		New	2026-04-29T10:29:11Z			Upgrade general-purpose v1 storage accounts		https://azure.microsoft.com/updates/?id=496964			short	metadata_and_resource		"{""metadata_joined"":true,""recommendation_source"":""advisor_recommendations"",""resource_graph_joined"":true,""resource_graph_key"":[""1d70919c-1a4a-4f79-8300-bb576c291e9d"",""/subscriptions/d7de83e0-0571-40ad-b63a-64c942385eae/resourcegroups/io-d-wallet-it_group/providers/microsoft.storage/storageaccounts/iodwalletit""]}"	
Storage Account	Legacy Blob and General-Purpose v1 storage accounts	Upgrade general-purpose v1 storage accounts	1d70919c-1a4a-4f79-8300-bb576c291e9d	2026-07-29	subscriptions	advisor_resource_retirement	advisor_joined	/subscriptions/d7de83e0-0571-40ad-b63a-64c942385eae/resourcegroups/io-poc-lg-rg/providers/microsoft.storage/storageaccounts/iopoclgrg92c1/providers/Microsoft.Advisor/recommendations/30bfc1ab0ce6cbc466fd5a4657e6300bc31b6622a247a6416d856061aaa97aa0	/subscriptions/d7de83e0-0571-40ad-b63a-64c942385eae/resourcegroups/io-poc-lg-rg/providers/microsoft.storage/storageaccounts/iopoclgrg92c1/providers/Microsoft.Advisor/recommendations/30bfc1ab0ce6cbc466fd5a4657e6300bc31b6622a247a6416d856061aaa97aa0	1d70919c-1a4a-4f79-8300-bb576c291e9d	2026-10-13	exact	d7de83e0-0571-40ad-b63a-64c942385eae	DEV-ENGINEERING	/subscriptions/d7de83e0-0571-40ad-b63a-64c942385eae/resourcegroups/io-poc-lg-rg/providers/microsoft.storage/storageaccounts/iopoclgrg92c1	iopoclgrg92c1	io-poc-lg-rg	microsoft.storage/storageaccounts	westeurope	{}			Medium		HighAvailability		New	2026-05-13T12:10:25Z			Upgrade general-purpose v1 storage accounts		https://azure.microsoft.com/updates/?id=496964			short	metadata_and_resource		"{""metadata_joined"":true,""recommendation_source"":""advisor_recommendations"",""resource_graph_joined"":true,""resource_graph_key"":[""1d70919c-1a4a-4f79-8300-bb576c291e9d"",""/subscriptions/d7de83e0-0571-40ad-b63a-64c942385eae/resourcegroups/io-poc-lg-rg/providers/microsoft.storage/storageaccounts/iopoclgrg92c1""]}"	
Storage Account	Legacy Blob and General-Purpose v1 storage accounts	Upgrade general-purpose v1 storage accounts	1d70919c-1a4a-4f79-8300-bb576c291e9d	2026-07-29	subscriptions	advisor_resource_retirement	advisor_joined	/subscriptions/d7de83e0-0571-40ad-b63a-64c942385eae/resourcegroups/dev/providers/microsoft.storage/storageaccounts/iofunctiondeploy/providers/Microsoft.Advisor/recommendations/0558a579a5e090558b0f1402307debfb65a8d6605fcc2178029e9aca6688b89f	/subscriptions/d7de83e0-0571-40ad-b63a-64c942385eae/resourcegroups/dev/providers/microsoft.storage/storageaccounts/iofunctiondeploy/providers/Microsoft.Advisor/recommendations/0558a579a5e090558b0f1402307debfb65a8d6605fcc2178029e9aca6688b89f	1d70919c-1a4a-4f79-8300-bb576c291e9d	2026-10-13	exact	d7de83e0-0571-40ad-b63a-64c942385eae	DEV-ENGINEERING	/subscriptions/d7de83e0-0571-40ad-b63a-64c942385eae/resourcegroups/dev/providers/microsoft.storage/storageaccounts/iofunctiondeploy	iofunctiondeploy	dev	microsoft.storage/storageaccounts	westeurope	{}			Medium		HighAvailability		New	2026-05-20T05:57:37Z			Upgrade general-purpose v1 storage accounts		https://azure.microsoft.com/updates/?id=496964			short	metadata_and_resource		"{""metadata_joined"":true,""recommendation_source"":""advisor_recommendations"",""resource_graph_joined"":true,""resource_graph_key"":[""1d70919c-1a4a-4f79-8300-bb576c291e9d"",""/subscriptions/d7de83e0-0571-40ad-b63a-64c942385eae/resourcegroups/dev/providers/microsoft.storage/storageaccounts/iofunctiondeploy""]}"	
Storage Account	Legacy Blob and General-Purpose v1 storage accounts	Upgrade general-purpose v1 storage accounts	1d70919c-1a4a-4f79-8300-bb576c291e9d	2026-07-29	subscriptions	advisor_resource_retirement	advisor_joined	/subscriptions/d7de83e0-0571-40ad-b63a-64c942385eae/resourcegroups/io-poc-lg-rg/providers/microsoft.storage/storageaccounts/iopoclgrgb9b2/providers/Microsoft.Advisor/recommendations/1961b215b9ae91f1af57991c33b52c72ffe5b4e9513ec3174a84df1fb8c43f0c	/subscriptions/d7de83e0-0571-40ad-b63a-64c942385eae/resourcegroups/io-poc-lg-rg/providers/microsoft.storage/storageaccounts/iopoclgrgb9b2/providers/Microsoft.Advisor/recommendations/1961b215b9ae91f1af57991c33b52c72ffe5b4e9513ec3174a84df1fb8c43f0c	1d70919c-1a4a-4f79-8300-bb576c291e9d	2026-10-13	exact	d7de83e0-0571-40ad-b63a-64c942385eae	DEV-ENGINEERING	/subscriptions/d7de83e0-0571-40ad-b63a-64c942385eae/resourcegroups/io-poc-lg-rg/providers/microsoft.storage/storageaccounts/iopoclgrgb9b2	iopoclgrgb9b2	io-poc-lg-rg	microsoft.storage/storageaccounts	westeurope	{}			Medium		HighAvailability		New	2026-05-19T01:53:39Z			Upgrade general-purpose v1 storage accounts		https://azure.microsoft.com/updates/?id=496964			short	metadata_and_resource		"{""metadata_joined"":true,""recommendation_source"":""advisor_recommendations"",""resource_graph_joined"":true,""resource_graph_key"":[""1d70919c-1a4a-4f79-8300-bb576c291e9d"",""/subscriptions/d7de83e0-0571-40ad-b63a-64c942385eae/resourcegroups/io-poc-lg-rg/providers/microsoft.storage/storageaccounts/iopoclgrgb9b2""]}"	
Storage Account	Legacy Blob and General-Purpose v1 storage accounts	Upgrade general-purpose v1 storage accounts	1d70919c-1a4a-4f79-8300-bb576c291e9d	2026-07-29	subscriptions	advisor_resource_retirement	advisor_joined	/subscriptions/d7de83e0-0571-40ad-b63a-64c942385eae/resourcegroups/io-poc-d-rg/providers/microsoft.storage/storageaccounts/iopocdrg9d6c/providers/Microsoft.Advisor/recommendations/13de8fe48242d3a0fb4f73bcedf16cc6f2994156e603e070b583dedf24a42663	/subscriptions/d7de83e0-0571-40ad-b63a-64c942385eae/resourcegroups/io-poc-d-rg/providers/microsoft.storage/storageaccounts/iopocdrg9d6c/providers/Microsoft.Advisor/recommendations/13de8fe48242d3a0fb4f73bcedf16cc6f2994156e603e070b583dedf24a42663	1d70919c-1a4a-4f79-8300-bb576c291e9d	2026-10-13	exact	d7de83e0-0571-40ad-b63a-64c942385eae	DEV-ENGINEERING	/subscriptions/d7de83e0-0571-40ad-b63a-64c942385eae/resourcegroups/io-poc-d-rg/providers/microsoft.storage/storageaccounts/iopocdrg9d6c	iopocdrg9d6c	io-poc-d-rg	microsoft.storage/storageaccounts	westeurope	{}			Medium		HighAvailability		New	2026-05-19T17:45:49Z			Upgrade general-purpose v1 storage accounts		https://azure.microsoft.com/updates/?id=496964			short	metadata_and_resource		"{""metadata_joined"":true,""recommendation_source"":""advisor_recommendations"",""resource_graph_joined"":true,""resource_graph_key"":[""1d70919c-1a4a-4f79-8300-bb576c291e9d"",""/subscriptions/d7de83e0-0571-40ad-b63a-64c942385eae/resourcegroups/io-poc-d-rg/providers/microsoft.storage/storageaccounts/iopocdrg9d6c""]}"	
Availability test	Single URL Ping Test	The URL ping test capability of the application insights feature for Azure Monitor is being retired.	e877d6d4-e952-4f8a-a4c4-5f90e5ac1da9	2026-07-29	subscriptions	advisor_resource_retirement	advisor_joined	/subscriptions/d7de83e0-0571-40ad-b63a-64c942385eae/resourcegroups/io-poc-lg-rg/providers/microsoft.insights/webtests/ping validator-io-poc-lg/providers/Microsoft.Advisor/recommendations/456cc0e00a00f4df378264334577bcaaa6a970534f853da145fcb63a76f59ebb	/subscriptions/d7de83e0-0571-40ad-b63a-64c942385eae/resourcegroups/io-poc-lg-rg/providers/microsoft.insights/webtests/ping validator-io-poc-lg/providers/Microsoft.Advisor/recommendations/456cc0e00a00f4df378264334577bcaaa6a970534f853da145fcb63a76f59ebb	e877d6d4-e952-4f8a-a4c4-5f90e5ac1da9	2026-09-30	exact	d7de83e0-0571-40ad-b63a-64c942385eae	DEV-ENGINEERING	/subscriptions/d7de83e0-0571-40ad-b63a-64c942385eae/resourcegroups/io-poc-lg-rg/providers/microsoft.insights/webtests/ping validator-io-poc-lg	ping validator-io-poc-lg	io-poc-lg-rg	microsoft.insights/webtests	westeurope	"{""hidden-link:/subscriptions/d7de83e0-0571-40ad-b63a-64c942385eae/resourceGroups/io-poc-lg-rg/providers/microsoft.insights/components/io-poc-lg"":""Resource""}"			Medium		HighAvailability		New	2026-04-16T22:33:28Z			The URL ping test capability of the application insights feature for Azure Monitor is being retired.		https://azure.microsoft.com/updates?id=transition-to-using-standard-tests-for-singlestep-availability-testing-in-azure-monitor-application-insights-by-30-september			short	metadata_and_resource		"{""metadata_joined"":true,""recommendation_source"":""advisor_recommendations"",""resource_graph_joined"":true,""resource_graph_key"":[""e877d6d4-e952-4f8a-a4c4-5f90e5ac1da9"",""/subscriptions/d7de83e0-0571-40ad-b63a-64c942385eae/resourcegroups/io-poc-lg-rg/providers/microsoft.insights/webtests/ping validator-io-poc-lg""]}"	
Availability test	Single URL Ping Test	The URL ping test capability of the application insights feature for Azure Monitor is being retired.	e877d6d4-e952-4f8a-a4c4-5f90e5ac1da9	2026-07-29	subscriptions	advisor_resource_retirement	advisor_joined	/subscriptions/d7de83e0-0571-40ad-b63a-64c942385eae/resourcegroups/io-poc-lg-rg/providers/microsoft.insights/webtests/ping info-io-poc-lg/providers/Microsoft.Advisor/recommendations/b348b6c14dc6eb75be82662e73dde8cf3416f9667e0d00b9b4d13f8231365956	/subscriptions/d7de83e0-0571-40ad-b63a-64c942385eae/resourcegroups/io-poc-lg-rg/providers/microsoft.insights/webtests/ping info-io-poc-lg/providers/Microsoft.Advisor/recommendations/b348b6c14dc6eb75be82662e73dde8cf3416f9667e0d00b9b4d13f8231365956	e877d6d4-e952-4f8a-a4c4-5f90e5ac1da9	2026-09-30	exact	d7de83e0-0571-40ad-b63a-64c942385eae	DEV-ENGINEERING	/subscriptions/d7de83e0-0571-40ad-b63a-64c942385eae/resourcegroups/io-poc-lg-rg/providers/microsoft.insights/webtests/ping info-io-poc-lg	ping info-io-poc-lg	io-poc-lg-rg	microsoft.insights/webtests	westeurope	"{""hidden-link:/subscriptions/d7de83e0-0571-40ad-b63a-64c942385eae/resourceGroups/io-poc-lg-rg/providers/microsoft.insights/components/io-poc-lg"":""Resource""}"			Medium		HighAvailability		New	2026-04-16T22:33:28Z			The URL ping test capability of the application insights feature for Azure Monitor is being retired.		https://azure.microsoft.com/updates?id=transition-to-using-standard-tests-for-singlestep-availability-testing-in-azure-monitor-application-insights-by-30-september			short	metadata_and_resource		"{""metadata_joined"":true,""recommendation_source"":""advisor_recommendations"",""resource_graph_joined"":true,""resource_graph_key"":[""e877d6d4-e952-4f8a-a4c4-5f90e5ac1da9"",""/subscriptions/d7de83e0-0571-40ad-b63a-64c942385eae/resourcegroups/io-poc-lg-rg/providers/microsoft.insights/webtests/ping info-io-poc-lg""]}"	
Storage Account	Legacy Blob and General-Purpose v1 storage accounts	Upgrade general-purpose v1 storage accounts	1d70919c-1a4a-4f79-8300-bb576c291e9d	2026-07-29	subscriptions	advisor_resource_retirement	advisor_joined	/subscriptions/d7de83e0-0571-40ad-b63a-64c942385eae/resourcegroups/dev/providers/microsoft.storage/storageaccounts/deva1ac/providers/Microsoft.Advisor/recommendations/c4521967f258df074c8bef4d2866c57fbf3e73e638035f06cdf1f9aed5886947	/subscriptions/d7de83e0-0571-40ad-b63a-64c942385eae/resourcegroups/dev/providers/microsoft.storage/storageaccounts/deva1ac/providers/Microsoft.Advisor/recommendations/c4521967f258df074c8bef4d2866c57fbf3e73e638035f06cdf1f9aed5886947	1d70919c-1a4a-4f79-8300-bb576c291e9d	2026-10-13	exact	d7de83e0-0571-40ad-b63a-64c942385eae	DEV-ENGINEERING	/subscriptions/d7de83e0-0571-40ad-b63a-64c942385eae/resourcegroups/dev/providers/microsoft.storage/storageaccounts/deva1ac	deva1ac	dev	microsoft.storage/storageaccounts	westeurope	"{""ms-resource-usage"":""azure-cloud-shell""}"			Medium		HighAvailability		New	2026-04-28T11:33:59Z			Upgrade general-purpose v1 storage accounts		https://azure.microsoft.com/updates/?id=496964			short	metadata_and_resource		"{""metadata_joined"":true,""recommendation_source"":""advisor_recommendations"",""resource_graph_joined"":true,""resource_graph_key"":[""1d70919c-1a4a-4f79-8300-bb576c291e9d"",""/subscriptions/d7de83e0-0571-40ad-b63a-64c942385eae/resourcegroups/dev/providers/microsoft.storage/storageaccounts/deva1ac""]}"	
Storage Account	Legacy Blob and General-Purpose v1 storage accounts	Upgrade general-purpose v1 storage accounts	1d70919c-1a4a-4f79-8300-bb576c291e9d	2026-07-29	subscriptions	advisor_resource_retirement	advisor_joined	/subscriptions/eabd491e-e8ad-4104-88a6-91bde355e497/resourcegroups/app-daticalcolati-quotidiani_group/providers/microsoft.storage/storageaccounts/appdaticalcolatiquo9c07/providers/Microsoft.Advisor/recommendations/f53abe5a560cbdd6f3d902eee814debc9babccfd4626a1bbfdb8dd2db66504de	/subscriptions/eabd491e-e8ad-4104-88a6-91bde355e497/resourcegroups/app-daticalcolati-quotidiani_group/providers/microsoft.storage/storageaccounts/appdaticalcolatiquo9c07/providers/Microsoft.Advisor/recommendations/f53abe5a560cbdd6f3d902eee814debc9babccfd4626a1bbfdb8dd2db66504de	1d70919c-1a4a-4f79-8300-bb576c291e9d	2026-10-13	exact	eabd491e-e8ad-4104-88a6-91bde355e497	DEV-CRM	/subscriptions/eabd491e-e8ad-4104-88a6-91bde355e497/resourcegroups/app-daticalcolati-quotidiani_group/providers/microsoft.storage/storageaccounts/appdaticalcolatiquo9c07	appdaticalcolatiquo9c07	app-daticalcolati-quotidiani_group	microsoft.storage/storageaccounts	italynorth	{}			Medium		HighAvailability		New	2026-05-20T05:57:08Z			Upgrade general-purpose v1 storage accounts		https://azure.microsoft.com/updates/?id=496964			short	metadata_and_resource		"{""metadata_joined"":true,""recommendation_source"":""advisor_recommendations"",""resource_graph_joined"":true,""resource_graph_key"":[""1d70919c-1a4a-4f79-8300-bb576c291e9d"",""/subscriptions/eabd491e-e8ad-4104-88a6-91bde355e497/resourcegroups/app-daticalcolati-quotidiani_group/providers/microsoft.storage/storageaccounts/appdaticalcolatiquo9c07""]}"	
Storage Account	Legacy Blob and General-Purpose v1 storage accounts	Upgrade general-purpose v1 storage accounts	1d70919c-1a4a-4f79-8300-bb576c291e9d	2026-07-29	subscriptions	advisor_resource_retirement	advisor_joined	/subscriptions/ec285037-c673-4f58-b594-d7c480da4e8b/resourcegroups/io-p-rg-operations/providers/microsoft.storage/storageaccounts/iopstfn3slackbot/providers/Microsoft.Advisor/recommendations/b07bbbf415a51d82d95cf1b577bca6f20efb4885333413b53bd17c5f53788488	/subscriptions/ec285037-c673-4f58-b594-d7c480da4e8b/resourcegroups/io-p-rg-operations/providers/microsoft.storage/storageaccounts/iopstfn3slackbot/providers/Microsoft.Advisor/recommendations/b07bbbf415a51d82d95cf1b577bca6f20efb4885333413b53bd17c5f53788488	1d70919c-1a4a-4f79-8300-bb576c291e9d	2026-10-13	exact	ec285037-c673-4f58-b594-d7c480da4e8b	PROD-IO	/subscriptions/ec285037-c673-4f58-b594-d7c480da4e8b/resourcegroups/io-p-rg-operations/providers/microsoft.storage/storageaccounts/iopstfn3slackbot	iopstfn3slackbot	io-p-rg-operations	microsoft.storage/storageaccounts	westeurope	"{""BusinessUnit"":""App IO"",""CostCenter"":""TS000 - Tecnologia e Servizi"",""CreatedBy"":""ARM"",""Environment"":""Prod"",""ManagementTeam"":""IO Platform""}"			Medium		HighAvailability		New	2026-05-15T21:33:52Z			Upgrade general-purpose v1 storage accounts		https://azure.microsoft.com/updates/?id=496964			short	metadata_and_resource		"{""metadata_joined"":true,""recommendation_source"":""advisor_recommendations"",""resource_graph_joined"":true,""resource_graph_key"":[""1d70919c-1a4a-4f79-8300-bb576c291e9d"",""/subscriptions/ec285037-c673-4f58-b594-d7c480da4e8b/resourcegroups/io-p-rg-operations/providers/microsoft.storage/storageaccounts/iopstfn3slackbot""]}"	
Availability test	Single URL Ping Test	The URL ping test capability of the application insights feature for Azure Monitor is being retired.	e877d6d4-e952-4f8a-a4c4-5f90e5ac1da9	2026-07-29	subscriptions	advisor_resource_retirement	advisor_joined	/subscriptions/ec285037-c673-4f58-b594-d7c480da4e8b/resourcegroups/io-p-rg-common/providers/microsoft.insights/webtests/spidl2-xx-testenv2-io-p-ai-common/providers/Microsoft.Advisor/recommendations/2e4de9f065db49fccb126a2fbddfb5b58c7adc163b46745759a6f1162f8d1570	/subscriptions/ec285037-c673-4f58-b594-d7c480da4e8b/resourcegroups/io-p-rg-common/providers/microsoft.insights/webtests/spidl2-xx-testenv2-io-p-ai-common/providers/Microsoft.Advisor/recommendations/2e4de9f065db49fccb126a2fbddfb5b58c7adc163b46745759a6f1162f8d1570	e877d6d4-e952-4f8a-a4c4-5f90e5ac1da9	2026-09-30	exact	ec285037-c673-4f58-b594-d7c480da4e8b	PROD-IO	/subscriptions/ec285037-c673-4f58-b594-d7c480da4e8b/resourcegroups/io-p-rg-common/providers/microsoft.insights/webtests/spidl2-xx-testenv2-io-p-ai-common	spidl2-xx-testenv2-io-p-ai-common	io-p-rg-common	microsoft.insights/webtests	westeurope	"{""hidden-link:/subscriptions/ec285037-c673-4f58-b594-d7c480da4e8b/resourceGroups/io-p-rg-common/providers/microsoft.insights/components/io-p-ai-common"":""Resource""}"			Medium		HighAvailability		New	2026-04-16T22:33:29Z			The URL ping test capability of the application insights feature for Azure Monitor is being retired.		https://azure.microsoft.com/updates?id=transition-to-using-standard-tests-for-singlestep-availability-testing-in-azure-monitor-application-insights-by-30-september			short	metadata_and_resource		"{""metadata_joined"":true,""recommendation_source"":""advisor_recommendations"",""resource_graph_joined"":true,""resource_graph_key"":[""e877d6d4-e952-4f8a-a4c4-5f90e5ac1da9"",""/subscriptions/ec285037-c673-4f58-b594-d7c480da4e8b/resourcegroups/io-p-rg-common/providers/microsoft.insights/webtests/spidl2-xx-testenv2-io-p-ai-common""]}"	
Availability test	Single URL Ping Test	The URL ping test capability of the application insights feature for Azure Monitor is being retired.	e877d6d4-e952-4f8a-a4c4-5f90e5ac1da9	2026-07-29	subscriptions	advisor_resource_retirement	advisor_joined	/subscriptions/ec285037-c673-4f58-b594-d7c480da4e8b/resourcegroups/io-p-rg-common/providers/microsoft.insights/webtests/io-p-wt-func-iopayportal/providers/Microsoft.Advisor/recommendations/4d941cb074527d8c43e256085b912b8321856dd2f1a29c78235748dfc377e3a8	/subscriptions/ec285037-c673-4f58-b594-d7c480da4e8b/resourcegroups/io-p-rg-common/providers/microsoft.insights/webtests/io-p-wt-func-iopayportal/providers/Microsoft.Advisor/recommendations/4d941cb074527d8c43e256085b912b8321856dd2f1a29c78235748dfc377e3a8	e877d6d4-e952-4f8a-a4c4-5f90e5ac1da9	2026-09-30	exact	ec285037-c673-4f58-b594-d7c480da4e8b	PROD-IO	/subscriptions/ec285037-c673-4f58-b594-d7c480da4e8b/resourcegroups/io-p-rg-common/providers/microsoft.insights/webtests/io-p-wt-func-iopayportal	io-p-wt-func-iopayportal	io-p-rg-common	microsoft.insights/webtests	westeurope	"{""environment"":""prod"",""hidden-link:/subscriptions/ec285037-c673-4f58-b594-d7c480da4e8b/resourceGroups/io-p-rg-common/providers/microsoft.insights/components/io-p-ai-common"":""Resource""}"			Medium		HighAvailability		New	2026-04-23T03:11:30Z			The URL ping test capability of the application insights feature for Azure Monitor is being retired.		https://azure.microsoft.com/updates?id=transition-to-using-standard-tests-for-singlestep-availability-testing-in-azure-monitor-application-insights-by-30-september			short	metadata_and_resource		"{""metadata_joined"":true,""recommendation_source"":""advisor_recommendations"",""resource_graph_joined"":true,""resource_graph_key"":[""e877d6d4-e952-4f8a-a4c4-5f90e5ac1da9"",""/subscriptions/ec285037-c673-4f58-b594-d7c480da4e8b/resourcegroups/io-p-rg-common/providers/microsoft.insights/webtests/io-p-wt-func-iopayportal""]}"	
Key vault	API versions prior to 2026-02-01	Azure Key Vault API versions prior to 2026-02-01 are being retired	7ff06874-39e9-41be-9552-fa1ae2a83c88	2026-07-29	subscriptions	advisor_resource_retirement	advisor_joined	/subscriptions/ec285037-c673-4f58-b594-d7c480da4e8b/resourcegroups/io-p-itn-wallet-rg-01/providers/microsoft.keyvault/vaults/io-p-itn-wallet-kv-01/providers/Microsoft.Advisor/recommendations/f8f1fff7844a82fc3d5b7208915c3d955fc82f5a1f17f16d6e1ec6fd6775fee3	/subscriptions/ec285037-c673-4f58-b594-d7c480da4e8b/resourcegroups/io-p-itn-wallet-rg-01/providers/microsoft.keyvault/vaults/io-p-itn-wallet-kv-01/providers/Microsoft.Advisor/recommendations/f8f1fff7844a82fc3d5b7208915c3d955fc82f5a1f17f16d6e1ec6fd6775fee3	7ff06874-39e9-41be-9552-fa1ae2a83c88	2027-02-27	exact	ec285037-c673-4f58-b594-d7c480da4e8b	PROD-IO	/subscriptions/ec285037-c673-4f58-b594-d7c480da4e8b/resourcegroups/io-p-itn-wallet-rg-01/providers/microsoft.keyvault/vaults/io-p-itn-wallet-kv-01	io-p-itn-wallet-kv-01	io-p-itn-wallet-rg-01	microsoft.keyvault/vaults	italynorth	"{""CostCenter"":""TS310 - PAGAMENTI & SERVIZI"",""CreatedBy"":""Terraform"",""Environment"":""Prod"",""ManagementTeam"":""IO Wallet"",""Owner"":""IO"",""Source"":""https://github.com/pagopa/io-wallet/blob/main/infra/resources/prod""}"			High		HighAvailability		New	2026-07-27T18:42:31Z			Azure Key Vault API versions prior to 2026-02-01 are being retired		https://learn.microsoft.com/azure/key-vault/general/access-control-default?tabs=azure-cli			short	metadata_and_resource		"{""metadata_joined"":true,""recommendation_source"":""advisor_recommendations"",""resource_graph_joined"":true,""resource_graph_key"":[""7ff06874-39e9-41be-9552-fa1ae2a83c88"",""/subscriptions/ec285037-c673-4f58-b594-d7c480da4e8b/resourcegroups/io-p-itn-wallet-rg-01/providers/microsoft.keyvault/vaults/io-p-itn-wallet-kv-01""]}"	
Key vault	API versions prior to 2026-02-01	Azure Key Vault API versions prior to 2026-02-01 are being retired	7ff06874-39e9-41be-9552-fa1ae2a83c88	2026-07-29	subscriptions	advisor_resource_retirement	advisor_joined	/subscriptions/ec285037-c673-4f58-b594-d7c480da4e8b/resourcegroups/io-p-rg-common/providers/microsoft.keyvault/vaults/io-p-kv-common/providers/Microsoft.Advisor/recommendations/aec0d1cb9e544ac3a1303c450206c03933788ff1e6fe1a135a922335bd8a553d	/subscriptions/ec285037-c673-4f58-b594-d7c480da4e8b/resourcegroups/io-p-rg-common/providers/microsoft.keyvault/vaults/io-p-kv-common/providers/Microsoft.Advisor/recommendations/aec0d1cb9e544ac3a1303c450206c03933788ff1e6fe1a135a922335bd8a553d	7ff06874-39e9-41be-9552-fa1ae2a83c88	2027-02-27	exact	ec285037-c673-4f58-b594-d7c480da4e8b	PROD-IO	/subscriptions/ec285037-c673-4f58-b594-d7c480da4e8b/resourcegroups/io-p-rg-common/providers/microsoft.keyvault/vaults/io-p-kv-common	io-p-kv-common	io-p-rg-common	microsoft.keyvault/vaults	westeurope	"{""BusinessUnit"":""App IO"",""CostCenter"":""TS000 - Tecnologia e Servizi"",""CreatedBy"":""Terraform"",""Environment"":""Prod"",""ManagementTeam"":""IO Platform"",""Source"":""https://github.com/pagopa/io-infra/blob/main/src/core/prod""}"			High		HighAvailability		New	2026-07-17T10:05:07Z			Azure Key Vault API versions prior to 2026-02-01 are being retired		https://learn.microsoft.com/azure/key-vault/general/access-control-default?tabs=azure-cli			short	metadata_and_resource		"{""metadata_joined"":true,""recommendation_source"":""advisor_recommendations"",""resource_graph_joined"":true,""resource_graph_key"":[""7ff06874-39e9-41be-9552-fa1ae2a83c88"",""/subscriptions/ec285037-c673-4f58-b594-d7c480da4e8b/resourcegroups/io-p-rg-common/providers/microsoft.keyvault/vaults/io-p-kv-common""]}"	
Key vault	API versions prior to 2026-02-01	Azure Key Vault API versions prior to 2026-02-01 are being retired	7ff06874-39e9-41be-9552-fa1ae2a83c88	2026-07-29	subscriptions	advisor_resource_retirement	advisor_joined	/subscriptions/ec285037-c673-4f58-b594-d7c480da4e8b/resourcegroups/io-p-itn-com-rg-01/providers/microsoft.keyvault/vaults/io-p-itn-com-kv-01/providers/Microsoft.Advisor/recommendations/521c06883e48e16b295d3f5c19f38e361501181ffbc5faf587441ec1be4fac23	/subscriptions/ec285037-c673-4f58-b594-d7c480da4e8b/resourcegroups/io-p-itn-com-rg-01/providers/microsoft.keyvault/vaults/io-p-itn-com-kv-01/providers/Microsoft.Advisor/recommendations/521c06883e48e16b295d3f5c19f38e361501181ffbc5faf587441ec1be4fac23	7ff06874-39e9-41be-9552-fa1ae2a83c88	2027-02-27	exact	ec285037-c673-4f58-b594-d7c480da4e8b	PROD-IO	/subscriptions/ec285037-c673-4f58-b594-d7c480da4e8b/resourcegroups/io-p-itn-com-rg-01/providers/microsoft.keyvault/vaults/io-p-itn-com-kv-01	io-p-itn-com-kv-01	io-p-itn-com-rg-01	microsoft.keyvault/vaults	italynorth	"{""BusinessUnit"":""App IO"",""CostCenter"":""TS000 - Tecnologia e Servizi"",""CreatedBy"":""Terraform"",""Environment"":""Prod"",""ManagementTeam"":""IO Comunicazione"",""Source"":""https://github.com/pagopa/io-messages/blob/main/infra/resources/prod""}"			High		HighAvailability		New	2026-07-17T10:07:22Z			Azure Key Vault API versions prior to 2026-02-01 are being retired		https://learn.microsoft.com/azure/key-vault/general/access-control-default?tabs=azure-cli			short	metadata_and_resource		"{""metadata_joined"":true,""recommendation_source"":""advisor_recommendations"",""resource_graph_joined"":true,""resource_graph_key"":[""7ff06874-39e9-41be-9552-fa1ae2a83c88"",""/subscriptions/ec285037-c673-4f58-b594-d7c480da4e8b/resourcegroups/io-p-itn-com-rg-01/providers/microsoft.keyvault/vaults/io-p-itn-com-kv-01""]}"	
Key vault	API versions prior to 2026-02-01	Azure Key Vault API versions prior to 2026-02-01 are being retired	7ff06874-39e9-41be-9552-fa1ae2a83c88	2026-07-29	subscriptions	advisor_resource_retirement	advisor_joined	/subscriptions/ec285037-c673-4f58-b594-d7c480da4e8b/resourcegroups/io-p-itn-common-rg-01/providers/microsoft.keyvault/vaults/io-p-itn-tlscert-kv-01/providers/Microsoft.Advisor/recommendations/e233fe1f24c5b23cecc181df8f1ea830df36eec77a6c7a81444d950e06226371	/subscriptions/ec285037-c673-4f58-b594-d7c480da4e8b/resourcegroups/io-p-itn-common-rg-01/providers/microsoft.keyvault/vaults/io-p-itn-tlscert-kv-01/providers/Microsoft.Advisor/recommendations/e233fe1f24c5b23cecc181df8f1ea830df36eec77a6c7a81444d950e06226371	7ff06874-39e9-41be-9552-fa1ae2a83c88	2027-02-27	exact	ec285037-c673-4f58-b594-d7c480da4e8b	PROD-IO	/subscriptions/ec285037-c673-4f58-b594-d7c480da4e8b/resourcegroups/io-p-itn-common-rg-01/providers/microsoft.keyvault/vaults/io-p-itn-tlscert-kv-01	io-p-itn-tlscert-kv-01	io-p-itn-common-rg-01	microsoft.keyvault/vaults	italynorth	"{""BusinessUnit"":""App IO"",""CostCenter"":""TS000 - Tecnologia e Servizi"",""CreatedBy"":""Terraform"",""Environment"":""Prod"",""ManagementTeam"":""IO Platform"",""Source"":""https://github.com/pagopa/io-infra/blob/main/src/core/prod""}"			High		HighAvailability		New	2026-07-22T12:42:38Z			Azure Key Vault API versions prior to 2026-02-01 are being retired		https://learn.microsoft.com/azure/key-vault/general/access-control-default?tabs=azure-cli			short	metadata_and_resource		"{""metadata_joined"":true,""recommendation_source"":""advisor_recommendations"",""resource_graph_joined"":true,""resource_graph_key"":[""7ff06874-39e9-41be-9552-fa1ae2a83c88"",""/subscriptions/ec285037-c673-4f58-b594-d7c480da4e8b/resourcegroups/io-p-itn-common-rg-01/providers/microsoft.keyvault/vaults/io-p-itn-tlscert-kv-01""]}"	
Key vault	API versions prior to 2026-02-01	Azure Key Vault API versions prior to 2026-02-01 are being retired	7ff06874-39e9-41be-9552-fa1ae2a83c88	2026-07-29	subscriptions	advisor_resource_retirement	advisor_joined	/subscriptions/ec285037-c673-4f58-b594-d7c480da4e8b/resourcegroups/io-p-itn-common-rg-01/providers/microsoft.keyvault/vaults/io-p-itn-platform-kv-01/providers/Microsoft.Advisor/recommendations/f6b5be0889ef2dd6641b451ba95b3d4f52a3ce7033a069ad0785efdefb5f6a73	/subscriptions/ec285037-c673-4f58-b594-d7c480da4e8b/resourcegroups/io-p-itn-common-rg-01/providers/microsoft.keyvault/vaults/io-p-itn-platform-kv-01/providers/Microsoft.Advisor/recommendations/f6b5be0889ef2dd6641b451ba95b3d4f52a3ce7033a069ad0785efdefb5f6a73	7ff06874-39e9-41be-9552-fa1ae2a83c88	2027-02-27	exact	ec285037-c673-4f58-b594-d7c480da4e8b	PROD-IO	/subscriptions/ec285037-c673-4f58-b594-d7c480da4e8b/resourcegroups/io-p-itn-common-rg-01/providers/microsoft.keyvault/vaults/io-p-itn-platform-kv-01	io-p-itn-platform-kv-01	io-p-itn-common-rg-01	microsoft.keyvault/vaults	italynorth	"{""BusinessUnit"":""App IO"",""CostCenter"":""TS000 - Tecnologia e Servizi"",""CreatedBy"":""Terraform"",""Environment"":""Prod"",""ManagementTeam"":""IO Platform"",""Source"":""https://github.com/pagopa/io-infra/blob/main/src/core/prod""}"			High		HighAvailability		New	2026-07-27T18:42:25Z			Azure Key Vault API versions prior to 2026-02-01 are being retired		https://learn.microsoft.com/azure/key-vault/general/access-control-default?tabs=azure-cli			short	metadata_and_resource		"{""metadata_joined"":true,""recommendation_source"":""advisor_recommendations"",""resource_graph_joined"":true,""resource_graph_key"":[""7ff06874-39e9-41be-9552-fa1ae2a83c88"",""/subscriptions/ec285037-c673-4f58-b594-d7c480da4e8b/resourcegroups/io-p-itn-common-rg-01/providers/microsoft.keyvault/vaults/io-p-itn-platform-kv-01""]}"	
Key vault	API versions prior to 2026-02-01	Azure Key Vault API versions prior to 2026-02-01 are being retired	7ff06874-39e9-41be-9552-fa1ae2a83c88	2026-07-29	subscriptions	advisor_resource_retirement	advisor_joined	/subscriptions/ec285037-c673-4f58-b594-d7c480da4e8b/resourcegroups/io-p-sec-rg/providers/microsoft.keyvault/vaults/io-p-kv/providers/Microsoft.Advisor/recommendations/d793a7ec9d415824818722bf3527fe7f09d5937e4c6b74a8fedb1e1145114e5d	/subscriptions/ec285037-c673-4f58-b594-d7c480da4e8b/resourcegroups/io-p-sec-rg/providers/microsoft.keyvault/vaults/io-p-kv/providers/Microsoft.Advisor/recommendations/d793a7ec9d415824818722bf3527fe7f09d5937e4c6b74a8fedb1e1145114e5d	7ff06874-39e9-41be-9552-fa1ae2a83c88	2027-02-27	exact	ec285037-c673-4f58-b594-d7c480da4e8b	PROD-IO	/subscriptions/ec285037-c673-4f58-b594-d7c480da4e8b/resourcegroups/io-p-sec-rg/providers/microsoft.keyvault/vaults/io-p-kv	io-p-kv	io-p-sec-rg	microsoft.keyvault/vaults	westeurope	"{""BusinessUnit"":""App IO"",""CostCenter"":""TS000 - Tecnologia e Servizi"",""CreatedBy"":""Terraform"",""Environment"":""Prod"",""ManagementTeam"":""IO Platform"",""Source"":""https://github.com/pagopa/io-infra/blob/main/src/core/prod""}"			High		HighAvailability		New	2026-07-27T18:41:59Z			Azure Key Vault API versions prior to 2026-02-01 are being retired		https://learn.microsoft.com/azure/key-vault/general/access-control-default?tabs=azure-cli			short	metadata_and_resource		"{""metadata_joined"":true,""recommendation_source"":""advisor_recommendations"",""resource_graph_joined"":true,""resource_graph_key"":[""7ff06874-39e9-41be-9552-fa1ae2a83c88"",""/subscriptions/ec285037-c673-4f58-b594-d7c480da4e8b/resourcegroups/io-p-sec-rg/providers/microsoft.keyvault/vaults/io-p-kv""]}"	
Key vault	API versions prior to 2026-02-01	Azure Key Vault API versions prior to 2026-02-01 are being retired	7ff06874-39e9-41be-9552-fa1ae2a83c88	2026-07-29	subscriptions	advisor_resource_retirement	advisor_joined	/subscriptions/ec285037-c673-4f58-b594-d7c480da4e8b/resourcegroups/io-p-itn-ioweb-rg-01/providers/microsoft.keyvault/vaults/io-p-itn-ioweb-kv-01/providers/Microsoft.Advisor/recommendations/2af00d336050195be3fd6ad222fe0cb193840fb4c7a7121f5f85355188ad3bb2	/subscriptions/ec285037-c673-4f58-b594-d7c480da4e8b/resourcegroups/io-p-itn-ioweb-rg-01/providers/microsoft.keyvault/vaults/io-p-itn-ioweb-kv-01/providers/Microsoft.Advisor/recommendations/2af00d336050195be3fd6ad222fe0cb193840fb4c7a7121f5f85355188ad3bb2	7ff06874-39e9-41be-9552-fa1ae2a83c88	2027-02-27	exact	ec285037-c673-4f58-b594-d7c480da4e8b	PROD-IO	/subscriptions/ec285037-c673-4f58-b594-d7c480da4e8b/resourcegroups/io-p-itn-ioweb-rg-01/providers/microsoft.keyvault/vaults/io-p-itn-ioweb-kv-01	io-p-itn-ioweb-kv-01	io-p-itn-ioweb-rg-01	microsoft.keyvault/vaults	italynorth	"{""CostCenter"":""TS000 - Tecnologia e Servizi"",""CreatedBy"":""Terraform"",""Environment"":""Prod"",""ManagementTeam"":""IO Autenticazione"",""Owner"":""IO"",""Source"":""https://github.com/pagopa/io-web-profile/tree/main/infra/resources/prod""}"			High		HighAvailability		New	2026-07-10T17:11:53Z			Azure Key Vault API versions prior to 2026-02-01 are being retired		https://learn.microsoft.com/azure/key-vault/general/access-control-default?tabs=azure-cli			short	metadata_and_resource		"{""metadata_joined"":true,""recommendation_source"":""advisor_recommendations"",""resource_graph_joined"":true,""resource_graph_key"":[""7ff06874-39e9-41be-9552-fa1ae2a83c88"",""/subscriptions/ec285037-c673-4f58-b594-d7c480da4e8b/resourcegroups/io-p-itn-ioweb-rg-01/providers/microsoft.keyvault/vaults/io-p-itn-ioweb-kv-01""]}"	
Key vault	API versions prior to 2026-02-01	Azure Key Vault API versions prior to 2026-02-01 are being retired	7ff06874-39e9-41be-9552-fa1ae2a83c88	2026-07-29	subscriptions	advisor_resource_retirement	advisor_joined	/subscriptions/ec285037-c673-4f58-b594-d7c480da4e8b/resourcegroups/io-p-itn-svc-rg-01/providers/microsoft.keyvault/vaults/io-p-itn-svc-kv/providers/Microsoft.Advisor/recommendations/79407e2c43c31f1c6a24343eb9963a41aeaa68509331822e703e577b0fdb04ab	/subscriptions/ec285037-c673-4f58-b594-d7c480da4e8b/resourcegroups/io-p-itn-svc-rg-01/providers/microsoft.keyvault/vaults/io-p-itn-svc-kv/providers/Microsoft.Advisor/recommendations/79407e2c43c31f1c6a24343eb9963a41aeaa68509331822e703e577b0fdb04ab	7ff06874-39e9-41be-9552-fa1ae2a83c88	2027-02-27	exact	ec285037-c673-4f58-b594-d7c480da4e8b	PROD-IO	/subscriptions/ec285037-c673-4f58-b594-d7c480da4e8b/resourcegroups/io-p-itn-svc-rg-01/providers/microsoft.keyvault/vaults/io-p-itn-svc-kv	io-p-itn-svc-kv	io-p-itn-svc-rg-01	microsoft.keyvault/vaults	italynorth	"{""CostCenter"":""TS310 - PAGAMENTI & SERVIZI"",""CreatedBy"":""Terraform"",""Environment"":""Prod"",""ManagementTeam"":""IO Enti & Servizi"",""Owner"":""IO"",""Source"":""https://github.com/pagopa/io-services-cms/infra/prod/italynorth""}"			High		HighAvailability		New	2026-07-23T11:58:47Z			Azure Key Vault API versions prior to 2026-02-01 are being retired		https://learn.microsoft.com/azure/key-vault/general/access-control-default?tabs=azure-cli			short	metadata_and_resource		"{""metadata_joined"":true,""recommendation_source"":""advisor_recommendations"",""resource_graph_joined"":true,""resource_graph_key"":[""7ff06874-39e9-41be-9552-fa1ae2a83c88"",""/subscriptions/ec285037-c673-4f58-b594-d7c480da4e8b/resourcegroups/io-p-itn-svc-rg-01/providers/microsoft.keyvault/vaults/io-p-itn-svc-kv""]}"	
Key vault	API versions prior to 2026-02-01	Azure Key Vault API versions prior to 2026-02-01 are being retired	7ff06874-39e9-41be-9552-fa1ae2a83c88	2026-07-29	subscriptions	advisor_resource_retirement	advisor_joined	/subscriptions/ec285037-c673-4f58-b594-d7c480da4e8b/resourcegroups/io-p-citizen-auth-sec-rg/providers/microsoft.keyvault/vaults/io-p-citizen-auth-kv/providers/Microsoft.Advisor/recommendations/614bf71b10677b0c0e653f366e741024510699f95e959364d7d790a7b6f90246	/subscriptions/ec285037-c673-4f58-b594-d7c480da4e8b/resourcegroups/io-p-citizen-auth-sec-rg/providers/microsoft.keyvault/vaults/io-p-citizen-auth-kv/providers/Microsoft.Advisor/recommendations/614bf71b10677b0c0e653f366e741024510699f95e959364d7d790a7b6f90246	7ff06874-39e9-41be-9552-fa1ae2a83c88	2027-02-27	exact	ec285037-c673-4f58-b594-d7c480da4e8b	PROD-IO	/subscriptions/ec285037-c673-4f58-b594-d7c480da4e8b/resourcegroups/io-p-citizen-auth-sec-rg/providers/microsoft.keyvault/vaults/io-p-citizen-auth-kv	io-p-citizen-auth-kv	io-p-citizen-auth-sec-rg	microsoft.keyvault/vaults	westeurope	"{""BusinessUnit"":""App IO"",""CostCenter"":""TS000 - Tecnologia e Servizi"",""CreatedBy"":""Terraform"",""Environment"":""Prod"",""ManagementTeam"":""IO Autenticazione"",""Source"":""https://github.com/pagopa/io-infra/tree/main/src/citizen-auth-common""}"			High		HighAvailability		New	2026-07-05T15:16:01Z			Azure Key Vault API versions prior to 2026-02-01 are being retired		https://learn.microsoft.com/azure/key-vault/general/access-control-default?tabs=azure-cli			short	metadata_and_resource		"{""metadata_joined"":true,""recommendation_source"":""advisor_recommendations"",""resource_graph_joined"":true,""resource_graph_key"":[""7ff06874-39e9-41be-9552-fa1ae2a83c88"",""/subscriptions/ec285037-c673-4f58-b594-d7c480da4e8b/resourcegroups/io-p-citizen-auth-sec-rg/providers/microsoft.keyvault/vaults/io-p-citizen-auth-kv""]}"	
Key vault	API versions prior to 2026-02-01	Azure Key Vault API versions prior to 2026-02-01 are being retired	7ff06874-39e9-41be-9552-fa1ae2a83c88	2026-07-29	subscriptions	advisor_resource_retirement	advisor_joined	/subscriptions/ec285037-c673-4f58-b594-d7c480da4e8b/resourcegroups/io-p-ioweb-sec-rg/providers/microsoft.keyvault/vaults/io-p-ioweb-kv/providers/Microsoft.Advisor/recommendations/1b4c2651515cd2783c64a3dbd0f237996a8cdbedafe8e1dde8af9ea98bba0b87	/subscriptions/ec285037-c673-4f58-b594-d7c480da4e8b/resourcegroups/io-p-ioweb-sec-rg/providers/microsoft.keyvault/vaults/io-p-ioweb-kv/providers/Microsoft.Advisor/recommendations/1b4c2651515cd2783c64a3dbd0f237996a8cdbedafe8e1dde8af9ea98bba0b87	7ff06874-39e9-41be-9552-fa1ae2a83c88	2027-02-27	exact	ec285037-c673-4f58-b594-d7c480da4e8b	PROD-IO	/subscriptions/ec285037-c673-4f58-b594-d7c480da4e8b/resourcegroups/io-p-ioweb-sec-rg/providers/microsoft.keyvault/vaults/io-p-ioweb-kv	io-p-ioweb-kv	io-p-ioweb-sec-rg	microsoft.keyvault/vaults	westeurope	"{""BusinessUnit"":""App IO"",""CostCenter"":""TS000 - Tecnologia e Servizi"",""CreatedBy"":""Terraform"",""Environment"":""Prod"",""ManagementTeam"":""IO Autenticazione"",""Source"":""https://github.com/pagopa/io-infra/tree/main/src/domains/ioweb-common""}"			High		HighAvailability		New	2026-07-28T21:57:47Z			Azure Key Vault API versions prior to 2026-02-01 are being retired		https://learn.microsoft.com/azure/key-vault/general/access-control-default?tabs=azure-cli			short	metadata_and_resource		"{""metadata_joined"":true,""recommendation_source"":""advisor_recommendations"",""resource_graph_joined"":true,""resource_graph_key"":[""7ff06874-39e9-41be-9552-fa1ae2a83c88"",""/subscriptions/ec285037-c673-4f58-b594-d7c480da4e8b/resourcegroups/io-p-ioweb-sec-rg/providers/microsoft.keyvault/vaults/io-p-ioweb-kv""]}"	
Key vault	API versions prior to 2026-02-01	Azure Key Vault API versions prior to 2026-02-01 are being retired	7ff06874-39e9-41be-9552-fa1ae2a83c88	2026-07-29	subscriptions	advisor_resource_retirement	advisor_joined	/subscriptions/ec285037-c673-4f58-b594-d7c480da4e8b/resourcegroups/io-p-itn-auth-main-rg-01/providers/microsoft.keyvault/vaults/io-p-itn-auth-kv-01/providers/Microsoft.Advisor/recommendations/98f9b76bd1d2729dd9c24ce99d819e9eea6aa3ed343b20d74a33e8c2d66c7399	/subscriptions/ec285037-c673-4f58-b594-d7c480da4e8b/resourcegroups/io-p-itn-auth-main-rg-01/providers/microsoft.keyvault/vaults/io-p-itn-auth-kv-01/providers/Microsoft.Advisor/recommendations/98f9b76bd1d2729dd9c24ce99d819e9eea6aa3ed343b20d74a33e8c2d66c7399	7ff06874-39e9-41be-9552-fa1ae2a83c88	2027-02-27	exact	ec285037-c673-4f58-b594-d7c480da4e8b	PROD-IO	/subscriptions/ec285037-c673-4f58-b594-d7c480da4e8b/resourcegroups/io-p-itn-auth-main-rg-01/providers/microsoft.keyvault/vaults/io-p-itn-auth-kv-01	io-p-itn-auth-kv-01	io-p-itn-auth-main-rg-01	microsoft.keyvault/vaults	italynorth	"{""CostCenter"":""TS310 - PAGAMENTI & SERVIZI"",""CreatedBy"":""Terraform"",""Environment"":""Prod"",""ManagementTeam"":""IO Auth&Identity"",""Owner"":""IO"",""Source"":""https://github.com/pagopa/io-auth-n-identity-domain/tree/main/infra/resources/prod""}"			High		HighAvailability		New	2026-07-16T06:51:02Z			Azure Key Vault API versions prior to 2026-02-01 are being retired		https://learn.microsoft.com/azure/key-vault/general/access-control-default?tabs=azure-cli			short	metadata_and_resource		"{""metadata_joined"":true,""recommendation_source"":""advisor_recommendations"",""resource_graph_joined"":true,""resource_graph_key"":[""7ff06874-39e9-41be-9552-fa1ae2a83c88"",""/subscriptions/ec285037-c673-4f58-b594-d7c480da4e8b/resourcegroups/io-p-itn-auth-main-rg-01/providers/microsoft.keyvault/vaults/io-p-itn-auth-kv-01""]}"	
Key vault	API versions prior to 2026-02-01	Azure Key Vault API versions prior to 2026-02-01 are being retired	7ff06874-39e9-41be-9552-fa1ae2a83c88	2026-07-29	subscriptions	advisor_resource_retirement	advisor_joined	/subscriptions/ec285037-c673-4f58-b594-d7c480da4e8b/resourcegroups/io-p-itn-sign-rg-01/providers/microsoft.keyvault/vaults/io-p-itn-sign-kv-01/providers/Microsoft.Advisor/recommendations/b9a1544eb4e3c8c9beae882605e30ea949c04849e214fe4234cc0e40bfacf416	/subscriptions/ec285037-c673-4f58-b594-d7c480da4e8b/resourcegroups/io-p-itn-sign-rg-01/providers/microsoft.keyvault/vaults/io-p-itn-sign-kv-01/providers/Microsoft.Advisor/recommendations/b9a1544eb4e3c8c9beae882605e30ea949c04849e214fe4234cc0e40bfacf416	7ff06874-39e9-41be-9552-fa1ae2a83c88	2027-02-27	exact	ec285037-c673-4f58-b594-d7c480da4e8b	PROD-IO	/subscriptions/ec285037-c673-4f58-b594-d7c480da4e8b/resourcegroups/io-p-itn-sign-rg-01/providers/microsoft.keyvault/vaults/io-p-itn-sign-kv-01	io-p-itn-sign-kv-01	io-p-itn-sign-rg-01	microsoft.keyvault/vaults	italynorth	"{""CostCenter"":""TS000 - Tecnologia e Servizi"",""CreatedBy"":""Terraform"",""Environment"":""Prod"",""ManagementTeam"":""IO Ecosystem - Links"",""Owner"":""IO"",""Source"":""https://github.com/pagopa/io-sign""}"			High		HighAvailability		New	2026-07-18T09:03:03Z			Azure Key Vault API versions prior to 2026-02-01 are being retired		https://learn.microsoft.com/azure/key-vault/general/access-control-default?tabs=azure-cli			short	metadata_and_resource		"{""metadata_joined"":true,""recommendation_source"":""advisor_recommendations"",""resource_graph_joined"":true,""resource_graph_key"":[""7ff06874-39e9-41be-9552-fa1ae2a83c88"",""/subscriptions/ec285037-c673-4f58-b594-d7c480da4e8b/resourcegroups/io-p-itn-sign-rg-01/providers/microsoft.keyvault/vaults/io-p-itn-sign-kv-01""]}"	
App service	TLS 1.0 and 1.1 support in Azure Functions	Migrate to TLS 1.2 or later for Functions	de15ab5e-80bd-405f-a709-47cb3e8c7819	2026-07-29	subscriptions	advisor_resource_retirement	advisor_joined	/subscriptions/ec285037-c673-4f58-b594-d7c480da4e8b/resourcegroups/io-p-rg-internal/providers/microsoft.web/sites/io-p-func-iopayportal/slots/staging/providers/Microsoft.Advisor/recommendations/86daa08ef849eb1d23a8ba723c002a34a58e87acfefe4ca8a8b3671a9e21b84e	/subscriptions/ec285037-c673-4f58-b594-d7c480da4e8b/resourcegroups/io-p-rg-internal/providers/microsoft.web/sites/io-p-func-iopayportal/slots/staging/providers/Microsoft.Advisor/recommendations/86daa08ef849eb1d23a8ba723c002a34a58e87acfefe4ca8a8b3671a9e21b84e	de15ab5e-80bd-405f-a709-47cb3e8c7819	2027-05-31	exact	ec285037-c673-4f58-b594-d7c480da4e8b	PROD-IO	/subscriptions/ec285037-c673-4f58-b594-d7c480da4e8b/resourcegroups/io-p-rg-internal/providers/microsoft.web/sites/io-p-func-iopayportal/slots/staging	io-p-func-iopayportal/staging	io-p-rg-internal	microsoft.web/sites/slots	westeurope	"{""environment"":""prod""}"			Medium		HighAvailability		New	2026-07-13T17:05:11Z			Migrate to TLS 1.2 or later for Functions		https://azure.microsoft.com/updates/?id=557852			short	metadata_and_resource		"{""metadata_joined"":true,""recommendation_source"":""advisor_recommendations"",""resource_graph_joined"":true,""resource_graph_key"":[""de15ab5e-80bd-405f-a709-47cb3e8c7819"",""/subscriptions/ec285037-c673-4f58-b594-d7c480da4e8b/resourcegroups/io-p-rg-internal/providers/microsoft.web/sites/io-p-func-iopayportal/slots/staging""]}"	
App service	TLS 1.0 and 1.1 support in Azure Functions	Migrate to TLS 1.2 or later for Functions	de15ab5e-80bd-405f-a709-47cb3e8c7819	2026-07-29	subscriptions	advisor_resource_retirement	advisor_joined	/subscriptions/ec285037-c673-4f58-b594-d7c480da4e8b/resourcegroups/io-p-rg-internal/providers/microsoft.web/sites/io-p-func-iopayportal/providers/Microsoft.Advisor/recommendations/c8433406a0fab925993641a28610505c629751d8a36bb93285597542640b8728	/subscriptions/ec285037-c673-4f58-b594-d7c480da4e8b/resourcegroups/io-p-rg-internal/providers/microsoft.web/sites/io-p-func-iopayportal/providers/Microsoft.Advisor/recommendations/c8433406a0fab925993641a28610505c629751d8a36bb93285597542640b8728	de15ab5e-80bd-405f-a709-47cb3e8c7819	2027-05-31	exact	ec285037-c673-4f58-b594-d7c480da4e8b	PROD-IO	/subscriptions/ec285037-c673-4f58-b594-d7c480da4e8b/resourcegroups/io-p-rg-internal/providers/microsoft.web/sites/io-p-func-iopayportal	io-p-func-iopayportal	io-p-rg-internal	microsoft.web/sites	westeurope	"{""BusinessUnit"":""App IO"",""CostCenter"":""TS000 - Tecnologia e Servizi"",""CreatedBy"":""ARM"",""Environment"":""Prod"",""ManagementTeam"":""IO Platform"",""hidden-link: /app-insights-conn-string"":""InstrumentationKey=ab45103a-cb4f-474b-933f-d802ed1082d5;IngestionEndpoint=https://westeurope-3.in.applicationinsights.azure.com/;LiveEndpoint=https://westeurope.livediagnostics.monitor.azure.com/;ApplicationId=2a5ffa17-99f9-4d9b-a253-18dba6759d94"",""hidden-link: /app-insights-instrumentation-key"":""ab45103a-cb4f-474b-933f-d802ed1082d5"",""hidden-link: /app-insights-resource-id"":""/subscriptions/ec285037-c673-4f58-b594-d7c480da4e8b/resourceGroups/io-p-rg-common/providers/microsoft.insights/components/io-p-ai-common""}"			Medium		HighAvailability		New	2026-07-13T17:05:06Z			Migrate to TLS 1.2 or later for Functions		https://azure.microsoft.com/updates/?id=557852			short	metadata_and_resource		"{""metadata_joined"":true,""recommendation_source"":""advisor_recommendations"",""resource_graph_joined"":true,""resource_graph_key"":[""de15ab5e-80bd-405f-a709-47cb3e8c7819"",""/subscriptions/ec285037-c673-4f58-b594-d7c480da4e8b/resourcegroups/io-p-rg-internal/providers/microsoft.web/sites/io-p-func-iopayportal""]}"	
Virtual network gateway	Non-AZ VPNs	VpnGw1-5 (Non-Availability Zones SKUs) is being retired.	4d9ee0c5-6fbd-41d3-864f-b9251c92eebc	2026-07-29	subscriptions	advisor_resource_retirement	advisor_joined	/subscriptions/f47d50dc-b874-4e04-9d5c-c27f5053a651/resourcegroups/selc-u-vnet-rg/providers/microsoft.network/virtualnetworkgateways/selc-u-vpn-gw/providers/Microsoft.Advisor/recommendations/1e5a3f3ae81b5c4d5d0ec0b6a632a539e42109d68d22dc336e46c30196325b98	/subscriptions/f47d50dc-b874-4e04-9d5c-c27f5053a651/resourcegroups/selc-u-vnet-rg/providers/microsoft.network/virtualnetworkgateways/selc-u-vpn-gw/providers/Microsoft.Advisor/recommendations/1e5a3f3ae81b5c4d5d0ec0b6a632a539e42109d68d22dc336e46c30196325b98	4d9ee0c5-6fbd-41d3-864f-b9251c92eebc	2026-09-30	exact	f47d50dc-b874-4e04-9d5c-c27f5053a651	UAT-SelfCare	/subscriptions/f47d50dc-b874-4e04-9d5c-c27f5053a651/resourcegroups/selc-u-vnet-rg/providers/microsoft.network/virtualnetworkgateways/selc-u-vpn-gw	selc-u-vpn-gw	selc-u-vnet-rg	microsoft.network/virtualnetworkgateways	westeurope	"{""CostCenter"":""TS310 - PAGAMENTI & SERVIZI"",""CreatedBy"":""Terraform"",""Environment"":""Uat"",""Owner"":""Selfcare"",""Source"":""https://github.com/pagopa/selfcare""}"			Medium		HighAvailability		New	2026-05-10T02:29:45Z			VpnGw1-5 (Non-Availability Zones SKUs) is being retired.		https://azure.microsoft.com/updates?id=vpngw1-5-non-az-skus-will-be-retired-on-30-september-2026			short	metadata_and_resource		"{""metadata_joined"":true,""recommendation_source"":""advisor_recommendations"",""resource_graph_joined"":true,""resource_graph_key"":[""4d9ee0c5-6fbd-41d3-864f-b9251c92eebc"",""/subscriptions/f47d50dc-b874-4e04-9d5c-c27f5053a651/resourcegroups/selc-u-vnet-rg/providers/microsoft.network/virtualnetworkgateways/selc-u-vpn-gw""]}"	
Key vault	API versions prior to 2026-02-01	Azure Key Vault API versions prior to 2026-02-01 are being retired	7ff06874-39e9-41be-9552-fa1ae2a83c88	2026-07-29	subscriptions	advisor_resource_retirement	advisor_joined	/subscriptions/f47d50dc-b874-4e04-9d5c-c27f5053a651/resourcegroups/selc-u-pnpg-sec-rg/providers/microsoft.keyvault/vaults/selc-u-pnpg-kv/providers/Microsoft.Advisor/recommendations/37a6aa3352e1566ed7e213f9ec616d2af378c644a902cea9d69a8f84d4e28ba0	/subscriptions/f47d50dc-b874-4e04-9d5c-c27f5053a651/resourcegroups/selc-u-pnpg-sec-rg/providers/microsoft.keyvault/vaults/selc-u-pnpg-kv/providers/Microsoft.Advisor/recommendations/37a6aa3352e1566ed7e213f9ec616d2af378c644a902cea9d69a8f84d4e28ba0	7ff06874-39e9-41be-9552-fa1ae2a83c88	2027-02-27	exact	f47d50dc-b874-4e04-9d5c-c27f5053a651	UAT-SelfCare	/subscriptions/f47d50dc-b874-4e04-9d5c-c27f5053a651/resourcegroups/selc-u-pnpg-sec-rg/providers/microsoft.keyvault/vaults/selc-u-pnpg-kv	selc-u-pnpg-kv	selc-u-pnpg-sec-rg	microsoft.keyvault/vaults	westeurope	"{""Application"":""PNPG"",""CostCenter"":""TS310 - PAGAMENTI & SERVIZI"",""CreatedBy"":""Terraform"",""Environment"":""Uat"",""Owner"":""Selfcare"",""Source"":""https://github.com/pagopa/selfcare""}"			High		HighAvailability		New	2026-07-21T13:08:17Z			Azure Key Vault API versions prior to 2026-02-01 are being retired		https://learn.microsoft.com/azure/key-vault/general/access-control-default?tabs=azure-cli			short	metadata_and_resource		"{""metadata_joined"":true,""recommendation_source"":""advisor_recommendations"",""resource_graph_joined"":true,""resource_graph_key"":[""7ff06874-39e9-41be-9552-fa1ae2a83c88"",""/subscriptions/f47d50dc-b874-4e04-9d5c-c27f5053a651/resourcegroups/selc-u-pnpg-sec-rg/providers/microsoft.keyvault/vaults/selc-u-pnpg-kv""]}"	
Key vault	API versions prior to 2026-02-01	Azure Key Vault API versions prior to 2026-02-01 are being retired	7ff06874-39e9-41be-9552-fa1ae2a83c88	2026-07-29	subscriptions	advisor_resource_retirement	advisor_joined	/subscriptions/f47d50dc-b874-4e04-9d5c-c27f5053a651/resourcegroups/selc-u-sec-rg/providers/microsoft.keyvault/vaults/selc-u-kv/providers/Microsoft.Advisor/recommendations/5e1e4073cd0bb3f2a1c52210831acd4879b968eb89cf52828b7641c7cea290e2	/subscriptions/f47d50dc-b874-4e04-9d5c-c27f5053a651/resourcegroups/selc-u-sec-rg/providers/microsoft.keyvault/vaults/selc-u-kv/providers/Microsoft.Advisor/recommendations/5e1e4073cd0bb3f2a1c52210831acd4879b968eb89cf52828b7641c7cea290e2	7ff06874-39e9-41be-9552-fa1ae2a83c88	2027-02-27	exact	f47d50dc-b874-4e04-9d5c-c27f5053a651	UAT-SelfCare	/subscriptions/f47d50dc-b874-4e04-9d5c-c27f5053a651/resourcegroups/selc-u-sec-rg/providers/microsoft.keyvault/vaults/selc-u-kv	selc-u-kv	selc-u-sec-rg	microsoft.keyvault/vaults	westeurope	"{""CostCenter"":""TS310 - PAGAMENTI & SERVIZI"",""CreatedBy"":""Terraform"",""Environment"":""Uat"",""Owner"":""Selfcare"",""Source"":""https://github.com/pagopa/selfcare""}"			High		HighAvailability		New	2026-07-24T18:36:25Z			Azure Key Vault API versions prior to 2026-02-01 are being retired		https://learn.microsoft.com/azure/key-vault/general/access-control-default?tabs=azure-cli			short	metadata_and_resource		"{""metadata_joined"":true,""recommendation_source"":""advisor_recommendations"",""resource_graph_joined"":true,""resource_graph_key"":[""7ff06874-39e9-41be-9552-fa1ae2a83c88"",""/subscriptions/f47d50dc-b874-4e04-9d5c-c27f5053a651/resourcegroups/selc-u-sec-rg/providers/microsoft.keyvault/vaults/selc-u-kv""]}"	
Storage Account	Legacy Blob and General-Purpose v1 storage accounts	Upgrade general-purpose v1 storage accounts	1d70919c-1a4a-4f79-8300-bb576c291e9d	2026-07-29	subscriptions	advisor_resource_retirement	advisor_joined	/subscriptions/f4b92052-083f-493c-b765-6d6a28eb809c/resourcegroups/ict-p-migrate-rg/providers/microsoft.storage/storageaccounts/migratersa834927104/providers/Microsoft.Advisor/recommendations/a67c9b31cd00d86b3c24f545659cb037df3ccc303a02d3597625dfa65f3ea647	/subscriptions/f4b92052-083f-493c-b765-6d6a28eb809c/resourcegroups/ict-p-migrate-rg/providers/microsoft.storage/storageaccounts/migratersa834927104/providers/Microsoft.Advisor/recommendations/a67c9b31cd00d86b3c24f545659cb037df3ccc303a02d3597625dfa65f3ea647	1d70919c-1a4a-4f79-8300-bb576c291e9d	2026-10-13	exact	f4b92052-083f-493c-b765-6d6a28eb809c	PROD-ICT	/subscriptions/f4b92052-083f-493c-b765-6d6a28eb809c/resourcegroups/ict-p-migrate-rg/providers/microsoft.storage/storageaccounts/migratersa834927104	migratersa834927104	ict-p-migrate-rg	microsoft.storage/storageaccounts	italynorth	"{""Migrate Project"":""ict-p-migration""}"			Medium		HighAvailability		New	2026-04-30T14:53:58Z			Upgrade general-purpose v1 storage accounts		https://azure.microsoft.com/updates/?id=496964			short	metadata_and_resource		"{""metadata_joined"":true,""recommendation_source"":""advisor_recommendations"",""resource_graph_joined"":true,""resource_graph_key"":[""1d70919c-1a4a-4f79-8300-bb576c291e9d"",""/subscriptions/f4b92052-083f-493c-b765-6d6a28eb809c/resourcegroups/ict-p-migrate-rg/providers/microsoft.storage/storageaccounts/migratersa834927104""]}"	
Key vault	API versions prior to 2026-02-01	Azure Key Vault API versions prior to 2026-02-01 are being retired	7ff06874-39e9-41be-9552-fa1ae2a83c88	2026-07-29	subscriptions	advisor_resource_retirement	advisor_joined	/subscriptions/f4b92052-083f-493c-b765-6d6a28eb809c/resourcegroups/ict-p-shared-rg/providers/microsoft.keyvault/vaults/ict-p-kv/providers/Microsoft.Advisor/recommendations/553b0645f15fb0975a522044e35d1033a2b157e8bbb895b65a061da951b9dc98	/subscriptions/f4b92052-083f-493c-b765-6d6a28eb809c/resourcegroups/ict-p-shared-rg/providers/microsoft.keyvault/vaults/ict-p-kv/providers/Microsoft.Advisor/recommendations/553b0645f15fb0975a522044e35d1033a2b157e8bbb895b65a061da951b9dc98	7ff06874-39e9-41be-9552-fa1ae2a83c88	2027-02-27	exact	f4b92052-083f-493c-b765-6d6a28eb809c	PROD-ICT	/subscriptions/f4b92052-083f-493c-b765-6d6a28eb809c/resourcegroups/ict-p-shared-rg/providers/microsoft.keyvault/vaults/ict-p-kv	ict-p-kv	ict-p-shared-rg	microsoft.keyvault/vaults	italynorth	"{""CostCenter"":""TS230 - PagoPA ICT"",""CreatedBy"":""Terraform"",""Environment"":""PROD"",""Owner"":""PagoPA ICT"",""Source"":""https://github.com/pagopa/ict-infra""}"			High		HighAvailability		New	2026-07-23T11:58:22Z			Azure Key Vault API versions prior to 2026-02-01 are being retired		https://learn.microsoft.com/azure/key-vault/general/access-control-default?tabs=azure-cli			short	metadata_and_resource		"{""metadata_joined"":true,""recommendation_source"":""advisor_recommendations"",""resource_graph_joined"":true,""resource_graph_key"":[""7ff06874-39e9-41be-9552-fa1ae2a83c88"",""/subscriptions/f4b92052-083f-493c-b765-6d6a28eb809c/resourcegroups/ict-p-shared-rg/providers/microsoft.keyvault/vaults/ict-p-kv""]}"	
Virtual network gateway	Non-AZ VPNs	VpnGw1-5 (Non-Availability Zones SKUs) is being retired.	4d9ee0c5-6fbd-41d3-864f-b9251c92eebc	2026-07-29	subscriptions	advisor_resource_retirement	advisor_joined	/subscriptions/f4b92052-083f-493c-b765-6d6a28eb809c/resourcegroups/ict-p-shared-rg/providers/microsoft.network/virtualnetworkgateways/ict-p-s2s-vpn-gw/providers/Microsoft.Advisor/recommendations/07914f9db8ddf43ee618ea8f92eb8b9fce92ce4eade6d9fdfaf5bbe5d6b85b72	/subscriptions/f4b92052-083f-493c-b765-6d6a28eb809c/resourcegroups/ict-p-shared-rg/providers/microsoft.network/virtualnetworkgateways/ict-p-s2s-vpn-gw/providers/Microsoft.Advisor/recommendations/07914f9db8ddf43ee618ea8f92eb8b9fce92ce4eade6d9fdfaf5bbe5d6b85b72	4d9ee0c5-6fbd-41d3-864f-b9251c92eebc	2026-09-30	exact	f4b92052-083f-493c-b765-6d6a28eb809c	PROD-ICT	/subscriptions/f4b92052-083f-493c-b765-6d6a28eb809c/resourcegroups/ict-p-shared-rg/providers/microsoft.network/virtualnetworkgateways/ict-p-s2s-vpn-gw	ict-p-s2s-vpn-gw	ict-p-shared-rg	microsoft.network/virtualnetworkgateways	italynorth	"{""CostCenter"":""TS230 - PagoPA ICT"",""CreatedBy"":""Terraform"",""Environment"":""PROD"",""Owner"":""PagoPA ICT"",""Source"":""https://github.com/pagopa/ict-infra""}"			Medium		HighAvailability		New	2026-05-11T20:59:59Z			VpnGw1-5 (Non-Availability Zones SKUs) is being retired.		https://azure.microsoft.com/updates?id=vpngw1-5-non-az-skus-will-be-retired-on-30-september-2026			short	metadata_and_resource		"{""metadata_joined"":true,""recommendation_source"":""advisor_recommendations"",""resource_graph_joined"":true,""resource_graph_key"":[""4d9ee0c5-6fbd-41d3-864f-b9251c92eebc"",""/subscriptions/f4b92052-083f-493c-b765-6d6a28eb809c/resourcegroups/ict-p-shared-rg/providers/microsoft.network/virtualnetworkgateways/ict-p-s2s-vpn-gw""]}"	
Key vault	API versions prior to 2026-02-01	Azure Key Vault API versions prior to 2026-02-01 are being retired	7ff06874-39e9-41be-9552-fa1ae2a83c88	2026-07-29	subscriptions	advisor_resource_retirement	advisor_joined	/subscriptions/f9f0ed60-4b4b-49a6-97cb-8c8a0f9e2435/resourcegroups/cstar-u-tae-sec-rg/providers/microsoft.keyvault/vaults/cstar-u-tae-kv/providers/Microsoft.Advisor/recommendations/668603fcd3af4b5d583465ef3c41240fed3ec2196eec4014a67f776924abb34e	/subscriptions/f9f0ed60-4b4b-49a6-97cb-8c8a0f9e2435/resourcegroups/cstar-u-tae-sec-rg/providers/microsoft.keyvault/vaults/cstar-u-tae-kv/providers/Microsoft.Advisor/recommendations/668603fcd3af4b5d583465ef3c41240fed3ec2196eec4014a67f776924abb34e	7ff06874-39e9-41be-9552-fa1ae2a83c88	2027-02-27	exact	f9f0ed60-4b4b-49a6-97cb-8c8a0f9e2435	UAT-CSTAR	/subscriptions/f9f0ed60-4b4b-49a6-97cb-8c8a0f9e2435/resourcegroups/cstar-u-tae-sec-rg/providers/microsoft.keyvault/vaults/cstar-u-tae-kv	cstar-u-tae-kv	cstar-u-tae-sec-rg						High		HighAvailability		New	2026-07-26T02:30:28Z			Azure Key Vault API versions prior to 2026-02-01 are being retired		https://learn.microsoft.com/azure/key-vault/general/access-control-default?tabs=azure-cli			short	metadata_and_resource		"{""metadata_joined"":true,""recommendation_source"":""advisor_recommendations"",""resource_graph_joined"":true,""resource_graph_key"":[""7ff06874-39e9-41be-9552-fa1ae2a83c88"",""/subscriptions/f9f0ed60-4b4b-49a6-97cb-8c8a0f9e2435/resourcegroups/cstar-u-tae-sec-rg/providers/microsoft.keyvault/vaults/cstar-u-tae-kv""]}"	
Key vault	API versions prior to 2026-02-01	Azure Key Vault API versions prior to 2026-02-01 are being retired	7ff06874-39e9-41be-9552-fa1ae2a83c88	2026-07-29	subscriptions	advisor_resource_retirement	advisor_joined	/subscriptions/f9f0ed60-4b4b-49a6-97cb-8c8a0f9e2435/resourcegroups/cstar-u-itn-idpay-security-rg/providers/microsoft.keyvault/vaults/cstar-u-itn-idpay-kv/providers/Microsoft.Advisor/recommendations/40f32632fe93996a6c8b02ab3304e6dc8ada39e4eef39b47d68c14b53bbb4c14	/subscriptions/f9f0ed60-4b4b-49a6-97cb-8c8a0f9e2435/resourcegroups/cstar-u-itn-idpay-security-rg/providers/microsoft.keyvault/vaults/cstar-u-itn-idpay-kv/providers/Microsoft.Advisor/recommendations/40f32632fe93996a6c8b02ab3304e6dc8ada39e4eef39b47d68c14b53bbb4c14	7ff06874-39e9-41be-9552-fa1ae2a83c88	2027-02-27	exact	f9f0ed60-4b4b-49a6-97cb-8c8a0f9e2435	UAT-CSTAR	/subscriptions/f9f0ed60-4b4b-49a6-97cb-8c8a0f9e2435/resourcegroups/cstar-u-itn-idpay-security-rg/providers/microsoft.keyvault/vaults/cstar-u-itn-idpay-kv	cstar-u-itn-idpay-kv	cstar-u-itn-idpay-security-rg	microsoft.keyvault/vaults	italynorth	"{""CostCenter"":""TS310 - PAGAMENTI & SERVIZI"",""CreatedBy"":""Terraform"",""Environment"":""Uat"",""Folder"":""70_domains/idpay_security"",""Owner"":""CSTAR"",""Source"":""https://github.com/pagopa/cstar-securehub-infra/tree/main/src/70_domains/idpay_security"",""domain"":""idpay""}"			High		HighAvailability		New	2026-07-28T21:56:12Z			Azure Key Vault API versions prior to 2026-02-01 are being retired		https://learn.microsoft.com/azure/key-vault/general/access-control-default?tabs=azure-cli			short	metadata_and_resource		"{""metadata_joined"":true,""recommendation_source"":""advisor_recommendations"",""resource_graph_joined"":true,""resource_graph_key"":[""7ff06874-39e9-41be-9552-fa1ae2a83c88"",""/subscriptions/f9f0ed60-4b4b-49a6-97cb-8c8a0f9e2435/resourcegroups/cstar-u-itn-idpay-security-rg/providers/microsoft.keyvault/vaults/cstar-u-itn-idpay-kv""]}"	
Key vault	API versions prior to 2026-02-01	Azure Key Vault API versions prior to 2026-02-01 are being retired	7ff06874-39e9-41be-9552-fa1ae2a83c88	2026-07-29	subscriptions	advisor_resource_retirement	advisor_joined	/subscriptions/f9f0ed60-4b4b-49a6-97cb-8c8a0f9e2435/resourcegroups/cstar-u-itn-mdc-security-rg/providers/microsoft.keyvault/vaults/cstar-u-itn-mdc-kv/providers/Microsoft.Advisor/recommendations/7686cebd9ac08571f90ff069e42521c1fdc231eff764cfe5abad232568479db1	/subscriptions/f9f0ed60-4b4b-49a6-97cb-8c8a0f9e2435/resourcegroups/cstar-u-itn-mdc-security-rg/providers/microsoft.keyvault/vaults/cstar-u-itn-mdc-kv/providers/Microsoft.Advisor/recommendations/7686cebd9ac08571f90ff069e42521c1fdc231eff764cfe5abad232568479db1	7ff06874-39e9-41be-9552-fa1ae2a83c88	2027-02-27	exact	f9f0ed60-4b4b-49a6-97cb-8c8a0f9e2435	UAT-CSTAR	/subscriptions/f9f0ed60-4b4b-49a6-97cb-8c8a0f9e2435/resourcegroups/cstar-u-itn-mdc-security-rg/providers/microsoft.keyvault/vaults/cstar-u-itn-mdc-kv	cstar-u-itn-mdc-kv	cstar-u-itn-mdc-security-rg	microsoft.keyvault/vaults	italynorth	"{""CostCenter"":""TS310 - PAGAMENTI & SERVIZI"",""CreatedBy"":""Terraform"",""Environment"":""Uat"",""Folder"":""70_domains/mdc_security"",""Owner"":""CSTAR"",""Source"":""https://github.com/pagopa/cstar-securehub-infra/tree/main/src/70_domains/mdc_security"",""domain"":""mdc""}"			High		HighAvailability		New	2026-07-28T21:55:17Z			Azure Key Vault API versions prior to 2026-02-01 are being retired		https://learn.microsoft.com/azure/key-vault/general/access-control-default?tabs=azure-cli			short	metadata_and_resource		"{""metadata_joined"":true,""recommendation_source"":""advisor_recommendations"",""resource_graph_joined"":true,""resource_graph_key"":[""7ff06874-39e9-41be-9552-fa1ae2a83c88"",""/subscriptions/f9f0ed60-4b4b-49a6-97cb-8c8a0f9e2435/resourcegroups/cstar-u-itn-mdc-security-rg/providers/microsoft.keyvault/vaults/cstar-u-itn-mdc-kv""]}"	
Key vault	API versions prior to 2026-02-01	Azure Key Vault API versions prior to 2026-02-01 are being retired	7ff06874-39e9-41be-9552-fa1ae2a83c88	2026-07-29	subscriptions	advisor_resource_retirement	advisor_joined	/subscriptions/f9f0ed60-4b4b-49a6-97cb-8c8a0f9e2435/resourcegroups/cstar-u-itn-core-sec-rg/providers/microsoft.keyvault/vaults/cstar-u-itn-cicd-kv/providers/Microsoft.Advisor/recommendations/579c8c54f9f335379ea2d304b482b28338b1599b20e900ece42c3e557bd4af21	/subscriptions/f9f0ed60-4b4b-49a6-97cb-8c8a0f9e2435/resourcegroups/cstar-u-itn-core-sec-rg/providers/microsoft.keyvault/vaults/cstar-u-itn-cicd-kv/providers/Microsoft.Advisor/recommendations/579c8c54f9f335379ea2d304b482b28338b1599b20e900ece42c3e557bd4af21	7ff06874-39e9-41be-9552-fa1ae2a83c88	2027-02-27	exact	f9f0ed60-4b4b-49a6-97cb-8c8a0f9e2435	UAT-CSTAR	/subscriptions/f9f0ed60-4b4b-49a6-97cb-8c8a0f9e2435/resourcegroups/cstar-u-itn-core-sec-rg/providers/microsoft.keyvault/vaults/cstar-u-itn-cicd-kv	cstar-u-itn-cicd-kv	cstar-u-itn-core-sec-rg	microsoft.keyvault/vaults	italynorth	"{""CostCenter"":""TS310 - PAGAMENTI & SERVIZI"",""CreatedBy"":""Terraform"",""Environment"":""Uat"",""Folder"":""20_security_kv"",""Owner"":""CSTAR"",""Source"":""https://github.com/pagopa/cstar-securehub-infra/tree/main/src/20_security_kv"",""domain"":""core""}"			High		HighAvailability		New	2026-07-27T18:42:17Z			Azure Key Vault API versions prior to 2026-02-01 are being retired		https://learn.microsoft.com/azure/key-vault/general/access-control-default?tabs=azure-cli			short	metadata_and_resource		"{""metadata_joined"":true,""recommendation_source"":""advisor_recommendations"",""resource_graph_joined"":true,""resource_graph_key"":[""7ff06874-39e9-41be-9552-fa1ae2a83c88"",""/subscriptions/f9f0ed60-4b4b-49a6-97cb-8c8a0f9e2435/resourcegroups/cstar-u-itn-core-sec-rg/providers/microsoft.keyvault/vaults/cstar-u-itn-cicd-kv""]}"	
Key vault	API versions prior to 2026-02-01	Azure Key Vault API versions prior to 2026-02-01 are being retired	7ff06874-39e9-41be-9552-fa1ae2a83c88	2026-07-29	subscriptions	advisor_resource_retirement	advisor_joined	/subscriptions/f9f0ed60-4b4b-49a6-97cb-8c8a0f9e2435/resourcegroups/cstar-u-itn-srtp-security-rg/providers/microsoft.keyvault/vaults/cstar-u-itn-srtp-kv/providers/Microsoft.Advisor/recommendations/0a7cc378441c3dcbaf5c32e15a7506bdebc0932f73c5dff622fa12e68f9ced99	/subscriptions/f9f0ed60-4b4b-49a6-97cb-8c8a0f9e2435/resourcegroups/cstar-u-itn-srtp-security-rg/providers/microsoft.keyvault/vaults/cstar-u-itn-srtp-kv/providers/Microsoft.Advisor/recommendations/0a7cc378441c3dcbaf5c32e15a7506bdebc0932f73c5dff622fa12e68f9ced99	7ff06874-39e9-41be-9552-fa1ae2a83c88	2027-02-27	exact	f9f0ed60-4b4b-49a6-97cb-8c8a0f9e2435	UAT-CSTAR	/subscriptions/f9f0ed60-4b4b-49a6-97cb-8c8a0f9e2435/resourcegroups/cstar-u-itn-srtp-security-rg/providers/microsoft.keyvault/vaults/cstar-u-itn-srtp-kv	cstar-u-itn-srtp-kv	cstar-u-itn-srtp-security-rg	microsoft.keyvault/vaults	italynorth	"{""CostCenter"":""TS310 - PAGAMENTI & SERVIZI"",""CreatedBy"":""Terraform"",""Environment"":""Uat"",""Folder"":""70_domains/srtp_security"",""Owner"":""CSTAR"",""Source"":""https://github.com/pagopa/cstar-securehub-infra/tree/main/src/70_domains/srtp_security"",""domain"":""srtp""}"			High		HighAvailability		New	2026-07-28T21:57:13Z			Azure Key Vault API versions prior to 2026-02-01 are being retired		https://learn.microsoft.com/azure/key-vault/general/access-control-default?tabs=azure-cli			short	metadata_and_resource		"{""metadata_joined"":true,""recommendation_source"":""advisor_recommendations"",""resource_graph_joined"":true,""resource_graph_key"":[""7ff06874-39e9-41be-9552-fa1ae2a83c88"",""/subscriptions/f9f0ed60-4b4b-49a6-97cb-8c8a0f9e2435/resourcegroups/cstar-u-itn-srtp-security-rg/providers/microsoft.keyvault/vaults/cstar-u-itn-srtp-kv""]}"	
Key vault	API versions prior to 2026-02-01	Azure Key Vault API versions prior to 2026-02-01 are being retired	7ff06874-39e9-41be-9552-fa1ae2a83c88	2026-07-29	subscriptions	advisor_resource_retirement	advisor_joined	/subscriptions/f9f0ed60-4b4b-49a6-97cb-8c8a0f9e2435/resourcegroups/cstar-u-itn-core-sec-rg/providers/microsoft.keyvault/vaults/cstar-u-itn-core-kv/providers/Microsoft.Advisor/recommendations/07d9d7132cab23f0147fe492489d06a84869d5a3c47c1770cffb5664fbd97ac9	/subscriptions/f9f0ed60-4b4b-49a6-97cb-8c8a0f9e2435/resourcegroups/cstar-u-itn-core-sec-rg/providers/microsoft.keyvault/vaults/cstar-u-itn-core-kv/providers/Microsoft.Advisor/recommendations/07d9d7132cab23f0147fe492489d06a84869d5a3c47c1770cffb5664fbd97ac9	7ff06874-39e9-41be-9552-fa1ae2a83c88	2027-02-27	exact	f9f0ed60-4b4b-49a6-97cb-8c8a0f9e2435	UAT-CSTAR	/subscriptions/f9f0ed60-4b4b-49a6-97cb-8c8a0f9e2435/resourcegroups/cstar-u-itn-core-sec-rg/providers/microsoft.keyvault/vaults/cstar-u-itn-core-kv	cstar-u-itn-core-kv	cstar-u-itn-core-sec-rg	microsoft.keyvault/vaults	italynorth	"{""CostCenter"":""TS310 - PAGAMENTI & SERVIZI"",""CreatedBy"":""Terraform"",""Environment"":""Uat"",""Folder"":""20_security_kv"",""Owner"":""CSTAR"",""Source"":""https://github.com/pagopa/cstar-securehub-infra/tree/main/src/20_security_kv"",""domain"":""core""}"			High		HighAvailability		New	2026-07-18T09:02:26Z			Azure Key Vault API versions prior to 2026-02-01 are being retired		https://learn.microsoft.com/azure/key-vault/general/access-control-default?tabs=azure-cli			short	metadata_and_resource		"{""metadata_joined"":true,""recommendation_source"":""advisor_recommendations"",""resource_graph_joined"":true,""resource_graph_key"":[""7ff06874-39e9-41be-9552-fa1ae2a83c88"",""/subscriptions/f9f0ed60-4b4b-49a6-97cb-8c8a0f9e2435/resourcegroups/cstar-u-itn-core-sec-rg/providers/microsoft.keyvault/vaults/cstar-u-itn-core-kv""]}"	
Kubernetes service	Azure Kubernetes Service support for Ubuntu 22.04	Migrate to Ubuntu 24.04 or later versions	00dbcc9d-50d4-44ef-bc21-c15785cddf42	2026-07-29	subscriptions	advisor_resource_retirement	advisor_joined	/subscriptions/f9f0ed60-4b4b-49a6-97cb-8c8a0f9e2435/resourcegroups/cstar-u-itn-core-aks-rg/providers/microsoft.containerservice/managedclusters/cstar-u-itn-uat-aks/providers/Microsoft.Advisor/recommendations/69d63834ea5e4f1e6d86beb28cc9dfe3506a1ee31e6bd573f5c24b5fe451a68c	/subscriptions/f9f0ed60-4b4b-49a6-97cb-8c8a0f9e2435/resourcegroups/cstar-u-itn-core-aks-rg/providers/microsoft.containerservice/managedclusters/cstar-u-itn-uat-aks/providers/Microsoft.Advisor/recommendations/69d63834ea5e4f1e6d86beb28cc9dfe3506a1ee31e6bd573f5c24b5fe451a68c	00dbcc9d-50d4-44ef-bc21-c15785cddf42	2027-06-30	exact	f9f0ed60-4b4b-49a6-97cb-8c8a0f9e2435	UAT-CSTAR	/subscriptions/f9f0ed60-4b4b-49a6-97cb-8c8a0f9e2435/resourcegroups/cstar-u-itn-core-aks-rg/providers/microsoft.containerservice/managedclusters/cstar-u-itn-uat-aks	cstar-u-itn-uat-aks	cstar-u-itn-core-aks-rg	microsoft.containerservice/managedclusters	italynorth	"{""CostCenter"":""TS310 - PAGAMENTI & SERVIZI"",""CreatedBy"":""Terraform"",""Environment"":""Uat"",""Folder"":""31_aks_italy"",""Owner"":""CSTAR"",""Source"":""https://github.com/pagopa/cstar-securehub-infra/tree/main/src/31_aks_italy"",""domain"":""core"",""grafana"":""yes""}"			Medium		HighAvailability		New	2026-05-07T14:51:41Z			Migrate to Ubuntu 24.04 or later versions		https://azure.microsoft.com/updates/?id=557928			short	metadata_and_resource		"{""metadata_joined"":true,""recommendation_source"":""advisor_recommendations"",""resource_graph_joined"":true,""resource_graph_key"":[""00dbcc9d-50d4-44ef-bc21-c15785cddf42"",""/subscriptions/f9f0ed60-4b4b-49a6-97cb-8c8a0f9e2435/resourcegroups/cstar-u-itn-core-aks-rg/providers/microsoft.containerservice/managedclusters/cstar-u-itn-uat-aks""]}"	
Kubernetes service	Azure Kubernetes Service support for Ubuntu 22.04	Migrate to Ubuntu 24.04 or later versions	00dbcc9d-50d4-44ef-bc21-c15785cddf42	2026-07-29	subscriptions	advisor_resource_retirement	advisor_joined	/subscriptions/f9f0ed60-4b4b-49a6-97cb-8c8a0f9e2435/resourcegroups/cstar-u-weu-uat01-aks-rg/providers/microsoft.containerservice/managedclusters/cstar-u-weu-uat01-aks/providers/Microsoft.Advisor/recommendations/f31c460b6a6264eda255c52dad96ee8693103cc11b1a7a0d87e1047e4e890743	/subscriptions/f9f0ed60-4b4b-49a6-97cb-8c8a0f9e2435/resourcegroups/cstar-u-weu-uat01-aks-rg/providers/microsoft.containerservice/managedclusters/cstar-u-weu-uat01-aks/providers/Microsoft.Advisor/recommendations/f31c460b6a6264eda255c52dad96ee8693103cc11b1a7a0d87e1047e4e890743	00dbcc9d-50d4-44ef-bc21-c15785cddf42	2027-06-30	exact	f9f0ed60-4b4b-49a6-97cb-8c8a0f9e2435	UAT-CSTAR	/subscriptions/f9f0ed60-4b4b-49a6-97cb-8c8a0f9e2435/resourcegroups/cstar-u-weu-uat01-aks-rg/providers/microsoft.containerservice/managedclusters/cstar-u-weu-uat01-aks	cstar-u-weu-uat01-aks	cstar-u-weu-uat01-aks-rg						Medium		HighAvailability		New	2026-05-07T15:05:07Z			Migrate to Ubuntu 24.04 or later versions		https://azure.microsoft.com/updates/?id=557928			short	metadata_and_resource		"{""metadata_joined"":true,""recommendation_source"":""advisor_recommendations"",""resource_graph_joined"":true,""resource_graph_key"":[""00dbcc9d-50d4-44ef-bc21-c15785cddf42"",""/subscriptions/f9f0ed60-4b4b-49a6-97cb-8c8a0f9e2435/resourcegroups/cstar-u-weu-uat01-aks-rg/providers/microsoft.containerservice/managedclusters/cstar-u-weu-uat01-aks""]}"	
Key vault	API versions prior to 2026-02-01	Azure Key Vault API versions prior to 2026-02-01 are being retired	7ff06874-39e9-41be-9552-fa1ae2a83c88	2026-07-29	subscriptions	advisor_resource_retirement	advisor_joined	/subscriptions/f9f0ed60-4b4b-49a6-97cb-8c8a0f9e2435/resourcegroups/cstar-u-itn-shared-security-rg/providers/microsoft.keyvault/vaults/cstar-u-itn-shared-kv/providers/Microsoft.Advisor/recommendations/108c24ea69dd9d14fd42932fb2237df9234347effb82bad0ad74d19035e2fc23	/subscriptions/f9f0ed60-4b4b-49a6-97cb-8c8a0f9e2435/resourcegroups/cstar-u-itn-shared-security-rg/providers/microsoft.keyvault/vaults/cstar-u-itn-shared-kv/providers/Microsoft.Advisor/recommendations/108c24ea69dd9d14fd42932fb2237df9234347effb82bad0ad74d19035e2fc23	7ff06874-39e9-41be-9552-fa1ae2a83c88	2027-02-27	exact	f9f0ed60-4b4b-49a6-97cb-8c8a0f9e2435	UAT-CSTAR	/subscriptions/f9f0ed60-4b4b-49a6-97cb-8c8a0f9e2435/resourcegroups/cstar-u-itn-shared-security-rg/providers/microsoft.keyvault/vaults/cstar-u-itn-shared-kv	cstar-u-itn-shared-kv	cstar-u-itn-shared-security-rg	microsoft.keyvault/vaults	italynorth	"{""CostCenter"":""TS310 - PAGAMENTI & SERVIZI"",""CreatedBy"":""Terraform"",""Environment"":""Uat"",""Folder"":""70_domains/shared_security"",""Owner"":""CSTAR"",""Source"":""https://github.com/pagopa/cstar-securehub-infra/tree/main/src/70_domains/shared_security"",""domain"":""shared""}"			High		HighAvailability		New	2026-07-28T21:57:05Z			Azure Key Vault API versions prior to 2026-02-01 are being retired		https://learn.microsoft.com/azure/key-vault/general/access-control-default?tabs=azure-cli			short	metadata_and_resource		"{""metadata_joined"":true,""recommendation_source"":""advisor_recommendations"",""resource_graph_joined"":true,""resource_graph_key"":[""7ff06874-39e9-41be-9552-fa1ae2a83c88"",""/subscriptions/f9f0ed60-4b4b-49a6-97cb-8c8a0f9e2435/resourcegroups/cstar-u-itn-shared-security-rg/providers/microsoft.keyvault/vaults/cstar-u-itn-shared-kv""]}"	
Kubernetes service	Legacy authentication for Container Insights - Azure Monitor	Migrate to Container insights managed identity authentication	b005ecf0-23e2-4279-9ca2-718d1518c9fb	2026-07-29	subscriptions	advisor_resource_retirement	advisor_joined	/subscriptions/f9f0ed60-4b4b-49a6-97cb-8c8a0f9e2435/resourcegroups/cstar-u-weu-uat01-aks-rg/providers/microsoft.containerservice/managedclusters/cstar-u-weu-uat01-aks/providers/Microsoft.Advisor/recommendations/e516677915614cfd6b66d3c106e36ecf41aa988e1270dff565cb828fe0ecb8f5	/subscriptions/f9f0ed60-4b4b-49a6-97cb-8c8a0f9e2435/resourcegroups/cstar-u-weu-uat01-aks-rg/providers/microsoft.containerservice/managedclusters/cstar-u-weu-uat01-aks/providers/Microsoft.Advisor/recommendations/e516677915614cfd6b66d3c106e36ecf41aa988e1270dff565cb828fe0ecb8f5	b005ecf0-23e2-4279-9ca2-718d1518c9fb	2026-09-30	exact	f9f0ed60-4b4b-49a6-97cb-8c8a0f9e2435	UAT-CSTAR	/subscriptions/f9f0ed60-4b4b-49a6-97cb-8c8a0f9e2435/resourcegroups/cstar-u-weu-uat01-aks-rg/providers/microsoft.containerservice/managedclusters/cstar-u-weu-uat01-aks	cstar-u-weu-uat01-aks	cstar-u-weu-uat01-aks-rg						Medium		HighAvailability		New	2026-07-17T18:57:54Z			Migrate to Container insights managed identity authentication		https://azure.microsoft.com/updates/?id=500853			short	metadata_and_resource		"{""metadata_joined"":true,""recommendation_source"":""advisor_recommendations"",""resource_graph_joined"":true,""resource_graph_key"":[""b005ecf0-23e2-4279-9ca2-718d1518c9fb"",""/subscriptions/f9f0ed60-4b4b-49a6-97cb-8c8a0f9e2435/resourcegroups/cstar-u-weu-uat01-aks-rg/providers/microsoft.containerservice/managedclusters/cstar-u-weu-uat01-aks""]}"	
Kubernetes service	Legacy authentication for Container Insights - Azure Monitor	Migrate to Container insights managed identity authentication	b005ecf0-23e2-4279-9ca2-718d1518c9fb	2026-07-29	subscriptions	advisor_resource_retirement	advisor_joined	/subscriptions/f9f0ed60-4b4b-49a6-97cb-8c8a0f9e2435/resourcegroups/cstar-u-itn-core-aks-rg/providers/microsoft.containerservice/managedclusters/cstar-u-itn-uat-aks/providers/Microsoft.Advisor/recommendations/623c3908841e508d39d0bfe1e709c394158c3f2982140515503503749eab3fa5	/subscriptions/f9f0ed60-4b4b-49a6-97cb-8c8a0f9e2435/resourcegroups/cstar-u-itn-core-aks-rg/providers/microsoft.containerservice/managedclusters/cstar-u-itn-uat-aks/providers/Microsoft.Advisor/recommendations/623c3908841e508d39d0bfe1e709c394158c3f2982140515503503749eab3fa5	b005ecf0-23e2-4279-9ca2-718d1518c9fb	2026-09-30	exact	f9f0ed60-4b4b-49a6-97cb-8c8a0f9e2435	UAT-CSTAR	/subscriptions/f9f0ed60-4b4b-49a6-97cb-8c8a0f9e2435/resourcegroups/cstar-u-itn-core-aks-rg/providers/microsoft.containerservice/managedclusters/cstar-u-itn-uat-aks	cstar-u-itn-uat-aks	cstar-u-itn-core-aks-rg	microsoft.containerservice/managedclusters	italynorth	"{""CostCenter"":""TS310 - PAGAMENTI & SERVIZI"",""CreatedBy"":""Terraform"",""Environment"":""Uat"",""Folder"":""31_aks_italy"",""Owner"":""CSTAR"",""Source"":""https://github.com/pagopa/cstar-securehub-infra/tree/main/src/31_aks_italy"",""domain"":""core"",""grafana"":""yes""}"			Medium		HighAvailability		New	2026-04-16T16:00:25Z			Migrate to Container insights managed identity authentication		https://azure.microsoft.com/updates/?id=500853			short	metadata_and_resource		"{""metadata_joined"":true,""recommendation_source"":""advisor_recommendations"",""resource_graph_joined"":true,""resource_graph_key"":[""b005ecf0-23e2-4279-9ca2-718d1518c9fb"",""/subscriptions/f9f0ed60-4b4b-49a6-97cb-8c8a0f9e2435/resourcegroups/cstar-u-itn-core-aks-rg/providers/microsoft.containerservice/managedclusters/cstar-u-itn-uat-aks""]}"	
