schema_version	run_id	as_of_date	scope_mode	record_type	source_system	advisor_recommendation_id	recommendation_type_id	recommendation_status	subscription_id	subscription_name	resource_linkage_source	published_resource_id	normalized_resource_id	resource_name	resource_group	resource_type	location	tags_json	advisor_metadata_id	service_name	retiring_feature	retirement_date_raw	retirement_date	retirement_date_source	retirement_date_quality	impact	risk	category	sub_category	last_updated	label	short_description_problem	short_description_solution	description	potential_benefits	learn_more_link	actions_json	metadata_match_status	resource_inventory_match_status	subscription_inventory_match_status	diagnostic_flags	provenance_json	raw_record_ref
1	72a34e2b-f26c-4bd9-b778-6118966cf94b	2026-07-31	resolved	advisor_retirement_recommendation	azure_advisor	/subscriptions/00288c16-f581-4bb4-9c52-6954dce102f4/resourcegroups/p4pa-d-itn-dev-aks-rg/providers/microsoft.containerservice/managedclusters/p4pa-d-itn-dev-aks/providers/Microsoft.Advisor/recommendations/0e2dbd88a6b2c069535a0853466bad2cc7eb26b1e62cc4d648d8588d4408141b	b005ecf0-23e2-4279-9ca2-718d1518c9fb	New	00288c16-f581-4bb4-9c52-6954dce102f4		resource_id	/subscriptions/00288c16-f581-4bb4-9c52-6954dce102f4/resourcegroups/p4pa-d-itn-dev-aks-rg/providers/microsoft.containerservice/managedclusters/p4pa-d-itn-dev-aks	/subscriptions/00288c16-f581-4bb4-9c52-6954dce102f4/resourcegroups/p4pa-d-itn-dev-aks-rg/providers/microsoft.containerservice/managedclusters/p4pa-d-itn-dev-aks	p4pa-d-itn-dev-aks	p4pa-d-itn-dev-aks-rg	microsoft.containerservice/managedclusters		{}			Legacy authentication for Container Insights - Azure Monitor	2026-09-30	2026-09-30	properties.extendedProperties.retirementDate	exact	Medium		HighAvailability		2026-04-16T16:00:26.644090Z		Migrate to Container insights managed identity authentication	Migrate to Container insights managed identity authentication				[]	missing	missing	missing	metadata_not_found,resource_inventory_not_found,subscription_inventory_not_found	"{""acquisition"":""advisor.recommendations"",""api_version"":""2025-01-01"",""fields"":{""description"":"""",""resource_id"":""properties.resourceMetadata.resourceId""},""lookup_keys"":{""metadata"":""b005ecf0-23e2-4279-9ca2-718d1518c9fb\u0000/subscriptions/00288c16-f581-4bb4-9c52-6954dce102f4/resourcegroups/p4pa-d-itn-dev-aks-rg/providers/microsoft.containerservice/managedclusters/p4pa-d-itn-dev-aks"",""resource"":""/subscriptions/00288c16-f581-4bb4-9c52-6954dce102f4/resourcegroups/p4pa-d-itn-dev-aks-rg/providers/microsoft.containerservice/managedclusters/p4pa-d-itn-dev-aks"",""subscription"":""00288c16-f581-4bb4-9c52-6954dce102f4""},""match_status"":{""metadata"":""missing"",""resource"":""missing"",""subscription"":""missing""},""recommendation_id"":""/subscriptions/00288c16-f581-4bb4-9c52-6954dce102f4/resourcegroups/p4pa-d-itn-dev-aks-rg/providers/microsoft.containerservice/managedclusters/p4pa-d-itn-dev-aks/providers/Microsoft.Advisor/recommendations/0e2dbd88a6b2c069535a0853466bad2cc7eb26b1e62cc4d648d8588d4408141b"",""resource_linkage"":""resource_id""}"	ed97cf60c1e5bb359422629ff918ecf875c2aec3a84803204b981fdee809361b
1	72a34e2b-f26c-4bd9-b778-6118966cf94b	2026-07-31	resolved	advisor_retirement_recommendation	azure_advisor	/subscriptions/00288c16-f581-4bb4-9c52-6954dce102f4/resourcegroups/p4pa-d-itn-dev-aks-rg/providers/microsoft.containerservice/managedclusters/p4pa-d-itn-dev-aks/providers/Microsoft.Advisor/recommendations/c3f064b831ccf765b28c1361192ae556a0684be0e24812dd5cb936f90d175b2d	00dbcc9d-50d4-44ef-bc21-c15785cddf42	New	00288c16-f581-4bb4-9c52-6954dce102f4		resource_id	/subscriptions/00288c16-f581-4bb4-9c52-6954dce102f4/resourcegroups/p4pa-d-itn-dev-aks-rg/providers/microsoft.containerservice/managedclusters/p4pa-d-itn-dev-aks	/subscriptions/00288c16-f581-4bb4-9c52-6954dce102f4/resourcegroups/p4pa-d-itn-dev-aks-rg/providers/microsoft.containerservice/managedclusters/p4pa-d-itn-dev-aks	p4pa-d-itn-dev-aks	p4pa-d-itn-dev-aks-rg	microsoft.containerservice/managedclusters		{}			Azure Kubernetes Service support for Ubuntu 22.04	2027-06-30	2027-06-30	properties.extendedProperties.retirementDate	exact	Medium		HighAvailability		2026-05-07T15:05:08.507238Z		Migrate to Ubuntu 24.04 or later versions	Migrate to Ubuntu 24.04 or later versions				[]	missing	missing	missing	metadata_not_found,resource_inventory_not_found,subscription_inventory_not_found	"{""acquisition"":""advisor.recommendations"",""api_version"":""2025-01-01"",""fields"":{""description"":"""",""resource_id"":""properties.resourceMetadata.resourceId""},""lookup_keys"":{""metadata"":""00dbcc9d-50d4-44ef-bc21-c15785cddf42\u0000/subscriptions/00288c16-f581-4bb4-9c52-6954dce102f4/resourcegroups/p4pa-d-itn-dev-aks-rg/providers/microsoft.containerservice/managedclusters/p4pa-d-itn-dev-aks"",""resource"":""/subscriptions/00288c16-f581-4bb4-9c52-6954dce102f4/resourcegroups/p4pa-d-itn-dev-aks-rg/providers/microsoft.containerservice/managedclusters/p4pa-d-itn-dev-aks"",""subscription"":""00288c16-f581-4bb4-9c52-6954dce102f4""},""match_status"":{""metadata"":""missing"",""resource"":""missing"",""subscription"":""missing""},""recommendation_id"":""/subscriptions/00288c16-f581-4bb4-9c52-6954dce102f4/resourcegroups/p4pa-d-itn-dev-aks-rg/providers/microsoft.containerservice/managedclusters/p4pa-d-itn-dev-aks/providers/Microsoft.Advisor/recommendations/c3f064b831ccf765b28c1361192ae556a0684be0e24812dd5cb936f90d175b2d"",""resource_linkage"":""resource_id""}"	f0c584480dcf67ce9675fbc2b04d0485116d0515ed6f1c7b2f781b994b3a7460
1	72a34e2b-f26c-4bd9-b778-6118966cf94b	2026-07-31	resolved	advisor_retirement_recommendation	azure_advisor	/subscriptions/00288c16-f581-4bb4-9c52-6954dce102f4/resourcegroups/p4pa-d-itn-payhub-sec-rg/providers/microsoft.keyvault/vaults/p4pa-d-payhub-kv/providers/Microsoft.Advisor/recommendations/76c903f8c1d9f6e1b5457ddadc46a095e783da86424b46c0a45504cea0b6f8f5	7ff06874-39e9-41be-9552-fa1ae2a83c88	New	00288c16-f581-4bb4-9c52-6954dce102f4		resource_id	/subscriptions/00288c16-f581-4bb4-9c52-6954dce102f4/resourcegroups/p4pa-d-itn-payhub-sec-rg/providers/microsoft.keyvault/vaults/p4pa-d-payhub-kv	/subscriptions/00288c16-f581-4bb4-9c52-6954dce102f4/resourcegroups/p4pa-d-itn-payhub-sec-rg/providers/microsoft.keyvault/vaults/p4pa-d-payhub-kv	p4pa-d-payhub-kv	p4pa-d-itn-payhub-sec-rg	microsoft.keyvault/vaults		{}			API versions prior to 2026-02-01	2027-02-27	2027-02-27	properties.extendedProperties.retirementDate	exact	High		HighAvailability		2026-07-30T20:09:05.148973Z		Azure Key Vault API versions prior to 2026-02-01 are being retired	Azure Key Vault API versions prior to 2026-02-01 are being retired				[]	missing	missing	missing	metadata_not_found,resource_inventory_not_found,subscription_inventory_not_found	"{""acquisition"":""advisor.recommendations"",""api_version"":""2025-01-01"",""fields"":{""description"":"""",""resource_id"":""properties.resourceMetadata.resourceId""},""lookup_keys"":{""metadata"":""7ff06874-39e9-41be-9552-fa1ae2a83c88\u0000/subscriptions/00288c16-f581-4bb4-9c52-6954dce102f4/resourcegroups/p4pa-d-itn-payhub-sec-rg/providers/microsoft.keyvault/vaults/p4pa-d-payhub-kv"",""resource"":""/subscriptions/00288c16-f581-4bb4-9c52-6954dce102f4/resourcegroups/p4pa-d-itn-payhub-sec-rg/providers/microsoft.keyvault/vaults/p4pa-d-payhub-kv"",""subscription"":""00288c16-f581-4bb4-9c52-6954dce102f4""},""match_status"":{""metadata"":""missing"",""resource"":""missing"",""subscription"":""missing""},""recommendation_id"":""/subscriptions/00288c16-f581-4bb4-9c52-6954dce102f4/resourcegroups/p4pa-d-itn-payhub-sec-rg/providers/microsoft.keyvault/vaults/p4pa-d-payhub-kv/providers/Microsoft.Advisor/recommendations/76c903f8c1d9f6e1b5457ddadc46a095e783da86424b46c0a45504cea0b6f8f5"",""resource_linkage"":""resource_id""}"	e11ba0b9cf612a9671fa2c2a70da99633cb00df64e3468c60c9fdc1e85055f7d
1	72a34e2b-f26c-4bd9-b778-6118966cf94b	2026-07-31	resolved	advisor_retirement_recommendation	azure_advisor	/subscriptions/02a23258-2e41-433c-8e9a-465b99e77bca/resourcegroups/dx-p-itn-common-rg-01/providers/microsoft.keyvault/vaults/dx-p-itn-common-kv-01/providers/Microsoft.Advisor/recommendations/af6035ddf1af5c59fff9a768c7690564ab9afe2eb85ecb297173dd173b35300e	7ff06874-39e9-41be-9552-fa1ae2a83c88	New	02a23258-2e41-433c-8e9a-465b99e77bca		resource_id	/subscriptions/02a23258-2e41-433c-8e9a-465b99e77bca/resourcegroups/dx-p-itn-common-rg-01/providers/microsoft.keyvault/vaults/dx-p-itn-common-kv-01	/subscriptions/02a23258-2e41-433c-8e9a-465b99e77bca/resourcegroups/dx-p-itn-common-rg-01/providers/microsoft.keyvault/vaults/dx-p-itn-common-kv-01	dx-p-itn-common-kv-01	dx-p-itn-common-rg-01	microsoft.keyvault/vaults		{}			API versions prior to 2026-02-01	2027-02-27	2027-02-27	properties.extendedProperties.retirementDate	exact	High		HighAvailability		2026-07-24T18:35:54.655514Z		Azure Key Vault API versions prior to 2026-02-01 are being retired	Azure Key Vault API versions prior to 2026-02-01 are being retired				[]	missing	missing	missing	metadata_not_found,resource_inventory_not_found,subscription_inventory_not_found	"{""acquisition"":""advisor.recommendations"",""api_version"":""2025-01-01"",""fields"":{""description"":"""",""resource_id"":""properties.resourceMetadata.resourceId""},""lookup_keys"":{""metadata"":""7ff06874-39e9-41be-9552-fa1ae2a83c88\u0000/subscriptions/02a23258-2e41-433c-8e9a-465b99e77bca/resourcegroups/dx-p-itn-common-rg-01/providers/microsoft.keyvault/vaults/dx-p-itn-common-kv-01"",""resource"":""/subscriptions/02a23258-2e41-433c-8e9a-465b99e77bca/resourcegroups/dx-p-itn-common-rg-01/providers/microsoft.keyvault/vaults/dx-p-itn-common-kv-01"",""subscription"":""02a23258-2e41-433c-8e9a-465b99e77bca""},""match_status"":{""metadata"":""missing"",""resource"":""missing"",""subscription"":""missing""},""recommendation_id"":""/subscriptions/02a23258-2e41-433c-8e9a-465b99e77bca/resourcegroups/dx-p-itn-common-rg-01/providers/microsoft.keyvault/vaults/dx-p-itn-common-kv-01/providers/Microsoft.Advisor/recommendations/af6035ddf1af5c59fff9a768c7690564ab9afe2eb85ecb297173dd173b35300e"",""resource_linkage"":""resource_id""}"	acbb6842f0bb1ff90f8cd31a8e73c506864272fd281a3144d501fd587adf4059
1	72a34e2b-f26c-4bd9-b778-6118966cf94b	2026-07-31	resolved	advisor_retirement_recommendation	azure_advisor	/subscriptions/02a23258-2e41-433c-8e9a-465b99e77bca/resourcegroups/dx-p-itn-tfstate-rg-01/providers/microsoft.storage/storageaccounts/dxpitntfstatest01/providers/Microsoft.Advisor/recommendations/d1d7ce4e075e93668f1faa1c20a36b1aea0deea872b432e59a0c0310cd36c596	ced5fa9f-b5bf-4982-9f25-8190fb36dfca	New	02a23258-2e41-433c-8e9a-465b99e77bca		resource_id	/subscriptions/02a23258-2e41-433c-8e9a-465b99e77bca/resourcegroups/dx-p-itn-tfstate-rg-01/providers/microsoft.storage/storageaccounts/dxpitntfstatest01	/subscriptions/02a23258-2e41-433c-8e9a-465b99e77bca/resourcegroups/dx-p-itn-tfstate-rg-01/providers/microsoft.storage/storageaccounts/dxpitntfstatest01	dxpitntfstatest01	dx-p-itn-tfstate-rg-01	microsoft.storage/storageaccounts		{}			Support for TLS 1.0 and 1.1	2026-02-03	2026-02-03	properties.extendedProperties.retirementDate	exact	High		HighAvailability		2026-04-18T13:10:05.294451Z		Support for TLS 1.0 and TLS 1.1 in Azure storage accounts is ending	Support for TLS 1.0 and TLS 1.1 in Azure storage accounts is ending				[]	missing	missing	missing	metadata_not_found,resource_inventory_not_found,subscription_inventory_not_found	"{""acquisition"":""advisor.recommendations"",""api_version"":""2025-01-01"",""fields"":{""description"":"""",""resource_id"":""properties.resourceMetadata.resourceId""},""lookup_keys"":{""metadata"":""ced5fa9f-b5bf-4982-9f25-8190fb36dfca\u0000/subscriptions/02a23258-2e41-433c-8e9a-465b99e77bca/resourcegroups/dx-p-itn-tfstate-rg-01/providers/microsoft.storage/storageaccounts/dxpitntfstatest01"",""resource"":""/subscriptions/02a23258-2e41-433c-8e9a-465b99e77bca/resourcegroups/dx-p-itn-tfstate-rg-01/providers/microsoft.storage/storageaccounts/dxpitntfstatest01"",""subscription"":""02a23258-2e41-433c-8e9a-465b99e77bca""},""match_status"":{""metadata"":""missing"",""resource"":""missing"",""subscription"":""missing""},""recommendation_id"":""/subscriptions/02a23258-2e41-433c-8e9a-465b99e77bca/resourcegroups/dx-p-itn-tfstate-rg-01/providers/microsoft.storage/storageaccounts/dxpitntfstatest01/providers/Microsoft.Advisor/recommendations/d1d7ce4e075e93668f1faa1c20a36b1aea0deea872b432e59a0c0310cd36c596"",""resource_linkage"":""resource_id""}"	001b60f3e1bae182b6958333ce42a8c0e11237065fc3dd80bd99b50e4c311d13
1	72a34e2b-f26c-4bd9-b778-6118966cf94b	2026-07-31	resolved	advisor_retirement_recommendation	azure_advisor	/subscriptions/0f1c9857-d58b-47d2-874e-c905c5276dda/resourcegroups/ced-p-itn-common-rg-01/providers/microsoft.keyvault/vaults/ced-p-itn-common-kv-01/providers/Microsoft.Advisor/recommendations/41bc19500caeae3d79483df1f79772c7f4d53bdea7ce48c738fb2ce147d782fe	7ff06874-39e9-41be-9552-fa1ae2a83c88	New	0f1c9857-d58b-47d2-874e-c905c5276dda		resource_id	/subscriptions/0f1c9857-d58b-47d2-874e-c905c5276dda/resourcegroups/ced-p-itn-common-rg-01/providers/microsoft.keyvault/vaults/ced-p-itn-common-kv-01	/subscriptions/0f1c9857-d58b-47d2-874e-c905c5276dda/resourcegroups/ced-p-itn-common-rg-01/providers/microsoft.keyvault/vaults/ced-p-itn-common-kv-01	ced-p-itn-common-kv-01	ced-p-itn-common-rg-01	microsoft.keyvault/vaults		{}			API versions prior to 2026-02-01	2027-02-27	2027-02-27	properties.extendedProperties.retirementDate	exact	High		HighAvailability		2026-07-30T20:09:28.283634Z		Azure Key Vault API versions prior to 2026-02-01 are being retired	Azure Key Vault API versions prior to 2026-02-01 are being retired				[]	missing	missing	missing	metadata_not_found,resource_inventory_not_found,subscription_inventory_not_found	"{""acquisition"":""advisor.recommendations"",""api_version"":""2025-01-01"",""fields"":{""description"":"""",""resource_id"":""properties.resourceMetadata.resourceId""},""lookup_keys"":{""metadata"":""7ff06874-39e9-41be-9552-fa1ae2a83c88\u0000/subscriptions/0f1c9857-d58b-47d2-874e-c905c5276dda/resourcegroups/ced-p-itn-common-rg-01/providers/microsoft.keyvault/vaults/ced-p-itn-common-kv-01"",""resource"":""/subscriptions/0f1c9857-d58b-47d2-874e-c905c5276dda/resourcegroups/ced-p-itn-common-rg-01/providers/microsoft.keyvault/vaults/ced-p-itn-common-kv-01"",""subscription"":""0f1c9857-d58b-47d2-874e-c905c5276dda""},""match_status"":{""metadata"":""missing"",""resource"":""missing"",""subscription"":""missing""},""recommendation_id"":""/subscriptions/0f1c9857-d58b-47d2-874e-c905c5276dda/resourcegroups/ced-p-itn-common-rg-01/providers/microsoft.keyvault/vaults/ced-p-itn-common-kv-01/providers/Microsoft.Advisor/recommendations/41bc19500caeae3d79483df1f79772c7f4d53bdea7ce48c738fb2ce147d782fe"",""resource_linkage"":""resource_id""}"	51bcfdc9ccd35bf84e997fab55dcc43efbc849b408b9cf6b7b3da31b4e4fa5e8
1	72a34e2b-f26c-4bd9-b778-6118966cf94b	2026-07-31	resolved	advisor_retirement_recommendation	azure_advisor	/subscriptions/0f1c9857-d58b-47d2-874e-c905c5276dda/resourcegroups/ced-p-itn-tfstate-rg-01/providers/microsoft.storage/storageaccounts/cedpitntfstatest01/providers/Microsoft.Advisor/recommendations/9cf1214a51f677f6f837c2a5270838e420a909e5dc6708fface4b08d7937b543	ced5fa9f-b5bf-4982-9f25-8190fb36dfca	New	0f1c9857-d58b-47d2-874e-c905c5276dda		resource_id	/subscriptions/0f1c9857-d58b-47d2-874e-c905c5276dda/resourcegroups/ced-p-itn-tfstate-rg-01/providers/microsoft.storage/storageaccounts/cedpitntfstatest01	/subscriptions/0f1c9857-d58b-47d2-874e-c905c5276dda/resourcegroups/ced-p-itn-tfstate-rg-01/providers/microsoft.storage/storageaccounts/cedpitntfstatest01	cedpitntfstatest01	ced-p-itn-tfstate-rg-01	microsoft.storage/storageaccounts		{}			Support for TLS 1.0 and 1.1	2026-02-03	2026-02-03	properties.extendedProperties.retirementDate	exact	High		HighAvailability		2026-04-20T12:04:35.595254Z		Support for TLS 1.0 and TLS 1.1 in Azure storage accounts is ending	Support for TLS 1.0 and TLS 1.1 in Azure storage accounts is ending				[]	missing	missing	missing	metadata_not_found,resource_inventory_not_found,subscription_inventory_not_found	"{""acquisition"":""advisor.recommendations"",""api_version"":""2025-01-01"",""fields"":{""description"":"""",""resource_id"":""properties.resourceMetadata.resourceId""},""lookup_keys"":{""metadata"":""ced5fa9f-b5bf-4982-9f25-8190fb36dfca\u0000/subscriptions/0f1c9857-d58b-47d2-874e-c905c5276dda/resourcegroups/ced-p-itn-tfstate-rg-01/providers/microsoft.storage/storageaccounts/cedpitntfstatest01"",""resource"":""/subscriptions/0f1c9857-d58b-47d2-874e-c905c5276dda/resourcegroups/ced-p-itn-tfstate-rg-01/providers/microsoft.storage/storageaccounts/cedpitntfstatest01"",""subscription"":""0f1c9857-d58b-47d2-874e-c905c5276dda""},""match_status"":{""metadata"":""missing"",""resource"":""missing"",""subscription"":""missing""},""recommendation_id"":""/subscriptions/0f1c9857-d58b-47d2-874e-c905c5276dda/resourcegroups/ced-p-itn-tfstate-rg-01/providers/microsoft.storage/storageaccounts/cedpitntfstatest01/providers/Microsoft.Advisor/recommendations/9cf1214a51f677f6f837c2a5270838e420a909e5dc6708fface4b08d7937b543"",""resource_linkage"":""resource_id""}"	ad04a6add2d4b23a0eea911bca3f8909101c38a5c6d273b11be439c1398fbc51
1	72a34e2b-f26c-4bd9-b778-6118966cf94b	2026-07-31	resolved	advisor_retirement_recommendation	azure_advisor	/subscriptions/1ab5e788-3b98-4c63-bd05-de0c7388c853/resourcegroups/azuredurablefunctionstyp/providers/microsoft.storage/storageaccounts/azuredurablefunctionstyp/providers/Microsoft.Advisor/recommendations/109249e0bde0538540e2d45671e8722b9a3b1a162271974f18a93d35765670d9	1d70919c-1a4a-4f79-8300-bb576c291e9d	New	1ab5e788-3b98-4c63-bd05-de0c7388c853		resource_id	/subscriptions/1ab5e788-3b98-4c63-bd05-de0c7388c853/resourcegroups/azuredurablefunctionstyp/providers/microsoft.storage/storageaccounts/azuredurablefunctionstyp	/subscriptions/1ab5e788-3b98-4c63-bd05-de0c7388c853/resourcegroups/azuredurablefunctionstyp/providers/microsoft.storage/storageaccounts/azuredurablefunctionstyp	azuredurablefunctionstyp	azuredurablefunctionstyp	microsoft.storage/storageaccounts		{}			Legacy Blob and General-Purpose v1 storage accounts	2026-10-13	2026-10-13	properties.extendedProperties.retirementDate	exact	Medium		HighAvailability		2026-05-13T05:34:57.381190Z		Upgrade general-purpose v1 storage accounts	Upgrade general-purpose v1 storage accounts				[]	missing	missing	missing	metadata_not_found,resource_inventory_not_found,subscription_inventory_not_found	"{""acquisition"":""advisor.recommendations"",""api_version"":""2025-01-01"",""fields"":{""description"":"""",""resource_id"":""properties.resourceMetadata.resourceId""},""lookup_keys"":{""metadata"":""1d70919c-1a4a-4f79-8300-bb576c291e9d\u0000/subscriptions/1ab5e788-3b98-4c63-bd05-de0c7388c853/resourcegroups/azuredurablefunctionstyp/providers/microsoft.storage/storageaccounts/azuredurablefunctionstyp"",""resource"":""/subscriptions/1ab5e788-3b98-4c63-bd05-de0c7388c853/resourcegroups/azuredurablefunctionstyp/providers/microsoft.storage/storageaccounts/azuredurablefunctionstyp"",""subscription"":""1ab5e788-3b98-4c63-bd05-de0c7388c853""},""match_status"":{""metadata"":""missing"",""resource"":""missing"",""subscription"":""missing""},""recommendation_id"":""/subscriptions/1ab5e788-3b98-4c63-bd05-de0c7388c853/resourcegroups/azuredurablefunctionstyp/providers/microsoft.storage/storageaccounts/azuredurablefunctionstyp/providers/Microsoft.Advisor/recommendations/109249e0bde0538540e2d45671e8722b9a3b1a162271974f18a93d35765670d9"",""resource_linkage"":""resource_id""}"	c53ce50de7002b3395c0beea3600f662ac7eee9bf8093b91b432edf297badd3f
1	72a34e2b-f26c-4bd9-b778-6118966cf94b	2026-07-31	resolved	advisor_retirement_recommendation	azure_advisor	/subscriptions/1ab5e788-3b98-4c63-bd05-de0c7388c853/resourcegroups/azuredurablefunctionstyp/providers/microsoft.storage/storageaccounts/azuredurablefunctionstyp/providers/Microsoft.Advisor/recommendations/ccd28e1c50460cab8ce3769433782c04a86b47dabf4764726f889ad5bea34a68	ced5fa9f-b5bf-4982-9f25-8190fb36dfca	New	1ab5e788-3b98-4c63-bd05-de0c7388c853		resource_id	/subscriptions/1ab5e788-3b98-4c63-bd05-de0c7388c853/resourcegroups/azuredurablefunctionstyp/providers/microsoft.storage/storageaccounts/azuredurablefunctionstyp	/subscriptions/1ab5e788-3b98-4c63-bd05-de0c7388c853/resourcegroups/azuredurablefunctionstyp/providers/microsoft.storage/storageaccounts/azuredurablefunctionstyp	azuredurablefunctionstyp	azuredurablefunctionstyp	microsoft.storage/storageaccounts		{}			Support for TLS 1.0 and 1.1	2026-02-03	2026-02-03	properties.extendedProperties.retirementDate	exact	High		HighAvailability		2026-04-18T13:10:18.057415Z		Support for TLS 1.0 and TLS 1.1 in Azure storage accounts is ending	Support for TLS 1.0 and TLS 1.1 in Azure storage accounts is ending				[]	missing	missing	missing	metadata_not_found,resource_inventory_not_found,subscription_inventory_not_found	"{""acquisition"":""advisor.recommendations"",""api_version"":""2025-01-01"",""fields"":{""description"":"""",""resource_id"":""properties.resourceMetadata.resourceId""},""lookup_keys"":{""metadata"":""ced5fa9f-b5bf-4982-9f25-8190fb36dfca\u0000/subscriptions/1ab5e788-3b98-4c63-bd05-de0c7388c853/resourcegroups/azuredurablefunctionstyp/providers/microsoft.storage/storageaccounts/azuredurablefunctionstyp"",""resource"":""/subscriptions/1ab5e788-3b98-4c63-bd05-de0c7388c853/resourcegroups/azuredurablefunctionstyp/providers/microsoft.storage/storageaccounts/azuredurablefunctionstyp"",""subscription"":""1ab5e788-3b98-4c63-bd05-de0c7388c853""},""match_status"":{""metadata"":""missing"",""resource"":""missing"",""subscription"":""missing""},""recommendation_id"":""/subscriptions/1ab5e788-3b98-4c63-bd05-de0c7388c853/resourcegroups/azuredurablefunctionstyp/providers/microsoft.storage/storageaccounts/azuredurablefunctionstyp/providers/Microsoft.Advisor/recommendations/ccd28e1c50460cab8ce3769433782c04a86b47dabf4764726f889ad5bea34a68"",""resource_linkage"":""resource_id""}"	1563043cd8d656d0e8c820b163c674fffcd0731c518e1f9be7556ebd0ffcd653
1	72a34e2b-f26c-4bd9-b778-6118966cf94b	2026-07-31	resolved	advisor_retirement_recommendation	azure_advisor	/subscriptions/1ab5e788-3b98-4c63-bd05-de0c7388c853/resourcegroups/selc-d-data-rg/providers/microsoft.cache/redis/selc-d-redis/providers/Microsoft.Advisor/recommendations/1071f94fe730edc2df214f7ccc202c9c0da1c5ac0d5c74a8eaeaa83066d77931	f3aded79-f9ff-4ce4-99e3-2ffcf11161a4	New	1ab5e788-3b98-4c63-bd05-de0c7388c853		resource_id	/subscriptions/1ab5e788-3b98-4c63-bd05-de0c7388c853/resourcegroups/selc-d-data-rg/providers/microsoft.cache/redis/selc-d-redis	/subscriptions/1ab5e788-3b98-4c63-bd05-de0c7388c853/resourcegroups/selc-d-data-rg/providers/microsoft.cache/redis/selc-d-redis	selc-d-redis	selc-d-data-rg	microsoft.cache/redis		{}			Redis Cache	2028-09-30	2028-09-30	properties.extendedProperties.retirementDate	exact	Medium		HighAvailability		2026-05-12T18:01:18.180660Z		Migrate to Azure Managed Redis from Azure Cache for Redis	Migrate to Azure Managed Redis from Azure Cache for Redis				[]	missing	missing	missing	metadata_not_found,resource_inventory_not_found,subscription_inventory_not_found	"{""acquisition"":""advisor.recommendations"",""api_version"":""2025-01-01"",""fields"":{""description"":"""",""resource_id"":""properties.resourceMetadata.resourceId""},""lookup_keys"":{""metadata"":""f3aded79-f9ff-4ce4-99e3-2ffcf11161a4\u0000/subscriptions/1ab5e788-3b98-4c63-bd05-de0c7388c853/resourcegroups/selc-d-data-rg/providers/microsoft.cache/redis/selc-d-redis"",""resource"":""/subscriptions/1ab5e788-3b98-4c63-bd05-de0c7388c853/resourcegroups/selc-d-data-rg/providers/microsoft.cache/redis/selc-d-redis"",""subscription"":""1ab5e788-3b98-4c63-bd05-de0c7388c853""},""match_status"":{""metadata"":""missing"",""resource"":""missing"",""subscription"":""missing""},""recommendation_id"":""/subscriptions/1ab5e788-3b98-4c63-bd05-de0c7388c853/resourcegroups/selc-d-data-rg/providers/microsoft.cache/redis/selc-d-redis/providers/Microsoft.Advisor/recommendations/1071f94fe730edc2df214f7ccc202c9c0da1c5ac0d5c74a8eaeaa83066d77931"",""resource_linkage"":""resource_id""}"	e6c29aca537de30da8540b1bc21ab2b4c1c09776defa77a39c1d52c88ccf2bec
1	72a34e2b-f26c-4bd9-b778-6118966cf94b	2026-07-31	resolved	advisor_retirement_recommendation	azure_advisor	/subscriptions/1ab5e788-3b98-4c63-bd05-de0c7388c853/resourcegroups/selc-d-event-rg/providers/microsoft.compute/virtualmachines/selc-d-evh-rds-vm/providers/Microsoft.Advisor/recommendations/53fa387c779be0f9684cbecb46210613a09dca4f3967d6feb2eaf6bd66b08845	5f2613df-629f-4b07-9425-2a47ea0dfad3	New	1ab5e788-3b98-4c63-bd05-de0c7388c853		resource_id	/subscriptions/1ab5e788-3b98-4c63-bd05-de0c7388c853/resourcegroups/selc-d-event-rg/providers/microsoft.compute/virtualmachines/selc-d-evh-rds-vm	/subscriptions/1ab5e788-3b98-4c63-bd05-de0c7388c853/resourcegroups/selc-d-event-rg/providers/microsoft.compute/virtualmachines/selc-d-evh-rds-vm	selc-d-evh-rds-vm	selc-d-event-rg	microsoft.compute/virtualmachines		{}							missing	Medium		HighAvailability		2026-06-19T14:44:09.755209Z		Migrate workload to Virtual Machine Scale Sets Flex	Migrate workload to Virtual Machine Scale Sets Flex				[]	missing	missing	missing	metadata_not_found,missing_retirement_date,resource_inventory_not_found,subscription_inventory_not_found	"{""acquisition"":""advisor.recommendations"",""api_version"":""2025-01-01"",""fields"":{""description"":"""",""resource_id"":""properties.resourceMetadata.resourceId""},""lookup_keys"":{""metadata"":""5f2613df-629f-4b07-9425-2a47ea0dfad3\u0000/subscriptions/1ab5e788-3b98-4c63-bd05-de0c7388c853/resourcegroups/selc-d-event-rg/providers/microsoft.compute/virtualmachines/selc-d-evh-rds-vm"",""resource"":""/subscriptions/1ab5e788-3b98-4c63-bd05-de0c7388c853/resourcegroups/selc-d-event-rg/providers/microsoft.compute/virtualmachines/selc-d-evh-rds-vm"",""subscription"":""1ab5e788-3b98-4c63-bd05-de0c7388c853""},""match_status"":{""metadata"":""missing"",""resource"":""missing"",""subscription"":""missing""},""recommendation_id"":""/subscriptions/1ab5e788-3b98-4c63-bd05-de0c7388c853/resourcegroups/selc-d-event-rg/providers/microsoft.compute/virtualmachines/selc-d-evh-rds-vm/providers/Microsoft.Advisor/recommendations/53fa387c779be0f9684cbecb46210613a09dca4f3967d6feb2eaf6bd66b08845"",""resource_linkage"":""resource_id""}"	c7d7cffdc22829395378efd198bcbda99c5cf6fe9ed680c78cc1fd40f03c099b
1	72a34e2b-f26c-4bd9-b778-6118966cf94b	2026-07-31	resolved	advisor_retirement_recommendation	azure_advisor	/subscriptions/1ab5e788-3b98-4c63-bd05-de0c7388c853/resourcegroups/selc-d-event-rg/providers/microsoft.compute/virtualmachines/selc-d-evh-rds-vm/providers/Microsoft.Advisor/recommendations/669e3c0267bc120b5fe0e616847cddf14a04750674a26fa44fb807314ec7a53d	7f71b153-c0b7-4e99-a23e-db8179183ec9	New	1ab5e788-3b98-4c63-bd05-de0c7388c853		resource_id	/subscriptions/1ab5e788-3b98-4c63-bd05-de0c7388c853/resourcegroups/selc-d-event-rg/providers/microsoft.compute/virtualmachines/selc-d-evh-rds-vm	/subscriptions/1ab5e788-3b98-4c63-bd05-de0c7388c853/resourcegroups/selc-d-event-rg/providers/microsoft.compute/virtualmachines/selc-d-evh-rds-vm	selc-d-evh-rds-vm	selc-d-event-rg	microsoft.compute/virtualmachines		{}							missing	High		HighAvailability		2026-05-13T20:05:04.637905Z		Migrate workload to D-series or better virtual machine	Migrate workload to D-series or better virtual machine				[]	missing	missing	missing	metadata_not_found,missing_retirement_date,resource_inventory_not_found,subscription_inventory_not_found	"{""acquisition"":""advisor.recommendations"",""api_version"":""2025-01-01"",""fields"":{""description"":"""",""resource_id"":""properties.resourceMetadata.resourceId""},""lookup_keys"":{""metadata"":""7f71b153-c0b7-4e99-a23e-db8179183ec9\u0000/subscriptions/1ab5e788-3b98-4c63-bd05-de0c7388c853/resourcegroups/selc-d-event-rg/providers/microsoft.compute/virtualmachines/selc-d-evh-rds-vm"",""resource"":""/subscriptions/1ab5e788-3b98-4c63-bd05-de0c7388c853/resourcegroups/selc-d-event-rg/providers/microsoft.compute/virtualmachines/selc-d-evh-rds-vm"",""subscription"":""1ab5e788-3b98-4c63-bd05-de0c7388c853""},""match_status"":{""metadata"":""missing"",""resource"":""missing"",""subscription"":""missing""},""recommendation_id"":""/subscriptions/1ab5e788-3b98-4c63-bd05-de0c7388c853/resourcegroups/selc-d-event-rg/providers/microsoft.compute/virtualmachines/selc-d-evh-rds-vm/providers/Microsoft.Advisor/recommendations/669e3c0267bc120b5fe0e616847cddf14a04750674a26fa44fb807314ec7a53d"",""resource_linkage"":""resource_id""}"	0c1b00e75fca2a10c80e7757c1879ae7f9624261a008b56e54da04a751d43f9c
1	72a34e2b-f26c-4bd9-b778-6118966cf94b	2026-07-31	resolved	advisor_retirement_recommendation	azure_advisor	/subscriptions/1ab5e788-3b98-4c63-bd05-de0c7388c853/resourcegroups/selc-d-event-rg/providers/microsoft.compute/virtualmachines/selc-d-evh-rds-vm/providers/Microsoft.Advisor/recommendations/76dfdb441049b0d168652ceb9667c89c3ef34b5e94c801633eea0645b1272b31	13cea0f1-c3f7-4c66-8b3b-9928a0f07cea	New	1ab5e788-3b98-4c63-bd05-de0c7388c853		resource_id	/subscriptions/1ab5e788-3b98-4c63-bd05-de0c7388c853/resourcegroups/selc-d-event-rg/providers/microsoft.compute/virtualmachines/selc-d-evh-rds-vm	/subscriptions/1ab5e788-3b98-4c63-bd05-de0c7388c853/resourcegroups/selc-d-event-rg/providers/microsoft.compute/virtualmachines/selc-d-evh-rds-vm	selc-d-evh-rds-vm	selc-d-event-rg	microsoft.compute/virtualmachines		{}			LSv2, G, GS, F, FS, Fsv2, B, Av2 - Series	2028-11-15	2028-11-15	properties.extendedProperties.retirementDate	exact	High		HighAvailability		2026-07-05T09:18:57.233000Z		Review and migrate virtual machine workloads	Review and migrate virtual machine workloads				[]	missing	missing	missing	metadata_not_found,resource_inventory_not_found,subscription_inventory_not_found	"{""acquisition"":""advisor.recommendations"",""api_version"":""2025-01-01"",""fields"":{""description"":"""",""resource_id"":""properties.resourceMetadata.resourceId""},""lookup_keys"":{""metadata"":""13cea0f1-c3f7-4c66-8b3b-9928a0f07cea\u0000/subscriptions/1ab5e788-3b98-4c63-bd05-de0c7388c853/resourcegroups/selc-d-event-rg/providers/microsoft.compute/virtualmachines/selc-d-evh-rds-vm"",""resource"":""/subscriptions/1ab5e788-3b98-4c63-bd05-de0c7388c853/resourcegroups/selc-d-event-rg/providers/microsoft.compute/virtualmachines/selc-d-evh-rds-vm"",""subscription"":""1ab5e788-3b98-4c63-bd05-de0c7388c853""},""match_status"":{""metadata"":""missing"",""resource"":""missing"",""subscription"":""missing""},""recommendation_id"":""/subscriptions/1ab5e788-3b98-4c63-bd05-de0c7388c853/resourcegroups/selc-d-event-rg/providers/microsoft.compute/virtualmachines/selc-d-evh-rds-vm/providers/Microsoft.Advisor/recommendations/76dfdb441049b0d168652ceb9667c89c3ef34b5e94c801633eea0645b1272b31"",""resource_linkage"":""resource_id""}"	f056bd2fffaf049a37107472ae8718ae821102e4df2e5ae1180331df7031c989
1	72a34e2b-f26c-4bd9-b778-6118966cf94b	2026-07-31	resolved	advisor_retirement_recommendation	azure_advisor	/subscriptions/1ab5e788-3b98-4c63-bd05-de0c7388c853/resourcegroups/selc-d-sec-rg/providers/microsoft.keyvault/vaults/selc-d-kv/providers/Microsoft.Advisor/recommendations/046b790a8cf0e9cd445bc01a4611b9c14f25f593a85aeb194bb17990098e8435	7ff06874-39e9-41be-9552-fa1ae2a83c88	New	1ab5e788-3b98-4c63-bd05-de0c7388c853		resource_id	/subscriptions/1ab5e788-3b98-4c63-bd05-de0c7388c853/resourcegroups/selc-d-sec-rg/providers/microsoft.keyvault/vaults/selc-d-kv	/subscriptions/1ab5e788-3b98-4c63-bd05-de0c7388c853/resourcegroups/selc-d-sec-rg/providers/microsoft.keyvault/vaults/selc-d-kv	selc-d-kv	selc-d-sec-rg	microsoft.keyvault/vaults		{}			API versions prior to 2026-02-01	2027-02-27	2027-02-27	properties.extendedProperties.retirementDate	exact	High		HighAvailability		2026-07-28T21:57:41.860804Z		Azure Key Vault API versions prior to 2026-02-01 are being retired	Azure Key Vault API versions prior to 2026-02-01 are being retired				[]	missing	missing	missing	metadata_not_found,resource_inventory_not_found,subscription_inventory_not_found	"{""acquisition"":""advisor.recommendations"",""api_version"":""2025-01-01"",""fields"":{""description"":"""",""resource_id"":""properties.resourceMetadata.resourceId""},""lookup_keys"":{""metadata"":""7ff06874-39e9-41be-9552-fa1ae2a83c88\u0000/subscriptions/1ab5e788-3b98-4c63-bd05-de0c7388c853/resourcegroups/selc-d-sec-rg/providers/microsoft.keyvault/vaults/selc-d-kv"",""resource"":""/subscriptions/1ab5e788-3b98-4c63-bd05-de0c7388c853/resourcegroups/selc-d-sec-rg/providers/microsoft.keyvault/vaults/selc-d-kv"",""subscription"":""1ab5e788-3b98-4c63-bd05-de0c7388c853""},""match_status"":{""metadata"":""missing"",""resource"":""missing"",""subscription"":""missing""},""recommendation_id"":""/subscriptions/1ab5e788-3b98-4c63-bd05-de0c7388c853/resourcegroups/selc-d-sec-rg/providers/microsoft.keyvault/vaults/selc-d-kv/providers/Microsoft.Advisor/recommendations/046b790a8cf0e9cd445bc01a4611b9c14f25f593a85aeb194bb17990098e8435"",""resource_linkage"":""resource_id""}"	b8c3c09813b6a497f32d58b65b8fc9a016d635f88363dbcae8bb781ce266d96a
1	72a34e2b-f26c-4bd9-b778-6118966cf94b	2026-07-31	resolved	advisor_retirement_recommendation	azure_advisor	/subscriptions/1ab5e788-3b98-4c63-bd05-de0c7388c853/resourcegroups/selc-d-vnet-rg/providers/microsoft.cache/redis/selc-d-weu-pnpg-redis/providers/Microsoft.Advisor/recommendations/56f674c2f5abdd0f132b91ead4f8da09c4079a787e534f8b71fa52b521c1e91a	f3aded79-f9ff-4ce4-99e3-2ffcf11161a4	New	1ab5e788-3b98-4c63-bd05-de0c7388c853		resource_id	/subscriptions/1ab5e788-3b98-4c63-bd05-de0c7388c853/resourcegroups/selc-d-vnet-rg/providers/microsoft.cache/redis/selc-d-weu-pnpg-redis	/subscriptions/1ab5e788-3b98-4c63-bd05-de0c7388c853/resourcegroups/selc-d-vnet-rg/providers/microsoft.cache/redis/selc-d-weu-pnpg-redis	selc-d-weu-pnpg-redis	selc-d-vnet-rg	microsoft.cache/redis		{}			Redis Cache	2028-09-30	2028-09-30	properties.extendedProperties.retirementDate	exact	Medium		HighAvailability		2026-04-16T23:43:11.656610Z		Migrate to Azure Managed Redis from Azure Cache for Redis	Migrate to Azure Managed Redis from Azure Cache for Redis				[]	missing	missing	missing	metadata_not_found,resource_inventory_not_found,subscription_inventory_not_found	"{""acquisition"":""advisor.recommendations"",""api_version"":""2025-01-01"",""fields"":{""description"":"""",""resource_id"":""properties.resourceMetadata.resourceId""},""lookup_keys"":{""metadata"":""f3aded79-f9ff-4ce4-99e3-2ffcf11161a4\u0000/subscriptions/1ab5e788-3b98-4c63-bd05-de0c7388c853/resourcegroups/selc-d-vnet-rg/providers/microsoft.cache/redis/selc-d-weu-pnpg-redis"",""resource"":""/subscriptions/1ab5e788-3b98-4c63-bd05-de0c7388c853/resourcegroups/selc-d-vnet-rg/providers/microsoft.cache/redis/selc-d-weu-pnpg-redis"",""subscription"":""1ab5e788-3b98-4c63-bd05-de0c7388c853""},""match_status"":{""metadata"":""missing"",""resource"":""missing"",""subscription"":""missing""},""recommendation_id"":""/subscriptions/1ab5e788-3b98-4c63-bd05-de0c7388c853/resourcegroups/selc-d-vnet-rg/providers/microsoft.cache/redis/selc-d-weu-pnpg-redis/providers/Microsoft.Advisor/recommendations/56f674c2f5abdd0f132b91ead4f8da09c4079a787e534f8b71fa52b521c1e91a"",""resource_linkage"":""resource_id""}"	050f73b3755d35d28628f3c7d724b450be9fba805fbc0b8ca0e88c3812f33810
1	72a34e2b-f26c-4bd9-b778-6118966cf94b	2026-07-31	resolved	advisor_retirement_recommendation	azure_advisor	/subscriptions/1ab5e788-3b98-4c63-bd05-de0c7388c853/resourcegroups/selc-d-vnet-rg/providers/microsoft.network/virtualnetworkgateways/selc-d-vpn-gw/providers/Microsoft.Advisor/recommendations/2fc9e647cf66ce4dffddc18045cf9370cd31a780d6c6dd22b22a1841a6147a47	4d9ee0c5-6fbd-41d3-864f-b9251c92eebc	New	1ab5e788-3b98-4c63-bd05-de0c7388c853		resource_id	/subscriptions/1ab5e788-3b98-4c63-bd05-de0c7388c853/resourcegroups/selc-d-vnet-rg/providers/microsoft.network/virtualnetworkgateways/selc-d-vpn-gw	/subscriptions/1ab5e788-3b98-4c63-bd05-de0c7388c853/resourcegroups/selc-d-vnet-rg/providers/microsoft.network/virtualnetworkgateways/selc-d-vpn-gw	selc-d-vpn-gw	selc-d-vnet-rg	microsoft.network/virtualnetworkgateways		{}			Non-AZ VPNs	2026-09-30	2026-09-30	properties.extendedProperties.retirementDate	exact	Medium		HighAvailability		2026-04-16T15:33:58.658172Z		VpnGw1-5 (Non-Availability Zones SKUs) is being retired.	VpnGw1-5 (Non-Availability Zones SKUs) is being retired.				[]	missing	missing	missing	metadata_not_found,resource_inventory_not_found,subscription_inventory_not_found	"{""acquisition"":""advisor.recommendations"",""api_version"":""2025-01-01"",""fields"":{""description"":"""",""resource_id"":""properties.resourceMetadata.resourceId""},""lookup_keys"":{""metadata"":""4d9ee0c5-6fbd-41d3-864f-b9251c92eebc\u0000/subscriptions/1ab5e788-3b98-4c63-bd05-de0c7388c853/resourcegroups/selc-d-vnet-rg/providers/microsoft.network/virtualnetworkgateways/selc-d-vpn-gw"",""resource"":""/subscriptions/1ab5e788-3b98-4c63-bd05-de0c7388c853/resourcegroups/selc-d-vnet-rg/providers/microsoft.network/virtualnetworkgateways/selc-d-vpn-gw"",""subscription"":""1ab5e788-3b98-4c63-bd05-de0c7388c853""},""match_status"":{""metadata"":""missing"",""resource"":""missing"",""subscription"":""missing""},""recommendation_id"":""/subscriptions/1ab5e788-3b98-4c63-bd05-de0c7388c853/resourcegroups/selc-d-vnet-rg/providers/microsoft.network/virtualnetworkgateways/selc-d-vpn-gw/providers/Microsoft.Advisor/recommendations/2fc9e647cf66ce4dffddc18045cf9370cd31a780d6c6dd22b22a1841a6147a47"",""resource_linkage"":""resource_id""}"	9b8f5fed6d9f6ec6e6d8723d72dfc902aa2bdfaebeef6de66ed3f7124e314769
1	72a34e2b-f26c-4bd9-b778-6118966cf94b	2026-07-31	resolved	advisor_retirement_recommendation	azure_advisor	/subscriptions/1ab5e788-3b98-4c63-bd05-de0c7388c853/resourcegroups/selc-d-weu-ar-dapr-redis-rg/providers/microsoft.cache/redis/selc-d-weu-ar-dapr-redis/providers/Microsoft.Advisor/recommendations/76e151783c6b09677b04ad5b1ff9595383e909db66601c16d798687ba089b9e2	f3aded79-f9ff-4ce4-99e3-2ffcf11161a4	New	1ab5e788-3b98-4c63-bd05-de0c7388c853		resource_id	/subscriptions/1ab5e788-3b98-4c63-bd05-de0c7388c853/resourcegroups/selc-d-weu-ar-dapr-redis-rg/providers/microsoft.cache/redis/selc-d-weu-ar-dapr-redis	/subscriptions/1ab5e788-3b98-4c63-bd05-de0c7388c853/resourcegroups/selc-d-weu-ar-dapr-redis-rg/providers/microsoft.cache/redis/selc-d-weu-ar-dapr-redis	selc-d-weu-ar-dapr-redis	selc-d-weu-ar-dapr-redis-rg	microsoft.cache/redis		{}			Redis Cache	2028-09-30	2028-09-30	properties.extendedProperties.retirementDate	exact	Medium		HighAvailability		2026-04-16T11:01:32.306007Z		Migrate to Azure Managed Redis from Azure Cache for Redis	Migrate to Azure Managed Redis from Azure Cache for Redis				[]	missing	missing	missing	metadata_not_found,resource_inventory_not_found,subscription_inventory_not_found	"{""acquisition"":""advisor.recommendations"",""api_version"":""2025-01-01"",""fields"":{""description"":"""",""resource_id"":""properties.resourceMetadata.resourceId""},""lookup_keys"":{""metadata"":""f3aded79-f9ff-4ce4-99e3-2ffcf11161a4\u0000/subscriptions/1ab5e788-3b98-4c63-bd05-de0c7388c853/resourcegroups/selc-d-weu-ar-dapr-redis-rg/providers/microsoft.cache/redis/selc-d-weu-ar-dapr-redis"",""resource"":""/subscriptions/1ab5e788-3b98-4c63-bd05-de0c7388c853/resourcegroups/selc-d-weu-ar-dapr-redis-rg/providers/microsoft.cache/redis/selc-d-weu-ar-dapr-redis"",""subscription"":""1ab5e788-3b98-4c63-bd05-de0c7388c853""},""match_status"":{""metadata"":""missing"",""resource"":""missing"",""subscription"":""missing""},""recommendation_id"":""/subscriptions/1ab5e788-3b98-4c63-bd05-de0c7388c853/resourcegroups/selc-d-weu-ar-dapr-redis-rg/providers/microsoft.cache/redis/selc-d-weu-ar-dapr-redis/providers/Microsoft.Advisor/recommendations/76e151783c6b09677b04ad5b1ff9595383e909db66601c16d798687ba089b9e2"",""resource_linkage"":""resource_id""}"	0e91eea902d7f542f6005d6a810d4f81ccac35a04cc13c7adf8ee27261b56d87
1	72a34e2b-f26c-4bd9-b778-6118966cf94b	2026-07-31	resolved	advisor_retirement_recommendation	azure_advisor	/subscriptions/1ab5e788-3b98-4c63-bd05-de0c7388c853/resourcegroups/selc-d-weu-pnpg-checkout-fe-rg/providers/microsoft.cdn/profiles/selc-d-weu-pnpg-checkout-cdn-profile/providers/Microsoft.Advisor/recommendations/d235f739d9ed6cfb40ebbfb32c4f47d353a1c5ceeb6bc04a6b637268bae3b2c7	52ff3019-62b0-4905-b016-da35fa6bbddc	New	1ab5e788-3b98-4c63-bd05-de0c7388c853		resource_id	/subscriptions/1ab5e788-3b98-4c63-bd05-de0c7388c853/resourcegroups/selc-d-weu-pnpg-checkout-fe-rg/providers/microsoft.cdn/profiles/selc-d-weu-pnpg-checkout-cdn-profile	/subscriptions/1ab5e788-3b98-4c63-bd05-de0c7388c853/resourcegroups/selc-d-weu-pnpg-checkout-fe-rg/providers/microsoft.cdn/profiles/selc-d-weu-pnpg-checkout-cdn-profile	selc-d-weu-pnpg-checkout-cdn-profile	selc-d-weu-pnpg-checkout-fe-rg	microsoft.cdn/profiles		{}			Standard from Microsoft (classic)	2027-09-30	2027-09-30	properties.extendedProperties.retirementDate	exact	Medium		HighAvailability		2026-04-16T08:33:09.968002Z		Azure CDN Standard from Microsoft (classic) is being retired.	Azure CDN Standard from Microsoft (classic) is being retired.				[]	missing	missing	missing	metadata_not_found,resource_inventory_not_found,subscription_inventory_not_found	"{""acquisition"":""advisor.recommendations"",""api_version"":""2025-01-01"",""fields"":{""description"":"""",""resource_id"":""properties.resourceMetadata.resourceId""},""lookup_keys"":{""metadata"":""52ff3019-62b0-4905-b016-da35fa6bbddc\u0000/subscriptions/1ab5e788-3b98-4c63-bd05-de0c7388c853/resourcegroups/selc-d-weu-pnpg-checkout-fe-rg/providers/microsoft.cdn/profiles/selc-d-weu-pnpg-checkout-cdn-profile"",""resource"":""/subscriptions/1ab5e788-3b98-4c63-bd05-de0c7388c853/resourcegroups/selc-d-weu-pnpg-checkout-fe-rg/providers/microsoft.cdn/profiles/selc-d-weu-pnpg-checkout-cdn-profile"",""subscription"":""1ab5e788-3b98-4c63-bd05-de0c7388c853""},""match_status"":{""metadata"":""missing"",""resource"":""missing"",""subscription"":""missing""},""recommendation_id"":""/subscriptions/1ab5e788-3b98-4c63-bd05-de0c7388c853/resourcegroups/selc-d-weu-pnpg-checkout-fe-rg/providers/microsoft.cdn/profiles/selc-d-weu-pnpg-checkout-cdn-profile/providers/Microsoft.Advisor/recommendations/d235f739d9ed6cfb40ebbfb32c4f47d353a1c5ceeb6bc04a6b637268bae3b2c7"",""resource_linkage"":""resource_id""}"	5742ec0d3e5e8d701891678edcc3ae234e21836a298ec8d1a50c12a11fafc144
1	72a34e2b-f26c-4bd9-b778-6118966cf94b	2026-07-31	resolved	advisor_retirement_recommendation	azure_advisor	/subscriptions/1ab5e788-3b98-4c63-bd05-de0c7388c853/resourcegroups/selc-d-workflow-rg/providers/microsoft.storage/storageaccounts/selcdworkflowtestfa1ccd/providers/Microsoft.Advisor/recommendations/7fca44a9cf69ca306f7be39e3a071c29c546753b38796604dac3d182315eaf9c	ced5fa9f-b5bf-4982-9f25-8190fb36dfca	New	1ab5e788-3b98-4c63-bd05-de0c7388c853		resource_id	/subscriptions/1ab5e788-3b98-4c63-bd05-de0c7388c853/resourcegroups/selc-d-workflow-rg/providers/microsoft.storage/storageaccounts/selcdworkflowtestfa1ccd	/subscriptions/1ab5e788-3b98-4c63-bd05-de0c7388c853/resourcegroups/selc-d-workflow-rg/providers/microsoft.storage/storageaccounts/selcdworkflowtestfa1ccd	selcdworkflowtestfa1ccd	selc-d-workflow-rg	microsoft.storage/storageaccounts		{}			Support for TLS 1.0 and 1.1	2026-02-03	2026-02-03	properties.extendedProperties.retirementDate	exact	High		HighAvailability		2026-04-18T13:09:40.466563Z		Support for TLS 1.0 and TLS 1.1 in Azure storage accounts is ending	Support for TLS 1.0 and TLS 1.1 in Azure storage accounts is ending				[]	missing	missing	missing	metadata_not_found,resource_inventory_not_found,subscription_inventory_not_found	"{""acquisition"":""advisor.recommendations"",""api_version"":""2025-01-01"",""fields"":{""description"":"""",""resource_id"":""properties.resourceMetadata.resourceId""},""lookup_keys"":{""metadata"":""ced5fa9f-b5bf-4982-9f25-8190fb36dfca\u0000/subscriptions/1ab5e788-3b98-4c63-bd05-de0c7388c853/resourcegroups/selc-d-workflow-rg/providers/microsoft.storage/storageaccounts/selcdworkflowtestfa1ccd"",""resource"":""/subscriptions/1ab5e788-3b98-4c63-bd05-de0c7388c853/resourcegroups/selc-d-workflow-rg/providers/microsoft.storage/storageaccounts/selcdworkflowtestfa1ccd"",""subscription"":""1ab5e788-3b98-4c63-bd05-de0c7388c853""},""match_status"":{""metadata"":""missing"",""resource"":""missing"",""subscription"":""missing""},""recommendation_id"":""/subscriptions/1ab5e788-3b98-4c63-bd05-de0c7388c853/resourcegroups/selc-d-workflow-rg/providers/microsoft.storage/storageaccounts/selcdworkflowtestfa1ccd/providers/Microsoft.Advisor/recommendations/7fca44a9cf69ca306f7be39e3a071c29c546753b38796604dac3d182315eaf9c"",""resource_linkage"":""resource_id""}"	2e64399f4f0dbc07a46f4f5ff24390f3af45d5d4ecba31c2fbdc3760e76b085e
1	72a34e2b-f26c-4bd9-b778-6118966cf94b	2026-07-31	resolved	advisor_retirement_recommendation	azure_advisor	/subscriptions/1ab5e788-3b98-4c63-bd05-de0c7388c853/resourcegroups/selc-d-workflow-rg/providers/microsoft.storage/storageaccounts/selcdworkflowtestfa1ccd/providers/Microsoft.Advisor/recommendations/da01d70115f2fef9f6e8decee429a7da09e51d06eab4d4951529901c816f3c16	1d70919c-1a4a-4f79-8300-bb576c291e9d	New	1ab5e788-3b98-4c63-bd05-de0c7388c853		resource_id	/subscriptions/1ab5e788-3b98-4c63-bd05-de0c7388c853/resourcegroups/selc-d-workflow-rg/providers/microsoft.storage/storageaccounts/selcdworkflowtestfa1ccd	/subscriptions/1ab5e788-3b98-4c63-bd05-de0c7388c853/resourcegroups/selc-d-workflow-rg/providers/microsoft.storage/storageaccounts/selcdworkflowtestfa1ccd	selcdworkflowtestfa1ccd	selc-d-workflow-rg	microsoft.storage/storageaccounts		{}			Legacy Blob and General-Purpose v1 storage accounts	2026-10-13	2026-10-13	properties.extendedProperties.retirementDate	exact	Medium		HighAvailability		2026-05-14T17:59:09.174754Z		Upgrade general-purpose v1 storage accounts	Upgrade general-purpose v1 storage accounts				[]	missing	missing	missing	metadata_not_found,resource_inventory_not_found,subscription_inventory_not_found	"{""acquisition"":""advisor.recommendations"",""api_version"":""2025-01-01"",""fields"":{""description"":"""",""resource_id"":""properties.resourceMetadata.resourceId""},""lookup_keys"":{""metadata"":""1d70919c-1a4a-4f79-8300-bb576c291e9d\u0000/subscriptions/1ab5e788-3b98-4c63-bd05-de0c7388c853/resourcegroups/selc-d-workflow-rg/providers/microsoft.storage/storageaccounts/selcdworkflowtestfa1ccd"",""resource"":""/subscriptions/1ab5e788-3b98-4c63-bd05-de0c7388c853/resourcegroups/selc-d-workflow-rg/providers/microsoft.storage/storageaccounts/selcdworkflowtestfa1ccd"",""subscription"":""1ab5e788-3b98-4c63-bd05-de0c7388c853""},""match_status"":{""metadata"":""missing"",""resource"":""missing"",""subscription"":""missing""},""recommendation_id"":""/subscriptions/1ab5e788-3b98-4c63-bd05-de0c7388c853/resourcegroups/selc-d-workflow-rg/providers/microsoft.storage/storageaccounts/selcdworkflowtestfa1ccd/providers/Microsoft.Advisor/recommendations/da01d70115f2fef9f6e8decee429a7da09e51d06eab4d4951529901c816f3c16"",""resource_linkage"":""resource_id""}"	75e34fd5b733d7be0e76a03c42861f81ca6dc4f060b175990d777834e29fb27a
1	72a34e2b-f26c-4bd9-b778-6118966cf94b	2026-07-31	resolved	advisor_retirement_recommendation	azure_advisor	/subscriptions/1b06ce19-c192-49b3-8418-0f5bf013ea5f/resourcegroups/p4pa-u-itn-payhub-sec-rg/providers/microsoft.keyvault/vaults/p4pa-u-payhub-kv/providers/Microsoft.Advisor/recommendations/5815ccafe750e06db08a09add681436ef6d15d274ba16e2571a0e12734f5594d	7ff06874-39e9-41be-9552-fa1ae2a83c88	New	1b06ce19-c192-49b3-8418-0f5bf013ea5f		resource_id	/subscriptions/1b06ce19-c192-49b3-8418-0f5bf013ea5f/resourcegroups/p4pa-u-itn-payhub-sec-rg/providers/microsoft.keyvault/vaults/p4pa-u-payhub-kv	/subscriptions/1b06ce19-c192-49b3-8418-0f5bf013ea5f/resourcegroups/p4pa-u-itn-payhub-sec-rg/providers/microsoft.keyvault/vaults/p4pa-u-payhub-kv	p4pa-u-payhub-kv	p4pa-u-itn-payhub-sec-rg	microsoft.keyvault/vaults		{}			API versions prior to 2026-02-01	2027-02-27	2027-02-27	properties.extendedProperties.retirementDate	exact	High		HighAvailability		2026-07-30T20:09:49.413482Z		Azure Key Vault API versions prior to 2026-02-01 are being retired	Azure Key Vault API versions prior to 2026-02-01 are being retired				[]	missing	missing	missing	metadata_not_found,resource_inventory_not_found,subscription_inventory_not_found	"{""acquisition"":""advisor.recommendations"",""api_version"":""2025-01-01"",""fields"":{""description"":"""",""resource_id"":""properties.resourceMetadata.resourceId""},""lookup_keys"":{""metadata"":""7ff06874-39e9-41be-9552-fa1ae2a83c88\u0000/subscriptions/1b06ce19-c192-49b3-8418-0f5bf013ea5f/resourcegroups/p4pa-u-itn-payhub-sec-rg/providers/microsoft.keyvault/vaults/p4pa-u-payhub-kv"",""resource"":""/subscriptions/1b06ce19-c192-49b3-8418-0f5bf013ea5f/resourcegroups/p4pa-u-itn-payhub-sec-rg/providers/microsoft.keyvault/vaults/p4pa-u-payhub-kv"",""subscription"":""1b06ce19-c192-49b3-8418-0f5bf013ea5f""},""match_status"":{""metadata"":""missing"",""resource"":""missing"",""subscription"":""missing""},""recommendation_id"":""/subscriptions/1b06ce19-c192-49b3-8418-0f5bf013ea5f/resourcegroups/p4pa-u-itn-payhub-sec-rg/providers/microsoft.keyvault/vaults/p4pa-u-payhub-kv/providers/Microsoft.Advisor/recommendations/5815ccafe750e06db08a09add681436ef6d15d274ba16e2571a0e12734f5594d"",""resource_linkage"":""resource_id""}"	f312988e54c0f2ba926207672969eec2077ea49b88c3a9d16028f9bcf131c843
1	72a34e2b-f26c-4bd9-b778-6118966cf94b	2026-07-31	resolved	advisor_retirement_recommendation	azure_advisor	/subscriptions/1b06ce19-c192-49b3-8418-0f5bf013ea5f/resourcegroups/p4pa-u-itn-uat-aks-rg/providers/microsoft.containerservice/managedclusters/p4pa-u-itn-uat-aks/providers/Microsoft.Advisor/recommendations/31c1fd669f36a0dec8becff28b593eb73f0174c8533d983c5ed8cf01018c0d66	00dbcc9d-50d4-44ef-bc21-c15785cddf42	New	1b06ce19-c192-49b3-8418-0f5bf013ea5f		resource_id	/subscriptions/1b06ce19-c192-49b3-8418-0f5bf013ea5f/resourcegroups/p4pa-u-itn-uat-aks-rg/providers/microsoft.containerservice/managedclusters/p4pa-u-itn-uat-aks	/subscriptions/1b06ce19-c192-49b3-8418-0f5bf013ea5f/resourcegroups/p4pa-u-itn-uat-aks-rg/providers/microsoft.containerservice/managedclusters/p4pa-u-itn-uat-aks	p4pa-u-itn-uat-aks	p4pa-u-itn-uat-aks-rg	microsoft.containerservice/managedclusters		{}			Azure Kubernetes Service support for Ubuntu 22.04	2027-06-30	2027-06-30	properties.extendedProperties.retirementDate	exact	Medium		HighAvailability		2026-05-07T14:51:39.851412Z		Migrate to Ubuntu 24.04 or later versions	Migrate to Ubuntu 24.04 or later versions				[]	missing	missing	missing	metadata_not_found,resource_inventory_not_found,subscription_inventory_not_found	"{""acquisition"":""advisor.recommendations"",""api_version"":""2025-01-01"",""fields"":{""description"":"""",""resource_id"":""properties.resourceMetadata.resourceId""},""lookup_keys"":{""metadata"":""00dbcc9d-50d4-44ef-bc21-c15785cddf42\u0000/subscriptions/1b06ce19-c192-49b3-8418-0f5bf013ea5f/resourcegroups/p4pa-u-itn-uat-aks-rg/providers/microsoft.containerservice/managedclusters/p4pa-u-itn-uat-aks"",""resource"":""/subscriptions/1b06ce19-c192-49b3-8418-0f5bf013ea5f/resourcegroups/p4pa-u-itn-uat-aks-rg/providers/microsoft.containerservice/managedclusters/p4pa-u-itn-uat-aks"",""subscription"":""1b06ce19-c192-49b3-8418-0f5bf013ea5f""},""match_status"":{""metadata"":""missing"",""resource"":""missing"",""subscription"":""missing""},""recommendation_id"":""/subscriptions/1b06ce19-c192-49b3-8418-0f5bf013ea5f/resourcegroups/p4pa-u-itn-uat-aks-rg/providers/microsoft.containerservice/managedclusters/p4pa-u-itn-uat-aks/providers/Microsoft.Advisor/recommendations/31c1fd669f36a0dec8becff28b593eb73f0174c8533d983c5ed8cf01018c0d66"",""resource_linkage"":""resource_id""}"	ea33b48d7c9e1f3212555000e3b33c6fd795fdcdf317484eb36739eea96a93b1
1	72a34e2b-f26c-4bd9-b778-6118966cf94b	2026-07-31	resolved	advisor_retirement_recommendation	azure_advisor	/subscriptions/1b06ce19-c192-49b3-8418-0f5bf013ea5f/resourcegroups/p4pa-u-itn-uat-aks-rg/providers/microsoft.containerservice/managedclusters/p4pa-u-itn-uat-aks/providers/Microsoft.Advisor/recommendations/b8fd7b48fa32961cca0903f3d8e52817c6090f8be8001e3b222b6a9a94b8d318	b005ecf0-23e2-4279-9ca2-718d1518c9fb	New	1b06ce19-c192-49b3-8418-0f5bf013ea5f		resource_id	/subscriptions/1b06ce19-c192-49b3-8418-0f5bf013ea5f/resourcegroups/p4pa-u-itn-uat-aks-rg/providers/microsoft.containerservice/managedclusters/p4pa-u-itn-uat-aks	/subscriptions/1b06ce19-c192-49b3-8418-0f5bf013ea5f/resourcegroups/p4pa-u-itn-uat-aks-rg/providers/microsoft.containerservice/managedclusters/p4pa-u-itn-uat-aks	p4pa-u-itn-uat-aks	p4pa-u-itn-uat-aks-rg	microsoft.containerservice/managedclusters		{}			Legacy authentication for Container Insights - Azure Monitor	2026-09-30	2026-09-30	properties.extendedProperties.retirementDate	exact	Medium		HighAvailability		2026-04-16T16:00:26.966347Z		Migrate to Container insights managed identity authentication	Migrate to Container insights managed identity authentication				[]	missing	missing	missing	metadata_not_found,resource_inventory_not_found,subscription_inventory_not_found	"{""acquisition"":""advisor.recommendations"",""api_version"":""2025-01-01"",""fields"":{""description"":"""",""resource_id"":""properties.resourceMetadata.resourceId""},""lookup_keys"":{""metadata"":""b005ecf0-23e2-4279-9ca2-718d1518c9fb\u0000/subscriptions/1b06ce19-c192-49b3-8418-0f5bf013ea5f/resourcegroups/p4pa-u-itn-uat-aks-rg/providers/microsoft.containerservice/managedclusters/p4pa-u-itn-uat-aks"",""resource"":""/subscriptions/1b06ce19-c192-49b3-8418-0f5bf013ea5f/resourcegroups/p4pa-u-itn-uat-aks-rg/providers/microsoft.containerservice/managedclusters/p4pa-u-itn-uat-aks"",""subscription"":""1b06ce19-c192-49b3-8418-0f5bf013ea5f""},""match_status"":{""metadata"":""missing"",""resource"":""missing"",""subscription"":""missing""},""recommendation_id"":""/subscriptions/1b06ce19-c192-49b3-8418-0f5bf013ea5f/resourcegroups/p4pa-u-itn-uat-aks-rg/providers/microsoft.containerservice/managedclusters/p4pa-u-itn-uat-aks/providers/Microsoft.Advisor/recommendations/b8fd7b48fa32961cca0903f3d8e52817c6090f8be8001e3b222b6a9a94b8d318"",""resource_linkage"":""resource_id""}"	fade5a5df7a70f3e765422299049bbd1084f812f1853f496026cdcedbdf205f1
1	72a34e2b-f26c-4bd9-b778-6118966cf94b	2026-07-31	resolved	advisor_retirement_recommendation	azure_advisor	/subscriptions/1b06ce19-c192-49b3-8418-0f5bf013ea5f/resourcegroups/vm-certificate_group/providers/microsoft.compute/disks/vm-certificate_osdisk_1_0a4939845fbd4fae9cd8eb8cc8ab31c4/providers/Microsoft.Advisor/recommendations/86d69b36df13668d2d185a7a22d00926aa508789ad422c4b887f3469f3184abe	6885dc91-c4d1-4695-be6f-f64be575769f	New	1b06ce19-c192-49b3-8418-0f5bf013ea5f		resource_id	/subscriptions/1b06ce19-c192-49b3-8418-0f5bf013ea5f/resourcegroups/vm-certificate_group/providers/microsoft.compute/disks/vm-certificate_osdisk_1_0a4939845fbd4fae9cd8eb8cc8ab31c4	/subscriptions/1b06ce19-c192-49b3-8418-0f5bf013ea5f/resourcegroups/vm-certificate_group/providers/microsoft.compute/disks/vm-certificate_osdisk_1_0a4939845fbd4fae9cd8eb8cc8ab31c4	vm-certificate_osdisk_1_0a4939845fbd4fae9cd8eb8cc8ab31c4	vm-certificate_group	microsoft.compute/disks		{}			Operating System (OS) Disks on Standard HDD	2028-09-08	2028-09-08	properties.extendedProperties.retirementDate	exact	Medium		HighAvailability		2026-04-27T00:01:01.826988Z		Migrate Standard HDD OS Disks to SSD	Migrate Standard HDD OS Disks to SSD				[]	missing	missing	missing	metadata_not_found,resource_inventory_not_found,subscription_inventory_not_found	"{""acquisition"":""advisor.recommendations"",""api_version"":""2025-01-01"",""fields"":{""description"":"""",""resource_id"":""properties.resourceMetadata.resourceId""},""lookup_keys"":{""metadata"":""6885dc91-c4d1-4695-be6f-f64be575769f\u0000/subscriptions/1b06ce19-c192-49b3-8418-0f5bf013ea5f/resourcegroups/vm-certificate_group/providers/microsoft.compute/disks/vm-certificate_osdisk_1_0a4939845fbd4fae9cd8eb8cc8ab31c4"",""resource"":""/subscriptions/1b06ce19-c192-49b3-8418-0f5bf013ea5f/resourcegroups/vm-certificate_group/providers/microsoft.compute/disks/vm-certificate_osdisk_1_0a4939845fbd4fae9cd8eb8cc8ab31c4"",""subscription"":""1b06ce19-c192-49b3-8418-0f5bf013ea5f""},""match_status"":{""metadata"":""missing"",""resource"":""missing"",""subscription"":""missing""},""recommendation_id"":""/subscriptions/1b06ce19-c192-49b3-8418-0f5bf013ea5f/resourcegroups/vm-certificate_group/providers/microsoft.compute/disks/vm-certificate_osdisk_1_0a4939845fbd4fae9cd8eb8cc8ab31c4/providers/Microsoft.Advisor/recommendations/86d69b36df13668d2d185a7a22d00926aa508789ad422c4b887f3469f3184abe"",""resource_linkage"":""resource_id""}"	07b62486755f6f46e6ccb720b776746195c8cb6530f2f7426a3ea95a46663d08
1	72a34e2b-f26c-4bd9-b778-6118966cf94b	2026-07-31	resolved	advisor_retirement_recommendation	azure_advisor	/subscriptions/1b06ce19-c192-49b3-8418-0f5bf013ea5f/resourcegroups/vm-certificate_group/providers/microsoft.compute/virtualmachines/vm-certificate/providers/Microsoft.Advisor/recommendations/2c08eedbbc7e588439cd93b7c7046b7113074fca1b452b24011cf8e41432c64c	7f71b153-c0b7-4e99-a23e-db8179183ec9	New	1b06ce19-c192-49b3-8418-0f5bf013ea5f		resource_id	/subscriptions/1b06ce19-c192-49b3-8418-0f5bf013ea5f/resourcegroups/vm-certificate_group/providers/microsoft.compute/virtualmachines/vm-certificate	/subscriptions/1b06ce19-c192-49b3-8418-0f5bf013ea5f/resourcegroups/vm-certificate_group/providers/microsoft.compute/virtualmachines/vm-certificate	vm-certificate	vm-certificate_group	microsoft.compute/virtualmachines		{}							missing	High		HighAvailability		2026-05-12T04:55:55.963736Z		Migrate workload to D-series or better virtual machine	Migrate workload to D-series or better virtual machine				[]	missing	missing	missing	metadata_not_found,missing_retirement_date,resource_inventory_not_found,subscription_inventory_not_found	"{""acquisition"":""advisor.recommendations"",""api_version"":""2025-01-01"",""fields"":{""description"":"""",""resource_id"":""properties.resourceMetadata.resourceId""},""lookup_keys"":{""metadata"":""7f71b153-c0b7-4e99-a23e-db8179183ec9\u0000/subscriptions/1b06ce19-c192-49b3-8418-0f5bf013ea5f/resourcegroups/vm-certificate_group/providers/microsoft.compute/virtualmachines/vm-certificate"",""resource"":""/subscriptions/1b06ce19-c192-49b3-8418-0f5bf013ea5f/resourcegroups/vm-certificate_group/providers/microsoft.compute/virtualmachines/vm-certificate"",""subscription"":""1b06ce19-c192-49b3-8418-0f5bf013ea5f""},""match_status"":{""metadata"":""missing"",""resource"":""missing"",""subscription"":""missing""},""recommendation_id"":""/subscriptions/1b06ce19-c192-49b3-8418-0f5bf013ea5f/resourcegroups/vm-certificate_group/providers/microsoft.compute/virtualmachines/vm-certificate/providers/Microsoft.Advisor/recommendations/2c08eedbbc7e588439cd93b7c7046b7113074fca1b452b24011cf8e41432c64c"",""resource_linkage"":""resource_id""}"	b04ad867b7225364e25a256bdc6e656d53278d807816125dd7c1ff76cf03d892
1	72a34e2b-f26c-4bd9-b778-6118966cf94b	2026-07-31	resolved	advisor_retirement_recommendation	azure_advisor	/subscriptions/1b06ce19-c192-49b3-8418-0f5bf013ea5f/resourcegroups/vm-certificate_group/providers/microsoft.compute/virtualmachines/vm-certificate/providers/Microsoft.Advisor/recommendations/7da9d1336b5eb0ecb2273f449d4c70a5d731819cebeddf01cbcf77883ab41b84	5f2613df-629f-4b07-9425-2a47ea0dfad3	New	1b06ce19-c192-49b3-8418-0f5bf013ea5f		resource_id	/subscriptions/1b06ce19-c192-49b3-8418-0f5bf013ea5f/resourcegroups/vm-certificate_group/providers/microsoft.compute/virtualmachines/vm-certificate	/subscriptions/1b06ce19-c192-49b3-8418-0f5bf013ea5f/resourcegroups/vm-certificate_group/providers/microsoft.compute/virtualmachines/vm-certificate	vm-certificate	vm-certificate_group	microsoft.compute/virtualmachines		{}							missing	Medium		HighAvailability		2026-05-12T18:49:19.148431Z		Migrate workload to Virtual Machine Scale Sets Flex	Migrate workload to Virtual Machine Scale Sets Flex				[]	missing	missing	missing	metadata_not_found,missing_retirement_date,resource_inventory_not_found,subscription_inventory_not_found	"{""acquisition"":""advisor.recommendations"",""api_version"":""2025-01-01"",""fields"":{""description"":"""",""resource_id"":""properties.resourceMetadata.resourceId""},""lookup_keys"":{""metadata"":""5f2613df-629f-4b07-9425-2a47ea0dfad3\u0000/subscriptions/1b06ce19-c192-49b3-8418-0f5bf013ea5f/resourcegroups/vm-certificate_group/providers/microsoft.compute/virtualmachines/vm-certificate"",""resource"":""/subscriptions/1b06ce19-c192-49b3-8418-0f5bf013ea5f/resourcegroups/vm-certificate_group/providers/microsoft.compute/virtualmachines/vm-certificate"",""subscription"":""1b06ce19-c192-49b3-8418-0f5bf013ea5f""},""match_status"":{""metadata"":""missing"",""resource"":""missing"",""subscription"":""missing""},""recommendation_id"":""/subscriptions/1b06ce19-c192-49b3-8418-0f5bf013ea5f/resourcegroups/vm-certificate_group/providers/microsoft.compute/virtualmachines/vm-certificate/providers/Microsoft.Advisor/recommendations/7da9d1336b5eb0ecb2273f449d4c70a5d731819cebeddf01cbcf77883ab41b84"",""resource_linkage"":""resource_id""}"	9c3eb9dfc92a80ef2749e6541db6504bbc9c4fbd32fd71ffe90ca682bcc90514
1	72a34e2b-f26c-4bd9-b778-6118966cf94b	2026-07-31	resolved	advisor_retirement_recommendation	azure_advisor	/subscriptions/1b06ce19-c192-49b3-8418-0f5bf013ea5f/resourcegroups/vm-certificate_group/providers/microsoft.compute/virtualmachines/vm-certificate/providers/Microsoft.Advisor/recommendations/9a2f4b9e0dae0cd59e0668e5d02f68fc25140147a76b54aaeb3a7c3451c3b1c7	13cea0f1-c3f7-4c66-8b3b-9928a0f07cea	New	1b06ce19-c192-49b3-8418-0f5bf013ea5f		resource_id	/subscriptions/1b06ce19-c192-49b3-8418-0f5bf013ea5f/resourcegroups/vm-certificate_group/providers/microsoft.compute/virtualmachines/vm-certificate	/subscriptions/1b06ce19-c192-49b3-8418-0f5bf013ea5f/resourcegroups/vm-certificate_group/providers/microsoft.compute/virtualmachines/vm-certificate	vm-certificate	vm-certificate_group	microsoft.compute/virtualmachines		{}			LSv2, G, GS, F, FS, Fsv2, B, Av2 - Series	2028-11-15	2028-11-15	properties.extendedProperties.retirementDate	exact	High		HighAvailability		2026-06-26T09:49:18.385338Z		Review and migrate virtual machine workloads	Review and migrate virtual machine workloads				[]	missing	missing	missing	metadata_not_found,resource_inventory_not_found,subscription_inventory_not_found	"{""acquisition"":""advisor.recommendations"",""api_version"":""2025-01-01"",""fields"":{""description"":"""",""resource_id"":""properties.resourceMetadata.resourceId""},""lookup_keys"":{""metadata"":""13cea0f1-c3f7-4c66-8b3b-9928a0f07cea\u0000/subscriptions/1b06ce19-c192-49b3-8418-0f5bf013ea5f/resourcegroups/vm-certificate_group/providers/microsoft.compute/virtualmachines/vm-certificate"",""resource"":""/subscriptions/1b06ce19-c192-49b3-8418-0f5bf013ea5f/resourcegroups/vm-certificate_group/providers/microsoft.compute/virtualmachines/vm-certificate"",""subscription"":""1b06ce19-c192-49b3-8418-0f5bf013ea5f""},""match_status"":{""metadata"":""missing"",""resource"":""missing"",""subscription"":""missing""},""recommendation_id"":""/subscriptions/1b06ce19-c192-49b3-8418-0f5bf013ea5f/resourcegroups/vm-certificate_group/providers/microsoft.compute/virtualmachines/vm-certificate/providers/Microsoft.Advisor/recommendations/9a2f4b9e0dae0cd59e0668e5d02f68fc25140147a76b54aaeb3a7c3451c3b1c7"",""resource_linkage"":""resource_id""}"	6982d43d1e98e47f2a1ab5ce4be67d9d247e70f52c5cb5feef956378a24c6545
1	72a34e2b-f26c-4bd9-b778-6118966cf94b	2026-07-31	resolved	advisor_retirement_recommendation	azure_advisor	/subscriptions/1f1a5d38-ab5b-44af-b709-1d4085443abb/resourcegroups/p4pa-p-itn-payhub-sec-rg/providers/microsoft.keyvault/vaults/p4pa-p-payhub-kv/providers/Microsoft.Advisor/recommendations/5908c09fc91f5c3d9c7922277a3667608acaf6fa7d8c60237272975511ced39b	7ff06874-39e9-41be-9552-fa1ae2a83c88	New	1f1a5d38-ab5b-44af-b709-1d4085443abb		resource_id	/subscriptions/1f1a5d38-ab5b-44af-b709-1d4085443abb/resourcegroups/p4pa-p-itn-payhub-sec-rg/providers/microsoft.keyvault/vaults/p4pa-p-payhub-kv	/subscriptions/1f1a5d38-ab5b-44af-b709-1d4085443abb/resourcegroups/p4pa-p-itn-payhub-sec-rg/providers/microsoft.keyvault/vaults/p4pa-p-payhub-kv	p4pa-p-payhub-kv	p4pa-p-itn-payhub-sec-rg	microsoft.keyvault/vaults		{}			API versions prior to 2026-02-01	2027-02-27	2027-02-27	properties.extendedProperties.retirementDate	exact	High		HighAvailability		2026-07-27T18:41:49.395733Z		Azure Key Vault API versions prior to 2026-02-01 are being retired	Azure Key Vault API versions prior to 2026-02-01 are being retired				[]	missing	missing	missing	metadata_not_found,resource_inventory_not_found,subscription_inventory_not_found	"{""acquisition"":""advisor.recommendations"",""api_version"":""2025-01-01"",""fields"":{""description"":"""",""resource_id"":""properties.resourceMetadata.resourceId""},""lookup_keys"":{""metadata"":""7ff06874-39e9-41be-9552-fa1ae2a83c88\u0000/subscriptions/1f1a5d38-ab5b-44af-b709-1d4085443abb/resourcegroups/p4pa-p-itn-payhub-sec-rg/providers/microsoft.keyvault/vaults/p4pa-p-payhub-kv"",""resource"":""/subscriptions/1f1a5d38-ab5b-44af-b709-1d4085443abb/resourcegroups/p4pa-p-itn-payhub-sec-rg/providers/microsoft.keyvault/vaults/p4pa-p-payhub-kv"",""subscription"":""1f1a5d38-ab5b-44af-b709-1d4085443abb""},""match_status"":{""metadata"":""missing"",""resource"":""missing"",""subscription"":""missing""},""recommendation_id"":""/subscriptions/1f1a5d38-ab5b-44af-b709-1d4085443abb/resourcegroups/p4pa-p-itn-payhub-sec-rg/providers/microsoft.keyvault/vaults/p4pa-p-payhub-kv/providers/Microsoft.Advisor/recommendations/5908c09fc91f5c3d9c7922277a3667608acaf6fa7d8c60237272975511ced39b"",""resource_linkage"":""resource_id""}"	be5b86d85cba35dced5e1a70fb9080e7c9cf5ae420f5e0393340b0e1e7679c35
1	72a34e2b-f26c-4bd9-b778-6118966cf94b	2026-07-31	resolved	advisor_retirement_recommendation	azure_advisor	/subscriptions/1f1a5d38-ab5b-44af-b709-1d4085443abb/resourcegroups/p4pa-p-itn-prod-aks-rg/providers/microsoft.containerservice/managedclusters/p4pa-p-itn-prod-aks/providers/Microsoft.Advisor/recommendations/715f52598cf8768ca747ac2b78a67f3aa004d6842da155e3b60f0fef69978840	b005ecf0-23e2-4279-9ca2-718d1518c9fb	New	1f1a5d38-ab5b-44af-b709-1d4085443abb		resource_id	/subscriptions/1f1a5d38-ab5b-44af-b709-1d4085443abb/resourcegroups/p4pa-p-itn-prod-aks-rg/providers/microsoft.containerservice/managedclusters/p4pa-p-itn-prod-aks	/subscriptions/1f1a5d38-ab5b-44af-b709-1d4085443abb/resourcegroups/p4pa-p-itn-prod-aks-rg/providers/microsoft.containerservice/managedclusters/p4pa-p-itn-prod-aks	p4pa-p-itn-prod-aks	p4pa-p-itn-prod-aks-rg	microsoft.containerservice/managedclusters		{}			Legacy authentication for Container Insights - Azure Monitor	2026-09-30	2026-09-30	properties.extendedProperties.retirementDate	exact	Medium		HighAvailability		2026-04-16T16:00:25.747684Z		Migrate to Container insights managed identity authentication	Migrate to Container insights managed identity authentication				[]	missing	missing	missing	metadata_not_found,resource_inventory_not_found,subscription_inventory_not_found	"{""acquisition"":""advisor.recommendations"",""api_version"":""2025-01-01"",""fields"":{""description"":"""",""resource_id"":""properties.resourceMetadata.resourceId""},""lookup_keys"":{""metadata"":""b005ecf0-23e2-4279-9ca2-718d1518c9fb\u0000/subscriptions/1f1a5d38-ab5b-44af-b709-1d4085443abb/resourcegroups/p4pa-p-itn-prod-aks-rg/providers/microsoft.containerservice/managedclusters/p4pa-p-itn-prod-aks"",""resource"":""/subscriptions/1f1a5d38-ab5b-44af-b709-1d4085443abb/resourcegroups/p4pa-p-itn-prod-aks-rg/providers/microsoft.containerservice/managedclusters/p4pa-p-itn-prod-aks"",""subscription"":""1f1a5d38-ab5b-44af-b709-1d4085443abb""},""match_status"":{""metadata"":""missing"",""resource"":""missing"",""subscription"":""missing""},""recommendation_id"":""/subscriptions/1f1a5d38-ab5b-44af-b709-1d4085443abb/resourcegroups/p4pa-p-itn-prod-aks-rg/providers/microsoft.containerservice/managedclusters/p4pa-p-itn-prod-aks/providers/Microsoft.Advisor/recommendations/715f52598cf8768ca747ac2b78a67f3aa004d6842da155e3b60f0fef69978840"",""resource_linkage"":""resource_id""}"	1d44ed1c954c8b8217a7c3315d3e11f1a843a9afcd0059efff03f9d6c8098783
1	72a34e2b-f26c-4bd9-b778-6118966cf94b	2026-07-31	resolved	advisor_retirement_recommendation	azure_advisor	/subscriptions/1f1a5d38-ab5b-44af-b709-1d4085443abb/resourcegroups/p4pa-p-itn-prod-aks-rg/providers/microsoft.containerservice/managedclusters/p4pa-p-itn-prod-aks/providers/Microsoft.Advisor/recommendations/8d13f30d743fece763a403afd739915ac6d20376a38a5f8c30ca71c53698d3b2	00dbcc9d-50d4-44ef-bc21-c15785cddf42	New	1f1a5d38-ab5b-44af-b709-1d4085443abb		resource_id	/subscriptions/1f1a5d38-ab5b-44af-b709-1d4085443abb/resourcegroups/p4pa-p-itn-prod-aks-rg/providers/microsoft.containerservice/managedclusters/p4pa-p-itn-prod-aks	/subscriptions/1f1a5d38-ab5b-44af-b709-1d4085443abb/resourcegroups/p4pa-p-itn-prod-aks-rg/providers/microsoft.containerservice/managedclusters/p4pa-p-itn-prod-aks	p4pa-p-itn-prod-aks	p4pa-p-itn-prod-aks-rg	microsoft.containerservice/managedclusters		{}			Azure Kubernetes Service support for Ubuntu 22.04	2027-06-30	2027-06-30	properties.extendedProperties.retirementDate	exact	Medium		HighAvailability		2026-05-07T15:05:09.877586Z		Migrate to Ubuntu 24.04 or later versions	Migrate to Ubuntu 24.04 or later versions				[]	missing	missing	missing	metadata_not_found,resource_inventory_not_found,subscription_inventory_not_found	"{""acquisition"":""advisor.recommendations"",""api_version"":""2025-01-01"",""fields"":{""description"":"""",""resource_id"":""properties.resourceMetadata.resourceId""},""lookup_keys"":{""metadata"":""00dbcc9d-50d4-44ef-bc21-c15785cddf42\u0000/subscriptions/1f1a5d38-ab5b-44af-b709-1d4085443abb/resourcegroups/p4pa-p-itn-prod-aks-rg/providers/microsoft.containerservice/managedclusters/p4pa-p-itn-prod-aks"",""resource"":""/subscriptions/1f1a5d38-ab5b-44af-b709-1d4085443abb/resourcegroups/p4pa-p-itn-prod-aks-rg/providers/microsoft.containerservice/managedclusters/p4pa-p-itn-prod-aks"",""subscription"":""1f1a5d38-ab5b-44af-b709-1d4085443abb""},""match_status"":{""metadata"":""missing"",""resource"":""missing"",""subscription"":""missing""},""recommendation_id"":""/subscriptions/1f1a5d38-ab5b-44af-b709-1d4085443abb/resourcegroups/p4pa-p-itn-prod-aks-rg/providers/microsoft.containerservice/managedclusters/p4pa-p-itn-prod-aks/providers/Microsoft.Advisor/recommendations/8d13f30d743fece763a403afd739915ac6d20376a38a5f8c30ca71c53698d3b2"",""resource_linkage"":""resource_id""}"	a17d46bbd1e4cad5069e7b97cc963267574e36a1705454ae22efba5b2c2882b6
1	72a34e2b-f26c-4bd9-b778-6118966cf94b	2026-07-31	resolved	advisor_retirement_recommendation	azure_advisor	/subscriptions/26abc801-0d8f-4a6e-ac5f-8e81bcc09112/resourcegroups/pagopa-u-aca-sec-rg/providers/microsoft.keyvault/vaults/pagopa-u-aca-kv/providers/Microsoft.Advisor/recommendations/fe71d3cbdc4943096f0056634bafabc9cbdae5d58ebdb58b2d0a9d5047252238	7ff06874-39e9-41be-9552-fa1ae2a83c88	New	26abc801-0d8f-4a6e-ac5f-8e81bcc09112		resource_id	/subscriptions/26abc801-0d8f-4a6e-ac5f-8e81bcc09112/resourcegroups/pagopa-u-aca-sec-rg/providers/microsoft.keyvault/vaults/pagopa-u-aca-kv	/subscriptions/26abc801-0d8f-4a6e-ac5f-8e81bcc09112/resourcegroups/pagopa-u-aca-sec-rg/providers/microsoft.keyvault/vaults/pagopa-u-aca-kv	pagopa-u-aca-kv	pagopa-u-aca-sec-rg	microsoft.keyvault/vaults		{}			API versions prior to 2026-02-01	2027-02-27	2027-02-27	properties.extendedProperties.retirementDate	exact	High		HighAvailability		2026-07-23T11:56:11.678747Z		Azure Key Vault API versions prior to 2026-02-01 are being retired	Azure Key Vault API versions prior to 2026-02-01 are being retired				[]	missing	missing	missing	metadata_not_found,resource_inventory_not_found,subscription_inventory_not_found	"{""acquisition"":""advisor.recommendations"",""api_version"":""2025-01-01"",""fields"":{""description"":"""",""resource_id"":""properties.resourceMetadata.resourceId""},""lookup_keys"":{""metadata"":""7ff06874-39e9-41be-9552-fa1ae2a83c88\u0000/subscriptions/26abc801-0d8f-4a6e-ac5f-8e81bcc09112/resourcegroups/pagopa-u-aca-sec-rg/providers/microsoft.keyvault/vaults/pagopa-u-aca-kv"",""resource"":""/subscriptions/26abc801-0d8f-4a6e-ac5f-8e81bcc09112/resourcegroups/pagopa-u-aca-sec-rg/providers/microsoft.keyvault/vaults/pagopa-u-aca-kv"",""subscription"":""26abc801-0d8f-4a6e-ac5f-8e81bcc09112""},""match_status"":{""metadata"":""missing"",""resource"":""missing"",""subscription"":""missing""},""recommendation_id"":""/subscriptions/26abc801-0d8f-4a6e-ac5f-8e81bcc09112/resourcegroups/pagopa-u-aca-sec-rg/providers/microsoft.keyvault/vaults/pagopa-u-aca-kv/providers/Microsoft.Advisor/recommendations/fe71d3cbdc4943096f0056634bafabc9cbdae5d58ebdb58b2d0a9d5047252238"",""resource_linkage"":""resource_id""}"	d8bad667284dfb283ff235f187405e61b1a88304c941bbaed7e310b49e44ffba
1	72a34e2b-f26c-4bd9-b778-6118966cf94b	2026-07-31	resolved	advisor_retirement_recommendation	azure_advisor	/subscriptions/26abc801-0d8f-4a6e-ac5f-8e81bcc09112/resourcegroups/pagopa-u-afm-sec-rg/providers/microsoft.keyvault/vaults/pagopa-u-afm-kv/providers/Microsoft.Advisor/recommendations/e8fae8747d832af0d18dc67be07b36eb4c9f3a026f9ebd5ad5e4abd292bb006b	7ff06874-39e9-41be-9552-fa1ae2a83c88	New	26abc801-0d8f-4a6e-ac5f-8e81bcc09112		resource_id	/subscriptions/26abc801-0d8f-4a6e-ac5f-8e81bcc09112/resourcegroups/pagopa-u-afm-sec-rg/providers/microsoft.keyvault/vaults/pagopa-u-afm-kv	/subscriptions/26abc801-0d8f-4a6e-ac5f-8e81bcc09112/resourcegroups/pagopa-u-afm-sec-rg/providers/microsoft.keyvault/vaults/pagopa-u-afm-kv	pagopa-u-afm-kv	pagopa-u-afm-sec-rg	microsoft.keyvault/vaults		{}			API versions prior to 2026-02-01	2027-02-27	2027-02-27	properties.extendedProperties.retirementDate	exact	High		HighAvailability		2026-07-27T18:41:48.590045Z		Azure Key Vault API versions prior to 2026-02-01 are being retired	Azure Key Vault API versions prior to 2026-02-01 are being retired				[]	missing	missing	missing	metadata_not_found,resource_inventory_not_found,subscription_inventory_not_found	"{""acquisition"":""advisor.recommendations"",""api_version"":""2025-01-01"",""fields"":{""description"":"""",""resource_id"":""properties.resourceMetadata.resourceId""},""lookup_keys"":{""metadata"":""7ff06874-39e9-41be-9552-fa1ae2a83c88\u0000/subscriptions/26abc801-0d8f-4a6e-ac5f-8e81bcc09112/resourcegroups/pagopa-u-afm-sec-rg/providers/microsoft.keyvault/vaults/pagopa-u-afm-kv"",""resource"":""/subscriptions/26abc801-0d8f-4a6e-ac5f-8e81bcc09112/resourcegroups/pagopa-u-afm-sec-rg/providers/microsoft.keyvault/vaults/pagopa-u-afm-kv"",""subscription"":""26abc801-0d8f-4a6e-ac5f-8e81bcc09112""},""match_status"":{""metadata"":""missing"",""resource"":""missing"",""subscription"":""missing""},""recommendation_id"":""/subscriptions/26abc801-0d8f-4a6e-ac5f-8e81bcc09112/resourcegroups/pagopa-u-afm-sec-rg/providers/microsoft.keyvault/vaults/pagopa-u-afm-kv/providers/Microsoft.Advisor/recommendations/e8fae8747d832af0d18dc67be07b36eb4c9f3a026f9ebd5ad5e4abd292bb006b"",""resource_linkage"":""resource_id""}"	98a19c4e92b4e0452485d29ad765d396c6e8baede9521c4a1379ed45b6a3e0ef
1	72a34e2b-f26c-4bd9-b778-6118966cf94b	2026-07-31	resolved	advisor_retirement_recommendation	azure_advisor	/subscriptions/26abc801-0d8f-4a6e-ac5f-8e81bcc09112/resourcegroups/pagopa-u-apiconfig-sec-rg/providers/microsoft.keyvault/vaults/pagopa-u-apiconfig-kv/providers/Microsoft.Advisor/recommendations/a78a48a44dff242e229da1fea5a327659eef97bd1ad139b3571c292aca73292b	7ff06874-39e9-41be-9552-fa1ae2a83c88	New	26abc801-0d8f-4a6e-ac5f-8e81bcc09112		resource_id	/subscriptions/26abc801-0d8f-4a6e-ac5f-8e81bcc09112/resourcegroups/pagopa-u-apiconfig-sec-rg/providers/microsoft.keyvault/vaults/pagopa-u-apiconfig-kv	/subscriptions/26abc801-0d8f-4a6e-ac5f-8e81bcc09112/resourcegroups/pagopa-u-apiconfig-sec-rg/providers/microsoft.keyvault/vaults/pagopa-u-apiconfig-kv	pagopa-u-apiconfig-kv	pagopa-u-apiconfig-sec-rg	microsoft.keyvault/vaults		{}			API versions prior to 2026-02-01	2027-02-27	2027-02-27	properties.extendedProperties.retirementDate	exact	High		HighAvailability		2026-07-27T18:42:38.397331Z		Azure Key Vault API versions prior to 2026-02-01 are being retired	Azure Key Vault API versions prior to 2026-02-01 are being retired				[]	missing	missing	missing	metadata_not_found,resource_inventory_not_found,subscription_inventory_not_found	"{""acquisition"":""advisor.recommendations"",""api_version"":""2025-01-01"",""fields"":{""description"":"""",""resource_id"":""properties.resourceMetadata.resourceId""},""lookup_keys"":{""metadata"":""7ff06874-39e9-41be-9552-fa1ae2a83c88\u0000/subscriptions/26abc801-0d8f-4a6e-ac5f-8e81bcc09112/resourcegroups/pagopa-u-apiconfig-sec-rg/providers/microsoft.keyvault/vaults/pagopa-u-apiconfig-kv"",""resource"":""/subscriptions/26abc801-0d8f-4a6e-ac5f-8e81bcc09112/resourcegroups/pagopa-u-apiconfig-sec-rg/providers/microsoft.keyvault/vaults/pagopa-u-apiconfig-kv"",""subscription"":""26abc801-0d8f-4a6e-ac5f-8e81bcc09112""},""match_status"":{""metadata"":""missing"",""resource"":""missing"",""subscription"":""missing""},""recommendation_id"":""/subscriptions/26abc801-0d8f-4a6e-ac5f-8e81bcc09112/resourcegroups/pagopa-u-apiconfig-sec-rg/providers/microsoft.keyvault/vaults/pagopa-u-apiconfig-kv/providers/Microsoft.Advisor/recommendations/a78a48a44dff242e229da1fea5a327659eef97bd1ad139b3571c292aca73292b"",""resource_linkage"":""resource_id""}"	81b402d75ddb56054b6b36a5830ea18ea755ad9c3098690c7d3784c939905d63
1	72a34e2b-f26c-4bd9-b778-6118966cf94b	2026-07-31	resolved	advisor_retirement_recommendation	azure_advisor	/subscriptions/26abc801-0d8f-4a6e-ac5f-8e81bcc09112/resourcegroups/pagopa-u-bizevents-sec-rg/providers/microsoft.keyvault/vaults/pagopa-u-bizevents-kv/providers/Microsoft.Advisor/recommendations/07456da83e4995e3c9e7a94d0289b457236125629904a4fb0b9064aead17bd30	7ff06874-39e9-41be-9552-fa1ae2a83c88	New	26abc801-0d8f-4a6e-ac5f-8e81bcc09112		resource_id	/subscriptions/26abc801-0d8f-4a6e-ac5f-8e81bcc09112/resourcegroups/pagopa-u-bizevents-sec-rg/providers/microsoft.keyvault/vaults/pagopa-u-bizevents-kv	/subscriptions/26abc801-0d8f-4a6e-ac5f-8e81bcc09112/resourcegroups/pagopa-u-bizevents-sec-rg/providers/microsoft.keyvault/vaults/pagopa-u-bizevents-kv	pagopa-u-bizevents-kv	pagopa-u-bizevents-sec-rg	microsoft.keyvault/vaults		{}			API versions prior to 2026-02-01	2027-02-27	2027-02-27	properties.extendedProperties.retirementDate	exact	High		HighAvailability		2026-07-23T14:20:05.876116Z		Azure Key Vault API versions prior to 2026-02-01 are being retired	Azure Key Vault API versions prior to 2026-02-01 are being retired				[]	missing	missing	missing	metadata_not_found,resource_inventory_not_found,subscription_inventory_not_found	"{""acquisition"":""advisor.recommendations"",""api_version"":""2025-01-01"",""fields"":{""description"":"""",""resource_id"":""properties.resourceMetadata.resourceId""},""lookup_keys"":{""metadata"":""7ff06874-39e9-41be-9552-fa1ae2a83c88\u0000/subscriptions/26abc801-0d8f-4a6e-ac5f-8e81bcc09112/resourcegroups/pagopa-u-bizevents-sec-rg/providers/microsoft.keyvault/vaults/pagopa-u-bizevents-kv"",""resource"":""/subscriptions/26abc801-0d8f-4a6e-ac5f-8e81bcc09112/resourcegroups/pagopa-u-bizevents-sec-rg/providers/microsoft.keyvault/vaults/pagopa-u-bizevents-kv"",""subscription"":""26abc801-0d8f-4a6e-ac5f-8e81bcc09112""},""match_status"":{""metadata"":""missing"",""resource"":""missing"",""subscription"":""missing""},""recommendation_id"":""/subscriptions/26abc801-0d8f-4a6e-ac5f-8e81bcc09112/resourcegroups/pagopa-u-bizevents-sec-rg/providers/microsoft.keyvault/vaults/pagopa-u-bizevents-kv/providers/Microsoft.Advisor/recommendations/07456da83e4995e3c9e7a94d0289b457236125629904a4fb0b9064aead17bd30"",""resource_linkage"":""resource_id""}"	be4e105b4ac0cf10ddc7cc439fb41a97499fd768e869f6ac06340737893ec852
1	72a34e2b-f26c-4bd9-b778-6118966cf94b	2026-07-31	resolved	advisor_retirement_recommendation	azure_advisor	/subscriptions/26abc801-0d8f-4a6e-ac5f-8e81bcc09112/resourcegroups/pagopa-u-checkout-sec-rg/providers/microsoft.keyvault/vaults/pagopa-u-checkout-kv/providers/Microsoft.Advisor/recommendations/8e06213ef7a33123e01cf45b5747fdd51afbf25f73d3d087191edb1b7c0f5f5d	7ff06874-39e9-41be-9552-fa1ae2a83c88	New	26abc801-0d8f-4a6e-ac5f-8e81bcc09112		resource_id	/subscriptions/26abc801-0d8f-4a6e-ac5f-8e81bcc09112/resourcegroups/pagopa-u-checkout-sec-rg/providers/microsoft.keyvault/vaults/pagopa-u-checkout-kv	/subscriptions/26abc801-0d8f-4a6e-ac5f-8e81bcc09112/resourcegroups/pagopa-u-checkout-sec-rg/providers/microsoft.keyvault/vaults/pagopa-u-checkout-kv	pagopa-u-checkout-kv	pagopa-u-checkout-sec-rg	microsoft.keyvault/vaults		{}			API versions prior to 2026-02-01	2027-02-27	2027-02-27	properties.extendedProperties.retirementDate	exact	High		HighAvailability		2026-07-24T18:36:46.364097Z		Azure Key Vault API versions prior to 2026-02-01 are being retired	Azure Key Vault API versions prior to 2026-02-01 are being retired				[]	missing	missing	missing	metadata_not_found,resource_inventory_not_found,subscription_inventory_not_found	"{""acquisition"":""advisor.recommendations"",""api_version"":""2025-01-01"",""fields"":{""description"":"""",""resource_id"":""properties.resourceMetadata.resourceId""},""lookup_keys"":{""metadata"":""7ff06874-39e9-41be-9552-fa1ae2a83c88\u0000/subscriptions/26abc801-0d8f-4a6e-ac5f-8e81bcc09112/resourcegroups/pagopa-u-checkout-sec-rg/providers/microsoft.keyvault/vaults/pagopa-u-checkout-kv"",""resource"":""/subscriptions/26abc801-0d8f-4a6e-ac5f-8e81bcc09112/resourcegroups/pagopa-u-checkout-sec-rg/providers/microsoft.keyvault/vaults/pagopa-u-checkout-kv"",""subscription"":""26abc801-0d8f-4a6e-ac5f-8e81bcc09112""},""match_status"":{""metadata"":""missing"",""resource"":""missing"",""subscription"":""missing""},""recommendation_id"":""/subscriptions/26abc801-0d8f-4a6e-ac5f-8e81bcc09112/resourcegroups/pagopa-u-checkout-sec-rg/providers/microsoft.keyvault/vaults/pagopa-u-checkout-kv/providers/Microsoft.Advisor/recommendations/8e06213ef7a33123e01cf45b5747fdd51afbf25f73d3d087191edb1b7c0f5f5d"",""resource_linkage"":""resource_id""}"	a5346072ef7e5c4e3d98fa4d71729e9673d245537baef270c09166f4782f5852
1	72a34e2b-f26c-4bd9-b778-6118966cf94b	2026-07-31	resolved	advisor_retirement_recommendation	azure_advisor	/subscriptions/26abc801-0d8f-4a6e-ac5f-8e81bcc09112/resourcegroups/pagopa-u-data-rg/providers/microsoft.cache/redis/pagopa-u-redis/providers/Microsoft.Advisor/recommendations/c19bd0eff65d7a1b5769a238a1a3d1beaf4f8d4cbfce9ae920af5e8d732a1707	f3aded79-f9ff-4ce4-99e3-2ffcf11161a4	New	26abc801-0d8f-4a6e-ac5f-8e81bcc09112		resource_id	/subscriptions/26abc801-0d8f-4a6e-ac5f-8e81bcc09112/resourcegroups/pagopa-u-data-rg/providers/microsoft.cache/redis/pagopa-u-redis	/subscriptions/26abc801-0d8f-4a6e-ac5f-8e81bcc09112/resourcegroups/pagopa-u-data-rg/providers/microsoft.cache/redis/pagopa-u-redis	pagopa-u-redis	pagopa-u-data-rg	microsoft.cache/redis		{}			Redis Cache	2028-09-30	2028-09-30	properties.extendedProperties.retirementDate	exact	Medium		HighAvailability		2026-05-21T22:57:30.048401Z		Migrate to Azure Managed Redis from Azure Cache for Redis	Migrate to Azure Managed Redis from Azure Cache for Redis				[]	missing	missing	missing	metadata_not_found,resource_inventory_not_found,subscription_inventory_not_found	"{""acquisition"":""advisor.recommendations"",""api_version"":""2025-01-01"",""fields"":{""description"":"""",""resource_id"":""properties.resourceMetadata.resourceId""},""lookup_keys"":{""metadata"":""f3aded79-f9ff-4ce4-99e3-2ffcf11161a4\u0000/subscriptions/26abc801-0d8f-4a6e-ac5f-8e81bcc09112/resourcegroups/pagopa-u-data-rg/providers/microsoft.cache/redis/pagopa-u-redis"",""resource"":""/subscriptions/26abc801-0d8f-4a6e-ac5f-8e81bcc09112/resourcegroups/pagopa-u-data-rg/providers/microsoft.cache/redis/pagopa-u-redis"",""subscription"":""26abc801-0d8f-4a6e-ac5f-8e81bcc09112""},""match_status"":{""metadata"":""missing"",""resource"":""missing"",""subscription"":""missing""},""recommendation_id"":""/subscriptions/26abc801-0d8f-4a6e-ac5f-8e81bcc09112/resourcegroups/pagopa-u-data-rg/providers/microsoft.cache/redis/pagopa-u-redis/providers/Microsoft.Advisor/recommendations/c19bd0eff65d7a1b5769a238a1a3d1beaf4f8d4cbfce9ae920af5e8d732a1707"",""resource_linkage"":""resource_id""}"	096ea785a437ca68aadb617ba5e749e75643c60e4ea253dad8b9ee48bfba6319
1	72a34e2b-f26c-4bd9-b778-6118966cf94b	2026-07-31	resolved	advisor_retirement_recommendation	azure_advisor	/subscriptions/26abc801-0d8f-4a6e-ac5f-8e81bcc09112/resourcegroups/pagopa-u-ecommerce-sec-rg/providers/microsoft.keyvault/vaults/pagopa-u-ecommerce-kv/providers/Microsoft.Advisor/recommendations/126d97b9cec5a94c718aeae43b3efb609edbb6330dd777fd4ae30e9a20a01c2d	7ff06874-39e9-41be-9552-fa1ae2a83c88	New	26abc801-0d8f-4a6e-ac5f-8e81bcc09112		resource_id	/subscriptions/26abc801-0d8f-4a6e-ac5f-8e81bcc09112/resourcegroups/pagopa-u-ecommerce-sec-rg/providers/microsoft.keyvault/vaults/pagopa-u-ecommerce-kv	/subscriptions/26abc801-0d8f-4a6e-ac5f-8e81bcc09112/resourcegroups/pagopa-u-ecommerce-sec-rg/providers/microsoft.keyvault/vaults/pagopa-u-ecommerce-kv	pagopa-u-ecommerce-kv	pagopa-u-ecommerce-sec-rg	microsoft.keyvault/vaults		{}			API versions prior to 2026-02-01	2027-02-27	2027-02-27	properties.extendedProperties.retirementDate	exact	High		HighAvailability		2026-07-30T20:08:38.577386Z		Azure Key Vault API versions prior to 2026-02-01 are being retired	Azure Key Vault API versions prior to 2026-02-01 are being retired				[]	missing	missing	missing	metadata_not_found,resource_inventory_not_found,subscription_inventory_not_found	"{""acquisition"":""advisor.recommendations"",""api_version"":""2025-01-01"",""fields"":{""description"":"""",""resource_id"":""properties.resourceMetadata.resourceId""},""lookup_keys"":{""metadata"":""7ff06874-39e9-41be-9552-fa1ae2a83c88\u0000/subscriptions/26abc801-0d8f-4a6e-ac5f-8e81bcc09112/resourcegroups/pagopa-u-ecommerce-sec-rg/providers/microsoft.keyvault/vaults/pagopa-u-ecommerce-kv"",""resource"":""/subscriptions/26abc801-0d8f-4a6e-ac5f-8e81bcc09112/resourcegroups/pagopa-u-ecommerce-sec-rg/providers/microsoft.keyvault/vaults/pagopa-u-ecommerce-kv"",""subscription"":""26abc801-0d8f-4a6e-ac5f-8e81bcc09112""},""match_status"":{""metadata"":""missing"",""resource"":""missing"",""subscription"":""missing""},""recommendation_id"":""/subscriptions/26abc801-0d8f-4a6e-ac5f-8e81bcc09112/resourcegroups/pagopa-u-ecommerce-sec-rg/providers/microsoft.keyvault/vaults/pagopa-u-ecommerce-kv/providers/Microsoft.Advisor/recommendations/126d97b9cec5a94c718aeae43b3efb609edbb6330dd777fd4ae30e9a20a01c2d"",""resource_linkage"":""resource_id""}"	ae2c8d097735a420e46708c52c2ba2ac60b84b2627f33fa2a7ab0c3fbf18448f
1	72a34e2b-f26c-4bd9-b778-6118966cf94b	2026-07-31	resolved	advisor_retirement_recommendation	azure_advisor	/subscriptions/26abc801-0d8f-4a6e-ac5f-8e81bcc09112/resourcegroups/pagopa-u-fdr-sec-rg/providers/microsoft.keyvault/vaults/pagopa-u-fdr-kv/providers/Microsoft.Advisor/recommendations/156a75f174f174ec45970cda07e51b38541bd0776933ecceffd87956eb92f3a2	7ff06874-39e9-41be-9552-fa1ae2a83c88	New	26abc801-0d8f-4a6e-ac5f-8e81bcc09112		resource_id	/subscriptions/26abc801-0d8f-4a6e-ac5f-8e81bcc09112/resourcegroups/pagopa-u-fdr-sec-rg/providers/microsoft.keyvault/vaults/pagopa-u-fdr-kv	/subscriptions/26abc801-0d8f-4a6e-ac5f-8e81bcc09112/resourcegroups/pagopa-u-fdr-sec-rg/providers/microsoft.keyvault/vaults/pagopa-u-fdr-kv	pagopa-u-fdr-kv	pagopa-u-fdr-sec-rg	microsoft.keyvault/vaults		{}			API versions prior to 2026-02-01	2027-02-27	2027-02-27	properties.extendedProperties.retirementDate	exact	High		HighAvailability		2026-07-22T12:38:08.790438Z		Azure Key Vault API versions prior to 2026-02-01 are being retired	Azure Key Vault API versions prior to 2026-02-01 are being retired				[]	missing	missing	missing	metadata_not_found,resource_inventory_not_found,subscription_inventory_not_found	"{""acquisition"":""advisor.recommendations"",""api_version"":""2025-01-01"",""fields"":{""description"":"""",""resource_id"":""properties.resourceMetadata.resourceId""},""lookup_keys"":{""metadata"":""7ff06874-39e9-41be-9552-fa1ae2a83c88\u0000/subscriptions/26abc801-0d8f-4a6e-ac5f-8e81bcc09112/resourcegroups/pagopa-u-fdr-sec-rg/providers/microsoft.keyvault/vaults/pagopa-u-fdr-kv"",""resource"":""/subscriptions/26abc801-0d8f-4a6e-ac5f-8e81bcc09112/resourcegroups/pagopa-u-fdr-sec-rg/providers/microsoft.keyvault/vaults/pagopa-u-fdr-kv"",""subscription"":""26abc801-0d8f-4a6e-ac5f-8e81bcc09112""},""match_status"":{""metadata"":""missing"",""resource"":""missing"",""subscription"":""missing""},""recommendation_id"":""/subscriptions/26abc801-0d8f-4a6e-ac5f-8e81bcc09112/resourcegroups/pagopa-u-fdr-sec-rg/providers/microsoft.keyvault/vaults/pagopa-u-fdr-kv/providers/Microsoft.Advisor/recommendations/156a75f174f174ec45970cda07e51b38541bd0776933ecceffd87956eb92f3a2"",""resource_linkage"":""resource_id""}"	831085198f57f6af50f74e2e68b96e243cfcf427f3d8b4c6765bc1220956ccc4
1	72a34e2b-f26c-4bd9-b778-6118966cf94b	2026-07-31	resolved	advisor_retirement_recommendation	azure_advisor	/subscriptions/26abc801-0d8f-4a6e-ac5f-8e81bcc09112/resourcegroups/pagopa-u-gps-sec-rg/providers/microsoft.keyvault/vaults/pagopa-u-gps-kv/providers/Microsoft.Advisor/recommendations/1b688f7065b36d4642e5dafe4a6a8a4424c92374768883c19a627b50ebfd42ed	7ff06874-39e9-41be-9552-fa1ae2a83c88	New	26abc801-0d8f-4a6e-ac5f-8e81bcc09112		resource_id	/subscriptions/26abc801-0d8f-4a6e-ac5f-8e81bcc09112/resourcegroups/pagopa-u-gps-sec-rg/providers/microsoft.keyvault/vaults/pagopa-u-gps-kv	/subscriptions/26abc801-0d8f-4a6e-ac5f-8e81bcc09112/resourcegroups/pagopa-u-gps-sec-rg/providers/microsoft.keyvault/vaults/pagopa-u-gps-kv	pagopa-u-gps-kv	pagopa-u-gps-sec-rg	microsoft.keyvault/vaults		{}			API versions prior to 2026-02-01	2027-02-27	2027-02-27	properties.extendedProperties.retirementDate	exact	High		HighAvailability		2026-07-23T11:57:10.053209Z		Azure Key Vault API versions prior to 2026-02-01 are being retired	Azure Key Vault API versions prior to 2026-02-01 are being retired				[]	missing	missing	missing	metadata_not_found,resource_inventory_not_found,subscription_inventory_not_found	"{""acquisition"":""advisor.recommendations"",""api_version"":""2025-01-01"",""fields"":{""description"":"""",""resource_id"":""properties.resourceMetadata.resourceId""},""lookup_keys"":{""metadata"":""7ff06874-39e9-41be-9552-fa1ae2a83c88\u0000/subscriptions/26abc801-0d8f-4a6e-ac5f-8e81bcc09112/resourcegroups/pagopa-u-gps-sec-rg/providers/microsoft.keyvault/vaults/pagopa-u-gps-kv"",""resource"":""/subscriptions/26abc801-0d8f-4a6e-ac5f-8e81bcc09112/resourcegroups/pagopa-u-gps-sec-rg/providers/microsoft.keyvault/vaults/pagopa-u-gps-kv"",""subscription"":""26abc801-0d8f-4a6e-ac5f-8e81bcc09112""},""match_status"":{""metadata"":""missing"",""resource"":""missing"",""subscription"":""missing""},""recommendation_id"":""/subscriptions/26abc801-0d8f-4a6e-ac5f-8e81bcc09112/resourcegroups/pagopa-u-gps-sec-rg/providers/microsoft.keyvault/vaults/pagopa-u-gps-kv/providers/Microsoft.Advisor/recommendations/1b688f7065b36d4642e5dafe4a6a8a4424c92374768883c19a627b50ebfd42ed"",""resource_linkage"":""resource_id""}"	e036fc19be0f4619473f72fb36dd4a3c0cd133ed502d904372c1454400a79e36
1	72a34e2b-f26c-4bd9-b778-6118966cf94b	2026-07-31	resolved	advisor_retirement_recommendation	azure_advisor	/subscriptions/26abc801-0d8f-4a6e-ac5f-8e81bcc09112/resourcegroups/pagopa-u-itn-cloudo-sec-rg/providers/microsoft.keyvault/vaults/pagopa-u-itn-cloudo-kv/providers/Microsoft.Advisor/recommendations/02a9275aeab678fd2d37cdf91f827fabba20e592a0a3e70032ff597a734595ea	7ff06874-39e9-41be-9552-fa1ae2a83c88	New	26abc801-0d8f-4a6e-ac5f-8e81bcc09112		resource_id	/subscriptions/26abc801-0d8f-4a6e-ac5f-8e81bcc09112/resourcegroups/pagopa-u-itn-cloudo-sec-rg/providers/microsoft.keyvault/vaults/pagopa-u-itn-cloudo-kv	/subscriptions/26abc801-0d8f-4a6e-ac5f-8e81bcc09112/resourcegroups/pagopa-u-itn-cloudo-sec-rg/providers/microsoft.keyvault/vaults/pagopa-u-itn-cloudo-kv	pagopa-u-itn-cloudo-kv	pagopa-u-itn-cloudo-sec-rg	microsoft.keyvault/vaults		{}			API versions prior to 2026-02-01	2027-02-27	2027-02-27	properties.extendedProperties.retirementDate	exact	High		HighAvailability		2026-07-29T21:18:47.076574Z		Azure Key Vault API versions prior to 2026-02-01 are being retired	Azure Key Vault API versions prior to 2026-02-01 are being retired				[]	missing	missing	missing	metadata_not_found,resource_inventory_not_found,subscription_inventory_not_found	"{""acquisition"":""advisor.recommendations"",""api_version"":""2025-01-01"",""fields"":{""description"":"""",""resource_id"":""properties.resourceMetadata.resourceId""},""lookup_keys"":{""metadata"":""7ff06874-39e9-41be-9552-fa1ae2a83c88\u0000/subscriptions/26abc801-0d8f-4a6e-ac5f-8e81bcc09112/resourcegroups/pagopa-u-itn-cloudo-sec-rg/providers/microsoft.keyvault/vaults/pagopa-u-itn-cloudo-kv"",""resource"":""/subscriptions/26abc801-0d8f-4a6e-ac5f-8e81bcc09112/resourcegroups/pagopa-u-itn-cloudo-sec-rg/providers/microsoft.keyvault/vaults/pagopa-u-itn-cloudo-kv"",""subscription"":""26abc801-0d8f-4a6e-ac5f-8e81bcc09112""},""match_status"":{""metadata"":""missing"",""resource"":""missing"",""subscription"":""missing""},""recommendation_id"":""/subscriptions/26abc801-0d8f-4a6e-ac5f-8e81bcc09112/resourcegroups/pagopa-u-itn-cloudo-sec-rg/providers/microsoft.keyvault/vaults/pagopa-u-itn-cloudo-kv/providers/Microsoft.Advisor/recommendations/02a9275aeab678fd2d37cdf91f827fabba20e592a0a3e70032ff597a734595ea"",""resource_linkage"":""resource_id""}"	58e0a1c32381baaea77fdb4ae128caa89f8e47cca58c5014b8e25b139c8ec687
1	72a34e2b-f26c-4bd9-b778-6118966cf94b	2026-07-31	resolved	advisor_retirement_recommendation	azure_advisor	/subscriptions/26abc801-0d8f-4a6e-ac5f-8e81bcc09112/resourcegroups/pagopa-u-itn-core-sec-rg/providers/microsoft.keyvault/vaults/pagopa-u-itn-core-kv/providers/Microsoft.Advisor/recommendations/7a7d2a6d3db6a31eb4d10ae8c10a06486bc329975f41bcf25fe827de9e8f9cf8	7ff06874-39e9-41be-9552-fa1ae2a83c88	New	26abc801-0d8f-4a6e-ac5f-8e81bcc09112		resource_id	/subscriptions/26abc801-0d8f-4a6e-ac5f-8e81bcc09112/resourcegroups/pagopa-u-itn-core-sec-rg/providers/microsoft.keyvault/vaults/pagopa-u-itn-core-kv	/subscriptions/26abc801-0d8f-4a6e-ac5f-8e81bcc09112/resourcegroups/pagopa-u-itn-core-sec-rg/providers/microsoft.keyvault/vaults/pagopa-u-itn-core-kv	pagopa-u-itn-core-kv	pagopa-u-itn-core-sec-rg	microsoft.keyvault/vaults		{}			API versions prior to 2026-02-01	2027-02-27	2027-02-27	properties.extendedProperties.retirementDate	exact	High		HighAvailability		2026-07-28T21:56:28.924556Z		Azure Key Vault API versions prior to 2026-02-01 are being retired	Azure Key Vault API versions prior to 2026-02-01 are being retired				[]	missing	missing	missing	metadata_not_found,resource_inventory_not_found,subscription_inventory_not_found	"{""acquisition"":""advisor.recommendations"",""api_version"":""2025-01-01"",""fields"":{""description"":"""",""resource_id"":""properties.resourceMetadata.resourceId""},""lookup_keys"":{""metadata"":""7ff06874-39e9-41be-9552-fa1ae2a83c88\u0000/subscriptions/26abc801-0d8f-4a6e-ac5f-8e81bcc09112/resourcegroups/pagopa-u-itn-core-sec-rg/providers/microsoft.keyvault/vaults/pagopa-u-itn-core-kv"",""resource"":""/subscriptions/26abc801-0d8f-4a6e-ac5f-8e81bcc09112/resourcegroups/pagopa-u-itn-core-sec-rg/providers/microsoft.keyvault/vaults/pagopa-u-itn-core-kv"",""subscription"":""26abc801-0d8f-4a6e-ac5f-8e81bcc09112""},""match_status"":{""metadata"":""missing"",""resource"":""missing"",""subscription"":""missing""},""recommendation_id"":""/subscriptions/26abc801-0d8f-4a6e-ac5f-8e81bcc09112/resourcegroups/pagopa-u-itn-core-sec-rg/providers/microsoft.keyvault/vaults/pagopa-u-itn-core-kv/providers/Microsoft.Advisor/recommendations/7a7d2a6d3db6a31eb4d10ae8c10a06486bc329975f41bcf25fe827de9e8f9cf8"",""resource_linkage"":""resource_id""}"	fc278b475d61da6c2639a508cef3f0874b12d2b51e85d04c0d96f17b73b32eda
1	72a34e2b-f26c-4bd9-b778-6118966cf94b	2026-07-31	resolved	advisor_retirement_recommendation	azure_advisor	/subscriptions/26abc801-0d8f-4a6e-ac5f-8e81bcc09112/resourcegroups/pagopa-u-itn-crusc8-sec-rg/providers/microsoft.keyvault/vaults/pagopa-u-itn-crusc8-kv/providers/Microsoft.Advisor/recommendations/e76e65accbbb3ff10d6fbb887a53cd500def451f10bcffd95c7f64c759d03737	7ff06874-39e9-41be-9552-fa1ae2a83c88	New	26abc801-0d8f-4a6e-ac5f-8e81bcc09112		resource_id	/subscriptions/26abc801-0d8f-4a6e-ac5f-8e81bcc09112/resourcegroups/pagopa-u-itn-crusc8-sec-rg/providers/microsoft.keyvault/vaults/pagopa-u-itn-crusc8-kv	/subscriptions/26abc801-0d8f-4a6e-ac5f-8e81bcc09112/resourcegroups/pagopa-u-itn-crusc8-sec-rg/providers/microsoft.keyvault/vaults/pagopa-u-itn-crusc8-kv	pagopa-u-itn-crusc8-kv	pagopa-u-itn-crusc8-sec-rg	microsoft.keyvault/vaults		{}			API versions prior to 2026-02-01	2027-02-27	2027-02-27	properties.extendedProperties.retirementDate	exact	High		HighAvailability		2026-07-30T20:08:42.108127Z		Azure Key Vault API versions prior to 2026-02-01 are being retired	Azure Key Vault API versions prior to 2026-02-01 are being retired				[]	missing	missing	missing	metadata_not_found,resource_inventory_not_found,subscription_inventory_not_found	"{""acquisition"":""advisor.recommendations"",""api_version"":""2025-01-01"",""fields"":{""description"":"""",""resource_id"":""properties.resourceMetadata.resourceId""},""lookup_keys"":{""metadata"":""7ff06874-39e9-41be-9552-fa1ae2a83c88\u0000/subscriptions/26abc801-0d8f-4a6e-ac5f-8e81bcc09112/resourcegroups/pagopa-u-itn-crusc8-sec-rg/providers/microsoft.keyvault/vaults/pagopa-u-itn-crusc8-kv"",""resource"":""/subscriptions/26abc801-0d8f-4a6e-ac5f-8e81bcc09112/resourcegroups/pagopa-u-itn-crusc8-sec-rg/providers/microsoft.keyvault/vaults/pagopa-u-itn-crusc8-kv"",""subscription"":""26abc801-0d8f-4a6e-ac5f-8e81bcc09112""},""match_status"":{""metadata"":""missing"",""resource"":""missing"",""subscription"":""missing""},""recommendation_id"":""/subscriptions/26abc801-0d8f-4a6e-ac5f-8e81bcc09112/resourcegroups/pagopa-u-itn-crusc8-sec-rg/providers/microsoft.keyvault/vaults/pagopa-u-itn-crusc8-kv/providers/Microsoft.Advisor/recommendations/e76e65accbbb3ff10d6fbb887a53cd500def451f10bcffd95c7f64c759d03737"",""resource_linkage"":""resource_id""}"	e7c49d218ba92c26cbfd3342f7cd39e47e317e6577ca63f57b10e24d83727aa0
1	72a34e2b-f26c-4bd9-b778-6118966cf94b	2026-07-31	resolved	advisor_retirement_recommendation	azure_advisor	/subscriptions/26abc801-0d8f-4a6e-ac5f-8e81bcc09112/resourcegroups/pagopa-u-itn-pay-wallet-redis-std-rg/providers/microsoft.cache/redis/pagopa-u-itn-pay-wallet-redis-std/providers/Microsoft.Advisor/recommendations/52c78f851ffe8fd94684051417333e226f7e070b6dd8253d9cbd8d03ed9300d3	f3aded79-f9ff-4ce4-99e3-2ffcf11161a4	New	26abc801-0d8f-4a6e-ac5f-8e81bcc09112		resource_id	/subscriptions/26abc801-0d8f-4a6e-ac5f-8e81bcc09112/resourcegroups/pagopa-u-itn-pay-wallet-redis-std-rg/providers/microsoft.cache/redis/pagopa-u-itn-pay-wallet-redis-std	/subscriptions/26abc801-0d8f-4a6e-ac5f-8e81bcc09112/resourcegroups/pagopa-u-itn-pay-wallet-redis-std-rg/providers/microsoft.cache/redis/pagopa-u-itn-pay-wallet-redis-std	pagopa-u-itn-pay-wallet-redis-std	pagopa-u-itn-pay-wallet-redis-std-rg	microsoft.cache/redis		{}			Redis Cache	2028-09-30	2028-09-30	properties.extendedProperties.retirementDate	exact	Medium		HighAvailability		2026-04-28T02:32:05.830897Z		Migrate to Azure Managed Redis from Azure Cache for Redis	Migrate to Azure Managed Redis from Azure Cache for Redis				[]	missing	missing	missing	metadata_not_found,resource_inventory_not_found,subscription_inventory_not_found	"{""acquisition"":""advisor.recommendations"",""api_version"":""2025-01-01"",""fields"":{""description"":"""",""resource_id"":""properties.resourceMetadata.resourceId""},""lookup_keys"":{""metadata"":""f3aded79-f9ff-4ce4-99e3-2ffcf11161a4\u0000/subscriptions/26abc801-0d8f-4a6e-ac5f-8e81bcc09112/resourcegroups/pagopa-u-itn-pay-wallet-redis-std-rg/providers/microsoft.cache/redis/pagopa-u-itn-pay-wallet-redis-std"",""resource"":""/subscriptions/26abc801-0d8f-4a6e-ac5f-8e81bcc09112/resourcegroups/pagopa-u-itn-pay-wallet-redis-std-rg/providers/microsoft.cache/redis/pagopa-u-itn-pay-wallet-redis-std"",""subscription"":""26abc801-0d8f-4a6e-ac5f-8e81bcc09112""},""match_status"":{""metadata"":""missing"",""resource"":""missing"",""subscription"":""missing""},""recommendation_id"":""/subscriptions/26abc801-0d8f-4a6e-ac5f-8e81bcc09112/resourcegroups/pagopa-u-itn-pay-wallet-redis-std-rg/providers/microsoft.cache/redis/pagopa-u-itn-pay-wallet-redis-std/providers/Microsoft.Advisor/recommendations/52c78f851ffe8fd94684051417333e226f7e070b6dd8253d9cbd8d03ed9300d3"",""resource_linkage"":""resource_id""}"	65e5db27c0b75a5809137346690adfc950898b0b0ca7a05b442b5a814c464a9f
1	72a34e2b-f26c-4bd9-b778-6118966cf94b	2026-07-31	resolved	advisor_retirement_recommendation	azure_advisor	/subscriptions/26abc801-0d8f-4a6e-ac5f-8e81bcc09112/resourcegroups/pagopa-u-itn-printit-sec-rg/providers/microsoft.keyvault/vaults/pagopa-u-itn-printit-kv/providers/Microsoft.Advisor/recommendations/85015c876e99bd29c2ac0d3f951e8770252f8db7dec80663cf0d8fa4b9539506	7ff06874-39e9-41be-9552-fa1ae2a83c88	New	26abc801-0d8f-4a6e-ac5f-8e81bcc09112		resource_id	/subscriptions/26abc801-0d8f-4a6e-ac5f-8e81bcc09112/resourcegroups/pagopa-u-itn-printit-sec-rg/providers/microsoft.keyvault/vaults/pagopa-u-itn-printit-kv	/subscriptions/26abc801-0d8f-4a6e-ac5f-8e81bcc09112/resourcegroups/pagopa-u-itn-printit-sec-rg/providers/microsoft.keyvault/vaults/pagopa-u-itn-printit-kv	pagopa-u-itn-printit-kv	pagopa-u-itn-printit-sec-rg	microsoft.keyvault/vaults		{}			API versions prior to 2026-02-01	2027-02-27	2027-02-27	properties.extendedProperties.retirementDate	exact	High		HighAvailability		2026-07-27T18:42:38.416676Z		Azure Key Vault API versions prior to 2026-02-01 are being retired	Azure Key Vault API versions prior to 2026-02-01 are being retired				[]	missing	missing	missing	metadata_not_found,resource_inventory_not_found,subscription_inventory_not_found	"{""acquisition"":""advisor.recommendations"",""api_version"":""2025-01-01"",""fields"":{""description"":"""",""resource_id"":""properties.resourceMetadata.resourceId""},""lookup_keys"":{""metadata"":""7ff06874-39e9-41be-9552-fa1ae2a83c88\u0000/subscriptions/26abc801-0d8f-4a6e-ac5f-8e81bcc09112/resourcegroups/pagopa-u-itn-printit-sec-rg/providers/microsoft.keyvault/vaults/pagopa-u-itn-printit-kv"",""resource"":""/subscriptions/26abc801-0d8f-4a6e-ac5f-8e81bcc09112/resourcegroups/pagopa-u-itn-printit-sec-rg/providers/microsoft.keyvault/vaults/pagopa-u-itn-printit-kv"",""subscription"":""26abc801-0d8f-4a6e-ac5f-8e81bcc09112""},""match_status"":{""metadata"":""missing"",""resource"":""missing"",""subscription"":""missing""},""recommendation_id"":""/subscriptions/26abc801-0d8f-4a6e-ac5f-8e81bcc09112/resourcegroups/pagopa-u-itn-printit-sec-rg/providers/microsoft.keyvault/vaults/pagopa-u-itn-printit-kv/providers/Microsoft.Advisor/recommendations/85015c876e99bd29c2ac0d3f951e8770252f8db7dec80663cf0d8fa4b9539506"",""resource_linkage"":""resource_id""}"	7342bc734db01dc33b3e17b2063dce77c6e3c74086073a9e6628cecf71cd55ca
1	72a34e2b-f26c-4bd9-b778-6118966cf94b	2026-07-31	resolved	advisor_retirement_recommendation	azure_advisor	/subscriptions/26abc801-0d8f-4a6e-ac5f-8e81bcc09112/resourcegroups/pagopa-u-itn-qa-sec-rg/providers/microsoft.keyvault/vaults/pagopa-u-itn-qa-kv/providers/Microsoft.Advisor/recommendations/f9fc4b8603d3df5f9403fc86c4a841710120bb3404660a2ded60bed9e47a49b0	7ff06874-39e9-41be-9552-fa1ae2a83c88	New	26abc801-0d8f-4a6e-ac5f-8e81bcc09112		resource_id	/subscriptions/26abc801-0d8f-4a6e-ac5f-8e81bcc09112/resourcegroups/pagopa-u-itn-qa-sec-rg/providers/microsoft.keyvault/vaults/pagopa-u-itn-qa-kv	/subscriptions/26abc801-0d8f-4a6e-ac5f-8e81bcc09112/resourcegroups/pagopa-u-itn-qa-sec-rg/providers/microsoft.keyvault/vaults/pagopa-u-itn-qa-kv	pagopa-u-itn-qa-kv	pagopa-u-itn-qa-sec-rg	microsoft.keyvault/vaults		{}			API versions prior to 2026-02-01	2027-02-27	2027-02-27	properties.extendedProperties.retirementDate	exact	High		HighAvailability		2026-07-30T20:09:05.866613Z		Azure Key Vault API versions prior to 2026-02-01 are being retired	Azure Key Vault API versions prior to 2026-02-01 are being retired				[]	missing	missing	missing	metadata_not_found,resource_inventory_not_found,subscription_inventory_not_found	"{""acquisition"":""advisor.recommendations"",""api_version"":""2025-01-01"",""fields"":{""description"":"""",""resource_id"":""properties.resourceMetadata.resourceId""},""lookup_keys"":{""metadata"":""7ff06874-39e9-41be-9552-fa1ae2a83c88\u0000/subscriptions/26abc801-0d8f-4a6e-ac5f-8e81bcc09112/resourcegroups/pagopa-u-itn-qa-sec-rg/providers/microsoft.keyvault/vaults/pagopa-u-itn-qa-kv"",""resource"":""/subscriptions/26abc801-0d8f-4a6e-ac5f-8e81bcc09112/resourcegroups/pagopa-u-itn-qa-sec-rg/providers/microsoft.keyvault/vaults/pagopa-u-itn-qa-kv"",""subscription"":""26abc801-0d8f-4a6e-ac5f-8e81bcc09112""},""match_status"":{""metadata"":""missing"",""resource"":""missing"",""subscription"":""missing""},""recommendation_id"":""/subscriptions/26abc801-0d8f-4a6e-ac5f-8e81bcc09112/resourcegroups/pagopa-u-itn-qa-sec-rg/providers/microsoft.keyvault/vaults/pagopa-u-itn-qa-kv/providers/Microsoft.Advisor/recommendations/f9fc4b8603d3df5f9403fc86c4a841710120bb3404660a2ded60bed9e47a49b0"",""resource_linkage"":""resource_id""}"	9ace85f9f50273a6178ab30853d5b667947d240b687b320d7277adc357ccfeb3
1	72a34e2b-f26c-4bd9-b778-6118966cf94b	2026-07-31	resolved	advisor_retirement_recommendation	azure_advisor	/subscriptions/26abc801-0d8f-4a6e-ac5f-8e81bcc09112/resourcegroups/pagopa-u-itn-uat-aks-rg/providers/microsoft.compute/virtualmachines/pagopa-u-itn-uat-vm-debug-italy/providers/Microsoft.Advisor/recommendations/a3cca3f412c72c521c0f4640a2c8410e9dac799f931ba75b1aa897809d44a27f	13cea0f1-c3f7-4c66-8b3b-9928a0f07cea	New	26abc801-0d8f-4a6e-ac5f-8e81bcc09112		resource_id	/subscriptions/26abc801-0d8f-4a6e-ac5f-8e81bcc09112/resourcegroups/pagopa-u-itn-uat-aks-rg/providers/microsoft.compute/virtualmachines/pagopa-u-itn-uat-vm-debug-italy	/subscriptions/26abc801-0d8f-4a6e-ac5f-8e81bcc09112/resourcegroups/pagopa-u-itn-uat-aks-rg/providers/microsoft.compute/virtualmachines/pagopa-u-itn-uat-vm-debug-italy	pagopa-u-itn-uat-vm-debug-italy	pagopa-u-itn-uat-aks-rg	microsoft.compute/virtualmachines		{}			LSv2, G, GS, F, FS, Fsv2, B, Av2 - Series	2028-11-15	2028-11-15	properties.extendedProperties.retirementDate	exact	High		HighAvailability		2026-05-13T09:45:52.078107Z		Review and migrate virtual machine workloads	Review and migrate virtual machine workloads				[]	missing	missing	missing	metadata_not_found,resource_inventory_not_found,subscription_inventory_not_found	"{""acquisition"":""advisor.recommendations"",""api_version"":""2025-01-01"",""fields"":{""description"":"""",""resource_id"":""properties.resourceMetadata.resourceId""},""lookup_keys"":{""metadata"":""13cea0f1-c3f7-4c66-8b3b-9928a0f07cea\u0000/subscriptions/26abc801-0d8f-4a6e-ac5f-8e81bcc09112/resourcegroups/pagopa-u-itn-uat-aks-rg/providers/microsoft.compute/virtualmachines/pagopa-u-itn-uat-vm-debug-italy"",""resource"":""/subscriptions/26abc801-0d8f-4a6e-ac5f-8e81bcc09112/resourcegroups/pagopa-u-itn-uat-aks-rg/providers/microsoft.compute/virtualmachines/pagopa-u-itn-uat-vm-debug-italy"",""subscription"":""26abc801-0d8f-4a6e-ac5f-8e81bcc09112""},""match_status"":{""metadata"":""missing"",""resource"":""missing"",""subscription"":""missing""},""recommendation_id"":""/subscriptions/26abc801-0d8f-4a6e-ac5f-8e81bcc09112/resourcegroups/pagopa-u-itn-uat-aks-rg/providers/microsoft.compute/virtualmachines/pagopa-u-itn-uat-vm-debug-italy/providers/Microsoft.Advisor/recommendations/a3cca3f412c72c521c0f4640a2c8410e9dac799f931ba75b1aa897809d44a27f"",""resource_linkage"":""resource_id""}"	097046e1c2ee213644a213fe169ab41e8a6821d63dbd498c00800ea16a280f44
1	72a34e2b-f26c-4bd9-b778-6118966cf94b	2026-07-31	resolved	advisor_retirement_recommendation	azure_advisor	/subscriptions/26abc801-0d8f-4a6e-ac5f-8e81bcc09112/resourcegroups/pagopa-u-itn-uat-aks-rg/providers/microsoft.compute/virtualmachines/pagopa-u-itn-uat-vm-debug-italy/providers/Microsoft.Advisor/recommendations/e5c199bb764d00f2548988ddcc9c7354772ef9097730f766cd6f6452c8076246	5f2613df-629f-4b07-9425-2a47ea0dfad3	New	26abc801-0d8f-4a6e-ac5f-8e81bcc09112		resource_id	/subscriptions/26abc801-0d8f-4a6e-ac5f-8e81bcc09112/resourcegroups/pagopa-u-itn-uat-aks-rg/providers/microsoft.compute/virtualmachines/pagopa-u-itn-uat-vm-debug-italy	/subscriptions/26abc801-0d8f-4a6e-ac5f-8e81bcc09112/resourcegroups/pagopa-u-itn-uat-aks-rg/providers/microsoft.compute/virtualmachines/pagopa-u-itn-uat-vm-debug-italy	pagopa-u-itn-uat-vm-debug-italy	pagopa-u-itn-uat-aks-rg	microsoft.compute/virtualmachines		{}							missing	Medium		HighAvailability		2026-05-30T09:12:37.747413Z		Migrate workload to Virtual Machine Scale Sets Flex	Migrate workload to Virtual Machine Scale Sets Flex				[]	missing	missing	missing	metadata_not_found,missing_retirement_date,resource_inventory_not_found,subscription_inventory_not_found	"{""acquisition"":""advisor.recommendations"",""api_version"":""2025-01-01"",""fields"":{""description"":"""",""resource_id"":""properties.resourceMetadata.resourceId""},""lookup_keys"":{""metadata"":""5f2613df-629f-4b07-9425-2a47ea0dfad3\u0000/subscriptions/26abc801-0d8f-4a6e-ac5f-8e81bcc09112/resourcegroups/pagopa-u-itn-uat-aks-rg/providers/microsoft.compute/virtualmachines/pagopa-u-itn-uat-vm-debug-italy"",""resource"":""/subscriptions/26abc801-0d8f-4a6e-ac5f-8e81bcc09112/resourcegroups/pagopa-u-itn-uat-aks-rg/providers/microsoft.compute/virtualmachines/pagopa-u-itn-uat-vm-debug-italy"",""subscription"":""26abc801-0d8f-4a6e-ac5f-8e81bcc09112""},""match_status"":{""metadata"":""missing"",""resource"":""missing"",""subscription"":""missing""},""recommendation_id"":""/subscriptions/26abc801-0d8f-4a6e-ac5f-8e81bcc09112/resourcegroups/pagopa-u-itn-uat-aks-rg/providers/microsoft.compute/virtualmachines/pagopa-u-itn-uat-vm-debug-italy/providers/Microsoft.Advisor/recommendations/e5c199bb764d00f2548988ddcc9c7354772ef9097730f766cd6f6452c8076246"",""resource_linkage"":""resource_id""}"	e9b394e0f6fc51f8233b3651e1f43f91e7b3a82ede391fdef35d66efc538cceb
1	72a34e2b-f26c-4bd9-b778-6118966cf94b	2026-07-31	resolved	advisor_retirement_recommendation	azure_advisor	/subscriptions/26abc801-0d8f-4a6e-ac5f-8e81bcc09112/resourcegroups/pagopa-u-itn-uat-aks-rg/providers/microsoft.compute/virtualmachines/pagopa-u-itn-uat-vm-debug-italy/providers/Microsoft.Advisor/recommendations/f05a2982ccf1aec70d3683072047ff4b7bf9ea411735236347ab7411af3059b5	7f71b153-c0b7-4e99-a23e-db8179183ec9	New	26abc801-0d8f-4a6e-ac5f-8e81bcc09112		resource_id	/subscriptions/26abc801-0d8f-4a6e-ac5f-8e81bcc09112/resourcegroups/pagopa-u-itn-uat-aks-rg/providers/microsoft.compute/virtualmachines/pagopa-u-itn-uat-vm-debug-italy	/subscriptions/26abc801-0d8f-4a6e-ac5f-8e81bcc09112/resourcegroups/pagopa-u-itn-uat-aks-rg/providers/microsoft.compute/virtualmachines/pagopa-u-itn-uat-vm-debug-italy	pagopa-u-itn-uat-vm-debug-italy	pagopa-u-itn-uat-aks-rg	microsoft.compute/virtualmachines		{}							missing	High		HighAvailability		2026-04-17T22:28:06.540392Z		Migrate workload to D-series or better virtual machine	Migrate workload to D-series or better virtual machine				[]	missing	missing	missing	metadata_not_found,missing_retirement_date,resource_inventory_not_found,subscription_inventory_not_found	"{""acquisition"":""advisor.recommendations"",""api_version"":""2025-01-01"",""fields"":{""description"":"""",""resource_id"":""properties.resourceMetadata.resourceId""},""lookup_keys"":{""metadata"":""7f71b153-c0b7-4e99-a23e-db8179183ec9\u0000/subscriptions/26abc801-0d8f-4a6e-ac5f-8e81bcc09112/resourcegroups/pagopa-u-itn-uat-aks-rg/providers/microsoft.compute/virtualmachines/pagopa-u-itn-uat-vm-debug-italy"",""resource"":""/subscriptions/26abc801-0d8f-4a6e-ac5f-8e81bcc09112/resourcegroups/pagopa-u-itn-uat-aks-rg/providers/microsoft.compute/virtualmachines/pagopa-u-itn-uat-vm-debug-italy"",""subscription"":""26abc801-0d8f-4a6e-ac5f-8e81bcc09112""},""match_status"":{""metadata"":""missing"",""resource"":""missing"",""subscription"":""missing""},""recommendation_id"":""/subscriptions/26abc801-0d8f-4a6e-ac5f-8e81bcc09112/resourcegroups/pagopa-u-itn-uat-aks-rg/providers/microsoft.compute/virtualmachines/pagopa-u-itn-uat-vm-debug-italy/providers/Microsoft.Advisor/recommendations/f05a2982ccf1aec70d3683072047ff4b7bf9ea411735236347ab7411af3059b5"",""resource_linkage"":""resource_id""}"	eceb20b7d09f0dde5493f5e49eb84207f2705ecbc4360a43070dad3d5877fc6a
1	72a34e2b-f26c-4bd9-b778-6118966cf94b	2026-07-31	resolved	advisor_retirement_recommendation	azure_advisor	/subscriptions/26abc801-0d8f-4a6e-ac5f-8e81bcc09112/resourcegroups/pagopa-u-itn-uat-aks-rg/providers/microsoft.containerservice/managedclusters/pagopa-u-itn-uat-aks/providers/Microsoft.Advisor/recommendations/882bb638b2f6c020d7cd8f12d8f409d6e3bc372f80971be17295e13d9e2ceb9d	00dbcc9d-50d4-44ef-bc21-c15785cddf42	New	26abc801-0d8f-4a6e-ac5f-8e81bcc09112		resource_id	/subscriptions/26abc801-0d8f-4a6e-ac5f-8e81bcc09112/resourcegroups/pagopa-u-itn-uat-aks-rg/providers/microsoft.containerservice/managedclusters/pagopa-u-itn-uat-aks	/subscriptions/26abc801-0d8f-4a6e-ac5f-8e81bcc09112/resourcegroups/pagopa-u-itn-uat-aks-rg/providers/microsoft.containerservice/managedclusters/pagopa-u-itn-uat-aks	pagopa-u-itn-uat-aks	pagopa-u-itn-uat-aks-rg	microsoft.containerservice/managedclusters		{}			Azure Kubernetes Service support for Ubuntu 22.04	2027-06-30	2027-06-30	properties.extendedProperties.retirementDate	exact	Medium		HighAvailability		2026-05-07T15:05:08.619981Z		Migrate to Ubuntu 24.04 or later versions	Migrate to Ubuntu 24.04 or later versions				[]	missing	missing	missing	metadata_not_found,resource_inventory_not_found,subscription_inventory_not_found	"{""acquisition"":""advisor.recommendations"",""api_version"":""2025-01-01"",""fields"":{""description"":"""",""resource_id"":""properties.resourceMetadata.resourceId""},""lookup_keys"":{""metadata"":""00dbcc9d-50d4-44ef-bc21-c15785cddf42\u0000/subscriptions/26abc801-0d8f-4a6e-ac5f-8e81bcc09112/resourcegroups/pagopa-u-itn-uat-aks-rg/providers/microsoft.containerservice/managedclusters/pagopa-u-itn-uat-aks"",""resource"":""/subscriptions/26abc801-0d8f-4a6e-ac5f-8e81bcc09112/resourcegroups/pagopa-u-itn-uat-aks-rg/providers/microsoft.containerservice/managedclusters/pagopa-u-itn-uat-aks"",""subscription"":""26abc801-0d8f-4a6e-ac5f-8e81bcc09112""},""match_status"":{""metadata"":""missing"",""resource"":""missing"",""subscription"":""missing""},""recommendation_id"":""/subscriptions/26abc801-0d8f-4a6e-ac5f-8e81bcc09112/resourcegroups/pagopa-u-itn-uat-aks-rg/providers/microsoft.containerservice/managedclusters/pagopa-u-itn-uat-aks/providers/Microsoft.Advisor/recommendations/882bb638b2f6c020d7cd8f12d8f409d6e3bc372f80971be17295e13d9e2ceb9d"",""resource_linkage"":""resource_id""}"	93e696fd60350a613366a9f0499f9aa5fb37696bda97ac96c35f9e8c549e04e2
1	72a34e2b-f26c-4bd9-b778-6118966cf94b	2026-07-31	resolved	advisor_retirement_recommendation	azure_advisor	/subscriptions/26abc801-0d8f-4a6e-ac5f-8e81bcc09112/resourcegroups/pagopa-u-nodo-sec-rg/providers/microsoft.keyvault/vaults/pagopa-u-nodo-kv/providers/Microsoft.Advisor/recommendations/5f1d2eb8bde91d36d11fdc973775256941c5309a35cb919c27ee3fadb2ce2a16	7ff06874-39e9-41be-9552-fa1ae2a83c88	New	26abc801-0d8f-4a6e-ac5f-8e81bcc09112		resource_id	/subscriptions/26abc801-0d8f-4a6e-ac5f-8e81bcc09112/resourcegroups/pagopa-u-nodo-sec-rg/providers/microsoft.keyvault/vaults/pagopa-u-nodo-kv	/subscriptions/26abc801-0d8f-4a6e-ac5f-8e81bcc09112/resourcegroups/pagopa-u-nodo-sec-rg/providers/microsoft.keyvault/vaults/pagopa-u-nodo-kv	pagopa-u-nodo-kv	pagopa-u-nodo-sec-rg	microsoft.keyvault/vaults		{}			API versions prior to 2026-02-01	2027-02-27	2027-02-27	properties.extendedProperties.retirementDate	exact	High		HighAvailability		2026-07-30T20:08:53.937497Z		Azure Key Vault API versions prior to 2026-02-01 are being retired	Azure Key Vault API versions prior to 2026-02-01 are being retired				[]	missing	missing	missing	metadata_not_found,resource_inventory_not_found,subscription_inventory_not_found	"{""acquisition"":""advisor.recommendations"",""api_version"":""2025-01-01"",""fields"":{""description"":"""",""resource_id"":""properties.resourceMetadata.resourceId""},""lookup_keys"":{""metadata"":""7ff06874-39e9-41be-9552-fa1ae2a83c88\u0000/subscriptions/26abc801-0d8f-4a6e-ac5f-8e81bcc09112/resourcegroups/pagopa-u-nodo-sec-rg/providers/microsoft.keyvault/vaults/pagopa-u-nodo-kv"",""resource"":""/subscriptions/26abc801-0d8f-4a6e-ac5f-8e81bcc09112/resourcegroups/pagopa-u-nodo-sec-rg/providers/microsoft.keyvault/vaults/pagopa-u-nodo-kv"",""subscription"":""26abc801-0d8f-4a6e-ac5f-8e81bcc09112""},""match_status"":{""metadata"":""missing"",""resource"":""missing"",""subscription"":""missing""},""recommendation_id"":""/subscriptions/26abc801-0d8f-4a6e-ac5f-8e81bcc09112/resourcegroups/pagopa-u-nodo-sec-rg/providers/microsoft.keyvault/vaults/pagopa-u-nodo-kv/providers/Microsoft.Advisor/recommendations/5f1d2eb8bde91d36d11fdc973775256941c5309a35cb919c27ee3fadb2ce2a16"",""resource_linkage"":""resource_id""}"	1cd2932685759e27b872c107291294f64a909db56375927e34aee8460baef084
1	72a34e2b-f26c-4bd9-b778-6118966cf94b	2026-07-31	resolved	advisor_retirement_recommendation	azure_advisor	/subscriptions/26abc801-0d8f-4a6e-ac5f-8e81bcc09112/resourcegroups/pagopa-u-pay-wallet-sec-rg/providers/microsoft.keyvault/vaults/pagopa-u-pay-wallet-kv/providers/Microsoft.Advisor/recommendations/a8b6305f1793dee0d3e19bec3ac786986d66c958d17c20dffafbfe98a05593aa	7ff06874-39e9-41be-9552-fa1ae2a83c88	New	26abc801-0d8f-4a6e-ac5f-8e81bcc09112		resource_id	/subscriptions/26abc801-0d8f-4a6e-ac5f-8e81bcc09112/resourcegroups/pagopa-u-pay-wallet-sec-rg/providers/microsoft.keyvault/vaults/pagopa-u-pay-wallet-kv	/subscriptions/26abc801-0d8f-4a6e-ac5f-8e81bcc09112/resourcegroups/pagopa-u-pay-wallet-sec-rg/providers/microsoft.keyvault/vaults/pagopa-u-pay-wallet-kv	pagopa-u-pay-wallet-kv	pagopa-u-pay-wallet-sec-rg	microsoft.keyvault/vaults		{}			API versions prior to 2026-02-01	2027-02-27	2027-02-27	properties.extendedProperties.retirementDate	exact	High		HighAvailability		2026-07-24T18:36:31.426937Z		Azure Key Vault API versions prior to 2026-02-01 are being retired	Azure Key Vault API versions prior to 2026-02-01 are being retired				[]	missing	missing	missing	metadata_not_found,resource_inventory_not_found,subscription_inventory_not_found	"{""acquisition"":""advisor.recommendations"",""api_version"":""2025-01-01"",""fields"":{""description"":"""",""resource_id"":""properties.resourceMetadata.resourceId""},""lookup_keys"":{""metadata"":""7ff06874-39e9-41be-9552-fa1ae2a83c88\u0000/subscriptions/26abc801-0d8f-4a6e-ac5f-8e81bcc09112/resourcegroups/pagopa-u-pay-wallet-sec-rg/providers/microsoft.keyvault/vaults/pagopa-u-pay-wallet-kv"",""resource"":""/subscriptions/26abc801-0d8f-4a6e-ac5f-8e81bcc09112/resourcegroups/pagopa-u-pay-wallet-sec-rg/providers/microsoft.keyvault/vaults/pagopa-u-pay-wallet-kv"",""subscription"":""26abc801-0d8f-4a6e-ac5f-8e81bcc09112""},""match_status"":{""metadata"":""missing"",""resource"":""missing"",""subscription"":""missing""},""recommendation_id"":""/subscriptions/26abc801-0d8f-4a6e-ac5f-8e81bcc09112/resourcegroups/pagopa-u-pay-wallet-sec-rg/providers/microsoft.keyvault/vaults/pagopa-u-pay-wallet-kv/providers/Microsoft.Advisor/recommendations/a8b6305f1793dee0d3e19bec3ac786986d66c958d17c20dffafbfe98a05593aa"",""resource_linkage"":""resource_id""}"	f8ed5815d4ecac59a36074babdda00b38c639da18c6727c579a52c378e09d496
1	72a34e2b-f26c-4bd9-b778-6118966cf94b	2026-07-31	resolved	advisor_retirement_recommendation	azure_advisor	/subscriptions/26abc801-0d8f-4a6e-ac5f-8e81bcc09112/resourcegroups/pagopa-u-qi-sec-rg/providers/microsoft.keyvault/vaults/pagopa-u-qi-kv/providers/Microsoft.Advisor/recommendations/d355109c8948e2f077315e3b076b6a03e96c2d6101552727b3f874e03f98419f	7ff06874-39e9-41be-9552-fa1ae2a83c88	New	26abc801-0d8f-4a6e-ac5f-8e81bcc09112		resource_id	/subscriptions/26abc801-0d8f-4a6e-ac5f-8e81bcc09112/resourcegroups/pagopa-u-qi-sec-rg/providers/microsoft.keyvault/vaults/pagopa-u-qi-kv	/subscriptions/26abc801-0d8f-4a6e-ac5f-8e81bcc09112/resourcegroups/pagopa-u-qi-sec-rg/providers/microsoft.keyvault/vaults/pagopa-u-qi-kv	pagopa-u-qi-kv	pagopa-u-qi-sec-rg	microsoft.keyvault/vaults		{}			API versions prior to 2026-02-01	2027-02-27	2027-02-27	properties.extendedProperties.retirementDate	exact	High		HighAvailability		2026-07-30T20:08:14.596194Z		Azure Key Vault API versions prior to 2026-02-01 are being retired	Azure Key Vault API versions prior to 2026-02-01 are being retired				[]	missing	missing	missing	metadata_not_found,resource_inventory_not_found,subscription_inventory_not_found	"{""acquisition"":""advisor.recommendations"",""api_version"":""2025-01-01"",""fields"":{""description"":"""",""resource_id"":""properties.resourceMetadata.resourceId""},""lookup_keys"":{""metadata"":""7ff06874-39e9-41be-9552-fa1ae2a83c88\u0000/subscriptions/26abc801-0d8f-4a6e-ac5f-8e81bcc09112/resourcegroups/pagopa-u-qi-sec-rg/providers/microsoft.keyvault/vaults/pagopa-u-qi-kv"",""resource"":""/subscriptions/26abc801-0d8f-4a6e-ac5f-8e81bcc09112/resourcegroups/pagopa-u-qi-sec-rg/providers/microsoft.keyvault/vaults/pagopa-u-qi-kv"",""subscription"":""26abc801-0d8f-4a6e-ac5f-8e81bcc09112""},""match_status"":{""metadata"":""missing"",""resource"":""missing"",""subscription"":""missing""},""recommendation_id"":""/subscriptions/26abc801-0d8f-4a6e-ac5f-8e81bcc09112/resourcegroups/pagopa-u-qi-sec-rg/providers/microsoft.keyvault/vaults/pagopa-u-qi-kv/providers/Microsoft.Advisor/recommendations/d355109c8948e2f077315e3b076b6a03e96c2d6101552727b3f874e03f98419f"",""resource_linkage"":""resource_id""}"	e9ba69b0fb778c05d873d96724e17d4602549f85cdfd66ca0063c2e2ac422d44
1	72a34e2b-f26c-4bd9-b778-6118966cf94b	2026-07-31	resolved	advisor_retirement_recommendation	azure_advisor	/subscriptions/26abc801-0d8f-4a6e-ac5f-8e81bcc09112/resourcegroups/pagopa-u-receipts-sec-rg/providers/microsoft.keyvault/vaults/pagopa-u-receipts-kv/providers/Microsoft.Advisor/recommendations/1e821817faa077ae0de34f774d7b6822f3e96f92b6e3a30af829c562db41cd0e	7ff06874-39e9-41be-9552-fa1ae2a83c88	New	26abc801-0d8f-4a6e-ac5f-8e81bcc09112		resource_id	/subscriptions/26abc801-0d8f-4a6e-ac5f-8e81bcc09112/resourcegroups/pagopa-u-receipts-sec-rg/providers/microsoft.keyvault/vaults/pagopa-u-receipts-kv	/subscriptions/26abc801-0d8f-4a6e-ac5f-8e81bcc09112/resourcegroups/pagopa-u-receipts-sec-rg/providers/microsoft.keyvault/vaults/pagopa-u-receipts-kv	pagopa-u-receipts-kv	pagopa-u-receipts-sec-rg	microsoft.keyvault/vaults		{}			API versions prior to 2026-02-01	2027-02-27	2027-02-27	properties.extendedProperties.retirementDate	exact	High		HighAvailability		2026-07-24T18:35:32.903351Z		Azure Key Vault API versions prior to 2026-02-01 are being retired	Azure Key Vault API versions prior to 2026-02-01 are being retired				[]	missing	missing	missing	metadata_not_found,resource_inventory_not_found,subscription_inventory_not_found	"{""acquisition"":""advisor.recommendations"",""api_version"":""2025-01-01"",""fields"":{""description"":"""",""resource_id"":""properties.resourceMetadata.resourceId""},""lookup_keys"":{""metadata"":""7ff06874-39e9-41be-9552-fa1ae2a83c88\u0000/subscriptions/26abc801-0d8f-4a6e-ac5f-8e81bcc09112/resourcegroups/pagopa-u-receipts-sec-rg/providers/microsoft.keyvault/vaults/pagopa-u-receipts-kv"",""resource"":""/subscriptions/26abc801-0d8f-4a6e-ac5f-8e81bcc09112/resourcegroups/pagopa-u-receipts-sec-rg/providers/microsoft.keyvault/vaults/pagopa-u-receipts-kv"",""subscription"":""26abc801-0d8f-4a6e-ac5f-8e81bcc09112""},""match_status"":{""metadata"":""missing"",""resource"":""missing"",""subscription"":""missing""},""recommendation_id"":""/subscriptions/26abc801-0d8f-4a6e-ac5f-8e81bcc09112/resourcegroups/pagopa-u-receipts-sec-rg/providers/microsoft.keyvault/vaults/pagopa-u-receipts-kv/providers/Microsoft.Advisor/recommendations/1e821817faa077ae0de34f774d7b6822f3e96f92b6e3a30af829c562db41cd0e"",""resource_linkage"":""resource_id""}"	89a477ac197d94b633e526ab464c3c7d6d4955e170beae754364aa8c0bf365cb
1	72a34e2b-f26c-4bd9-b778-6118966cf94b	2026-07-31	resolved	advisor_retirement_recommendation	azure_advisor	/subscriptions/26abc801-0d8f-4a6e-ac5f-8e81bcc09112/resourcegroups/pagopa-u-sec-rg/providers/microsoft.keyvault/vaults/pagopa-u-kv/providers/Microsoft.Advisor/recommendations/bad78f8e3226896d52a70b2cd738af667094a28aeafb1c86627610499412ba57	7ff06874-39e9-41be-9552-fa1ae2a83c88	New	26abc801-0d8f-4a6e-ac5f-8e81bcc09112		resource_id	/subscriptions/26abc801-0d8f-4a6e-ac5f-8e81bcc09112/resourcegroups/pagopa-u-sec-rg/providers/microsoft.keyvault/vaults/pagopa-u-kv	/subscriptions/26abc801-0d8f-4a6e-ac5f-8e81bcc09112/resourcegroups/pagopa-u-sec-rg/providers/microsoft.keyvault/vaults/pagopa-u-kv	pagopa-u-kv	pagopa-u-sec-rg	microsoft.keyvault/vaults		{}			API versions prior to 2026-02-01	2027-02-27	2027-02-27	properties.extendedProperties.retirementDate	exact	High		HighAvailability		2026-07-27T18:42:36.575510Z		Azure Key Vault API versions prior to 2026-02-01 are being retired	Azure Key Vault API versions prior to 2026-02-01 are being retired				[]	missing	missing	missing	metadata_not_found,resource_inventory_not_found,subscription_inventory_not_found	"{""acquisition"":""advisor.recommendations"",""api_version"":""2025-01-01"",""fields"":{""description"":"""",""resource_id"":""properties.resourceMetadata.resourceId""},""lookup_keys"":{""metadata"":""7ff06874-39e9-41be-9552-fa1ae2a83c88\u0000/subscriptions/26abc801-0d8f-4a6e-ac5f-8e81bcc09112/resourcegroups/pagopa-u-sec-rg/providers/microsoft.keyvault/vaults/pagopa-u-kv"",""resource"":""/subscriptions/26abc801-0d8f-4a6e-ac5f-8e81bcc09112/resourcegroups/pagopa-u-sec-rg/providers/microsoft.keyvault/vaults/pagopa-u-kv"",""subscription"":""26abc801-0d8f-4a6e-ac5f-8e81bcc09112""},""match_status"":{""metadata"":""missing"",""resource"":""missing"",""subscription"":""missing""},""recommendation_id"":""/subscriptions/26abc801-0d8f-4a6e-ac5f-8e81bcc09112/resourcegroups/pagopa-u-sec-rg/providers/microsoft.keyvault/vaults/pagopa-u-kv/providers/Microsoft.Advisor/recommendations/bad78f8e3226896d52a70b2cd738af667094a28aeafb1c86627610499412ba57"",""resource_linkage"":""resource_id""}"	4db391b3a3c101a8bd75971a2c6eebd7213978918406f9b65c4b1cbeb643e1c7
1	72a34e2b-f26c-4bd9-b778-6118966cf94b	2026-07-31	resolved	advisor_retirement_recommendation	azure_advisor	/subscriptions/26abc801-0d8f-4a6e-ac5f-8e81bcc09112/resourcegroups/pagopa-u-selfcare-sec-rg/providers/microsoft.keyvault/vaults/pagopa-u-selfcare-kv/providers/Microsoft.Advisor/recommendations/7e108495590cb164cbb6553f513fc341e5b41637b1d547035e5f3f4fc20f7050	7ff06874-39e9-41be-9552-fa1ae2a83c88	New	26abc801-0d8f-4a6e-ac5f-8e81bcc09112		resource_id	/subscriptions/26abc801-0d8f-4a6e-ac5f-8e81bcc09112/resourcegroups/pagopa-u-selfcare-sec-rg/providers/microsoft.keyvault/vaults/pagopa-u-selfcare-kv	/subscriptions/26abc801-0d8f-4a6e-ac5f-8e81bcc09112/resourcegroups/pagopa-u-selfcare-sec-rg/providers/microsoft.keyvault/vaults/pagopa-u-selfcare-kv	pagopa-u-selfcare-kv	pagopa-u-selfcare-sec-rg	microsoft.keyvault/vaults		{}			API versions prior to 2026-02-01	2027-02-27	2027-02-27	properties.extendedProperties.retirementDate	exact	High		HighAvailability		2026-07-27T18:42:31.523276Z		Azure Key Vault API versions prior to 2026-02-01 are being retired	Azure Key Vault API versions prior to 2026-02-01 are being retired				[]	missing	missing	missing	metadata_not_found,resource_inventory_not_found,subscription_inventory_not_found	"{""acquisition"":""advisor.recommendations"",""api_version"":""2025-01-01"",""fields"":{""description"":"""",""resource_id"":""properties.resourceMetadata.resourceId""},""lookup_keys"":{""metadata"":""7ff06874-39e9-41be-9552-fa1ae2a83c88\u0000/subscriptions/26abc801-0d8f-4a6e-ac5f-8e81bcc09112/resourcegroups/pagopa-u-selfcare-sec-rg/providers/microsoft.keyvault/vaults/pagopa-u-selfcare-kv"",""resource"":""/subscriptions/26abc801-0d8f-4a6e-ac5f-8e81bcc09112/resourcegroups/pagopa-u-selfcare-sec-rg/providers/microsoft.keyvault/vaults/pagopa-u-selfcare-kv"",""subscription"":""26abc801-0d8f-4a6e-ac5f-8e81bcc09112""},""match_status"":{""metadata"":""missing"",""resource"":""missing"",""subscription"":""missing""},""recommendation_id"":""/subscriptions/26abc801-0d8f-4a6e-ac5f-8e81bcc09112/resourcegroups/pagopa-u-selfcare-sec-rg/providers/microsoft.keyvault/vaults/pagopa-u-selfcare-kv/providers/Microsoft.Advisor/recommendations/7e108495590cb164cbb6553f513fc341e5b41637b1d547035e5f3f4fc20f7050"",""resource_linkage"":""resource_id""}"	ac389c62bd9da1226594b5cbe2fba9bcc03ad4e69ba515fd536ed25d0eb12c0e
1	72a34e2b-f26c-4bd9-b778-6118966cf94b	2026-07-31	resolved	advisor_retirement_recommendation	azure_advisor	/subscriptions/26abc801-0d8f-4a6e-ac5f-8e81bcc09112/resourcegroups/pagopa-u-shared-sec-rg/providers/microsoft.keyvault/vaults/pagopa-u-shared-kv/providers/Microsoft.Advisor/recommendations/4a5d263c27d4f1371d72c41313402bf419208c67d4ad535432569f8d2f79c553	7ff06874-39e9-41be-9552-fa1ae2a83c88	New	26abc801-0d8f-4a6e-ac5f-8e81bcc09112		resource_id	/subscriptions/26abc801-0d8f-4a6e-ac5f-8e81bcc09112/resourcegroups/pagopa-u-shared-sec-rg/providers/microsoft.keyvault/vaults/pagopa-u-shared-kv	/subscriptions/26abc801-0d8f-4a6e-ac5f-8e81bcc09112/resourcegroups/pagopa-u-shared-sec-rg/providers/microsoft.keyvault/vaults/pagopa-u-shared-kv	pagopa-u-shared-kv	pagopa-u-shared-sec-rg	microsoft.keyvault/vaults		{}			API versions prior to 2026-02-01	2027-02-27	2027-02-27	properties.extendedProperties.retirementDate	exact	High		HighAvailability		2026-07-29T21:02:54.696178Z		Azure Key Vault API versions prior to 2026-02-01 are being retired	Azure Key Vault API versions prior to 2026-02-01 are being retired				[]	missing	missing	missing	metadata_not_found,resource_inventory_not_found,subscription_inventory_not_found	"{""acquisition"":""advisor.recommendations"",""api_version"":""2025-01-01"",""fields"":{""description"":"""",""resource_id"":""properties.resourceMetadata.resourceId""},""lookup_keys"":{""metadata"":""7ff06874-39e9-41be-9552-fa1ae2a83c88\u0000/subscriptions/26abc801-0d8f-4a6e-ac5f-8e81bcc09112/resourcegroups/pagopa-u-shared-sec-rg/providers/microsoft.keyvault/vaults/pagopa-u-shared-kv"",""resource"":""/subscriptions/26abc801-0d8f-4a6e-ac5f-8e81bcc09112/resourcegroups/pagopa-u-shared-sec-rg/providers/microsoft.keyvault/vaults/pagopa-u-shared-kv"",""subscription"":""26abc801-0d8f-4a6e-ac5f-8e81bcc09112""},""match_status"":{""metadata"":""missing"",""resource"":""missing"",""subscription"":""missing""},""recommendation_id"":""/subscriptions/26abc801-0d8f-4a6e-ac5f-8e81bcc09112/resourcegroups/pagopa-u-shared-sec-rg/providers/microsoft.keyvault/vaults/pagopa-u-shared-kv/providers/Microsoft.Advisor/recommendations/4a5d263c27d4f1371d72c41313402bf419208c67d4ad535432569f8d2f79c553"",""resource_linkage"":""resource_id""}"	111fcf3b9d5eedb37cf0484abd4df04e23ae27b6a6b9d696c79b91c07c59a8ae
1	72a34e2b-f26c-4bd9-b778-6118966cf94b	2026-07-31	resolved	advisor_retirement_recommendation	azure_advisor	/subscriptions/26abc801-0d8f-4a6e-ac5f-8e81bcc09112/resourcegroups/pagopa-u-temp-nodostorico/providers/microsoft.compute/virtualmachines/pagopa-u-nosostorico-vm/providers/Microsoft.Advisor/recommendations/029805d5b5a9c53a55b4edb113d9d127999f902d2dafcf1245a5c3e422ac8908	13cea0f1-c3f7-4c66-8b3b-9928a0f07cea	New	26abc801-0d8f-4a6e-ac5f-8e81bcc09112		resource_id	/subscriptions/26abc801-0d8f-4a6e-ac5f-8e81bcc09112/resourcegroups/pagopa-u-temp-nodostorico/providers/microsoft.compute/virtualmachines/pagopa-u-nosostorico-vm	/subscriptions/26abc801-0d8f-4a6e-ac5f-8e81bcc09112/resourcegroups/pagopa-u-temp-nodostorico/providers/microsoft.compute/virtualmachines/pagopa-u-nosostorico-vm	pagopa-u-nosostorico-vm	pagopa-u-temp-nodostorico	microsoft.compute/virtualmachines		{}			LSv2, G, GS, F, FS, Fsv2, B, Av2 - Series	2028-11-15	2028-11-15	properties.extendedProperties.retirementDate	exact	High		HighAvailability		2026-05-12T14:19:09.375853Z		Review and migrate virtual machine workloads	Review and migrate virtual machine workloads				[]	missing	missing	missing	metadata_not_found,resource_inventory_not_found,subscription_inventory_not_found	"{""acquisition"":""advisor.recommendations"",""api_version"":""2025-01-01"",""fields"":{""description"":"""",""resource_id"":""properties.resourceMetadata.resourceId""},""lookup_keys"":{""metadata"":""13cea0f1-c3f7-4c66-8b3b-9928a0f07cea\u0000/subscriptions/26abc801-0d8f-4a6e-ac5f-8e81bcc09112/resourcegroups/pagopa-u-temp-nodostorico/providers/microsoft.compute/virtualmachines/pagopa-u-nosostorico-vm"",""resource"":""/subscriptions/26abc801-0d8f-4a6e-ac5f-8e81bcc09112/resourcegroups/pagopa-u-temp-nodostorico/providers/microsoft.compute/virtualmachines/pagopa-u-nosostorico-vm"",""subscription"":""26abc801-0d8f-4a6e-ac5f-8e81bcc09112""},""match_status"":{""metadata"":""missing"",""resource"":""missing"",""subscription"":""missing""},""recommendation_id"":""/subscriptions/26abc801-0d8f-4a6e-ac5f-8e81bcc09112/resourcegroups/pagopa-u-temp-nodostorico/providers/microsoft.compute/virtualmachines/pagopa-u-nosostorico-vm/providers/Microsoft.Advisor/recommendations/029805d5b5a9c53a55b4edb113d9d127999f902d2dafcf1245a5c3e422ac8908"",""resource_linkage"":""resource_id""}"	fba6098524678a4d1fe86e71bf124b85cf31aed6d33b62daf7329280a7a26a34
1	72a34e2b-f26c-4bd9-b778-6118966cf94b	2026-07-31	resolved	advisor_retirement_recommendation	azure_advisor	/subscriptions/26abc801-0d8f-4a6e-ac5f-8e81bcc09112/resourcegroups/pagopa-u-temp-nodostorico/providers/microsoft.compute/virtualmachines/pagopa-u-nosostorico-vm/providers/Microsoft.Advisor/recommendations/73ed176516b867c679342376e3027fb6206cdec7005b5dd4d3726a9b50f3e7cf	7f71b153-c0b7-4e99-a23e-db8179183ec9	New	26abc801-0d8f-4a6e-ac5f-8e81bcc09112		resource_id	/subscriptions/26abc801-0d8f-4a6e-ac5f-8e81bcc09112/resourcegroups/pagopa-u-temp-nodostorico/providers/microsoft.compute/virtualmachines/pagopa-u-nosostorico-vm	/subscriptions/26abc801-0d8f-4a6e-ac5f-8e81bcc09112/resourcegroups/pagopa-u-temp-nodostorico/providers/microsoft.compute/virtualmachines/pagopa-u-nosostorico-vm	pagopa-u-nosostorico-vm	pagopa-u-temp-nodostorico	microsoft.compute/virtualmachines		{}							missing	High		HighAvailability		2026-04-29T04:54:54.246464Z		Migrate workload to D-series or better virtual machine	Migrate workload to D-series or better virtual machine				[]	missing	missing	missing	metadata_not_found,missing_retirement_date,resource_inventory_not_found,subscription_inventory_not_found	"{""acquisition"":""advisor.recommendations"",""api_version"":""2025-01-01"",""fields"":{""description"":"""",""resource_id"":""properties.resourceMetadata.resourceId""},""lookup_keys"":{""metadata"":""7f71b153-c0b7-4e99-a23e-db8179183ec9\u0000/subscriptions/26abc801-0d8f-4a6e-ac5f-8e81bcc09112/resourcegroups/pagopa-u-temp-nodostorico/providers/microsoft.compute/virtualmachines/pagopa-u-nosostorico-vm"",""resource"":""/subscriptions/26abc801-0d8f-4a6e-ac5f-8e81bcc09112/resourcegroups/pagopa-u-temp-nodostorico/providers/microsoft.compute/virtualmachines/pagopa-u-nosostorico-vm"",""subscription"":""26abc801-0d8f-4a6e-ac5f-8e81bcc09112""},""match_status"":{""metadata"":""missing"",""resource"":""missing"",""subscription"":""missing""},""recommendation_id"":""/subscriptions/26abc801-0d8f-4a6e-ac5f-8e81bcc09112/resourcegroups/pagopa-u-temp-nodostorico/providers/microsoft.compute/virtualmachines/pagopa-u-nosostorico-vm/providers/Microsoft.Advisor/recommendations/73ed176516b867c679342376e3027fb6206cdec7005b5dd4d3726a9b50f3e7cf"",""resource_linkage"":""resource_id""}"	490c116c7ee731ca4cca956bd74eeccb7f2103913794edbd63c4e8492bf381f0
1	72a34e2b-f26c-4bd9-b778-6118966cf94b	2026-07-31	resolved	advisor_retirement_recommendation	azure_advisor	/subscriptions/26abc801-0d8f-4a6e-ac5f-8e81bcc09112/resourcegroups/pagopa-u-temp-nodostorico/providers/microsoft.compute/virtualmachines/pagopa-u-nosostorico-vm/providers/Microsoft.Advisor/recommendations/f7ca4233f2c126604478355c590c6fe67dce14b3a05c892fc8e753149d1b6739	5f2613df-629f-4b07-9425-2a47ea0dfad3	New	26abc801-0d8f-4a6e-ac5f-8e81bcc09112		resource_id	/subscriptions/26abc801-0d8f-4a6e-ac5f-8e81bcc09112/resourcegroups/pagopa-u-temp-nodostorico/providers/microsoft.compute/virtualmachines/pagopa-u-nosostorico-vm	/subscriptions/26abc801-0d8f-4a6e-ac5f-8e81bcc09112/resourcegroups/pagopa-u-temp-nodostorico/providers/microsoft.compute/virtualmachines/pagopa-u-nosostorico-vm	pagopa-u-nosostorico-vm	pagopa-u-temp-nodostorico	microsoft.compute/virtualmachines		{}							missing	Medium		HighAvailability		2026-06-04T09:50:23.778418Z		Migrate workload to Virtual Machine Scale Sets Flex	Migrate workload to Virtual Machine Scale Sets Flex				[]	missing	missing	missing	metadata_not_found,missing_retirement_date,resource_inventory_not_found,subscription_inventory_not_found	"{""acquisition"":""advisor.recommendations"",""api_version"":""2025-01-01"",""fields"":{""description"":"""",""resource_id"":""properties.resourceMetadata.resourceId""},""lookup_keys"":{""metadata"":""5f2613df-629f-4b07-9425-2a47ea0dfad3\u0000/subscriptions/26abc801-0d8f-4a6e-ac5f-8e81bcc09112/resourcegroups/pagopa-u-temp-nodostorico/providers/microsoft.compute/virtualmachines/pagopa-u-nosostorico-vm"",""resource"":""/subscriptions/26abc801-0d8f-4a6e-ac5f-8e81bcc09112/resourcegroups/pagopa-u-temp-nodostorico/providers/microsoft.compute/virtualmachines/pagopa-u-nosostorico-vm"",""subscription"":""26abc801-0d8f-4a6e-ac5f-8e81bcc09112""},""match_status"":{""metadata"":""missing"",""resource"":""missing"",""subscription"":""missing""},""recommendation_id"":""/subscriptions/26abc801-0d8f-4a6e-ac5f-8e81bcc09112/resourcegroups/pagopa-u-temp-nodostorico/providers/microsoft.compute/virtualmachines/pagopa-u-nosostorico-vm/providers/Microsoft.Advisor/recommendations/f7ca4233f2c126604478355c590c6fe67dce14b3a05c892fc8e753149d1b6739"",""resource_linkage"":""resource_id""}"	2be390b8829f64a741daa97e339886332b1b51f22cc6d357dc88cc702bdb3c9c
1	72a34e2b-f26c-4bd9-b778-6118966cf94b	2026-07-31	resolved	advisor_retirement_recommendation	azure_advisor	/subscriptions/26abc801-0d8f-4a6e-ac5f-8e81bcc09112/resourcegroups/pagopa-u-test-peering-rg/providers/microsoft.compute/disks/test-peering-private_osdisk_1_fc099fb1a55b4dc6b79d66c19b7f0e60/providers/Microsoft.Advisor/recommendations/c3bc5dd1460160a3479ce542e75184adef1d4dd7657a871503dd9536258f17e5	6885dc91-c4d1-4695-be6f-f64be575769f	New	26abc801-0d8f-4a6e-ac5f-8e81bcc09112		resource_id	/subscriptions/26abc801-0d8f-4a6e-ac5f-8e81bcc09112/resourcegroups/pagopa-u-test-peering-rg/providers/microsoft.compute/disks/test-peering-private_osdisk_1_fc099fb1a55b4dc6b79d66c19b7f0e60	/subscriptions/26abc801-0d8f-4a6e-ac5f-8e81bcc09112/resourcegroups/pagopa-u-test-peering-rg/providers/microsoft.compute/disks/test-peering-private_osdisk_1_fc099fb1a55b4dc6b79d66c19b7f0e60	test-peering-private_osdisk_1_fc099fb1a55b4dc6b79d66c19b7f0e60	pagopa-u-test-peering-rg	microsoft.compute/disks		{}			Operating System (OS) Disks on Standard HDD	2028-09-08	2028-09-08	properties.extendedProperties.retirementDate	exact	Medium		HighAvailability		2026-04-16T21:01:17.700300Z		Migrate Standard HDD OS Disks to SSD	Migrate Standard HDD OS Disks to SSD				[]	missing	missing	missing	metadata_not_found,resource_inventory_not_found,subscription_inventory_not_found	"{""acquisition"":""advisor.recommendations"",""api_version"":""2025-01-01"",""fields"":{""description"":"""",""resource_id"":""properties.resourceMetadata.resourceId""},""lookup_keys"":{""metadata"":""6885dc91-c4d1-4695-be6f-f64be575769f\u0000/subscriptions/26abc801-0d8f-4a6e-ac5f-8e81bcc09112/resourcegroups/pagopa-u-test-peering-rg/providers/microsoft.compute/disks/test-peering-private_osdisk_1_fc099fb1a55b4dc6b79d66c19b7f0e60"",""resource"":""/subscriptions/26abc801-0d8f-4a6e-ac5f-8e81bcc09112/resourcegroups/pagopa-u-test-peering-rg/providers/microsoft.compute/disks/test-peering-private_osdisk_1_fc099fb1a55b4dc6b79d66c19b7f0e60"",""subscription"":""26abc801-0d8f-4a6e-ac5f-8e81bcc09112""},""match_status"":{""metadata"":""missing"",""resource"":""missing"",""subscription"":""missing""},""recommendation_id"":""/subscriptions/26abc801-0d8f-4a6e-ac5f-8e81bcc09112/resourcegroups/pagopa-u-test-peering-rg/providers/microsoft.compute/disks/test-peering-private_osdisk_1_fc099fb1a55b4dc6b79d66c19b7f0e60/providers/Microsoft.Advisor/recommendations/c3bc5dd1460160a3479ce542e75184adef1d4dd7657a871503dd9536258f17e5"",""resource_linkage"":""resource_id""}"	76f2b3e45cf473853b9b9dfc4b75626f26e33c447ab1b193b9e67fbe85074793
1	72a34e2b-f26c-4bd9-b778-6118966cf94b	2026-07-31	resolved	advisor_retirement_recommendation	azure_advisor	/subscriptions/26abc801-0d8f-4a6e-ac5f-8e81bcc09112/resourcegroups/pagopa-u-test-peering-rg/providers/microsoft.compute/virtualmachines/test-peering-private/providers/Microsoft.Advisor/recommendations/4aa80f348bd1fd60e032e3ffdfce92c0d22f2b9cfb27e49346eb800c98eb1539	5f2613df-629f-4b07-9425-2a47ea0dfad3	New	26abc801-0d8f-4a6e-ac5f-8e81bcc09112		resource_id	/subscriptions/26abc801-0d8f-4a6e-ac5f-8e81bcc09112/resourcegroups/pagopa-u-test-peering-rg/providers/microsoft.compute/virtualmachines/test-peering-private	/subscriptions/26abc801-0d8f-4a6e-ac5f-8e81bcc09112/resourcegroups/pagopa-u-test-peering-rg/providers/microsoft.compute/virtualmachines/test-peering-private	test-peering-private	pagopa-u-test-peering-rg	microsoft.compute/virtualmachines		{}							missing	Medium		HighAvailability		2026-05-21T23:25:24.420220Z		Migrate workload to Virtual Machine Scale Sets Flex	Migrate workload to Virtual Machine Scale Sets Flex				[]	missing	missing	missing	metadata_not_found,missing_retirement_date,resource_inventory_not_found,subscription_inventory_not_found	"{""acquisition"":""advisor.recommendations"",""api_version"":""2025-01-01"",""fields"":{""description"":"""",""resource_id"":""properties.resourceMetadata.resourceId""},""lookup_keys"":{""metadata"":""5f2613df-629f-4b07-9425-2a47ea0dfad3\u0000/subscriptions/26abc801-0d8f-4a6e-ac5f-8e81bcc09112/resourcegroups/pagopa-u-test-peering-rg/providers/microsoft.compute/virtualmachines/test-peering-private"",""resource"":""/subscriptions/26abc801-0d8f-4a6e-ac5f-8e81bcc09112/resourcegroups/pagopa-u-test-peering-rg/providers/microsoft.compute/virtualmachines/test-peering-private"",""subscription"":""26abc801-0d8f-4a6e-ac5f-8e81bcc09112""},""match_status"":{""metadata"":""missing"",""resource"":""missing"",""subscription"":""missing""},""recommendation_id"":""/subscriptions/26abc801-0d8f-4a6e-ac5f-8e81bcc09112/resourcegroups/pagopa-u-test-peering-rg/providers/microsoft.compute/virtualmachines/test-peering-private/providers/Microsoft.Advisor/recommendations/4aa80f348bd1fd60e032e3ffdfce92c0d22f2b9cfb27e49346eb800c98eb1539"",""resource_linkage"":""resource_id""}"	d345ca83fc40dee0f53e63cdc3854119ecbfa3d09d213b5a52de7c74a6b49f65
1	72a34e2b-f26c-4bd9-b778-6118966cf94b	2026-07-31	resolved	advisor_retirement_recommendation	azure_advisor	/subscriptions/26abc801-0d8f-4a6e-ac5f-8e81bcc09112/resourcegroups/pagopa-u-test-peering-rg/providers/microsoft.compute/virtualmachines/test-peering-private/providers/Microsoft.Advisor/recommendations/59daf19fdfe0e77d7a52131fe88304fda9a4c2302b2c580f82ae898339419b9c	7f71b153-c0b7-4e99-a23e-db8179183ec9	New	26abc801-0d8f-4a6e-ac5f-8e81bcc09112		resource_id	/subscriptions/26abc801-0d8f-4a6e-ac5f-8e81bcc09112/resourcegroups/pagopa-u-test-peering-rg/providers/microsoft.compute/virtualmachines/test-peering-private	/subscriptions/26abc801-0d8f-4a6e-ac5f-8e81bcc09112/resourcegroups/pagopa-u-test-peering-rg/providers/microsoft.compute/virtualmachines/test-peering-private	test-peering-private	pagopa-u-test-peering-rg	microsoft.compute/virtualmachines		{}							missing	High		HighAvailability		2026-05-22T19:44:02.163513Z		Migrate workload to D-series or better virtual machine	Migrate workload to D-series or better virtual machine				[]	missing	missing	missing	metadata_not_found,missing_retirement_date,resource_inventory_not_found,subscription_inventory_not_found	"{""acquisition"":""advisor.recommendations"",""api_version"":""2025-01-01"",""fields"":{""description"":"""",""resource_id"":""properties.resourceMetadata.resourceId""},""lookup_keys"":{""metadata"":""7f71b153-c0b7-4e99-a23e-db8179183ec9\u0000/subscriptions/26abc801-0d8f-4a6e-ac5f-8e81bcc09112/resourcegroups/pagopa-u-test-peering-rg/providers/microsoft.compute/virtualmachines/test-peering-private"",""resource"":""/subscriptions/26abc801-0d8f-4a6e-ac5f-8e81bcc09112/resourcegroups/pagopa-u-test-peering-rg/providers/microsoft.compute/virtualmachines/test-peering-private"",""subscription"":""26abc801-0d8f-4a6e-ac5f-8e81bcc09112""},""match_status"":{""metadata"":""missing"",""resource"":""missing"",""subscription"":""missing""},""recommendation_id"":""/subscriptions/26abc801-0d8f-4a6e-ac5f-8e81bcc09112/resourcegroups/pagopa-u-test-peering-rg/providers/microsoft.compute/virtualmachines/test-peering-private/providers/Microsoft.Advisor/recommendations/59daf19fdfe0e77d7a52131fe88304fda9a4c2302b2c580f82ae898339419b9c"",""resource_linkage"":""resource_id""}"	e203cc8c407cb46b264b87fb92a019962b1e069a3545cfa5dd76611287fb5488
1	72a34e2b-f26c-4bd9-b778-6118966cf94b	2026-07-31	resolved	advisor_retirement_recommendation	azure_advisor	/subscriptions/26abc801-0d8f-4a6e-ac5f-8e81bcc09112/resourcegroups/pagopa-u-test-peering-rg/providers/microsoft.compute/virtualmachines/test-peering-private/providers/Microsoft.Advisor/recommendations/fc04d80519ed91c07d1589bdf2a8e66aab0bdf18f5bb5a571b859354219167b6	13cea0f1-c3f7-4c66-8b3b-9928a0f07cea	New	26abc801-0d8f-4a6e-ac5f-8e81bcc09112		resource_id	/subscriptions/26abc801-0d8f-4a6e-ac5f-8e81bcc09112/resourcegroups/pagopa-u-test-peering-rg/providers/microsoft.compute/virtualmachines/test-peering-private	/subscriptions/26abc801-0d8f-4a6e-ac5f-8e81bcc09112/resourcegroups/pagopa-u-test-peering-rg/providers/microsoft.compute/virtualmachines/test-peering-private	test-peering-private	pagopa-u-test-peering-rg	microsoft.compute/virtualmachines		{}			LSv2, G, GS, F, FS, Fsv2, B, Av2 - Series	2028-11-15	2028-11-15	properties.extendedProperties.retirementDate	exact	High		HighAvailability		2026-05-09T17:55:55.819522Z		Review and migrate virtual machine workloads	Review and migrate virtual machine workloads				[]	missing	missing	missing	metadata_not_found,resource_inventory_not_found,subscription_inventory_not_found	"{""acquisition"":""advisor.recommendations"",""api_version"":""2025-01-01"",""fields"":{""description"":"""",""resource_id"":""properties.resourceMetadata.resourceId""},""lookup_keys"":{""metadata"":""13cea0f1-c3f7-4c66-8b3b-9928a0f07cea\u0000/subscriptions/26abc801-0d8f-4a6e-ac5f-8e81bcc09112/resourcegroups/pagopa-u-test-peering-rg/providers/microsoft.compute/virtualmachines/test-peering-private"",""resource"":""/subscriptions/26abc801-0d8f-4a6e-ac5f-8e81bcc09112/resourcegroups/pagopa-u-test-peering-rg/providers/microsoft.compute/virtualmachines/test-peering-private"",""subscription"":""26abc801-0d8f-4a6e-ac5f-8e81bcc09112""},""match_status"":{""metadata"":""missing"",""resource"":""missing"",""subscription"":""missing""},""recommendation_id"":""/subscriptions/26abc801-0d8f-4a6e-ac5f-8e81bcc09112/resourcegroups/pagopa-u-test-peering-rg/providers/microsoft.compute/virtualmachines/test-peering-private/providers/Microsoft.Advisor/recommendations/fc04d80519ed91c07d1589bdf2a8e66aab0bdf18f5bb5a571b859354219167b6"",""resource_linkage"":""resource_id""}"	b3a2e3e30f7facef02501f829776ff368cbe2e2d098e9aa7cd12f228b82d1cf8
1	72a34e2b-f26c-4bd9-b778-6118966cf94b	2026-07-31	resolved	advisor_retirement_recommendation	azure_advisor	/subscriptions/26abc801-0d8f-4a6e-ac5f-8e81bcc09112/resourcegroups/pagopa-u-test-peering-rg/providers/microsoft.compute/virtualmachines/test-peering-vm/providers/Microsoft.Advisor/recommendations/115d39d62adb8e12d505c9115c7f3913e20206c84cb43411036219ac5cd2e590	5f2613df-629f-4b07-9425-2a47ea0dfad3	New	26abc801-0d8f-4a6e-ac5f-8e81bcc09112		resource_id	/subscriptions/26abc801-0d8f-4a6e-ac5f-8e81bcc09112/resourcegroups/pagopa-u-test-peering-rg/providers/microsoft.compute/virtualmachines/test-peering-vm	/subscriptions/26abc801-0d8f-4a6e-ac5f-8e81bcc09112/resourcegroups/pagopa-u-test-peering-rg/providers/microsoft.compute/virtualmachines/test-peering-vm	test-peering-vm	pagopa-u-test-peering-rg	microsoft.compute/virtualmachines		{}							missing	Medium		HighAvailability		2026-05-10T05:47:44.959390Z		Migrate workload to Virtual Machine Scale Sets Flex	Migrate workload to Virtual Machine Scale Sets Flex				[]	missing	missing	missing	metadata_not_found,missing_retirement_date,resource_inventory_not_found,subscription_inventory_not_found	"{""acquisition"":""advisor.recommendations"",""api_version"":""2025-01-01"",""fields"":{""description"":"""",""resource_id"":""properties.resourceMetadata.resourceId""},""lookup_keys"":{""metadata"":""5f2613df-629f-4b07-9425-2a47ea0dfad3\u0000/subscriptions/26abc801-0d8f-4a6e-ac5f-8e81bcc09112/resourcegroups/pagopa-u-test-peering-rg/providers/microsoft.compute/virtualmachines/test-peering-vm"",""resource"":""/subscriptions/26abc801-0d8f-4a6e-ac5f-8e81bcc09112/resourcegroups/pagopa-u-test-peering-rg/providers/microsoft.compute/virtualmachines/test-peering-vm"",""subscription"":""26abc801-0d8f-4a6e-ac5f-8e81bcc09112""},""match_status"":{""metadata"":""missing"",""resource"":""missing"",""subscription"":""missing""},""recommendation_id"":""/subscriptions/26abc801-0d8f-4a6e-ac5f-8e81bcc09112/resourcegroups/pagopa-u-test-peering-rg/providers/microsoft.compute/virtualmachines/test-peering-vm/providers/Microsoft.Advisor/recommendations/115d39d62adb8e12d505c9115c7f3913e20206c84cb43411036219ac5cd2e590"",""resource_linkage"":""resource_id""}"	ae47be1fdedb9dba65cd63e331506df751d1d308e12a82394ddf45a78811d121
1	72a34e2b-f26c-4bd9-b778-6118966cf94b	2026-07-31	resolved	advisor_retirement_recommendation	azure_advisor	/subscriptions/26abc801-0d8f-4a6e-ac5f-8e81bcc09112/resourcegroups/pagopa-u-test-peering-rg/providers/microsoft.network/publicipaddresses/test-peering-vm-ip/providers/Microsoft.Advisor/recommendations/b3f7131211bfe2736d1b40c8d89d6cfb1de216f330afb0d8546423217c6f7cb1	557fc33a-46a3-4688-9f09-0aa6ae3d38d7	New	26abc801-0d8f-4a6e-ac5f-8e81bcc09112		resource_id	/subscriptions/26abc801-0d8f-4a6e-ac5f-8e81bcc09112/resourcegroups/pagopa-u-test-peering-rg/providers/microsoft.network/publicipaddresses/test-peering-vm-ip	/subscriptions/26abc801-0d8f-4a6e-ac5f-8e81bcc09112/resourcegroups/pagopa-u-test-peering-rg/providers/microsoft.network/publicipaddresses/test-peering-vm-ip	test-peering-vm-ip	pagopa-u-test-peering-rg	microsoft.network/publicipaddresses		{}			Basic SKU	2025-09-30	2025-09-30	properties.extendedProperties.retirementDate	exact	Medium		HighAvailability		2026-05-13T02:51:44.402212Z		Basic SKU is being retired	Basic SKU is being retired				[]	missing	missing	missing	metadata_not_found,resource_inventory_not_found,subscription_inventory_not_found	"{""acquisition"":""advisor.recommendations"",""api_version"":""2025-01-01"",""fields"":{""description"":"""",""resource_id"":""properties.resourceMetadata.resourceId""},""lookup_keys"":{""metadata"":""557fc33a-46a3-4688-9f09-0aa6ae3d38d7\u0000/subscriptions/26abc801-0d8f-4a6e-ac5f-8e81bcc09112/resourcegroups/pagopa-u-test-peering-rg/providers/microsoft.network/publicipaddresses/test-peering-vm-ip"",""resource"":""/subscriptions/26abc801-0d8f-4a6e-ac5f-8e81bcc09112/resourcegroups/pagopa-u-test-peering-rg/providers/microsoft.network/publicipaddresses/test-peering-vm-ip"",""subscription"":""26abc801-0d8f-4a6e-ac5f-8e81bcc09112""},""match_status"":{""metadata"":""missing"",""resource"":""missing"",""subscription"":""missing""},""recommendation_id"":""/subscriptions/26abc801-0d8f-4a6e-ac5f-8e81bcc09112/resourcegroups/pagopa-u-test-peering-rg/providers/microsoft.network/publicipaddresses/test-peering-vm-ip/providers/Microsoft.Advisor/recommendations/b3f7131211bfe2736d1b40c8d89d6cfb1de216f330afb0d8546423217c6f7cb1"",""resource_linkage"":""resource_id""}"	ce527db80c6f641560d6516431017154a4e5acb75a1ea17b1b28487bd472c653
1	72a34e2b-f26c-4bd9-b778-6118966cf94b	2026-07-31	resolved	advisor_retirement_recommendation	azure_advisor	/subscriptions/26abc801-0d8f-4a6e-ac5f-8e81bcc09112/resourcegroups/pagopa-u-weu-afm-rg/providers/microsoft.documentdb/databaseaccounts/pagopa-u-weu-afm-marketplace-cosmos-account/providers/Microsoft.Advisor/recommendations/3b144d172cf48a143f65115df396c4691dc872bb2f3c35e546cf7aea89a030a2	0082c3b0-5b9c-4157-bb43-29307b6f882e	New	26abc801-0d8f-4a6e-ac5f-8e81bcc09112		resource_id	/subscriptions/26abc801-0d8f-4a6e-ac5f-8e81bcc09112/resourcegroups/pagopa-u-weu-afm-rg/providers/microsoft.documentdb/databaseaccounts/pagopa-u-weu-afm-marketplace-cosmos-account	/subscriptions/26abc801-0d8f-4a6e-ac5f-8e81bcc09112/resourcegroups/pagopa-u-weu-afm-rg/providers/microsoft.documentdb/databaseaccounts/pagopa-u-weu-afm-marketplace-cosmos-account	pagopa-u-weu-afm-marketplace-cosmos-account	pagopa-u-weu-afm-rg	microsoft.documentdb/databaseaccounts		{}			Azure Synapse Link for Azure Cosmos DB NoSQL	2029-03-31	2029-03-31	properties.extendedProperties.retirementDate	exact	Medium		HighAvailability		2026-07-26T08:36:09.943111Z		Migrate Cosmos DB Synapse Link (NoSQL) to Fabric Mirroring	Migrate Cosmos DB Synapse Link (NoSQL) to Fabric Mirroring				[]	missing	missing	missing	metadata_not_found,resource_inventory_not_found,subscription_inventory_not_found	"{""acquisition"":""advisor.recommendations"",""api_version"":""2025-01-01"",""fields"":{""description"":"""",""resource_id"":""properties.resourceMetadata.resourceId""},""lookup_keys"":{""metadata"":""0082c3b0-5b9c-4157-bb43-29307b6f882e\u0000/subscriptions/26abc801-0d8f-4a6e-ac5f-8e81bcc09112/resourcegroups/pagopa-u-weu-afm-rg/providers/microsoft.documentdb/databaseaccounts/pagopa-u-weu-afm-marketplace-cosmos-account"",""resource"":""/subscriptions/26abc801-0d8f-4a6e-ac5f-8e81bcc09112/resourcegroups/pagopa-u-weu-afm-rg/providers/microsoft.documentdb/databaseaccounts/pagopa-u-weu-afm-marketplace-cosmos-account"",""subscription"":""26abc801-0d8f-4a6e-ac5f-8e81bcc09112""},""match_status"":{""metadata"":""missing"",""resource"":""missing"",""subscription"":""missing""},""recommendation_id"":""/subscriptions/26abc801-0d8f-4a6e-ac5f-8e81bcc09112/resourcegroups/pagopa-u-weu-afm-rg/providers/microsoft.documentdb/databaseaccounts/pagopa-u-weu-afm-marketplace-cosmos-account/providers/Microsoft.Advisor/recommendations/3b144d172cf48a143f65115df396c4691dc872bb2f3c35e546cf7aea89a030a2"",""resource_linkage"":""resource_id""}"	608a96bc4ffbb3a7b49945406655292c3d86ff6bdbd57a26c3f83d9dcb8d3c08
1	72a34e2b-f26c-4bd9-b778-6118966cf94b	2026-07-31	resolved	advisor_retirement_recommendation	azure_advisor	/subscriptions/26abc801-0d8f-4a6e-ac5f-8e81bcc09112/resourcegroups/pagopa-u-weu-bizevents-rg/providers/microsoft.documentdb/databaseaccounts/pagopa-u-weu-bizevents-ds-cosmos-account/providers/Microsoft.Advisor/recommendations/84fd2f05629b01ed64a2f6cca101d199e5800ff36b8b2f9da50dcc49f68774da	51a4e6bd-5a95-4a41-8309-40f5640fdb8b	New	26abc801-0d8f-4a6e-ac5f-8e81bcc09112		resource_id	/subscriptions/26abc801-0d8f-4a6e-ac5f-8e81bcc09112/resourcegroups/pagopa-u-weu-bizevents-rg/providers/microsoft.documentdb/databaseaccounts/pagopa-u-weu-bizevents-ds-cosmos-account	/subscriptions/26abc801-0d8f-4a6e-ac5f-8e81bcc09112/resourcegroups/pagopa-u-weu-bizevents-rg/providers/microsoft.documentdb/databaseaccounts/pagopa-u-weu-bizevents-ds-cosmos-account	pagopa-u-weu-bizevents-ds-cosmos-account	pagopa-u-weu-bizevents-rg	microsoft.documentdb/databaseaccounts		{}							missing	Medium		HighAvailability		2026-07-22T20:27:36.924671Z		Upgrade old Azure Cosmos DB SDK to the latest version	Upgrade old Azure Cosmos DB SDK to the latest version				[]	missing	missing	missing	metadata_not_found,missing_retirement_date,resource_inventory_not_found,subscription_inventory_not_found	"{""acquisition"":""advisor.recommendations"",""api_version"":""2025-01-01"",""fields"":{""description"":"""",""resource_id"":""properties.resourceMetadata.resourceId""},""lookup_keys"":{""metadata"":""51a4e6bd-5a95-4a41-8309-40f5640fdb8b\u0000/subscriptions/26abc801-0d8f-4a6e-ac5f-8e81bcc09112/resourcegroups/pagopa-u-weu-bizevents-rg/providers/microsoft.documentdb/databaseaccounts/pagopa-u-weu-bizevents-ds-cosmos-account"",""resource"":""/subscriptions/26abc801-0d8f-4a6e-ac5f-8e81bcc09112/resourcegroups/pagopa-u-weu-bizevents-rg/providers/microsoft.documentdb/databaseaccounts/pagopa-u-weu-bizevents-ds-cosmos-account"",""subscription"":""26abc801-0d8f-4a6e-ac5f-8e81bcc09112""},""match_status"":{""metadata"":""missing"",""resource"":""missing"",""subscription"":""missing""},""recommendation_id"":""/subscriptions/26abc801-0d8f-4a6e-ac5f-8e81bcc09112/resourcegroups/pagopa-u-weu-bizevents-rg/providers/microsoft.documentdb/databaseaccounts/pagopa-u-weu-bizevents-ds-cosmos-account/providers/Microsoft.Advisor/recommendations/84fd2f05629b01ed64a2f6cca101d199e5800ff36b8b2f9da50dcc49f68774da"",""resource_linkage"":""resource_id""}"	eeee5e44b0989c66379f993837caf799d205d7b44e8de75c2157bd2ccacb7ed2
1	72a34e2b-f26c-4bd9-b778-6118966cf94b	2026-07-31	resolved	advisor_retirement_recommendation	azure_advisor	/subscriptions/26abc801-0d8f-4a6e-ac5f-8e81bcc09112/resourcegroups/pagopa-u-weu-checkout-redis-rg/providers/microsoft.cache/redis/pagopa-u-weu-checkout-redis/providers/Microsoft.Advisor/recommendations/426b0b5913e29b4bdde0d404305b0d9d8e6ee2275b2feedc549799d59ff7bd69	f3aded79-f9ff-4ce4-99e3-2ffcf11161a4	New	26abc801-0d8f-4a6e-ac5f-8e81bcc09112		resource_id	/subscriptions/26abc801-0d8f-4a6e-ac5f-8e81bcc09112/resourcegroups/pagopa-u-weu-checkout-redis-rg/providers/microsoft.cache/redis/pagopa-u-weu-checkout-redis	/subscriptions/26abc801-0d8f-4a6e-ac5f-8e81bcc09112/resourcegroups/pagopa-u-weu-checkout-redis-rg/providers/microsoft.cache/redis/pagopa-u-weu-checkout-redis	pagopa-u-weu-checkout-redis	pagopa-u-weu-checkout-redis-rg	microsoft.cache/redis		{}			Redis Cache	2028-09-30	2028-09-30	properties.extendedProperties.retirementDate	exact	Medium		HighAvailability		2026-05-20T09:23:49.106296Z		Migrate to Azure Managed Redis from Azure Cache for Redis	Migrate to Azure Managed Redis from Azure Cache for Redis				[]	missing	missing	missing	metadata_not_found,resource_inventory_not_found,subscription_inventory_not_found	"{""acquisition"":""advisor.recommendations"",""api_version"":""2025-01-01"",""fields"":{""description"":"""",""resource_id"":""properties.resourceMetadata.resourceId""},""lookup_keys"":{""metadata"":""f3aded79-f9ff-4ce4-99e3-2ffcf11161a4\u0000/subscriptions/26abc801-0d8f-4a6e-ac5f-8e81bcc09112/resourcegroups/pagopa-u-weu-checkout-redis-rg/providers/microsoft.cache/redis/pagopa-u-weu-checkout-redis"",""resource"":""/subscriptions/26abc801-0d8f-4a6e-ac5f-8e81bcc09112/resourcegroups/pagopa-u-weu-checkout-redis-rg/providers/microsoft.cache/redis/pagopa-u-weu-checkout-redis"",""subscription"":""26abc801-0d8f-4a6e-ac5f-8e81bcc09112""},""match_status"":{""metadata"":""missing"",""resource"":""missing"",""subscription"":""missing""},""recommendation_id"":""/subscriptions/26abc801-0d8f-4a6e-ac5f-8e81bcc09112/resourcegroups/pagopa-u-weu-checkout-redis-rg/providers/microsoft.cache/redis/pagopa-u-weu-checkout-redis/providers/Microsoft.Advisor/recommendations/426b0b5913e29b4bdde0d404305b0d9d8e6ee2275b2feedc549799d59ff7bd69"",""resource_linkage"":""resource_id""}"	64da7dd8baafccee1fe66d5491b752d9150b3f16e4211b9535c6f86e6115e8ba
1	72a34e2b-f26c-4bd9-b778-6118966cf94b	2026-07-31	resolved	advisor_retirement_recommendation	azure_advisor	/subscriptions/26abc801-0d8f-4a6e-ac5f-8e81bcc09112/resourcegroups/pagopa-u-weu-checkout-redis-std-rg/providers/microsoft.cache/redis/pagopa-u-weu-checkout-redis-std/providers/Microsoft.Advisor/recommendations/757b12475291293b5e245649fb44a5d695e38fac88f3868099bd3a9a07c57c2e	f3aded79-f9ff-4ce4-99e3-2ffcf11161a4	New	26abc801-0d8f-4a6e-ac5f-8e81bcc09112		resource_id	/subscriptions/26abc801-0d8f-4a6e-ac5f-8e81bcc09112/resourcegroups/pagopa-u-weu-checkout-redis-std-rg/providers/microsoft.cache/redis/pagopa-u-weu-checkout-redis-std	/subscriptions/26abc801-0d8f-4a6e-ac5f-8e81bcc09112/resourcegroups/pagopa-u-weu-checkout-redis-std-rg/providers/microsoft.cache/redis/pagopa-u-weu-checkout-redis-std	pagopa-u-weu-checkout-redis-std	pagopa-u-weu-checkout-redis-std-rg	microsoft.cache/redis		{}			Redis Cache	2028-09-30	2028-09-30	properties.extendedProperties.retirementDate	exact	Medium		HighAvailability		2026-05-13T10:40:38.184262Z		Migrate to Azure Managed Redis from Azure Cache for Redis	Migrate to Azure Managed Redis from Azure Cache for Redis				[]	missing	missing	missing	metadata_not_found,resource_inventory_not_found,subscription_inventory_not_found	"{""acquisition"":""advisor.recommendations"",""api_version"":""2025-01-01"",""fields"":{""description"":"""",""resource_id"":""properties.resourceMetadata.resourceId""},""lookup_keys"":{""metadata"":""f3aded79-f9ff-4ce4-99e3-2ffcf11161a4\u0000/subscriptions/26abc801-0d8f-4a6e-ac5f-8e81bcc09112/resourcegroups/pagopa-u-weu-checkout-redis-std-rg/providers/microsoft.cache/redis/pagopa-u-weu-checkout-redis-std"",""resource"":""/subscriptions/26abc801-0d8f-4a6e-ac5f-8e81bcc09112/resourcegroups/pagopa-u-weu-checkout-redis-std-rg/providers/microsoft.cache/redis/pagopa-u-weu-checkout-redis-std"",""subscription"":""26abc801-0d8f-4a6e-ac5f-8e81bcc09112""},""match_status"":{""metadata"":""missing"",""resource"":""missing"",""subscription"":""missing""},""recommendation_id"":""/subscriptions/26abc801-0d8f-4a6e-ac5f-8e81bcc09112/resourcegroups/pagopa-u-weu-checkout-redis-std-rg/providers/microsoft.cache/redis/pagopa-u-weu-checkout-redis-std/providers/Microsoft.Advisor/recommendations/757b12475291293b5e245649fb44a5d695e38fac88f3868099bd3a9a07c57c2e"",""resource_linkage"":""resource_id""}"	9d1d56fd9666d254051bdfb1089122122a30739f2c0613e827f0a99ed3dee7aa
1	72a34e2b-f26c-4bd9-b778-6118966cf94b	2026-07-31	resolved	advisor_retirement_recommendation	azure_advisor	/subscriptions/26abc801-0d8f-4a6e-ac5f-8e81bcc09112/resourcegroups/pagopa-u-weu-core-ca-rg/providers/microsoft.keyvault/vaults/pagopa-u-weu-core-ca-kv/providers/Microsoft.Advisor/recommendations/b2909489d1725a2662c73de674dc0717ac90b1a4c2723a6d4cc3e11c0ba8ba7c	7ff06874-39e9-41be-9552-fa1ae2a83c88	New	26abc801-0d8f-4a6e-ac5f-8e81bcc09112		resource_id	/subscriptions/26abc801-0d8f-4a6e-ac5f-8e81bcc09112/resourcegroups/pagopa-u-weu-core-ca-rg/providers/microsoft.keyvault/vaults/pagopa-u-weu-core-ca-kv	/subscriptions/26abc801-0d8f-4a6e-ac5f-8e81bcc09112/resourcegroups/pagopa-u-weu-core-ca-rg/providers/microsoft.keyvault/vaults/pagopa-u-weu-core-ca-kv	pagopa-u-weu-core-ca-kv	pagopa-u-weu-core-ca-rg	microsoft.keyvault/vaults		{}			API versions prior to 2026-02-01	2027-02-27	2027-02-27	properties.extendedProperties.retirementDate	exact	High		HighAvailability		2026-07-20T14:19:24.728686Z		Azure Key Vault API versions prior to 2026-02-01 are being retired	Azure Key Vault API versions prior to 2026-02-01 are being retired				[]	missing	missing	missing	metadata_not_found,resource_inventory_not_found,subscription_inventory_not_found	"{""acquisition"":""advisor.recommendations"",""api_version"":""2025-01-01"",""fields"":{""description"":"""",""resource_id"":""properties.resourceMetadata.resourceId""},""lookup_keys"":{""metadata"":""7ff06874-39e9-41be-9552-fa1ae2a83c88\u0000/subscriptions/26abc801-0d8f-4a6e-ac5f-8e81bcc09112/resourcegroups/pagopa-u-weu-core-ca-rg/providers/microsoft.keyvault/vaults/pagopa-u-weu-core-ca-kv"",""resource"":""/subscriptions/26abc801-0d8f-4a6e-ac5f-8e81bcc09112/resourcegroups/pagopa-u-weu-core-ca-rg/providers/microsoft.keyvault/vaults/pagopa-u-weu-core-ca-kv"",""subscription"":""26abc801-0d8f-4a6e-ac5f-8e81bcc09112""},""match_status"":{""metadata"":""missing"",""resource"":""missing"",""subscription"":""missing""},""recommendation_id"":""/subscriptions/26abc801-0d8f-4a6e-ac5f-8e81bcc09112/resourcegroups/pagopa-u-weu-core-ca-rg/providers/microsoft.keyvault/vaults/pagopa-u-weu-core-ca-kv/providers/Microsoft.Advisor/recommendations/b2909489d1725a2662c73de674dc0717ac90b1a4c2723a6d4cc3e11c0ba8ba7c"",""resource_linkage"":""resource_id""}"	795b3037ca14c12858a77f0d9fce8d37471ac6804943163a049f4515b5ac93c1
1	72a34e2b-f26c-4bd9-b778-6118966cf94b	2026-07-31	resolved	advisor_retirement_recommendation	azure_advisor	/subscriptions/26abc801-0d8f-4a6e-ac5f-8e81bcc09112/resourcegroups/pagopa-u-weu-ecommerce-redis-rg/providers/microsoft.cache/redis/pagopa-u-weu-ecommerce-redis/providers/Microsoft.Advisor/recommendations/c2a6dfe14819fe7f971db4aa7cafcc89146a64052ccc06f4af1eb170f51f4e09	f3aded79-f9ff-4ce4-99e3-2ffcf11161a4	New	26abc801-0d8f-4a6e-ac5f-8e81bcc09112		resource_id	/subscriptions/26abc801-0d8f-4a6e-ac5f-8e81bcc09112/resourcegroups/pagopa-u-weu-ecommerce-redis-rg/providers/microsoft.cache/redis/pagopa-u-weu-ecommerce-redis	/subscriptions/26abc801-0d8f-4a6e-ac5f-8e81bcc09112/resourcegroups/pagopa-u-weu-ecommerce-redis-rg/providers/microsoft.cache/redis/pagopa-u-weu-ecommerce-redis	pagopa-u-weu-ecommerce-redis	pagopa-u-weu-ecommerce-redis-rg	microsoft.cache/redis		{}			Redis Cache	2028-09-30	2028-09-30	properties.extendedProperties.retirementDate	exact	Medium		HighAvailability		2026-05-12T18:01:27.981621Z		Migrate to Azure Managed Redis from Azure Cache for Redis	Migrate to Azure Managed Redis from Azure Cache for Redis				[]	missing	missing	missing	metadata_not_found,resource_inventory_not_found,subscription_inventory_not_found	"{""acquisition"":""advisor.recommendations"",""api_version"":""2025-01-01"",""fields"":{""description"":"""",""resource_id"":""properties.resourceMetadata.resourceId""},""lookup_keys"":{""metadata"":""f3aded79-f9ff-4ce4-99e3-2ffcf11161a4\u0000/subscriptions/26abc801-0d8f-4a6e-ac5f-8e81bcc09112/resourcegroups/pagopa-u-weu-ecommerce-redis-rg/providers/microsoft.cache/redis/pagopa-u-weu-ecommerce-redis"",""resource"":""/subscriptions/26abc801-0d8f-4a6e-ac5f-8e81bcc09112/resourcegroups/pagopa-u-weu-ecommerce-redis-rg/providers/microsoft.cache/redis/pagopa-u-weu-ecommerce-redis"",""subscription"":""26abc801-0d8f-4a6e-ac5f-8e81bcc09112""},""match_status"":{""metadata"":""missing"",""resource"":""missing"",""subscription"":""missing""},""recommendation_id"":""/subscriptions/26abc801-0d8f-4a6e-ac5f-8e81bcc09112/resourcegroups/pagopa-u-weu-ecommerce-redis-rg/providers/microsoft.cache/redis/pagopa-u-weu-ecommerce-redis/providers/Microsoft.Advisor/recommendations/c2a6dfe14819fe7f971db4aa7cafcc89146a64052ccc06f4af1eb170f51f4e09"",""resource_linkage"":""resource_id""}"	ee7e5a3d640ac25ff3ca75af31e2f4374df841a9b84b4979c494da7224a9e1c8
1	72a34e2b-f26c-4bd9-b778-6118966cf94b	2026-07-31	resolved	advisor_retirement_recommendation	azure_advisor	/subscriptions/26abc801-0d8f-4a6e-ac5f-8e81bcc09112/resourcegroups/pagopa-u-weu-network-sec-rg/providers/microsoft.keyvault/vaults/pagopa-u-weu-network-kv/providers/Microsoft.Advisor/recommendations/283c8d526904d0a54eee9804e3376b6b791717f38b6d0bd431085f68fea4ec48	7ff06874-39e9-41be-9552-fa1ae2a83c88	New	26abc801-0d8f-4a6e-ac5f-8e81bcc09112		resource_id	/subscriptions/26abc801-0d8f-4a6e-ac5f-8e81bcc09112/resourcegroups/pagopa-u-weu-network-sec-rg/providers/microsoft.keyvault/vaults/pagopa-u-weu-network-kv	/subscriptions/26abc801-0d8f-4a6e-ac5f-8e81bcc09112/resourcegroups/pagopa-u-weu-network-sec-rg/providers/microsoft.keyvault/vaults/pagopa-u-weu-network-kv	pagopa-u-weu-network-kv	pagopa-u-weu-network-sec-rg	microsoft.keyvault/vaults		{}			API versions prior to 2026-02-01	2027-02-27	2027-02-27	properties.extendedProperties.retirementDate	exact	High		HighAvailability		2026-07-29T21:19:42.418865Z		Azure Key Vault API versions prior to 2026-02-01 are being retired	Azure Key Vault API versions prior to 2026-02-01 are being retired				[]	missing	missing	missing	metadata_not_found,resource_inventory_not_found,subscription_inventory_not_found	"{""acquisition"":""advisor.recommendations"",""api_version"":""2025-01-01"",""fields"":{""description"":"""",""resource_id"":""properties.resourceMetadata.resourceId""},""lookup_keys"":{""metadata"":""7ff06874-39e9-41be-9552-fa1ae2a83c88\u0000/subscriptions/26abc801-0d8f-4a6e-ac5f-8e81bcc09112/resourcegroups/pagopa-u-weu-network-sec-rg/providers/microsoft.keyvault/vaults/pagopa-u-weu-network-kv"",""resource"":""/subscriptions/26abc801-0d8f-4a6e-ac5f-8e81bcc09112/resourcegroups/pagopa-u-weu-network-sec-rg/providers/microsoft.keyvault/vaults/pagopa-u-weu-network-kv"",""subscription"":""26abc801-0d8f-4a6e-ac5f-8e81bcc09112""},""match_status"":{""metadata"":""missing"",""resource"":""missing"",""subscription"":""missing""},""recommendation_id"":""/subscriptions/26abc801-0d8f-4a6e-ac5f-8e81bcc09112/resourcegroups/pagopa-u-weu-network-sec-rg/providers/microsoft.keyvault/vaults/pagopa-u-weu-network-kv/providers/Microsoft.Advisor/recommendations/283c8d526904d0a54eee9804e3376b6b791717f38b6d0bd431085f68fea4ec48"",""resource_linkage"":""resource_id""}"	9c8f4fabc7340aadcd66d8f7f8d7cb935dfc1768f70d9720e01f0737b72d8a33
1	72a34e2b-f26c-4bd9-b778-6118966cf94b	2026-07-31	resolved	advisor_retirement_recommendation	azure_advisor	/subscriptions/26abc801-0d8f-4a6e-ac5f-8e81bcc09112/resourcegroups/pagopa-u-weu-nodo-verifyko-to-datastore-rg/providers/microsoft.documentdb/databaseaccounts/pagopa-u-weu-nodo-verifyko-cosmos-account/providers/Microsoft.Advisor/recommendations/72a6dc3326391a9cc084ff4a0a4c83f964a8b3401e852bb3e1d80075837f620a	51a4e6bd-5a95-4a41-8309-40f5640fdb8b	New	26abc801-0d8f-4a6e-ac5f-8e81bcc09112		resource_id	/subscriptions/26abc801-0d8f-4a6e-ac5f-8e81bcc09112/resourcegroups/pagopa-u-weu-nodo-verifyko-to-datastore-rg/providers/microsoft.documentdb/databaseaccounts/pagopa-u-weu-nodo-verifyko-cosmos-account	/subscriptions/26abc801-0d8f-4a6e-ac5f-8e81bcc09112/resourcegroups/pagopa-u-weu-nodo-verifyko-to-datastore-rg/providers/microsoft.documentdb/databaseaccounts/pagopa-u-weu-nodo-verifyko-cosmos-account	pagopa-u-weu-nodo-verifyko-cosmos-account	pagopa-u-weu-nodo-verifyko-to-datastore-rg	microsoft.documentdb/databaseaccounts		{}							missing	Medium		HighAvailability		2026-06-27T17:00:11.299636Z		Upgrade old Azure Cosmos DB SDK to the latest version	Upgrade old Azure Cosmos DB SDK to the latest version				[]	missing	missing	missing	metadata_not_found,missing_retirement_date,resource_inventory_not_found,subscription_inventory_not_found	"{""acquisition"":""advisor.recommendations"",""api_version"":""2025-01-01"",""fields"":{""description"":"""",""resource_id"":""properties.resourceMetadata.resourceId""},""lookup_keys"":{""metadata"":""51a4e6bd-5a95-4a41-8309-40f5640fdb8b\u0000/subscriptions/26abc801-0d8f-4a6e-ac5f-8e81bcc09112/resourcegroups/pagopa-u-weu-nodo-verifyko-to-datastore-rg/providers/microsoft.documentdb/databaseaccounts/pagopa-u-weu-nodo-verifyko-cosmos-account"",""resource"":""/subscriptions/26abc801-0d8f-4a6e-ac5f-8e81bcc09112/resourcegroups/pagopa-u-weu-nodo-verifyko-to-datastore-rg/providers/microsoft.documentdb/databaseaccounts/pagopa-u-weu-nodo-verifyko-cosmos-account"",""subscription"":""26abc801-0d8f-4a6e-ac5f-8e81bcc09112""},""match_status"":{""metadata"":""missing"",""resource"":""missing"",""subscription"":""missing""},""recommendation_id"":""/subscriptions/26abc801-0d8f-4a6e-ac5f-8e81bcc09112/resourcegroups/pagopa-u-weu-nodo-verifyko-to-datastore-rg/providers/microsoft.documentdb/databaseaccounts/pagopa-u-weu-nodo-verifyko-cosmos-account/providers/Microsoft.Advisor/recommendations/72a6dc3326391a9cc084ff4a0a4c83f964a8b3401e852bb3e1d80075837f620a"",""resource_linkage"":""resource_id""}"	ff7e0b8a62d4ab0d2e7b94c65f3295efc4c78055b460c068da81940231f6019f
1	72a34e2b-f26c-4bd9-b778-6118966cf94b	2026-07-31	resolved	advisor_retirement_recommendation	azure_advisor	/subscriptions/26abc801-0d8f-4a6e-ac5f-8e81bcc09112/resourcegroups/pagopa-u-weu-nodo-vmss-rg/providers/microsoft.compute/virtualmachines/db-nodo-proxy-vm/providers/Microsoft.Advisor/recommendations/1b83e4c224df346070c1a092e3aaf447a7b5d9cb4878b7e1a4be3c3fc0a20ae3	7f71b153-c0b7-4e99-a23e-db8179183ec9	New	26abc801-0d8f-4a6e-ac5f-8e81bcc09112		resource_id	/subscriptions/26abc801-0d8f-4a6e-ac5f-8e81bcc09112/resourcegroups/pagopa-u-weu-nodo-vmss-rg/providers/microsoft.compute/virtualmachines/db-nodo-proxy-vm	/subscriptions/26abc801-0d8f-4a6e-ac5f-8e81bcc09112/resourcegroups/pagopa-u-weu-nodo-vmss-rg/providers/microsoft.compute/virtualmachines/db-nodo-proxy-vm	db-nodo-proxy-vm	pagopa-u-weu-nodo-vmss-rg	microsoft.compute/virtualmachines		{}							missing	High		HighAvailability		2026-04-21T06:40:48.784479Z		Migrate workload to D-series or better virtual machine	Migrate workload to D-series or better virtual machine				[]	missing	missing	missing	metadata_not_found,missing_retirement_date,resource_inventory_not_found,subscription_inventory_not_found	"{""acquisition"":""advisor.recommendations"",""api_version"":""2025-01-01"",""fields"":{""description"":"""",""resource_id"":""properties.resourceMetadata.resourceId""},""lookup_keys"":{""metadata"":""7f71b153-c0b7-4e99-a23e-db8179183ec9\u0000/subscriptions/26abc801-0d8f-4a6e-ac5f-8e81bcc09112/resourcegroups/pagopa-u-weu-nodo-vmss-rg/providers/microsoft.compute/virtualmachines/db-nodo-proxy-vm"",""resource"":""/subscriptions/26abc801-0d8f-4a6e-ac5f-8e81bcc09112/resourcegroups/pagopa-u-weu-nodo-vmss-rg/providers/microsoft.compute/virtualmachines/db-nodo-proxy-vm"",""subscription"":""26abc801-0d8f-4a6e-ac5f-8e81bcc09112""},""match_status"":{""metadata"":""missing"",""resource"":""missing"",""subscription"":""missing""},""recommendation_id"":""/subscriptions/26abc801-0d8f-4a6e-ac5f-8e81bcc09112/resourcegroups/pagopa-u-weu-nodo-vmss-rg/providers/microsoft.compute/virtualmachines/db-nodo-proxy-vm/providers/Microsoft.Advisor/recommendations/1b83e4c224df346070c1a092e3aaf447a7b5d9cb4878b7e1a4be3c3fc0a20ae3"",""resource_linkage"":""resource_id""}"	da7915fe6bf60e8c308ed039ecd5a481d3aa18093fbac35b50a490240957b298
1	72a34e2b-f26c-4bd9-b778-6118966cf94b	2026-07-31	resolved	advisor_retirement_recommendation	azure_advisor	/subscriptions/26abc801-0d8f-4a6e-ac5f-8e81bcc09112/resourcegroups/pagopa-u-weu-nodo-vmss-rg/providers/microsoft.compute/virtualmachines/db-nodo-proxy-vm/providers/Microsoft.Advisor/recommendations/913f7738a342187a785ecfda533a0c514fde988cce2ac5d11242e45fbc5e31dd	13cea0f1-c3f7-4c66-8b3b-9928a0f07cea	New	26abc801-0d8f-4a6e-ac5f-8e81bcc09112		resource_id	/subscriptions/26abc801-0d8f-4a6e-ac5f-8e81bcc09112/resourcegroups/pagopa-u-weu-nodo-vmss-rg/providers/microsoft.compute/virtualmachines/db-nodo-proxy-vm	/subscriptions/26abc801-0d8f-4a6e-ac5f-8e81bcc09112/resourcegroups/pagopa-u-weu-nodo-vmss-rg/providers/microsoft.compute/virtualmachines/db-nodo-proxy-vm	db-nodo-proxy-vm	pagopa-u-weu-nodo-vmss-rg	microsoft.compute/virtualmachines		{}			LSv2, G, GS, F, FS, Fsv2, B, Av2 - Series	2028-11-15	2028-11-15	properties.extendedProperties.retirementDate	exact	High		HighAvailability		2026-06-21T21:44:15.326363Z		Review and migrate virtual machine workloads	Review and migrate virtual machine workloads				[]	missing	missing	missing	metadata_not_found,resource_inventory_not_found,subscription_inventory_not_found	"{""acquisition"":""advisor.recommendations"",""api_version"":""2025-01-01"",""fields"":{""description"":"""",""resource_id"":""properties.resourceMetadata.resourceId""},""lookup_keys"":{""metadata"":""13cea0f1-c3f7-4c66-8b3b-9928a0f07cea\u0000/subscriptions/26abc801-0d8f-4a6e-ac5f-8e81bcc09112/resourcegroups/pagopa-u-weu-nodo-vmss-rg/providers/microsoft.compute/virtualmachines/db-nodo-proxy-vm"",""resource"":""/subscriptions/26abc801-0d8f-4a6e-ac5f-8e81bcc09112/resourcegroups/pagopa-u-weu-nodo-vmss-rg/providers/microsoft.compute/virtualmachines/db-nodo-proxy-vm"",""subscription"":""26abc801-0d8f-4a6e-ac5f-8e81bcc09112""},""match_status"":{""metadata"":""missing"",""resource"":""missing"",""subscription"":""missing""},""recommendation_id"":""/subscriptions/26abc801-0d8f-4a6e-ac5f-8e81bcc09112/resourcegroups/pagopa-u-weu-nodo-vmss-rg/providers/microsoft.compute/virtualmachines/db-nodo-proxy-vm/providers/Microsoft.Advisor/recommendations/913f7738a342187a785ecfda533a0c514fde988cce2ac5d11242e45fbc5e31dd"",""resource_linkage"":""resource_id""}"	3224284d2f8b0c08019ff47dbb594d5dcedbfc28fd5aa819f57aa825e21c28cf
1	72a34e2b-f26c-4bd9-b778-6118966cf94b	2026-07-31	resolved	advisor_retirement_recommendation	azure_advisor	/subscriptions/26abc801-0d8f-4a6e-ac5f-8e81bcc09112/resourcegroups/pagopa-u-weu-nodo-vmss-rg/providers/microsoft.compute/virtualmachines/db-nodo-proxy-vm/providers/Microsoft.Advisor/recommendations/a8a1225c5dbf73948c169467adc50227b7b40b2ee8c58560d8adaa38183fdd59	5f2613df-629f-4b07-9425-2a47ea0dfad3	New	26abc801-0d8f-4a6e-ac5f-8e81bcc09112		resource_id	/subscriptions/26abc801-0d8f-4a6e-ac5f-8e81bcc09112/resourcegroups/pagopa-u-weu-nodo-vmss-rg/providers/microsoft.compute/virtualmachines/db-nodo-proxy-vm	/subscriptions/26abc801-0d8f-4a6e-ac5f-8e81bcc09112/resourcegroups/pagopa-u-weu-nodo-vmss-rg/providers/microsoft.compute/virtualmachines/db-nodo-proxy-vm	db-nodo-proxy-vm	pagopa-u-weu-nodo-vmss-rg	microsoft.compute/virtualmachines		{}							missing	Medium		HighAvailability		2026-07-19T15:36:59.230342Z		Migrate workload to Virtual Machine Scale Sets Flex	Migrate workload to Virtual Machine Scale Sets Flex				[]	missing	missing	missing	metadata_not_found,missing_retirement_date,resource_inventory_not_found,subscription_inventory_not_found	"{""acquisition"":""advisor.recommendations"",""api_version"":""2025-01-01"",""fields"":{""description"":"""",""resource_id"":""properties.resourceMetadata.resourceId""},""lookup_keys"":{""metadata"":""5f2613df-629f-4b07-9425-2a47ea0dfad3\u0000/subscriptions/26abc801-0d8f-4a6e-ac5f-8e81bcc09112/resourcegroups/pagopa-u-weu-nodo-vmss-rg/providers/microsoft.compute/virtualmachines/db-nodo-proxy-vm"",""resource"":""/subscriptions/26abc801-0d8f-4a6e-ac5f-8e81bcc09112/resourcegroups/pagopa-u-weu-nodo-vmss-rg/providers/microsoft.compute/virtualmachines/db-nodo-proxy-vm"",""subscription"":""26abc801-0d8f-4a6e-ac5f-8e81bcc09112""},""match_status"":{""metadata"":""missing"",""resource"":""missing"",""subscription"":""missing""},""recommendation_id"":""/subscriptions/26abc801-0d8f-4a6e-ac5f-8e81bcc09112/resourcegroups/pagopa-u-weu-nodo-vmss-rg/providers/microsoft.compute/virtualmachines/db-nodo-proxy-vm/providers/Microsoft.Advisor/recommendations/a8a1225c5dbf73948c169467adc50227b7b40b2ee8c58560d8adaa38183fdd59"",""resource_linkage"":""resource_id""}"	c5403df2baae320704ff5dbee08315105325b0f22694417c5543e707419ef380
1	72a34e2b-f26c-4bd9-b778-6118966cf94b	2026-07-31	resolved	advisor_retirement_recommendation	azure_advisor	/subscriptions/26abc801-0d8f-4a6e-ac5f-8e81bcc09112/resourcegroups/pagopa-u-weu-nodo-vmss-rg/providers/microsoft.compute/virtualmachinescalesets/pagopa-u-weu-nodo-vmss/providers/Microsoft.Advisor/recommendations/839329063f15240030bcba429ed42bc5029be11b405de89dd43832a5d2a38c42	3b739bd1-c193-4bb6-a953-1362ee3b03b2	New	26abc801-0d8f-4a6e-ac5f-8e81bcc09112		resource_id	/subscriptions/26abc801-0d8f-4a6e-ac5f-8e81bcc09112/resourcegroups/pagopa-u-weu-nodo-vmss-rg/providers/microsoft.compute/virtualmachinescalesets/pagopa-u-weu-nodo-vmss	/subscriptions/26abc801-0d8f-4a6e-ac5f-8e81bcc09112/resourcegroups/pagopa-u-weu-nodo-vmss-rg/providers/microsoft.compute/virtualmachinescalesets/pagopa-u-weu-nodo-vmss	pagopa-u-weu-nodo-vmss	pagopa-u-weu-nodo-vmss-rg	microsoft.compute/virtualmachinescalesets		{}							missing	High		HighAvailability		2026-04-22T15:35:00.217373Z		Upgrade your VMSS to alternative image version	Upgrade your VMSS to alternative image version				[]	missing	missing	missing	metadata_not_found,missing_retirement_date,resource_inventory_not_found,subscription_inventory_not_found	"{""acquisition"":""advisor.recommendations"",""api_version"":""2025-01-01"",""fields"":{""description"":"""",""resource_id"":""properties.resourceMetadata.resourceId""},""lookup_keys"":{""metadata"":""3b739bd1-c193-4bb6-a953-1362ee3b03b2\u0000/subscriptions/26abc801-0d8f-4a6e-ac5f-8e81bcc09112/resourcegroups/pagopa-u-weu-nodo-vmss-rg/providers/microsoft.compute/virtualmachinescalesets/pagopa-u-weu-nodo-vmss"",""resource"":""/subscriptions/26abc801-0d8f-4a6e-ac5f-8e81bcc09112/resourcegroups/pagopa-u-weu-nodo-vmss-rg/providers/microsoft.compute/virtualmachinescalesets/pagopa-u-weu-nodo-vmss"",""subscription"":""26abc801-0d8f-4a6e-ac5f-8e81bcc09112""},""match_status"":{""metadata"":""missing"",""resource"":""missing"",""subscription"":""missing""},""recommendation_id"":""/subscriptions/26abc801-0d8f-4a6e-ac5f-8e81bcc09112/resourcegroups/pagopa-u-weu-nodo-vmss-rg/providers/microsoft.compute/virtualmachinescalesets/pagopa-u-weu-nodo-vmss/providers/Microsoft.Advisor/recommendations/839329063f15240030bcba429ed42bc5029be11b405de89dd43832a5d2a38c42"",""resource_linkage"":""resource_id""}"	179c86959cfa2d0c0f33e8dc691a998d652810377a82d7a8cd8e989bb757caf7
1	72a34e2b-f26c-4bd9-b778-6118966cf94b	2026-07-31	resolved	advisor_retirement_recommendation	azure_advisor	/subscriptions/26abc801-0d8f-4a6e-ac5f-8e81bcc09112/resourcegroups/pagopa-u-weu-receipts-rg/providers/microsoft.documentdb/databaseaccounts/pagopa-u-weu-receipts-ds-cosmos-account/providers/Microsoft.Advisor/recommendations/354f06ef223c8e5c4031eee98b4a73317f16a5666b4c21e5297312405bb7aae1	51a4e6bd-5a95-4a41-8309-40f5640fdb8b	New	26abc801-0d8f-4a6e-ac5f-8e81bcc09112		resource_id	/subscriptions/26abc801-0d8f-4a6e-ac5f-8e81bcc09112/resourcegroups/pagopa-u-weu-receipts-rg/providers/microsoft.documentdb/databaseaccounts/pagopa-u-weu-receipts-ds-cosmos-account	/subscriptions/26abc801-0d8f-4a6e-ac5f-8e81bcc09112/resourcegroups/pagopa-u-weu-receipts-rg/providers/microsoft.documentdb/databaseaccounts/pagopa-u-weu-receipts-ds-cosmos-account	pagopa-u-weu-receipts-ds-cosmos-account	pagopa-u-weu-receipts-rg	microsoft.documentdb/databaseaccounts		{}							missing	Medium		HighAvailability		2026-07-26T08:32:34.372322Z		Upgrade old Azure Cosmos DB SDK to the latest version	Upgrade old Azure Cosmos DB SDK to the latest version				[]	missing	missing	missing	metadata_not_found,missing_retirement_date,resource_inventory_not_found,subscription_inventory_not_found	"{""acquisition"":""advisor.recommendations"",""api_version"":""2025-01-01"",""fields"":{""description"":"""",""resource_id"":""properties.resourceMetadata.resourceId""},""lookup_keys"":{""metadata"":""51a4e6bd-5a95-4a41-8309-40f5640fdb8b\u0000/subscriptions/26abc801-0d8f-4a6e-ac5f-8e81bcc09112/resourcegroups/pagopa-u-weu-receipts-rg/providers/microsoft.documentdb/databaseaccounts/pagopa-u-weu-receipts-ds-cosmos-account"",""resource"":""/subscriptions/26abc801-0d8f-4a6e-ac5f-8e81bcc09112/resourcegroups/pagopa-u-weu-receipts-rg/providers/microsoft.documentdb/databaseaccounts/pagopa-u-weu-receipts-ds-cosmos-account"",""subscription"":""26abc801-0d8f-4a6e-ac5f-8e81bcc09112""},""match_status"":{""metadata"":""missing"",""resource"":""missing"",""subscription"":""missing""},""recommendation_id"":""/subscriptions/26abc801-0d8f-4a6e-ac5f-8e81bcc09112/resourcegroups/pagopa-u-weu-receipts-rg/providers/microsoft.documentdb/databaseaccounts/pagopa-u-weu-receipts-ds-cosmos-account/providers/Microsoft.Advisor/recommendations/354f06ef223c8e5c4031eee98b4a73317f16a5666b4c21e5297312405bb7aae1"",""resource_linkage"":""resource_id""}"	2cc32b6c96c27c7209af62d91f46f9c715094ddba3ae9beefc7613ca7fc0497c
1	72a34e2b-f26c-4bd9-b778-6118966cf94b	2026-07-31	resolved	advisor_retirement_recommendation	azure_advisor	/subscriptions/26abc801-0d8f-4a6e-ac5f-8e81bcc09112/resourcegroups/pagopa-u-weu-receipts-rg/providers/microsoft.documentdb/databaseaccounts/pagopa-u-weu-receipts-ds-cosmos-account/providers/Microsoft.Advisor/recommendations/dc6f4d4aa28c6b7d02ad4b4607d7274efc0ebcb89dc3ae994b1c9849d23c570c	51a4e6bd-5a95-4a41-8309-40f5640fdb8b	New	26abc801-0d8f-4a6e-ac5f-8e81bcc09112		resource_id	/subscriptions/26abc801-0d8f-4a6e-ac5f-8e81bcc09112/resourcegroups/pagopa-u-weu-receipts-rg/providers/microsoft.documentdb/databaseaccounts/pagopa-u-weu-receipts-ds-cosmos-account	/subscriptions/26abc801-0d8f-4a6e-ac5f-8e81bcc09112/resourcegroups/pagopa-u-weu-receipts-rg/providers/microsoft.documentdb/databaseaccounts/pagopa-u-weu-receipts-ds-cosmos-account	pagopa-u-weu-receipts-ds-cosmos-account	pagopa-u-weu-receipts-rg	microsoft.documentdb/databaseaccounts		{}							missing	Medium		HighAvailability		2026-07-22T20:27:36.924641Z		Upgrade old Azure Cosmos DB SDK to the latest version	Upgrade old Azure Cosmos DB SDK to the latest version				[]	missing	missing	missing	metadata_not_found,missing_retirement_date,resource_inventory_not_found,subscription_inventory_not_found	"{""acquisition"":""advisor.recommendations"",""api_version"":""2025-01-01"",""fields"":{""description"":"""",""resource_id"":""properties.resourceMetadata.resourceId""},""lookup_keys"":{""metadata"":""51a4e6bd-5a95-4a41-8309-40f5640fdb8b\u0000/subscriptions/26abc801-0d8f-4a6e-ac5f-8e81bcc09112/resourcegroups/pagopa-u-weu-receipts-rg/providers/microsoft.documentdb/databaseaccounts/pagopa-u-weu-receipts-ds-cosmos-account"",""resource"":""/subscriptions/26abc801-0d8f-4a6e-ac5f-8e81bcc09112/resourcegroups/pagopa-u-weu-receipts-rg/providers/microsoft.documentdb/databaseaccounts/pagopa-u-weu-receipts-ds-cosmos-account"",""subscription"":""26abc801-0d8f-4a6e-ac5f-8e81bcc09112""},""match_status"":{""metadata"":""missing"",""resource"":""missing"",""subscription"":""missing""},""recommendation_id"":""/subscriptions/26abc801-0d8f-4a6e-ac5f-8e81bcc09112/resourcegroups/pagopa-u-weu-receipts-rg/providers/microsoft.documentdb/databaseaccounts/pagopa-u-weu-receipts-ds-cosmos-account/providers/Microsoft.Advisor/recommendations/dc6f4d4aa28c6b7d02ad4b4607d7274efc0ebcb89dc3ae994b1c9849d23c570c"",""resource_linkage"":""resource_id""}"	60defb3f9d1ea480153c5f4cbd44a5a3fa8491b42c5f4b61b019546121bf9520
1	72a34e2b-f26c-4bd9-b778-6118966cf94b	2026-07-31	resolved	advisor_retirement_recommendation	azure_advisor	/subscriptions/26abc801-0d8f-4a6e-ac5f-8e81bcc09112/resourcegroups/pagopa-u-weu-uat-aks-rg/providers/microsoft.containerservice/managedclusters/pagopa-u-weu-uat-aks/providers/Microsoft.Advisor/recommendations/a2110020615fca7103ce850863724b7dd24787738efcab9cc7799427a34668d6	b005ecf0-23e2-4279-9ca2-718d1518c9fb	New	26abc801-0d8f-4a6e-ac5f-8e81bcc09112		resource_id	/subscriptions/26abc801-0d8f-4a6e-ac5f-8e81bcc09112/resourcegroups/pagopa-u-weu-uat-aks-rg/providers/microsoft.containerservice/managedclusters/pagopa-u-weu-uat-aks	/subscriptions/26abc801-0d8f-4a6e-ac5f-8e81bcc09112/resourcegroups/pagopa-u-weu-uat-aks-rg/providers/microsoft.containerservice/managedclusters/pagopa-u-weu-uat-aks	pagopa-u-weu-uat-aks	pagopa-u-weu-uat-aks-rg	microsoft.containerservice/managedclusters		{}			Legacy authentication for Container Insights - Azure Monitor	2026-09-30	2026-09-30	properties.extendedProperties.retirementDate	exact	Medium		HighAvailability		2026-04-16T16:00:30.188158Z		Migrate to Container insights managed identity authentication	Migrate to Container insights managed identity authentication				[]	missing	missing	missing	metadata_not_found,resource_inventory_not_found,subscription_inventory_not_found	"{""acquisition"":""advisor.recommendations"",""api_version"":""2025-01-01"",""fields"":{""description"":"""",""resource_id"":""properties.resourceMetadata.resourceId""},""lookup_keys"":{""metadata"":""b005ecf0-23e2-4279-9ca2-718d1518c9fb\u0000/subscriptions/26abc801-0d8f-4a6e-ac5f-8e81bcc09112/resourcegroups/pagopa-u-weu-uat-aks-rg/providers/microsoft.containerservice/managedclusters/pagopa-u-weu-uat-aks"",""resource"":""/subscriptions/26abc801-0d8f-4a6e-ac5f-8e81bcc09112/resourcegroups/pagopa-u-weu-uat-aks-rg/providers/microsoft.containerservice/managedclusters/pagopa-u-weu-uat-aks"",""subscription"":""26abc801-0d8f-4a6e-ac5f-8e81bcc09112""},""match_status"":{""metadata"":""missing"",""resource"":""missing"",""subscription"":""missing""},""recommendation_id"":""/subscriptions/26abc801-0d8f-4a6e-ac5f-8e81bcc09112/resourcegroups/pagopa-u-weu-uat-aks-rg/providers/microsoft.containerservice/managedclusters/pagopa-u-weu-uat-aks/providers/Microsoft.Advisor/recommendations/a2110020615fca7103ce850863724b7dd24787738efcab9cc7799427a34668d6"",""resource_linkage"":""resource_id""}"	d514e4b1a15cd2b76195ec0b8540296c4a94cf7871fc6c0e6d4e99e5e68eae72
1	72a34e2b-f26c-4bd9-b778-6118966cf94b	2026-07-31	resolved	advisor_retirement_recommendation	azure_advisor	/subscriptions/26abc801-0d8f-4a6e-ac5f-8e81bcc09112/resourcegroups/pagopa-u-weu-uat-aks-rg/providers/microsoft.containerservice/managedclusters/pagopa-u-weu-uat-aks/providers/Microsoft.Advisor/recommendations/dc131b7859f18705c651456eb95c84c287d3c0394b621a18c0672935f67f9cc2	00dbcc9d-50d4-44ef-bc21-c15785cddf42	New	26abc801-0d8f-4a6e-ac5f-8e81bcc09112		resource_id	/subscriptions/26abc801-0d8f-4a6e-ac5f-8e81bcc09112/resourcegroups/pagopa-u-weu-uat-aks-rg/providers/microsoft.containerservice/managedclusters/pagopa-u-weu-uat-aks	/subscriptions/26abc801-0d8f-4a6e-ac5f-8e81bcc09112/resourcegroups/pagopa-u-weu-uat-aks-rg/providers/microsoft.containerservice/managedclusters/pagopa-u-weu-uat-aks	pagopa-u-weu-uat-aks	pagopa-u-weu-uat-aks-rg	microsoft.containerservice/managedclusters		{}			Azure Kubernetes Service support for Ubuntu 22.04	2027-06-30	2027-06-30	properties.extendedProperties.retirementDate	exact	Medium		HighAvailability		2026-05-07T15:05:07.378700Z		Migrate to Ubuntu 24.04 or later versions	Migrate to Ubuntu 24.04 or later versions				[]	missing	missing	missing	metadata_not_found,resource_inventory_not_found,subscription_inventory_not_found	"{""acquisition"":""advisor.recommendations"",""api_version"":""2025-01-01"",""fields"":{""description"":"""",""resource_id"":""properties.resourceMetadata.resourceId""},""lookup_keys"":{""metadata"":""00dbcc9d-50d4-44ef-bc21-c15785cddf42\u0000/subscriptions/26abc801-0d8f-4a6e-ac5f-8e81bcc09112/resourcegroups/pagopa-u-weu-uat-aks-rg/providers/microsoft.containerservice/managedclusters/pagopa-u-weu-uat-aks"",""resource"":""/subscriptions/26abc801-0d8f-4a6e-ac5f-8e81bcc09112/resourcegroups/pagopa-u-weu-uat-aks-rg/providers/microsoft.containerservice/managedclusters/pagopa-u-weu-uat-aks"",""subscription"":""26abc801-0d8f-4a6e-ac5f-8e81bcc09112""},""match_status"":{""metadata"":""missing"",""resource"":""missing"",""subscription"":""missing""},""recommendation_id"":""/subscriptions/26abc801-0d8f-4a6e-ac5f-8e81bcc09112/resourcegroups/pagopa-u-weu-uat-aks-rg/providers/microsoft.containerservice/managedclusters/pagopa-u-weu-uat-aks/providers/Microsoft.Advisor/recommendations/dc131b7859f18705c651456eb95c84c287d3c0394b621a18c0672935f67f9cc2"",""resource_linkage"":""resource_id""}"	ecb4c4c07476944a795a7e4e61d6b1b753e8697d2f39664c3f8adaa6da165564
1	72a34e2b-f26c-4bd9-b778-6118966cf94b	2026-07-31	resolved	advisor_retirement_recommendation	azure_advisor	/subscriptions/2d2f0c09-adad-4118-8ef8-8bf737bdca76/resourcegroups/plsm-d-itn-network-rg-01/providers/microsoft.network/virtualnetworkgateways/plsm-d-itn-vpn-vgw-01/providers/Microsoft.Advisor/recommendations/cf9a23561b331a1767e8b93345e3afa34fb9237e23513d52e29ffeaf52f70231	4d9ee0c5-6fbd-41d3-864f-b9251c92eebc	New	2d2f0c09-adad-4118-8ef8-8bf737bdca76		resource_id	/subscriptions/2d2f0c09-adad-4118-8ef8-8bf737bdca76/resourcegroups/plsm-d-itn-network-rg-01/providers/microsoft.network/virtualnetworkgateways/plsm-d-itn-vpn-vgw-01	/subscriptions/2d2f0c09-adad-4118-8ef8-8bf737bdca76/resourcegroups/plsm-d-itn-network-rg-01/providers/microsoft.network/virtualnetworkgateways/plsm-d-itn-vpn-vgw-01	plsm-d-itn-vpn-vgw-01	plsm-d-itn-network-rg-01	microsoft.network/virtualnetworkgateways		{}			Non-AZ VPNs	2026-09-30	2026-09-30	properties.extendedProperties.retirementDate	exact	Medium		HighAvailability		2026-04-16T15:33:56.858553Z		VpnGw1-5 (Non-Availability Zones SKUs) is being retired.	VpnGw1-5 (Non-Availability Zones SKUs) is being retired.				[]	missing	missing	missing	metadata_not_found,resource_inventory_not_found,subscription_inventory_not_found	"{""acquisition"":""advisor.recommendations"",""api_version"":""2025-01-01"",""fields"":{""description"":"""",""resource_id"":""properties.resourceMetadata.resourceId""},""lookup_keys"":{""metadata"":""4d9ee0c5-6fbd-41d3-864f-b9251c92eebc\u0000/subscriptions/2d2f0c09-adad-4118-8ef8-8bf737bdca76/resourcegroups/plsm-d-itn-network-rg-01/providers/microsoft.network/virtualnetworkgateways/plsm-d-itn-vpn-vgw-01"",""resource"":""/subscriptions/2d2f0c09-adad-4118-8ef8-8bf737bdca76/resourcegroups/plsm-d-itn-network-rg-01/providers/microsoft.network/virtualnetworkgateways/plsm-d-itn-vpn-vgw-01"",""subscription"":""2d2f0c09-adad-4118-8ef8-8bf737bdca76""},""match_status"":{""metadata"":""missing"",""resource"":""missing"",""subscription"":""missing""},""recommendation_id"":""/subscriptions/2d2f0c09-adad-4118-8ef8-8bf737bdca76/resourcegroups/plsm-d-itn-network-rg-01/providers/microsoft.network/virtualnetworkgateways/plsm-d-itn-vpn-vgw-01/providers/Microsoft.Advisor/recommendations/cf9a23561b331a1767e8b93345e3afa34fb9237e23513d52e29ffeaf52f70231"",""resource_linkage"":""resource_id""}"	515fc250f60387d1d9b79fddfd4126ea7b05a30c2ef7d9758fa6f3a419e09180
1	72a34e2b-f26c-4bd9-b778-6118966cf94b	2026-07-31	resolved	advisor_retirement_recommendation	azure_advisor	/subscriptions/2d2f0c09-adad-4118-8ef8-8bf737bdca76/resourcegroups/prove-lorenzo-rg/providers/microsoft.storage/storageaccounts/provelorenzosa01/providers/Microsoft.Advisor/recommendations/de2e1c988c595b1d16dafa0d4be8e9ea80c1a57be2c498298abcb58721c0bf67	ced5fa9f-b5bf-4982-9f25-8190fb36dfca	New	2d2f0c09-adad-4118-8ef8-8bf737bdca76		resource_id	/subscriptions/2d2f0c09-adad-4118-8ef8-8bf737bdca76/resourcegroups/prove-lorenzo-rg/providers/microsoft.storage/storageaccounts/provelorenzosa01	/subscriptions/2d2f0c09-adad-4118-8ef8-8bf737bdca76/resourcegroups/prove-lorenzo-rg/providers/microsoft.storage/storageaccounts/provelorenzosa01	provelorenzosa01	prove-lorenzo-rg	microsoft.storage/storageaccounts		{}			Support for TLS 1.0 and 1.1	2026-02-03	2026-02-03	properties.extendedProperties.retirementDate	exact	High		HighAvailability		2026-04-16T12:31:58.151366Z		Support for TLS 1.0 and TLS 1.1 in Azure storage accounts is ending	Support for TLS 1.0 and TLS 1.1 in Azure storage accounts is ending				[]	missing	missing	missing	metadata_not_found,resource_inventory_not_found,subscription_inventory_not_found	"{""acquisition"":""advisor.recommendations"",""api_version"":""2025-01-01"",""fields"":{""description"":"""",""resource_id"":""properties.resourceMetadata.resourceId""},""lookup_keys"":{""metadata"":""ced5fa9f-b5bf-4982-9f25-8190fb36dfca\u0000/subscriptions/2d2f0c09-adad-4118-8ef8-8bf737bdca76/resourcegroups/prove-lorenzo-rg/providers/microsoft.storage/storageaccounts/provelorenzosa01"",""resource"":""/subscriptions/2d2f0c09-adad-4118-8ef8-8bf737bdca76/resourcegroups/prove-lorenzo-rg/providers/microsoft.storage/storageaccounts/provelorenzosa01"",""subscription"":""2d2f0c09-adad-4118-8ef8-8bf737bdca76""},""match_status"":{""metadata"":""missing"",""resource"":""missing"",""subscription"":""missing""},""recommendation_id"":""/subscriptions/2d2f0c09-adad-4118-8ef8-8bf737bdca76/resourcegroups/prove-lorenzo-rg/providers/microsoft.storage/storageaccounts/provelorenzosa01/providers/Microsoft.Advisor/recommendations/de2e1c988c595b1d16dafa0d4be8e9ea80c1a57be2c498298abcb58721c0bf67"",""resource_linkage"":""resource_id""}"	543a702cf4215fae6401ca41a269c95bb911d65fe7d916cc73233062d9bdbed1
1	72a34e2b-f26c-4bd9-b778-6118966cf94b	2026-07-31	resolved	advisor_retirement_recommendation	azure_advisor	/subscriptions/35e6e3b2-4388-470e-a1b9-ad3bc34326d1/resourcegroups/ax-d-itn-tfstate-rg-01/providers/microsoft.storage/storageaccounts/axditntfstatest01/providers/Microsoft.Advisor/recommendations/2ef404ce4a865c6b0c72d0e052c377ab751c8918387ba2ee98851f202c6d40d5	ced5fa9f-b5bf-4982-9f25-8190fb36dfca	New	35e6e3b2-4388-470e-a1b9-ad3bc34326d1		resource_id	/subscriptions/35e6e3b2-4388-470e-a1b9-ad3bc34326d1/resourcegroups/ax-d-itn-tfstate-rg-01/providers/microsoft.storage/storageaccounts/axditntfstatest01	/subscriptions/35e6e3b2-4388-470e-a1b9-ad3bc34326d1/resourcegroups/ax-d-itn-tfstate-rg-01/providers/microsoft.storage/storageaccounts/axditntfstatest01	axditntfstatest01	ax-d-itn-tfstate-rg-01	microsoft.storage/storageaccounts		{}			Support for TLS 1.0 and 1.1	2026-02-03	2026-02-03	properties.extendedProperties.retirementDate	exact	High		HighAvailability		2026-06-19T13:40:17.862125Z		Support for TLS 1.0 and TLS 1.1 in Azure storage accounts is ending	Support for TLS 1.0 and TLS 1.1 in Azure storage accounts is ending				[]	missing	missing	missing	metadata_not_found,resource_inventory_not_found,subscription_inventory_not_found	"{""acquisition"":""advisor.recommendations"",""api_version"":""2025-01-01"",""fields"":{""description"":"""",""resource_id"":""properties.resourceMetadata.resourceId""},""lookup_keys"":{""metadata"":""ced5fa9f-b5bf-4982-9f25-8190fb36dfca\u0000/subscriptions/35e6e3b2-4388-470e-a1b9-ad3bc34326d1/resourcegroups/ax-d-itn-tfstate-rg-01/providers/microsoft.storage/storageaccounts/axditntfstatest01"",""resource"":""/subscriptions/35e6e3b2-4388-470e-a1b9-ad3bc34326d1/resourcegroups/ax-d-itn-tfstate-rg-01/providers/microsoft.storage/storageaccounts/axditntfstatest01"",""subscription"":""35e6e3b2-4388-470e-a1b9-ad3bc34326d1""},""match_status"":{""metadata"":""missing"",""resource"":""missing"",""subscription"":""missing""},""recommendation_id"":""/subscriptions/35e6e3b2-4388-470e-a1b9-ad3bc34326d1/resourcegroups/ax-d-itn-tfstate-rg-01/providers/microsoft.storage/storageaccounts/axditntfstatest01/providers/Microsoft.Advisor/recommendations/2ef404ce4a865c6b0c72d0e052c377ab751c8918387ba2ee98851f202c6d40d5"",""resource_linkage"":""resource_id""}"	889bcf6371b524a82a25c07a259569aa155382b55620fb1ed8b2dd0f20681733
1	72a34e2b-f26c-4bd9-b778-6118966cf94b	2026-07-31	resolved	advisor_retirement_recommendation	azure_advisor	/subscriptions/35e6e3b2-4388-470e-a1b9-ad3bc34326d1/resourcegroups/dx-d-itn-common-rg-01/providers/microsoft.keyvault/vaults/dx-d-itn-common-kv-01/providers/Microsoft.Advisor/recommendations/4e61c8fea657fa37e1d601a9de842952a8bd5d84753e5b4db78affb02990d7f5	7ff06874-39e9-41be-9552-fa1ae2a83c88	New	35e6e3b2-4388-470e-a1b9-ad3bc34326d1		resource_id	/subscriptions/35e6e3b2-4388-470e-a1b9-ad3bc34326d1/resourcegroups/dx-d-itn-common-rg-01/providers/microsoft.keyvault/vaults/dx-d-itn-common-kv-01	/subscriptions/35e6e3b2-4388-470e-a1b9-ad3bc34326d1/resourcegroups/dx-d-itn-common-rg-01/providers/microsoft.keyvault/vaults/dx-d-itn-common-kv-01	dx-d-itn-common-kv-01	dx-d-itn-common-rg-01	microsoft.keyvault/vaults		{}			API versions prior to 2026-02-01	2027-02-27	2027-02-27	properties.extendedProperties.retirementDate	exact	High		HighAvailability		2026-07-24T18:36:57.749371Z		Azure Key Vault API versions prior to 2026-02-01 are being retired	Azure Key Vault API versions prior to 2026-02-01 are being retired				[]	missing	missing	missing	metadata_not_found,resource_inventory_not_found,subscription_inventory_not_found	"{""acquisition"":""advisor.recommendations"",""api_version"":""2025-01-01"",""fields"":{""description"":"""",""resource_id"":""properties.resourceMetadata.resourceId""},""lookup_keys"":{""metadata"":""7ff06874-39e9-41be-9552-fa1ae2a83c88\u0000/subscriptions/35e6e3b2-4388-470e-a1b9-ad3bc34326d1/resourcegroups/dx-d-itn-common-rg-01/providers/microsoft.keyvault/vaults/dx-d-itn-common-kv-01"",""resource"":""/subscriptions/35e6e3b2-4388-470e-a1b9-ad3bc34326d1/resourcegroups/dx-d-itn-common-rg-01/providers/microsoft.keyvault/vaults/dx-d-itn-common-kv-01"",""subscription"":""35e6e3b2-4388-470e-a1b9-ad3bc34326d1""},""match_status"":{""metadata"":""missing"",""resource"":""missing"",""subscription"":""missing""},""recommendation_id"":""/subscriptions/35e6e3b2-4388-470e-a1b9-ad3bc34326d1/resourcegroups/dx-d-itn-common-rg-01/providers/microsoft.keyvault/vaults/dx-d-itn-common-kv-01/providers/Microsoft.Advisor/recommendations/4e61c8fea657fa37e1d601a9de842952a8bd5d84753e5b4db78affb02990d7f5"",""resource_linkage"":""resource_id""}"	31cb92852f152fc14451fcf646da38082dbcb611af8e1e36873ca3f0f2495392
1	72a34e2b-f26c-4bd9-b778-6118966cf94b	2026-07-31	resolved	advisor_retirement_recommendation	azure_advisor	/subscriptions/35e6e3b2-4388-470e-a1b9-ad3bc34326d1/resourcegroups/dx-d-itn-playground-rg-01/providers/microsoft.keyvault/vaults/dx-d-itn-plygrnd-kv-01/providers/Microsoft.Advisor/recommendations/09c931b316dd781a0986869dd15e4f06271cd21f353866802c7455d6b7d4cd48	7ff06874-39e9-41be-9552-fa1ae2a83c88	New	35e6e3b2-4388-470e-a1b9-ad3bc34326d1		resource_id	/subscriptions/35e6e3b2-4388-470e-a1b9-ad3bc34326d1/resourcegroups/dx-d-itn-playground-rg-01/providers/microsoft.keyvault/vaults/dx-d-itn-plygrnd-kv-01	/subscriptions/35e6e3b2-4388-470e-a1b9-ad3bc34326d1/resourcegroups/dx-d-itn-playground-rg-01/providers/microsoft.keyvault/vaults/dx-d-itn-plygrnd-kv-01	dx-d-itn-plygrnd-kv-01	dx-d-itn-playground-rg-01	microsoft.keyvault/vaults		{}			API versions prior to 2026-02-01	2027-02-27	2027-02-27	properties.extendedProperties.retirementDate	exact	High		HighAvailability		2026-07-21T13:07:56.617339Z		Azure Key Vault API versions prior to 2026-02-01 are being retired	Azure Key Vault API versions prior to 2026-02-01 are being retired				[]	missing	missing	missing	metadata_not_found,resource_inventory_not_found,subscription_inventory_not_found	"{""acquisition"":""advisor.recommendations"",""api_version"":""2025-01-01"",""fields"":{""description"":"""",""resource_id"":""properties.resourceMetadata.resourceId""},""lookup_keys"":{""metadata"":""7ff06874-39e9-41be-9552-fa1ae2a83c88\u0000/subscriptions/35e6e3b2-4388-470e-a1b9-ad3bc34326d1/resourcegroups/dx-d-itn-playground-rg-01/providers/microsoft.keyvault/vaults/dx-d-itn-plygrnd-kv-01"",""resource"":""/subscriptions/35e6e3b2-4388-470e-a1b9-ad3bc34326d1/resourcegroups/dx-d-itn-playground-rg-01/providers/microsoft.keyvault/vaults/dx-d-itn-plygrnd-kv-01"",""subscription"":""35e6e3b2-4388-470e-a1b9-ad3bc34326d1""},""match_status"":{""metadata"":""missing"",""resource"":""missing"",""subscription"":""missing""},""recommendation_id"":""/subscriptions/35e6e3b2-4388-470e-a1b9-ad3bc34326d1/resourcegroups/dx-d-itn-playground-rg-01/providers/microsoft.keyvault/vaults/dx-d-itn-plygrnd-kv-01/providers/Microsoft.Advisor/recommendations/09c931b316dd781a0986869dd15e4f06271cd21f353866802c7455d6b7d4cd48"",""resource_linkage"":""resource_id""}"	05fcc32661dc4cb4ebb527cdfd52a83b4166099712200ca951304a4e97be839d
1	72a34e2b-f26c-4bd9-b778-6118966cf94b	2026-07-31	resolved	advisor_retirement_recommendation	azure_advisor	/subscriptions/35e6e3b2-4388-470e-a1b9-ad3bc34326d1/resourcegroups/dx-d-itn-tfstate-rg-01/providers/microsoft.storage/storageaccounts/dxditntfstatest01/providers/Microsoft.Advisor/recommendations/70bc57ee2f9e447f41c3f4c056c4d8c5d81ae8cb39027782b3854736e735d2bd	ced5fa9f-b5bf-4982-9f25-8190fb36dfca	New	35e6e3b2-4388-470e-a1b9-ad3bc34326d1		resource_id	/subscriptions/35e6e3b2-4388-470e-a1b9-ad3bc34326d1/resourcegroups/dx-d-itn-tfstate-rg-01/providers/microsoft.storage/storageaccounts/dxditntfstatest01	/subscriptions/35e6e3b2-4388-470e-a1b9-ad3bc34326d1/resourcegroups/dx-d-itn-tfstate-rg-01/providers/microsoft.storage/storageaccounts/dxditntfstatest01	dxditntfstatest01	dx-d-itn-tfstate-rg-01	microsoft.storage/storageaccounts		{}			Support for TLS 1.0 and 1.1	2026-02-03	2026-02-03	properties.extendedProperties.retirementDate	exact	High		HighAvailability		2026-04-18T13:06:55.148522Z		Support for TLS 1.0 and TLS 1.1 in Azure storage accounts is ending	Support for TLS 1.0 and TLS 1.1 in Azure storage accounts is ending				[]	missing	missing	missing	metadata_not_found,resource_inventory_not_found,subscription_inventory_not_found	"{""acquisition"":""advisor.recommendations"",""api_version"":""2025-01-01"",""fields"":{""description"":"""",""resource_id"":""properties.resourceMetadata.resourceId""},""lookup_keys"":{""metadata"":""ced5fa9f-b5bf-4982-9f25-8190fb36dfca\u0000/subscriptions/35e6e3b2-4388-470e-a1b9-ad3bc34326d1/resourcegroups/dx-d-itn-tfstate-rg-01/providers/microsoft.storage/storageaccounts/dxditntfstatest01"",""resource"":""/subscriptions/35e6e3b2-4388-470e-a1b9-ad3bc34326d1/resourcegroups/dx-d-itn-tfstate-rg-01/providers/microsoft.storage/storageaccounts/dxditntfstatest01"",""subscription"":""35e6e3b2-4388-470e-a1b9-ad3bc34326d1""},""match_status"":{""metadata"":""missing"",""resource"":""missing"",""subscription"":""missing""},""recommendation_id"":""/subscriptions/35e6e3b2-4388-470e-a1b9-ad3bc34326d1/resourcegroups/dx-d-itn-tfstate-rg-01/providers/microsoft.storage/storageaccounts/dxditntfstatest01/providers/Microsoft.Advisor/recommendations/70bc57ee2f9e447f41c3f4c056c4d8c5d81ae8cb39027782b3854736e735d2bd"",""resource_linkage"":""resource_id""}"	0af5a53d9b0eae876a904f7556a624b0263cd52121cf1d471f16f1867512837f
1	72a34e2b-f26c-4bd9-b778-6118966cf94b	2026-07-31	resolved	advisor_retirement_recommendation	azure_advisor	/subscriptions/35e6e3b2-4388-470e-a1b9-ad3bc34326d1/resourcegroups/dxt2-d-itn-tfstate-rg-01/providers/microsoft.storage/storageaccounts/dxt2ditntfstatest01/providers/Microsoft.Advisor/recommendations/7978d5fef15fdc469c0cdb68e1f735b3ed44edbe279781169027103de960981f	ced5fa9f-b5bf-4982-9f25-8190fb36dfca	New	35e6e3b2-4388-470e-a1b9-ad3bc34326d1		resource_id	/subscriptions/35e6e3b2-4388-470e-a1b9-ad3bc34326d1/resourcegroups/dxt2-d-itn-tfstate-rg-01/providers/microsoft.storage/storageaccounts/dxt2ditntfstatest01	/subscriptions/35e6e3b2-4388-470e-a1b9-ad3bc34326d1/resourcegroups/dxt2-d-itn-tfstate-rg-01/providers/microsoft.storage/storageaccounts/dxt2ditntfstatest01	dxt2ditntfstatest01	dxt2-d-itn-tfstate-rg-01	microsoft.storage/storageaccounts		{}			Support for TLS 1.0 and 1.1	2026-02-03	2026-02-03	properties.extendedProperties.retirementDate	exact	High		HighAvailability		2026-04-22T10:52:32.641257Z		Support for TLS 1.0 and TLS 1.1 in Azure storage accounts is ending	Support for TLS 1.0 and TLS 1.1 in Azure storage accounts is ending				[]	missing	missing	missing	metadata_not_found,resource_inventory_not_found,subscription_inventory_not_found	"{""acquisition"":""advisor.recommendations"",""api_version"":""2025-01-01"",""fields"":{""description"":"""",""resource_id"":""properties.resourceMetadata.resourceId""},""lookup_keys"":{""metadata"":""ced5fa9f-b5bf-4982-9f25-8190fb36dfca\u0000/subscriptions/35e6e3b2-4388-470e-a1b9-ad3bc34326d1/resourcegroups/dxt2-d-itn-tfstate-rg-01/providers/microsoft.storage/storageaccounts/dxt2ditntfstatest01"",""resource"":""/subscriptions/35e6e3b2-4388-470e-a1b9-ad3bc34326d1/resourcegroups/dxt2-d-itn-tfstate-rg-01/providers/microsoft.storage/storageaccounts/dxt2ditntfstatest01"",""subscription"":""35e6e3b2-4388-470e-a1b9-ad3bc34326d1""},""match_status"":{""metadata"":""missing"",""resource"":""missing"",""subscription"":""missing""},""recommendation_id"":""/subscriptions/35e6e3b2-4388-470e-a1b9-ad3bc34326d1/resourcegroups/dxt2-d-itn-tfstate-rg-01/providers/microsoft.storage/storageaccounts/dxt2ditntfstatest01/providers/Microsoft.Advisor/recommendations/7978d5fef15fdc469c0cdb68e1f735b3ed44edbe279781169027103de960981f"",""resource_linkage"":""resource_id""}"	92bfaa4830507d574649ba985da9e6945e6394d62d418aa44736af54c8d5e90a
1	72a34e2b-f26c-4bd9-b778-6118966cf94b	2026-07-31	resolved	advisor_retirement_recommendation	azure_advisor	/subscriptions/35e6e3b2-4388-470e-a1b9-ad3bc34326d1/resourcegroups/dxt3-d-itn-tfstate-rg-01/providers/microsoft.storage/storageaccounts/dxt3ditntfstatest01/providers/Microsoft.Advisor/recommendations/6bbe0ffa7a48785db54e8ac9075dae7257ea361aefae58af98a68974b0e49d0f	ced5fa9f-b5bf-4982-9f25-8190fb36dfca	New	35e6e3b2-4388-470e-a1b9-ad3bc34326d1		resource_id	/subscriptions/35e6e3b2-4388-470e-a1b9-ad3bc34326d1/resourcegroups/dxt3-d-itn-tfstate-rg-01/providers/microsoft.storage/storageaccounts/dxt3ditntfstatest01	/subscriptions/35e6e3b2-4388-470e-a1b9-ad3bc34326d1/resourcegroups/dxt3-d-itn-tfstate-rg-01/providers/microsoft.storage/storageaccounts/dxt3ditntfstatest01	dxt3ditntfstatest01	dxt3-d-itn-tfstate-rg-01	microsoft.storage/storageaccounts		{}			Support for TLS 1.0 and 1.1	2026-02-03	2026-02-03	properties.extendedProperties.retirementDate	exact	High		HighAvailability		2026-04-18T13:06:55.148454Z		Support for TLS 1.0 and TLS 1.1 in Azure storage accounts is ending	Support for TLS 1.0 and TLS 1.1 in Azure storage accounts is ending				[]	missing	missing	missing	metadata_not_found,resource_inventory_not_found,subscription_inventory_not_found	"{""acquisition"":""advisor.recommendations"",""api_version"":""2025-01-01"",""fields"":{""description"":"""",""resource_id"":""properties.resourceMetadata.resourceId""},""lookup_keys"":{""metadata"":""ced5fa9f-b5bf-4982-9f25-8190fb36dfca\u0000/subscriptions/35e6e3b2-4388-470e-a1b9-ad3bc34326d1/resourcegroups/dxt3-d-itn-tfstate-rg-01/providers/microsoft.storage/storageaccounts/dxt3ditntfstatest01"",""resource"":""/subscriptions/35e6e3b2-4388-470e-a1b9-ad3bc34326d1/resourcegroups/dxt3-d-itn-tfstate-rg-01/providers/microsoft.storage/storageaccounts/dxt3ditntfstatest01"",""subscription"":""35e6e3b2-4388-470e-a1b9-ad3bc34326d1""},""match_status"":{""metadata"":""missing"",""resource"":""missing"",""subscription"":""missing""},""recommendation_id"":""/subscriptions/35e6e3b2-4388-470e-a1b9-ad3bc34326d1/resourcegroups/dxt3-d-itn-tfstate-rg-01/providers/microsoft.storage/storageaccounts/dxt3ditntfstatest01/providers/Microsoft.Advisor/recommendations/6bbe0ffa7a48785db54e8ac9075dae7257ea361aefae58af98a68974b0e49d0f"",""resource_linkage"":""resource_id""}"	b942693dad1f873d6673af9474a3a73d50fb58243b81cba6a40dfc7ca0c9ef9e
1	72a34e2b-f26c-4bd9-b778-6118966cf94b	2026-07-31	resolved	advisor_retirement_recommendation	azure_advisor	/subscriptions/35e6e3b2-4388-470e-a1b9-ad3bc34326d1/resourcegroups/md-p-itn-tfstate-rg-01/providers/microsoft.storage/storageaccounts/mdpitntfstatest01/providers/Microsoft.Advisor/recommendations/a35ddbf242d9abac6159542a1169017d5668f8bae1e4be54522bbdb810437725	ced5fa9f-b5bf-4982-9f25-8190fb36dfca	New	35e6e3b2-4388-470e-a1b9-ad3bc34326d1		resource_id	/subscriptions/35e6e3b2-4388-470e-a1b9-ad3bc34326d1/resourcegroups/md-p-itn-tfstate-rg-01/providers/microsoft.storage/storageaccounts/mdpitntfstatest01	/subscriptions/35e6e3b2-4388-470e-a1b9-ad3bc34326d1/resourcegroups/md-p-itn-tfstate-rg-01/providers/microsoft.storage/storageaccounts/mdpitntfstatest01	mdpitntfstatest01	md-p-itn-tfstate-rg-01	microsoft.storage/storageaccounts		{}			Support for TLS 1.0 and 1.1	2026-02-03	2026-02-03	properties.extendedProperties.retirementDate	exact	High		HighAvailability		2026-04-18T13:07:19.188568Z		Support for TLS 1.0 and TLS 1.1 in Azure storage accounts is ending	Support for TLS 1.0 and TLS 1.1 in Azure storage accounts is ending				[]	missing	missing	missing	metadata_not_found,resource_inventory_not_found,subscription_inventory_not_found	"{""acquisition"":""advisor.recommendations"",""api_version"":""2025-01-01"",""fields"":{""description"":"""",""resource_id"":""properties.resourceMetadata.resourceId""},""lookup_keys"":{""metadata"":""ced5fa9f-b5bf-4982-9f25-8190fb36dfca\u0000/subscriptions/35e6e3b2-4388-470e-a1b9-ad3bc34326d1/resourcegroups/md-p-itn-tfstate-rg-01/providers/microsoft.storage/storageaccounts/mdpitntfstatest01"",""resource"":""/subscriptions/35e6e3b2-4388-470e-a1b9-ad3bc34326d1/resourcegroups/md-p-itn-tfstate-rg-01/providers/microsoft.storage/storageaccounts/mdpitntfstatest01"",""subscription"":""35e6e3b2-4388-470e-a1b9-ad3bc34326d1""},""match_status"":{""metadata"":""missing"",""resource"":""missing"",""subscription"":""missing""},""recommendation_id"":""/subscriptions/35e6e3b2-4388-470e-a1b9-ad3bc34326d1/resourcegroups/md-p-itn-tfstate-rg-01/providers/microsoft.storage/storageaccounts/mdpitntfstatest01/providers/Microsoft.Advisor/recommendations/a35ddbf242d9abac6159542a1169017d5668f8bae1e4be54522bbdb810437725"",""resource_linkage"":""resource_id""}"	f9167e540d8fb94f3413fe304776f89b40e4101f431f88da87d31a9ebe5a9efb
1	72a34e2b-f26c-4bd9-b778-6118966cf94b	2026-07-31	resolved	advisor_retirement_recommendation	azure_advisor	/subscriptions/4d177dd6-5c7d-40ab-8019-0c1be380a25d/resourcegroups/cstar-d-itn-core-aks-rg/providers/microsoft.containerservice/managedclusters/cstar-d-itn-dev-aks/providers/Microsoft.Advisor/recommendations/dc4492f537cc829cb2336b0bf024e03db1697f0f4d7190e1538fd007959700bd	b005ecf0-23e2-4279-9ca2-718d1518c9fb	New	4d177dd6-5c7d-40ab-8019-0c1be380a25d		resource_id	/subscriptions/4d177dd6-5c7d-40ab-8019-0c1be380a25d/resourcegroups/cstar-d-itn-core-aks-rg/providers/microsoft.containerservice/managedclusters/cstar-d-itn-dev-aks	/subscriptions/4d177dd6-5c7d-40ab-8019-0c1be380a25d/resourcegroups/cstar-d-itn-core-aks-rg/providers/microsoft.containerservice/managedclusters/cstar-d-itn-dev-aks	cstar-d-itn-dev-aks	cstar-d-itn-core-aks-rg	microsoft.containerservice/managedclusters		{}			Legacy authentication for Container Insights - Azure Monitor	2026-09-30	2026-09-30	properties.extendedProperties.retirementDate	exact	Medium		HighAvailability		2026-06-19T02:44:37.163178Z		Migrate to Container insights managed identity authentication	Migrate to Container insights managed identity authentication				[]	missing	missing	missing	metadata_not_found,resource_inventory_not_found,subscription_inventory_not_found	"{""acquisition"":""advisor.recommendations"",""api_version"":""2025-01-01"",""fields"":{""description"":"""",""resource_id"":""properties.resourceMetadata.resourceId""},""lookup_keys"":{""metadata"":""b005ecf0-23e2-4279-9ca2-718d1518c9fb\u0000/subscriptions/4d177dd6-5c7d-40ab-8019-0c1be380a25d/resourcegroups/cstar-d-itn-core-aks-rg/providers/microsoft.containerservice/managedclusters/cstar-d-itn-dev-aks"",""resource"":""/subscriptions/4d177dd6-5c7d-40ab-8019-0c1be380a25d/resourcegroups/cstar-d-itn-core-aks-rg/providers/microsoft.containerservice/managedclusters/cstar-d-itn-dev-aks"",""subscription"":""4d177dd6-5c7d-40ab-8019-0c1be380a25d""},""match_status"":{""metadata"":""missing"",""resource"":""missing"",""subscription"":""missing""},""recommendation_id"":""/subscriptions/4d177dd6-5c7d-40ab-8019-0c1be380a25d/resourcegroups/cstar-d-itn-core-aks-rg/providers/microsoft.containerservice/managedclusters/cstar-d-itn-dev-aks/providers/Microsoft.Advisor/recommendations/dc4492f537cc829cb2336b0bf024e03db1697f0f4d7190e1538fd007959700bd"",""resource_linkage"":""resource_id""}"	8a0444a16c939b258566f708e3017c31c354dcf53a1de360f19ea7e2c9a39e92
1	72a34e2b-f26c-4bd9-b778-6118966cf94b	2026-07-31	resolved	advisor_retirement_recommendation	azure_advisor	/subscriptions/4d177dd6-5c7d-40ab-8019-0c1be380a25d/resourcegroups/cstar-d-itn-core-aks-rg/providers/microsoft.containerservice/managedclusters/cstar-d-itn-dev-aks/providers/Microsoft.Advisor/recommendations/ff785fac19427f5f7d01d0d7dda482819bb17b9438429bc06924d68666b0b626	00dbcc9d-50d4-44ef-bc21-c15785cddf42	New	4d177dd6-5c7d-40ab-8019-0c1be380a25d		resource_id	/subscriptions/4d177dd6-5c7d-40ab-8019-0c1be380a25d/resourcegroups/cstar-d-itn-core-aks-rg/providers/microsoft.containerservice/managedclusters/cstar-d-itn-dev-aks	/subscriptions/4d177dd6-5c7d-40ab-8019-0c1be380a25d/resourcegroups/cstar-d-itn-core-aks-rg/providers/microsoft.containerservice/managedclusters/cstar-d-itn-dev-aks	cstar-d-itn-dev-aks	cstar-d-itn-core-aks-rg	microsoft.containerservice/managedclusters		{}			Azure Kubernetes Service support for Ubuntu 22.04	2027-06-30	2027-06-30	properties.extendedProperties.retirementDate	exact	Medium		HighAvailability		2026-05-07T15:05:07.706124Z		Migrate to Ubuntu 24.04 or later versions	Migrate to Ubuntu 24.04 or later versions				[]	missing	missing	missing	metadata_not_found,resource_inventory_not_found,subscription_inventory_not_found	"{""acquisition"":""advisor.recommendations"",""api_version"":""2025-01-01"",""fields"":{""description"":"""",""resource_id"":""properties.resourceMetadata.resourceId""},""lookup_keys"":{""metadata"":""00dbcc9d-50d4-44ef-bc21-c15785cddf42\u0000/subscriptions/4d177dd6-5c7d-40ab-8019-0c1be380a25d/resourcegroups/cstar-d-itn-core-aks-rg/providers/microsoft.containerservice/managedclusters/cstar-d-itn-dev-aks"",""resource"":""/subscriptions/4d177dd6-5c7d-40ab-8019-0c1be380a25d/resourcegroups/cstar-d-itn-core-aks-rg/providers/microsoft.containerservice/managedclusters/cstar-d-itn-dev-aks"",""subscription"":""4d177dd6-5c7d-40ab-8019-0c1be380a25d""},""match_status"":{""metadata"":""missing"",""resource"":""missing"",""subscription"":""missing""},""recommendation_id"":""/subscriptions/4d177dd6-5c7d-40ab-8019-0c1be380a25d/resourcegroups/cstar-d-itn-core-aks-rg/providers/microsoft.containerservice/managedclusters/cstar-d-itn-dev-aks/providers/Microsoft.Advisor/recommendations/ff785fac19427f5f7d01d0d7dda482819bb17b9438429bc06924d68666b0b626"",""resource_linkage"":""resource_id""}"	d3a30aef91161fefcd74af5f0741264c7561f31fcd9f39248138a89a0f258d3d
1	72a34e2b-f26c-4bd9-b778-6118966cf94b	2026-07-31	resolved	advisor_retirement_recommendation	azure_advisor	/subscriptions/4d177dd6-5c7d-40ab-8019-0c1be380a25d/resourcegroups/cstar-d-itn-core-sec-rg/providers/microsoft.keyvault/vaults/cstar-d-itn-cicd-kv/providers/Microsoft.Advisor/recommendations/550c4152987cf28547f3054dc02ef0910d0a7f9244afc57779eb940477835401	7ff06874-39e9-41be-9552-fa1ae2a83c88	New	4d177dd6-5c7d-40ab-8019-0c1be380a25d		resource_id	/subscriptions/4d177dd6-5c7d-40ab-8019-0c1be380a25d/resourcegroups/cstar-d-itn-core-sec-rg/providers/microsoft.keyvault/vaults/cstar-d-itn-cicd-kv	/subscriptions/4d177dd6-5c7d-40ab-8019-0c1be380a25d/resourcegroups/cstar-d-itn-core-sec-rg/providers/microsoft.keyvault/vaults/cstar-d-itn-cicd-kv	cstar-d-itn-cicd-kv	cstar-d-itn-core-sec-rg	microsoft.keyvault/vaults		{}			API versions prior to 2026-02-01	2027-02-27	2027-02-27	properties.extendedProperties.retirementDate	exact	High		HighAvailability		2026-07-28T21:58:03.281908Z		Azure Key Vault API versions prior to 2026-02-01 are being retired	Azure Key Vault API versions prior to 2026-02-01 are being retired				[]	missing	missing	missing	metadata_not_found,resource_inventory_not_found,subscription_inventory_not_found	"{""acquisition"":""advisor.recommendations"",""api_version"":""2025-01-01"",""fields"":{""description"":"""",""resource_id"":""properties.resourceMetadata.resourceId""},""lookup_keys"":{""metadata"":""7ff06874-39e9-41be-9552-fa1ae2a83c88\u0000/subscriptions/4d177dd6-5c7d-40ab-8019-0c1be380a25d/resourcegroups/cstar-d-itn-core-sec-rg/providers/microsoft.keyvault/vaults/cstar-d-itn-cicd-kv"",""resource"":""/subscriptions/4d177dd6-5c7d-40ab-8019-0c1be380a25d/resourcegroups/cstar-d-itn-core-sec-rg/providers/microsoft.keyvault/vaults/cstar-d-itn-cicd-kv"",""subscription"":""4d177dd6-5c7d-40ab-8019-0c1be380a25d""},""match_status"":{""metadata"":""missing"",""resource"":""missing"",""subscription"":""missing""},""recommendation_id"":""/subscriptions/4d177dd6-5c7d-40ab-8019-0c1be380a25d/resourcegroups/cstar-d-itn-core-sec-rg/providers/microsoft.keyvault/vaults/cstar-d-itn-cicd-kv/providers/Microsoft.Advisor/recommendations/550c4152987cf28547f3054dc02ef0910d0a7f9244afc57779eb940477835401"",""resource_linkage"":""resource_id""}"	6064d788f0d901d9e7f21f03ee5c36059c0c961cab5646528c5d55ce8dcfd829
1	72a34e2b-f26c-4bd9-b778-6118966cf94b	2026-07-31	resolved	advisor_retirement_recommendation	azure_advisor	/subscriptions/4d177dd6-5c7d-40ab-8019-0c1be380a25d/resourcegroups/cstar-d-itn-core-sec-rg/providers/microsoft.keyvault/vaults/cstar-d-itn-core-kv/providers/Microsoft.Advisor/recommendations/464d785f627e91d9b7d8ad5e5ab692a5c4ce3ce7b7332755392de15f6f5fbb8b	7ff06874-39e9-41be-9552-fa1ae2a83c88	New	4d177dd6-5c7d-40ab-8019-0c1be380a25d		resource_id	/subscriptions/4d177dd6-5c7d-40ab-8019-0c1be380a25d/resourcegroups/cstar-d-itn-core-sec-rg/providers/microsoft.keyvault/vaults/cstar-d-itn-core-kv	/subscriptions/4d177dd6-5c7d-40ab-8019-0c1be380a25d/resourcegroups/cstar-d-itn-core-sec-rg/providers/microsoft.keyvault/vaults/cstar-d-itn-core-kv	cstar-d-itn-core-kv	cstar-d-itn-core-sec-rg	microsoft.keyvault/vaults		{}			API versions prior to 2026-02-01	2027-02-27	2027-02-27	properties.extendedProperties.retirementDate	exact	High		HighAvailability		2026-07-24T18:36:33.109379Z		Azure Key Vault API versions prior to 2026-02-01 are being retired	Azure Key Vault API versions prior to 2026-02-01 are being retired				[]	missing	missing	missing	metadata_not_found,resource_inventory_not_found,subscription_inventory_not_found	"{""acquisition"":""advisor.recommendations"",""api_version"":""2025-01-01"",""fields"":{""description"":"""",""resource_id"":""properties.resourceMetadata.resourceId""},""lookup_keys"":{""metadata"":""7ff06874-39e9-41be-9552-fa1ae2a83c88\u0000/subscriptions/4d177dd6-5c7d-40ab-8019-0c1be380a25d/resourcegroups/cstar-d-itn-core-sec-rg/providers/microsoft.keyvault/vaults/cstar-d-itn-core-kv"",""resource"":""/subscriptions/4d177dd6-5c7d-40ab-8019-0c1be380a25d/resourcegroups/cstar-d-itn-core-sec-rg/providers/microsoft.keyvault/vaults/cstar-d-itn-core-kv"",""subscription"":""4d177dd6-5c7d-40ab-8019-0c1be380a25d""},""match_status"":{""metadata"":""missing"",""resource"":""missing"",""subscription"":""missing""},""recommendation_id"":""/subscriptions/4d177dd6-5c7d-40ab-8019-0c1be380a25d/resourcegroups/cstar-d-itn-core-sec-rg/providers/microsoft.keyvault/vaults/cstar-d-itn-core-kv/providers/Microsoft.Advisor/recommendations/464d785f627e91d9b7d8ad5e5ab692a5c4ce3ce7b7332755392de15f6f5fbb8b"",""resource_linkage"":""resource_id""}"	1a96bed3a1c8118572f5c0ca8be98e776c9e953299e96b58aaebb829dd3a3395
1	72a34e2b-f26c-4bd9-b778-6118966cf94b	2026-07-31	resolved	advisor_retirement_recommendation	azure_advisor	/subscriptions/4d177dd6-5c7d-40ab-8019-0c1be380a25d/resourcegroups/cstar-d-itn-idpay-security-rg/providers/microsoft.keyvault/vaults/cstar-d-itn-idpay-kv/providers/Microsoft.Advisor/recommendations/b2c127b1e90f38442fef3c0248cb8f80be4aaf08aed066f04ca6512248b1c9be	7ff06874-39e9-41be-9552-fa1ae2a83c88	New	4d177dd6-5c7d-40ab-8019-0c1be380a25d		resource_id	/subscriptions/4d177dd6-5c7d-40ab-8019-0c1be380a25d/resourcegroups/cstar-d-itn-idpay-security-rg/providers/microsoft.keyvault/vaults/cstar-d-itn-idpay-kv	/subscriptions/4d177dd6-5c7d-40ab-8019-0c1be380a25d/resourcegroups/cstar-d-itn-idpay-security-rg/providers/microsoft.keyvault/vaults/cstar-d-itn-idpay-kv	cstar-d-itn-idpay-kv	cstar-d-itn-idpay-security-rg	microsoft.keyvault/vaults		{}			API versions prior to 2026-02-01	2027-02-27	2027-02-27	properties.extendedProperties.retirementDate	exact	High		HighAvailability		2026-07-30T20:08:54.215969Z		Azure Key Vault API versions prior to 2026-02-01 are being retired	Azure Key Vault API versions prior to 2026-02-01 are being retired				[]	missing	missing	missing	metadata_not_found,resource_inventory_not_found,subscription_inventory_not_found	"{""acquisition"":""advisor.recommendations"",""api_version"":""2025-01-01"",""fields"":{""description"":"""",""resource_id"":""properties.resourceMetadata.resourceId""},""lookup_keys"":{""metadata"":""7ff06874-39e9-41be-9552-fa1ae2a83c88\u0000/subscriptions/4d177dd6-5c7d-40ab-8019-0c1be380a25d/resourcegroups/cstar-d-itn-idpay-security-rg/providers/microsoft.keyvault/vaults/cstar-d-itn-idpay-kv"",""resource"":""/subscriptions/4d177dd6-5c7d-40ab-8019-0c1be380a25d/resourcegroups/cstar-d-itn-idpay-security-rg/providers/microsoft.keyvault/vaults/cstar-d-itn-idpay-kv"",""subscription"":""4d177dd6-5c7d-40ab-8019-0c1be380a25d""},""match_status"":{""metadata"":""missing"",""resource"":""missing"",""subscription"":""missing""},""recommendation_id"":""/subscriptions/4d177dd6-5c7d-40ab-8019-0c1be380a25d/resourcegroups/cstar-d-itn-idpay-security-rg/providers/microsoft.keyvault/vaults/cstar-d-itn-idpay-kv/providers/Microsoft.Advisor/recommendations/b2c127b1e90f38442fef3c0248cb8f80be4aaf08aed066f04ca6512248b1c9be"",""resource_linkage"":""resource_id""}"	6e381b7faa0918c8dc7ae1173a92582288d34a91fe218178e04beb07ae04cb2c
1	72a34e2b-f26c-4bd9-b778-6118966cf94b	2026-07-31	resolved	advisor_retirement_recommendation	azure_advisor	/subscriptions/4d177dd6-5c7d-40ab-8019-0c1be380a25d/resourcegroups/cstar-d-itn-mcshared-security-rg/providers/microsoft.keyvault/vaults/cstar-d-itn-mc-auth-kv/providers/Microsoft.Advisor/recommendations/0a675e5ac04eaf3cab0591db610cd7eba8d44edda5866ca1181ff3ca79b82aa6	7ff06874-39e9-41be-9552-fa1ae2a83c88	New	4d177dd6-5c7d-40ab-8019-0c1be380a25d		resource_id	/subscriptions/4d177dd6-5c7d-40ab-8019-0c1be380a25d/resourcegroups/cstar-d-itn-mcshared-security-rg/providers/microsoft.keyvault/vaults/cstar-d-itn-mc-auth-kv	/subscriptions/4d177dd6-5c7d-40ab-8019-0c1be380a25d/resourcegroups/cstar-d-itn-mcshared-security-rg/providers/microsoft.keyvault/vaults/cstar-d-itn-mc-auth-kv	cstar-d-itn-mc-auth-kv	cstar-d-itn-mcshared-security-rg	microsoft.keyvault/vaults		{}			API versions prior to 2026-02-01	2027-02-27	2027-02-27	properties.extendedProperties.retirementDate	exact	High		HighAvailability		2026-07-28T21:56:05.520100Z		Azure Key Vault API versions prior to 2026-02-01 are being retired	Azure Key Vault API versions prior to 2026-02-01 are being retired				[]	missing	missing	missing	metadata_not_found,resource_inventory_not_found,subscription_inventory_not_found	"{""acquisition"":""advisor.recommendations"",""api_version"":""2025-01-01"",""fields"":{""description"":"""",""resource_id"":""properties.resourceMetadata.resourceId""},""lookup_keys"":{""metadata"":""7ff06874-39e9-41be-9552-fa1ae2a83c88\u0000/subscriptions/4d177dd6-5c7d-40ab-8019-0c1be380a25d/resourcegroups/cstar-d-itn-mcshared-security-rg/providers/microsoft.keyvault/vaults/cstar-d-itn-mc-auth-kv"",""resource"":""/subscriptions/4d177dd6-5c7d-40ab-8019-0c1be380a25d/resourcegroups/cstar-d-itn-mcshared-security-rg/providers/microsoft.keyvault/vaults/cstar-d-itn-mc-auth-kv"",""subscription"":""4d177dd6-5c7d-40ab-8019-0c1be380a25d""},""match_status"":{""metadata"":""missing"",""resource"":""missing"",""subscription"":""missing""},""recommendation_id"":""/subscriptions/4d177dd6-5c7d-40ab-8019-0c1be380a25d/resourcegroups/cstar-d-itn-mcshared-security-rg/providers/microsoft.keyvault/vaults/cstar-d-itn-mc-auth-kv/providers/Microsoft.Advisor/recommendations/0a675e5ac04eaf3cab0591db610cd7eba8d44edda5866ca1181ff3ca79b82aa6"",""resource_linkage"":""resource_id""}"	a6486f5d25590728178d1471b6d9bcd634c977edd4054a18a500dcfd4414b707
1	72a34e2b-f26c-4bd9-b778-6118966cf94b	2026-07-31	resolved	advisor_retirement_recommendation	azure_advisor	/subscriptions/4d177dd6-5c7d-40ab-8019-0c1be380a25d/resourcegroups/cstar-d-itn-mcshared-security-rg/providers/microsoft.keyvault/vaults/cstar-d-itn-mc-gen-kv/providers/Microsoft.Advisor/recommendations/cba7c4bb1a650142b9b8822539c73abf586a7f007e84bec4013bf98acc87e8f7	7ff06874-39e9-41be-9552-fa1ae2a83c88	New	4d177dd6-5c7d-40ab-8019-0c1be380a25d		resource_id	/subscriptions/4d177dd6-5c7d-40ab-8019-0c1be380a25d/resourcegroups/cstar-d-itn-mcshared-security-rg/providers/microsoft.keyvault/vaults/cstar-d-itn-mc-gen-kv	/subscriptions/4d177dd6-5c7d-40ab-8019-0c1be380a25d/resourcegroups/cstar-d-itn-mcshared-security-rg/providers/microsoft.keyvault/vaults/cstar-d-itn-mc-gen-kv	cstar-d-itn-mc-gen-kv	cstar-d-itn-mcshared-security-rg	microsoft.keyvault/vaults		{}			API versions prior to 2026-02-01	2027-02-27	2027-02-27	properties.extendedProperties.retirementDate	exact	High		HighAvailability		2026-07-28T21:56:05.520269Z		Azure Key Vault API versions prior to 2026-02-01 are being retired	Azure Key Vault API versions prior to 2026-02-01 are being retired				[]	missing	missing	missing	metadata_not_found,resource_inventory_not_found,subscription_inventory_not_found	"{""acquisition"":""advisor.recommendations"",""api_version"":""2025-01-01"",""fields"":{""description"":"""",""resource_id"":""properties.resourceMetadata.resourceId""},""lookup_keys"":{""metadata"":""7ff06874-39e9-41be-9552-fa1ae2a83c88\u0000/subscriptions/4d177dd6-5c7d-40ab-8019-0c1be380a25d/resourcegroups/cstar-d-itn-mcshared-security-rg/providers/microsoft.keyvault/vaults/cstar-d-itn-mc-gen-kv"",""resource"":""/subscriptions/4d177dd6-5c7d-40ab-8019-0c1be380a25d/resourcegroups/cstar-d-itn-mcshared-security-rg/providers/microsoft.keyvault/vaults/cstar-d-itn-mc-gen-kv"",""subscription"":""4d177dd6-5c7d-40ab-8019-0c1be380a25d""},""match_status"":{""metadata"":""missing"",""resource"":""missing"",""subscription"":""missing""},""recommendation_id"":""/subscriptions/4d177dd6-5c7d-40ab-8019-0c1be380a25d/resourcegroups/cstar-d-itn-mcshared-security-rg/providers/microsoft.keyvault/vaults/cstar-d-itn-mc-gen-kv/providers/Microsoft.Advisor/recommendations/cba7c4bb1a650142b9b8822539c73abf586a7f007e84bec4013bf98acc87e8f7"",""resource_linkage"":""resource_id""}"	f7619e67c0d691ac79313f3d7ddfbf5ccae58cf4e7eb476b6c098b40c9e9af78
1	72a34e2b-f26c-4bd9-b778-6118966cf94b	2026-07-31	resolved	advisor_retirement_recommendation	azure_advisor	/subscriptions/4d177dd6-5c7d-40ab-8019-0c1be380a25d/resourcegroups/cstar-d-itn-mdc-data-rg/providers/microsoft.cache/redis/cstar-d-itn-mdc-redis/providers/Microsoft.Advisor/recommendations/8cb52c17f124a98570c321838b0c03c0416dcef8a9231f0c2db0381129291b64	f3aded79-f9ff-4ce4-99e3-2ffcf11161a4	New	4d177dd6-5c7d-40ab-8019-0c1be380a25d		resource_id	/subscriptions/4d177dd6-5c7d-40ab-8019-0c1be380a25d/resourcegroups/cstar-d-itn-mdc-data-rg/providers/microsoft.cache/redis/cstar-d-itn-mdc-redis	/subscriptions/4d177dd6-5c7d-40ab-8019-0c1be380a25d/resourcegroups/cstar-d-itn-mdc-data-rg/providers/microsoft.cache/redis/cstar-d-itn-mdc-redis	cstar-d-itn-mdc-redis	cstar-d-itn-mdc-data-rg	microsoft.cache/redis		{}			Redis Cache	2028-09-30	2028-09-30	properties.extendedProperties.retirementDate	exact	Medium		HighAvailability		2026-05-13T22:43:02.839571Z		Migrate to Azure Managed Redis from Azure Cache for Redis	Migrate to Azure Managed Redis from Azure Cache for Redis				[]	missing	missing	missing	metadata_not_found,resource_inventory_not_found,subscription_inventory_not_found	"{""acquisition"":""advisor.recommendations"",""api_version"":""2025-01-01"",""fields"":{""description"":"""",""resource_id"":""properties.resourceMetadata.resourceId""},""lookup_keys"":{""metadata"":""f3aded79-f9ff-4ce4-99e3-2ffcf11161a4\u0000/subscriptions/4d177dd6-5c7d-40ab-8019-0c1be380a25d/resourcegroups/cstar-d-itn-mdc-data-rg/providers/microsoft.cache/redis/cstar-d-itn-mdc-redis"",""resource"":""/subscriptions/4d177dd6-5c7d-40ab-8019-0c1be380a25d/resourcegroups/cstar-d-itn-mdc-data-rg/providers/microsoft.cache/redis/cstar-d-itn-mdc-redis"",""subscription"":""4d177dd6-5c7d-40ab-8019-0c1be380a25d""},""match_status"":{""metadata"":""missing"",""resource"":""missing"",""subscription"":""missing""},""recommendation_id"":""/subscriptions/4d177dd6-5c7d-40ab-8019-0c1be380a25d/resourcegroups/cstar-d-itn-mdc-data-rg/providers/microsoft.cache/redis/cstar-d-itn-mdc-redis/providers/Microsoft.Advisor/recommendations/8cb52c17f124a98570c321838b0c03c0416dcef8a9231f0c2db0381129291b64"",""resource_linkage"":""resource_id""}"	ef140bd1a1975355e1bcc1154ab82cf5c6d4dc699c5acfcf79e4a7d84d829b9d
1	72a34e2b-f26c-4bd9-b778-6118966cf94b	2026-07-31	resolved	advisor_retirement_recommendation	azure_advisor	/subscriptions/4d177dd6-5c7d-40ab-8019-0c1be380a25d/resourcegroups/cstar-d-itn-mdc-security-rg/providers/microsoft.keyvault/vaults/cstar-d-itn-mdc-kv/providers/Microsoft.Advisor/recommendations/b34ebe4b3e42ec0deadfb0ec96f34a6f83c762e342c20f4f4ee892ca4add6ec3	7ff06874-39e9-41be-9552-fa1ae2a83c88	New	4d177dd6-5c7d-40ab-8019-0c1be380a25d		resource_id	/subscriptions/4d177dd6-5c7d-40ab-8019-0c1be380a25d/resourcegroups/cstar-d-itn-mdc-security-rg/providers/microsoft.keyvault/vaults/cstar-d-itn-mdc-kv	/subscriptions/4d177dd6-5c7d-40ab-8019-0c1be380a25d/resourcegroups/cstar-d-itn-mdc-security-rg/providers/microsoft.keyvault/vaults/cstar-d-itn-mdc-kv	cstar-d-itn-mdc-kv	cstar-d-itn-mdc-security-rg	microsoft.keyvault/vaults		{}			API versions prior to 2026-02-01	2027-02-27	2027-02-27	properties.extendedProperties.retirementDate	exact	High		HighAvailability		2026-07-28T21:55:41.521088Z		Azure Key Vault API versions prior to 2026-02-01 are being retired	Azure Key Vault API versions prior to 2026-02-01 are being retired				[]	missing	missing	missing	metadata_not_found,resource_inventory_not_found,subscription_inventory_not_found	"{""acquisition"":""advisor.recommendations"",""api_version"":""2025-01-01"",""fields"":{""description"":"""",""resource_id"":""properties.resourceMetadata.resourceId""},""lookup_keys"":{""metadata"":""7ff06874-39e9-41be-9552-fa1ae2a83c88\u0000/subscriptions/4d177dd6-5c7d-40ab-8019-0c1be380a25d/resourcegroups/cstar-d-itn-mdc-security-rg/providers/microsoft.keyvault/vaults/cstar-d-itn-mdc-kv"",""resource"":""/subscriptions/4d177dd6-5c7d-40ab-8019-0c1be380a25d/resourcegroups/cstar-d-itn-mdc-security-rg/providers/microsoft.keyvault/vaults/cstar-d-itn-mdc-kv"",""subscription"":""4d177dd6-5c7d-40ab-8019-0c1be380a25d""},""match_status"":{""metadata"":""missing"",""resource"":""missing"",""subscription"":""missing""},""recommendation_id"":""/subscriptions/4d177dd6-5c7d-40ab-8019-0c1be380a25d/resourcegroups/cstar-d-itn-mdc-security-rg/providers/microsoft.keyvault/vaults/cstar-d-itn-mdc-kv/providers/Microsoft.Advisor/recommendations/b34ebe4b3e42ec0deadfb0ec96f34a6f83c762e342c20f4f4ee892ca4add6ec3"",""resource_linkage"":""resource_id""}"	3633d937e83a62abfd69a3f416133095f3f31067a93fa1e42017459f9ac3e0d6
1	72a34e2b-f26c-4bd9-b778-6118966cf94b	2026-07-31	resolved	advisor_retirement_recommendation	azure_advisor	/subscriptions/4d177dd6-5c7d-40ab-8019-0c1be380a25d/resourcegroups/cstar-d-itn-shared-security-rg/providers/microsoft.keyvault/vaults/cstar-d-itn-shared-kv/providers/Microsoft.Advisor/recommendations/72d380764a86673f7249fd8dc1124204952677c8767fb9f7e4b87a28a6dffd24	7ff06874-39e9-41be-9552-fa1ae2a83c88	New	4d177dd6-5c7d-40ab-8019-0c1be380a25d		resource_id	/subscriptions/4d177dd6-5c7d-40ab-8019-0c1be380a25d/resourcegroups/cstar-d-itn-shared-security-rg/providers/microsoft.keyvault/vaults/cstar-d-itn-shared-kv	/subscriptions/4d177dd6-5c7d-40ab-8019-0c1be380a25d/resourcegroups/cstar-d-itn-shared-security-rg/providers/microsoft.keyvault/vaults/cstar-d-itn-shared-kv	cstar-d-itn-shared-kv	cstar-d-itn-shared-security-rg	microsoft.keyvault/vaults		{}			API versions prior to 2026-02-01	2027-02-27	2027-02-27	properties.extendedProperties.retirementDate	exact	High		HighAvailability		2026-07-30T20:09:03.322876Z		Azure Key Vault API versions prior to 2026-02-01 are being retired	Azure Key Vault API versions prior to 2026-02-01 are being retired				[]	missing	missing	missing	metadata_not_found,resource_inventory_not_found,subscription_inventory_not_found	"{""acquisition"":""advisor.recommendations"",""api_version"":""2025-01-01"",""fields"":{""description"":"""",""resource_id"":""properties.resourceMetadata.resourceId""},""lookup_keys"":{""metadata"":""7ff06874-39e9-41be-9552-fa1ae2a83c88\u0000/subscriptions/4d177dd6-5c7d-40ab-8019-0c1be380a25d/resourcegroups/cstar-d-itn-shared-security-rg/providers/microsoft.keyvault/vaults/cstar-d-itn-shared-kv"",""resource"":""/subscriptions/4d177dd6-5c7d-40ab-8019-0c1be380a25d/resourcegroups/cstar-d-itn-shared-security-rg/providers/microsoft.keyvault/vaults/cstar-d-itn-shared-kv"",""subscription"":""4d177dd6-5c7d-40ab-8019-0c1be380a25d""},""match_status"":{""metadata"":""missing"",""resource"":""missing"",""subscription"":""missing""},""recommendation_id"":""/subscriptions/4d177dd6-5c7d-40ab-8019-0c1be380a25d/resourcegroups/cstar-d-itn-shared-security-rg/providers/microsoft.keyvault/vaults/cstar-d-itn-shared-kv/providers/Microsoft.Advisor/recommendations/72d380764a86673f7249fd8dc1124204952677c8767fb9f7e4b87a28a6dffd24"",""resource_linkage"":""resource_id""}"	7d7318006210b37e55a2f8d9d2b60b872f135f74b5382c396963ee185a799cbd
1	72a34e2b-f26c-4bd9-b778-6118966cf94b	2026-07-31	resolved	advisor_retirement_recommendation	azure_advisor	/subscriptions/4d177dd6-5c7d-40ab-8019-0c1be380a25d/resourcegroups/cstar-d-itn-srtp-security-rg/providers/microsoft.keyvault/vaults/cstar-d-itn-srtp-kv/providers/Microsoft.Advisor/recommendations/5875ad85f63c94ee300ebbf55af26e63c46f7ed432bbe4b5a6fdc4d8dde9b7b6	7ff06874-39e9-41be-9552-fa1ae2a83c88	New	4d177dd6-5c7d-40ab-8019-0c1be380a25d		resource_id	/subscriptions/4d177dd6-5c7d-40ab-8019-0c1be380a25d/resourcegroups/cstar-d-itn-srtp-security-rg/providers/microsoft.keyvault/vaults/cstar-d-itn-srtp-kv	/subscriptions/4d177dd6-5c7d-40ab-8019-0c1be380a25d/resourcegroups/cstar-d-itn-srtp-security-rg/providers/microsoft.keyvault/vaults/cstar-d-itn-srtp-kv	cstar-d-itn-srtp-kv	cstar-d-itn-srtp-security-rg	microsoft.keyvault/vaults		{}			API versions prior to 2026-02-01	2027-02-27	2027-02-27	properties.extendedProperties.retirementDate	exact	High		HighAvailability		2026-07-30T20:09:16.323675Z		Azure Key Vault API versions prior to 2026-02-01 are being retired	Azure Key Vault API versions prior to 2026-02-01 are being retired				[]	missing	missing	missing	metadata_not_found,resource_inventory_not_found,subscription_inventory_not_found	"{""acquisition"":""advisor.recommendations"",""api_version"":""2025-01-01"",""fields"":{""description"":"""",""resource_id"":""properties.resourceMetadata.resourceId""},""lookup_keys"":{""metadata"":""7ff06874-39e9-41be-9552-fa1ae2a83c88\u0000/subscriptions/4d177dd6-5c7d-40ab-8019-0c1be380a25d/resourcegroups/cstar-d-itn-srtp-security-rg/providers/microsoft.keyvault/vaults/cstar-d-itn-srtp-kv"",""resource"":""/subscriptions/4d177dd6-5c7d-40ab-8019-0c1be380a25d/resourcegroups/cstar-d-itn-srtp-security-rg/providers/microsoft.keyvault/vaults/cstar-d-itn-srtp-kv"",""subscription"":""4d177dd6-5c7d-40ab-8019-0c1be380a25d""},""match_status"":{""metadata"":""missing"",""resource"":""missing"",""subscription"":""missing""},""recommendation_id"":""/subscriptions/4d177dd6-5c7d-40ab-8019-0c1be380a25d/resourcegroups/cstar-d-itn-srtp-security-rg/providers/microsoft.keyvault/vaults/cstar-d-itn-srtp-kv/providers/Microsoft.Advisor/recommendations/5875ad85f63c94ee300ebbf55af26e63c46f7ed432bbe4b5a6fdc4d8dde9b7b6"",""resource_linkage"":""resource_id""}"	8ef4f419c8c280af424ccf54a49a89babb558944f282e3a055e122f747732bcf
1	72a34e2b-f26c-4bd9-b778-6118966cf94b	2026-07-31	resolved	advisor_retirement_recommendation	azure_advisor	/subscriptions/4d177dd6-5c7d-40ab-8019-0c1be380a25d/resourcegroups/cstar-d-mil-data-rg/providers/microsoft.documentdb/databaseaccounts/cstar-d-mil-cosmos/providers/Microsoft.Advisor/recommendations/fc31125757a350097fe20cc413488cf689b5f0e396e8822e47c25307529e7aaf	0da795d9-26d2-4f02-a019-0ec383363c88	New	4d177dd6-5c7d-40ab-8019-0c1be380a25d		resource_id	/subscriptions/4d177dd6-5c7d-40ab-8019-0c1be380a25d/resourcegroups/cstar-d-mil-data-rg/providers/microsoft.documentdb/databaseaccounts/cstar-d-mil-cosmos	/subscriptions/4d177dd6-5c7d-40ab-8019-0c1be380a25d/resourcegroups/cstar-d-mil-data-rg/providers/microsoft.documentdb/databaseaccounts/cstar-d-mil-cosmos	cstar-d-mil-cosmos	cstar-d-mil-data-rg	microsoft.documentdb/databaseaccounts		{}							missing	Medium		HighAvailability		2026-04-23T22:26:38.529278Z		Upgrade your Azure Cosmos DB API for MongoDB account to v4.2 to save on query/storage costs and utilize new features	Upgrade your Azure Cosmos DB API for MongoDB account to v4.2 to save on query/storage costs and utilize new features				[]	missing	missing	missing	metadata_not_found,missing_retirement_date,resource_inventory_not_found,subscription_inventory_not_found	"{""acquisition"":""advisor.recommendations"",""api_version"":""2025-01-01"",""fields"":{""description"":"""",""resource_id"":""properties.resourceMetadata.resourceId""},""lookup_keys"":{""metadata"":""0da795d9-26d2-4f02-a019-0ec383363c88\u0000/subscriptions/4d177dd6-5c7d-40ab-8019-0c1be380a25d/resourcegroups/cstar-d-mil-data-rg/providers/microsoft.documentdb/databaseaccounts/cstar-d-mil-cosmos"",""resource"":""/subscriptions/4d177dd6-5c7d-40ab-8019-0c1be380a25d/resourcegroups/cstar-d-mil-data-rg/providers/microsoft.documentdb/databaseaccounts/cstar-d-mil-cosmos"",""subscription"":""4d177dd6-5c7d-40ab-8019-0c1be380a25d""},""match_status"":{""metadata"":""missing"",""resource"":""missing"",""subscription"":""missing""},""recommendation_id"":""/subscriptions/4d177dd6-5c7d-40ab-8019-0c1be380a25d/resourcegroups/cstar-d-mil-data-rg/providers/microsoft.documentdb/databaseaccounts/cstar-d-mil-cosmos/providers/Microsoft.Advisor/recommendations/fc31125757a350097fe20cc413488cf689b5f0e396e8822e47c25307529e7aaf"",""resource_linkage"":""resource_id""}"	651c41a2c88ad2c210d140bbe2b8136457a52e8e8c1c9fe4b3b5a1a00f568dd8
1	72a34e2b-f26c-4bd9-b778-6118966cf94b	2026-07-31	resolved	advisor_retirement_recommendation	azure_advisor	/subscriptions/4d177dd6-5c7d-40ab-8019-0c1be380a25d/resourcegroups/cstar-d-rtd-sec-rg/providers/microsoft.keyvault/vaults/cstar-d-rtd-kv/providers/Microsoft.Advisor/recommendations/3ab8214fec9acf9e4105900cf8ba4acb65fb778535f5b0b116f0f3700364f3f0	7ff06874-39e9-41be-9552-fa1ae2a83c88	New	4d177dd6-5c7d-40ab-8019-0c1be380a25d		resource_id	/subscriptions/4d177dd6-5c7d-40ab-8019-0c1be380a25d/resourcegroups/cstar-d-rtd-sec-rg/providers/microsoft.keyvault/vaults/cstar-d-rtd-kv	/subscriptions/4d177dd6-5c7d-40ab-8019-0c1be380a25d/resourcegroups/cstar-d-rtd-sec-rg/providers/microsoft.keyvault/vaults/cstar-d-rtd-kv	cstar-d-rtd-kv	cstar-d-rtd-sec-rg	microsoft.keyvault/vaults		{}			API versions prior to 2026-02-01	2027-02-27	2027-02-27	properties.extendedProperties.retirementDate	exact	High		HighAvailability		2026-07-29T21:19:46.250959Z		Azure Key Vault API versions prior to 2026-02-01 are being retired	Azure Key Vault API versions prior to 2026-02-01 are being retired				[]	missing	missing	missing	metadata_not_found,resource_inventory_not_found,subscription_inventory_not_found	"{""acquisition"":""advisor.recommendations"",""api_version"":""2025-01-01"",""fields"":{""description"":"""",""resource_id"":""properties.resourceMetadata.resourceId""},""lookup_keys"":{""metadata"":""7ff06874-39e9-41be-9552-fa1ae2a83c88\u0000/subscriptions/4d177dd6-5c7d-40ab-8019-0c1be380a25d/resourcegroups/cstar-d-rtd-sec-rg/providers/microsoft.keyvault/vaults/cstar-d-rtd-kv"",""resource"":""/subscriptions/4d177dd6-5c7d-40ab-8019-0c1be380a25d/resourcegroups/cstar-d-rtd-sec-rg/providers/microsoft.keyvault/vaults/cstar-d-rtd-kv"",""subscription"":""4d177dd6-5c7d-40ab-8019-0c1be380a25d""},""match_status"":{""metadata"":""missing"",""resource"":""missing"",""subscription"":""missing""},""recommendation_id"":""/subscriptions/4d177dd6-5c7d-40ab-8019-0c1be380a25d/resourcegroups/cstar-d-rtd-sec-rg/providers/microsoft.keyvault/vaults/cstar-d-rtd-kv/providers/Microsoft.Advisor/recommendations/3ab8214fec9acf9e4105900cf8ba4acb65fb778535f5b0b116f0f3700364f3f0"",""resource_linkage"":""resource_id""}"	5530897f60059ff6a85887efd997bfd9e83ac21bb5fbcb74425d6e1f4a6c8998
1	72a34e2b-f26c-4bd9-b778-6118966cf94b	2026-07-31	resolved	advisor_retirement_recommendation	azure_advisor	/subscriptions/4d177dd6-5c7d-40ab-8019-0c1be380a25d/resourcegroups/cstar-d-sec-rg/providers/microsoft.keyvault/vaults/cstar-d-kv/providers/Microsoft.Advisor/recommendations/c83d4296b67237dc24bba1ee80db7fa4fae731668b7a885640ad9a4af853991a	7ff06874-39e9-41be-9552-fa1ae2a83c88	New	4d177dd6-5c7d-40ab-8019-0c1be380a25d		resource_id	/subscriptions/4d177dd6-5c7d-40ab-8019-0c1be380a25d/resourcegroups/cstar-d-sec-rg/providers/microsoft.keyvault/vaults/cstar-d-kv	/subscriptions/4d177dd6-5c7d-40ab-8019-0c1be380a25d/resourcegroups/cstar-d-sec-rg/providers/microsoft.keyvault/vaults/cstar-d-kv	cstar-d-kv	cstar-d-sec-rg	microsoft.keyvault/vaults		{}			API versions prior to 2026-02-01	2027-02-27	2027-02-27	properties.extendedProperties.retirementDate	exact	High		HighAvailability		2026-07-23T11:56:17.284665Z		Azure Key Vault API versions prior to 2026-02-01 are being retired	Azure Key Vault API versions prior to 2026-02-01 are being retired				[]	missing	missing	missing	metadata_not_found,resource_inventory_not_found,subscription_inventory_not_found	"{""acquisition"":""advisor.recommendations"",""api_version"":""2025-01-01"",""fields"":{""description"":"""",""resource_id"":""properties.resourceMetadata.resourceId""},""lookup_keys"":{""metadata"":""7ff06874-39e9-41be-9552-fa1ae2a83c88\u0000/subscriptions/4d177dd6-5c7d-40ab-8019-0c1be380a25d/resourcegroups/cstar-d-sec-rg/providers/microsoft.keyvault/vaults/cstar-d-kv"",""resource"":""/subscriptions/4d177dd6-5c7d-40ab-8019-0c1be380a25d/resourcegroups/cstar-d-sec-rg/providers/microsoft.keyvault/vaults/cstar-d-kv"",""subscription"":""4d177dd6-5c7d-40ab-8019-0c1be380a25d""},""match_status"":{""metadata"":""missing"",""resource"":""missing"",""subscription"":""missing""},""recommendation_id"":""/subscriptions/4d177dd6-5c7d-40ab-8019-0c1be380a25d/resourcegroups/cstar-d-sec-rg/providers/microsoft.keyvault/vaults/cstar-d-kv/providers/Microsoft.Advisor/recommendations/c83d4296b67237dc24bba1ee80db7fa4fae731668b7a885640ad9a4af853991a"",""resource_linkage"":""resource_id""}"	dc3d65818ae3a45e205b259649c03c1d7c8096f40784e182e49518953f4b43ee
1	72a34e2b-f26c-4bd9-b778-6118966cf94b	2026-07-31	resolved	advisor_retirement_recommendation	azure_advisor	/subscriptions/4d177dd6-5c7d-40ab-8019-0c1be380a25d/resourcegroups/test-network-umberto/providers/microsoft.compute/disks/test-umberto-network_osdisk_1_d2211fc5c0104e1c81811d703b2ddf67/providers/Microsoft.Advisor/recommendations/22b40535cbca8018b8450e7eb1c0954fab554761f306a2000e80da42cd3ac19b	6885dc91-c4d1-4695-be6f-f64be575769f	New	4d177dd6-5c7d-40ab-8019-0c1be380a25d		resource_id	/subscriptions/4d177dd6-5c7d-40ab-8019-0c1be380a25d/resourcegroups/test-network-umberto/providers/microsoft.compute/disks/test-umberto-network_osdisk_1_d2211fc5c0104e1c81811d703b2ddf67	/subscriptions/4d177dd6-5c7d-40ab-8019-0c1be380a25d/resourcegroups/test-network-umberto/providers/microsoft.compute/disks/test-umberto-network_osdisk_1_d2211fc5c0104e1c81811d703b2ddf67	test-umberto-network_osdisk_1_d2211fc5c0104e1c81811d703b2ddf67	test-network-umberto	microsoft.compute/disks		{}			Operating System (OS) Disks on Standard HDD	2028-09-08	2028-09-08	properties.extendedProperties.retirementDate	exact	Medium		HighAvailability		2026-04-21T01:06:34.693544Z		Migrate Standard HDD OS Disks to SSD	Migrate Standard HDD OS Disks to SSD				[]	missing	missing	missing	metadata_not_found,resource_inventory_not_found,subscription_inventory_not_found	"{""acquisition"":""advisor.recommendations"",""api_version"":""2025-01-01"",""fields"":{""description"":"""",""resource_id"":""properties.resourceMetadata.resourceId""},""lookup_keys"":{""metadata"":""6885dc91-c4d1-4695-be6f-f64be575769f\u0000/subscriptions/4d177dd6-5c7d-40ab-8019-0c1be380a25d/resourcegroups/test-network-umberto/providers/microsoft.compute/disks/test-umberto-network_osdisk_1_d2211fc5c0104e1c81811d703b2ddf67"",""resource"":""/subscriptions/4d177dd6-5c7d-40ab-8019-0c1be380a25d/resourcegroups/test-network-umberto/providers/microsoft.compute/disks/test-umberto-network_osdisk_1_d2211fc5c0104e1c81811d703b2ddf67"",""subscription"":""4d177dd6-5c7d-40ab-8019-0c1be380a25d""},""match_status"":{""metadata"":""missing"",""resource"":""missing"",""subscription"":""missing""},""recommendation_id"":""/subscriptions/4d177dd6-5c7d-40ab-8019-0c1be380a25d/resourcegroups/test-network-umberto/providers/microsoft.compute/disks/test-umberto-network_osdisk_1_d2211fc5c0104e1c81811d703b2ddf67/providers/Microsoft.Advisor/recommendations/22b40535cbca8018b8450e7eb1c0954fab554761f306a2000e80da42cd3ac19b"",""resource_linkage"":""resource_id""}"	9d0d62d8dc17c342cb328e4293612e0fcb1b2f98b885921c61b542403b0f760c
1	72a34e2b-f26c-4bd9-b778-6118966cf94b	2026-07-31	resolved	advisor_retirement_recommendation	azure_advisor	/subscriptions/4d177dd6-5c7d-40ab-8019-0c1be380a25d/resourcegroups/test-network-umberto/providers/microsoft.compute/virtualmachines/test-umberto-network/providers/Microsoft.Advisor/recommendations/b044d5ad21ed636f8b6339b39d341ccc0b07d271703568664831876bd0a72180	7f71b153-c0b7-4e99-a23e-db8179183ec9	New	4d177dd6-5c7d-40ab-8019-0c1be380a25d		resource_id	/subscriptions/4d177dd6-5c7d-40ab-8019-0c1be380a25d/resourcegroups/test-network-umberto/providers/microsoft.compute/virtualmachines/test-umberto-network	/subscriptions/4d177dd6-5c7d-40ab-8019-0c1be380a25d/resourcegroups/test-network-umberto/providers/microsoft.compute/virtualmachines/test-umberto-network	test-umberto-network	test-network-umberto	microsoft.compute/virtualmachines		{}							missing	High		HighAvailability		2026-04-16T17:03:04.916347Z		Migrate workload to D-series or better virtual machine	Migrate workload to D-series or better virtual machine				[]	missing	missing	missing	metadata_not_found,missing_retirement_date,resource_inventory_not_found,subscription_inventory_not_found	"{""acquisition"":""advisor.recommendations"",""api_version"":""2025-01-01"",""fields"":{""description"":"""",""resource_id"":""properties.resourceMetadata.resourceId""},""lookup_keys"":{""metadata"":""7f71b153-c0b7-4e99-a23e-db8179183ec9\u0000/subscriptions/4d177dd6-5c7d-40ab-8019-0c1be380a25d/resourcegroups/test-network-umberto/providers/microsoft.compute/virtualmachines/test-umberto-network"",""resource"":""/subscriptions/4d177dd6-5c7d-40ab-8019-0c1be380a25d/resourcegroups/test-network-umberto/providers/microsoft.compute/virtualmachines/test-umberto-network"",""subscription"":""4d177dd6-5c7d-40ab-8019-0c1be380a25d""},""match_status"":{""metadata"":""missing"",""resource"":""missing"",""subscription"":""missing""},""recommendation_id"":""/subscriptions/4d177dd6-5c7d-40ab-8019-0c1be380a25d/resourcegroups/test-network-umberto/providers/microsoft.compute/virtualmachines/test-umberto-network/providers/Microsoft.Advisor/recommendations/b044d5ad21ed636f8b6339b39d341ccc0b07d271703568664831876bd0a72180"",""resource_linkage"":""resource_id""}"	cf79d22740ef864879267e26dd25a9b419b8eb38d060b4ada882b5e0649652cc
1	72a34e2b-f26c-4bd9-b778-6118966cf94b	2026-07-31	resolved	advisor_retirement_recommendation	azure_advisor	/subscriptions/4d177dd6-5c7d-40ab-8019-0c1be380a25d/resourcegroups/test-network-umberto/providers/microsoft.compute/virtualmachines/test-umberto-network/providers/Microsoft.Advisor/recommendations/d8c5b608fc4fa8b555f5cfdf7191d34ee9542a99de0f8fee5f50a30f092565ad	5f2613df-629f-4b07-9425-2a47ea0dfad3	New	4d177dd6-5c7d-40ab-8019-0c1be380a25d		resource_id	/subscriptions/4d177dd6-5c7d-40ab-8019-0c1be380a25d/resourcegroups/test-network-umberto/providers/microsoft.compute/virtualmachines/test-umberto-network	/subscriptions/4d177dd6-5c7d-40ab-8019-0c1be380a25d/resourcegroups/test-network-umberto/providers/microsoft.compute/virtualmachines/test-umberto-network	test-umberto-network	test-network-umberto	microsoft.compute/virtualmachines		{}							missing	Medium		HighAvailability		2026-04-28T12:16:49.464885Z		Migrate workload to Virtual Machine Scale Sets Flex	Migrate workload to Virtual Machine Scale Sets Flex				[]	missing	missing	missing	metadata_not_found,missing_retirement_date,resource_inventory_not_found,subscription_inventory_not_found	"{""acquisition"":""advisor.recommendations"",""api_version"":""2025-01-01"",""fields"":{""description"":"""",""resource_id"":""properties.resourceMetadata.resourceId""},""lookup_keys"":{""metadata"":""5f2613df-629f-4b07-9425-2a47ea0dfad3\u0000/subscriptions/4d177dd6-5c7d-40ab-8019-0c1be380a25d/resourcegroups/test-network-umberto/providers/microsoft.compute/virtualmachines/test-umberto-network"",""resource"":""/subscriptions/4d177dd6-5c7d-40ab-8019-0c1be380a25d/resourcegroups/test-network-umberto/providers/microsoft.compute/virtualmachines/test-umberto-network"",""subscription"":""4d177dd6-5c7d-40ab-8019-0c1be380a25d""},""match_status"":{""metadata"":""missing"",""resource"":""missing"",""subscription"":""missing""},""recommendation_id"":""/subscriptions/4d177dd6-5c7d-40ab-8019-0c1be380a25d/resourcegroups/test-network-umberto/providers/microsoft.compute/virtualmachines/test-umberto-network/providers/Microsoft.Advisor/recommendations/d8c5b608fc4fa8b555f5cfdf7191d34ee9542a99de0f8fee5f50a30f092565ad"",""resource_linkage"":""resource_id""}"	4d46dc4c199d364530ef8870453dc6fb00d3ef6ed3364ce0a52ff04a7f7db22e
1	72a34e2b-f26c-4bd9-b778-6118966cf94b	2026-07-31	resolved	advisor_retirement_recommendation	azure_advisor	/subscriptions/4d177dd6-5c7d-40ab-8019-0c1be380a25d/resourcegroups/test-network-umberto/providers/microsoft.compute/virtualmachines/test-umberto-network/providers/Microsoft.Advisor/recommendations/fe41185f45603b1b93f0ad83fc192c76774656e3ba68a4716589ae32faf4289a	13cea0f1-c3f7-4c66-8b3b-9928a0f07cea	New	4d177dd6-5c7d-40ab-8019-0c1be380a25d		resource_id	/subscriptions/4d177dd6-5c7d-40ab-8019-0c1be380a25d/resourcegroups/test-network-umberto/providers/microsoft.compute/virtualmachines/test-umberto-network	/subscriptions/4d177dd6-5c7d-40ab-8019-0c1be380a25d/resourcegroups/test-network-umberto/providers/microsoft.compute/virtualmachines/test-umberto-network	test-umberto-network	test-network-umberto	microsoft.compute/virtualmachines		{}			LSv2, G, GS, F, FS, Fsv2, B, Av2 - Series	2028-11-15	2028-11-15	properties.extendedProperties.retirementDate	exact	High		HighAvailability		2026-04-22T04:58:43.071870Z		Review and migrate virtual machine workloads	Review and migrate virtual machine workloads				[]	missing	missing	missing	metadata_not_found,resource_inventory_not_found,subscription_inventory_not_found	"{""acquisition"":""advisor.recommendations"",""api_version"":""2025-01-01"",""fields"":{""description"":"""",""resource_id"":""properties.resourceMetadata.resourceId""},""lookup_keys"":{""metadata"":""13cea0f1-c3f7-4c66-8b3b-9928a0f07cea\u0000/subscriptions/4d177dd6-5c7d-40ab-8019-0c1be380a25d/resourcegroups/test-network-umberto/providers/microsoft.compute/virtualmachines/test-umberto-network"",""resource"":""/subscriptions/4d177dd6-5c7d-40ab-8019-0c1be380a25d/resourcegroups/test-network-umberto/providers/microsoft.compute/virtualmachines/test-umberto-network"",""subscription"":""4d177dd6-5c7d-40ab-8019-0c1be380a25d""},""match_status"":{""metadata"":""missing"",""resource"":""missing"",""subscription"":""missing""},""recommendation_id"":""/subscriptions/4d177dd6-5c7d-40ab-8019-0c1be380a25d/resourcegroups/test-network-umberto/providers/microsoft.compute/virtualmachines/test-umberto-network/providers/Microsoft.Advisor/recommendations/fe41185f45603b1b93f0ad83fc192c76774656e3ba68a4716589ae32faf4289a"",""resource_linkage"":""resource_id""}"	de5a73cf53e3f85e68b8636cb16bf880677e59ac73beeca4f2cc41ad3463ba1c
1	72a34e2b-f26c-4bd9-b778-6118966cf94b	2026-07-31	resolved	advisor_retirement_recommendation	azure_advisor	/subscriptions/5c587d75-fb91-4559-bda2-8612949a2b7d/resourcegroups/fat-d-app-rg/providers/microsoft.cognitiveservices/accounts/fat-d-app-ls/providers/Microsoft.Advisor/recommendations/3751bcb4ba817f0e44b0e0fbb176063d89940ec2208a190dceb69d865e585b3c	46a2ac77-9b96-4741-a036-76155cc3616c	New	5c587d75-fb91-4559-bda2-8612949a2b7d		resource_id	/subscriptions/5c587d75-fb91-4559-bda2-8612949a2b7d/resourcegroups/fat-d-app-rg/providers/microsoft.cognitiveservices/accounts/fat-d-app-ls	/subscriptions/5c587d75-fb91-4559-bda2-8612949a2b7d/resourcegroups/fat-d-app-rg/providers/microsoft.cognitiveservices/accounts/fat-d-app-ls	fat-d-app-ls	fat-d-app-rg	microsoft.cognitiveservices/accounts		{}			Some Azure AI Language features	2029-03-31	2029-03-31	properties.extendedProperties.retirementDate	exact	Medium		HighAvailability		2026-07-24T23:16:29.204121Z		Transition some Azure AI Language features to Foundry-based models	Transition some Azure AI Language features to Foundry-based models				[]	missing	missing	missing	metadata_not_found,resource_inventory_not_found,subscription_inventory_not_found	"{""acquisition"":""advisor.recommendations"",""api_version"":""2025-01-01"",""fields"":{""description"":"""",""resource_id"":""properties.resourceMetadata.resourceId""},""lookup_keys"":{""metadata"":""46a2ac77-9b96-4741-a036-76155cc3616c\u0000/subscriptions/5c587d75-fb91-4559-bda2-8612949a2b7d/resourcegroups/fat-d-app-rg/providers/microsoft.cognitiveservices/accounts/fat-d-app-ls"",""resource"":""/subscriptions/5c587d75-fb91-4559-bda2-8612949a2b7d/resourcegroups/fat-d-app-rg/providers/microsoft.cognitiveservices/accounts/fat-d-app-ls"",""subscription"":""5c587d75-fb91-4559-bda2-8612949a2b7d""},""match_status"":{""metadata"":""missing"",""resource"":""missing"",""subscription"":""missing""},""recommendation_id"":""/subscriptions/5c587d75-fb91-4559-bda2-8612949a2b7d/resourcegroups/fat-d-app-rg/providers/microsoft.cognitiveservices/accounts/fat-d-app-ls/providers/Microsoft.Advisor/recommendations/3751bcb4ba817f0e44b0e0fbb176063d89940ec2208a190dceb69d865e585b3c"",""resource_linkage"":""resource_id""}"	f08f7cb65a8dfc535738b91a35e0dc0770dd9e9cb54a3977bf10f94194058342
1	72a34e2b-f26c-4bd9-b778-6118966cf94b	2026-07-31	resolved	advisor_retirement_recommendation	azure_advisor	/subscriptions/74da48a3-b0e7-489d-8172-da79801086ed/resourcegroups/io-p-itn-cgn-pe-rg-01/providers/microsoft.keyvault/vaults/io-p-itn-cgn-pe-kv-01/providers/Microsoft.Advisor/recommendations/b03f84be1dc9627d07d51f847e64e80830013c7af4ad78fc4fe8153323ef4ed1	7ff06874-39e9-41be-9552-fa1ae2a83c88	New	74da48a3-b0e7-489d-8172-da79801086ed		resource_id	/subscriptions/74da48a3-b0e7-489d-8172-da79801086ed/resourcegroups/io-p-itn-cgn-pe-rg-01/providers/microsoft.keyvault/vaults/io-p-itn-cgn-pe-kv-01	/subscriptions/74da48a3-b0e7-489d-8172-da79801086ed/resourcegroups/io-p-itn-cgn-pe-rg-01/providers/microsoft.keyvault/vaults/io-p-itn-cgn-pe-kv-01	io-p-itn-cgn-pe-kv-01	io-p-itn-cgn-pe-rg-01	microsoft.keyvault/vaults		{}			API versions prior to 2026-02-01	2027-02-27	2027-02-27	properties.extendedProperties.retirementDate	exact	High		HighAvailability		2026-07-30T20:09:14.782772Z		Azure Key Vault API versions prior to 2026-02-01 are being retired	Azure Key Vault API versions prior to 2026-02-01 are being retired				[]	missing	missing	missing	metadata_not_found,resource_inventory_not_found,subscription_inventory_not_found	"{""acquisition"":""advisor.recommendations"",""api_version"":""2025-01-01"",""fields"":{""description"":"""",""resource_id"":""properties.resourceMetadata.resourceId""},""lookup_keys"":{""metadata"":""7ff06874-39e9-41be-9552-fa1ae2a83c88\u0000/subscriptions/74da48a3-b0e7-489d-8172-da79801086ed/resourcegroups/io-p-itn-cgn-pe-rg-01/providers/microsoft.keyvault/vaults/io-p-itn-cgn-pe-kv-01"",""resource"":""/subscriptions/74da48a3-b0e7-489d-8172-da79801086ed/resourcegroups/io-p-itn-cgn-pe-rg-01/providers/microsoft.keyvault/vaults/io-p-itn-cgn-pe-kv-01"",""subscription"":""74da48a3-b0e7-489d-8172-da79801086ed""},""match_status"":{""metadata"":""missing"",""resource"":""missing"",""subscription"":""missing""},""recommendation_id"":""/subscriptions/74da48a3-b0e7-489d-8172-da79801086ed/resourcegroups/io-p-itn-cgn-pe-rg-01/providers/microsoft.keyvault/vaults/io-p-itn-cgn-pe-kv-01/providers/Microsoft.Advisor/recommendations/b03f84be1dc9627d07d51f847e64e80830013c7af4ad78fc4fe8153323ef4ed1"",""resource_linkage"":""resource_id""}"	0022f5dc3def1800d2dbd7b5c51702e5406c532bc5fc650ef8ea32443b74a5d2
1	72a34e2b-f26c-4bd9-b778-6118966cf94b	2026-07-31	resolved	advisor_retirement_recommendation	azure_advisor	/subscriptions/74da48a3-b0e7-489d-8172-da79801086ed/resourcegroups/io-p-itn-cgn-pe-rg-01/providers/microsoft.network/applicationgateways/io-p-itn-cgn-pe-agw-01/providers/Microsoft.Advisor/recommendations/edf6cb56900c8fb42f574c6ccd5bd5d27419db73b3e132f3a6528ea081e3292f	13d4b9e9-e144-4fa6-8d03-38b1c9f2b4a3	New	74da48a3-b0e7-489d-8172-da79801086ed		resource_id	/subscriptions/74da48a3-b0e7-489d-8172-da79801086ed/resourcegroups/io-p-itn-cgn-pe-rg-01/providers/microsoft.network/applicationgateways/io-p-itn-cgn-pe-agw-01	/subscriptions/74da48a3-b0e7-489d-8172-da79801086ed/resourcegroups/io-p-itn-cgn-pe-rg-01/providers/microsoft.network/applicationgateways/io-p-itn-cgn-pe-agw-01	io-p-itn-cgn-pe-agw-01	io-p-itn-cgn-pe-rg-01	microsoft.network/applicationgateways		{}			WAF v2 Config	2027-03-31	2027-03-31	properties.extendedProperties.retirementDate	exact	Medium		HighAvailability		2026-04-16T08:47:08.337992Z		Application Gateway Web Application Firewall v2 configuration is retiring	Application Gateway Web Application Firewall v2 configuration is retiring				[]	missing	missing	missing	metadata_not_found,resource_inventory_not_found,subscription_inventory_not_found	"{""acquisition"":""advisor.recommendations"",""api_version"":""2025-01-01"",""fields"":{""description"":"""",""resource_id"":""properties.resourceMetadata.resourceId""},""lookup_keys"":{""metadata"":""13d4b9e9-e144-4fa6-8d03-38b1c9f2b4a3\u0000/subscriptions/74da48a3-b0e7-489d-8172-da79801086ed/resourcegroups/io-p-itn-cgn-pe-rg-01/providers/microsoft.network/applicationgateways/io-p-itn-cgn-pe-agw-01"",""resource"":""/subscriptions/74da48a3-b0e7-489d-8172-da79801086ed/resourcegroups/io-p-itn-cgn-pe-rg-01/providers/microsoft.network/applicationgateways/io-p-itn-cgn-pe-agw-01"",""subscription"":""74da48a3-b0e7-489d-8172-da79801086ed""},""match_status"":{""metadata"":""missing"",""resource"":""missing"",""subscription"":""missing""},""recommendation_id"":""/subscriptions/74da48a3-b0e7-489d-8172-da79801086ed/resourcegroups/io-p-itn-cgn-pe-rg-01/providers/microsoft.network/applicationgateways/io-p-itn-cgn-pe-agw-01/providers/Microsoft.Advisor/recommendations/edf6cb56900c8fb42f574c6ccd5bd5d27419db73b3e132f3a6528ea081e3292f"",""resource_linkage"":""resource_id""}"	2f7526587543b66f365913e307ad67481aba1bb5083c167345689e1043ba9b40
1	72a34e2b-f26c-4bd9-b778-6118966cf94b	2026-07-31	resolved	advisor_retirement_recommendation	azure_advisor	/subscriptions/74da48a3-b0e7-489d-8172-da79801086ed/resourcegroups/io-p-itn-cgn-pe-rg-01/providers/microsoft.network/virtualnetworkgateways/io-p-itn-vgw-01-gw/providers/Microsoft.Advisor/recommendations/360d032183635e98fb559d6192bedf20a1bb620b26e1139e5d3e0a438e0afb83	4d9ee0c5-6fbd-41d3-864f-b9251c92eebc	New	74da48a3-b0e7-489d-8172-da79801086ed		resource_id	/subscriptions/74da48a3-b0e7-489d-8172-da79801086ed/resourcegroups/io-p-itn-cgn-pe-rg-01/providers/microsoft.network/virtualnetworkgateways/io-p-itn-vgw-01-gw	/subscriptions/74da48a3-b0e7-489d-8172-da79801086ed/resourcegroups/io-p-itn-cgn-pe-rg-01/providers/microsoft.network/virtualnetworkgateways/io-p-itn-vgw-01-gw	io-p-itn-vgw-01-gw	io-p-itn-cgn-pe-rg-01	microsoft.network/virtualnetworkgateways		{}			Non-AZ VPNs	2026-09-30	2026-09-30	properties.extendedProperties.retirementDate	exact	Medium		HighAvailability		2026-04-16T15:33:58.183611Z		VpnGw1-5 (Non-Availability Zones SKUs) is being retired.	VpnGw1-5 (Non-Availability Zones SKUs) is being retired.				[]	missing	missing	missing	metadata_not_found,resource_inventory_not_found,subscription_inventory_not_found	"{""acquisition"":""advisor.recommendations"",""api_version"":""2025-01-01"",""fields"":{""description"":"""",""resource_id"":""properties.resourceMetadata.resourceId""},""lookup_keys"":{""metadata"":""4d9ee0c5-6fbd-41d3-864f-b9251c92eebc\u0000/subscriptions/74da48a3-b0e7-489d-8172-da79801086ed/resourcegroups/io-p-itn-cgn-pe-rg-01/providers/microsoft.network/virtualnetworkgateways/io-p-itn-vgw-01-gw"",""resource"":""/subscriptions/74da48a3-b0e7-489d-8172-da79801086ed/resourcegroups/io-p-itn-cgn-pe-rg-01/providers/microsoft.network/virtualnetworkgateways/io-p-itn-vgw-01-gw"",""subscription"":""74da48a3-b0e7-489d-8172-da79801086ed""},""match_status"":{""metadata"":""missing"",""resource"":""missing"",""subscription"":""missing""},""recommendation_id"":""/subscriptions/74da48a3-b0e7-489d-8172-da79801086ed/resourcegroups/io-p-itn-cgn-pe-rg-01/providers/microsoft.network/virtualnetworkgateways/io-p-itn-vgw-01-gw/providers/Microsoft.Advisor/recommendations/360d032183635e98fb559d6192bedf20a1bb620b26e1139e5d3e0a438e0afb83"",""resource_linkage"":""resource_id""}"	c18b07b00e3fd08ee239893963202037e55525563cdcb7e83b4bfe73891e2a75
1	72a34e2b-f26c-4bd9-b778-6118966cf94b	2026-07-31	resolved	advisor_retirement_recommendation	azure_advisor	/subscriptions/794146a8-9ae6-4002-b37c-f51d91ecc399/resourcegroups/fat-p-networking-rg/providers/microsoft.network/applicationgateways/fat-p-agw/providers/Microsoft.Advisor/recommendations/ed93b93e4b5d55982248dcfed6de6cc6b6cd26e94f4d956223ce2e526a6084b6	13d4b9e9-e144-4fa6-8d03-38b1c9f2b4a3	New	794146a8-9ae6-4002-b37c-f51d91ecc399		resource_id	/subscriptions/794146a8-9ae6-4002-b37c-f51d91ecc399/resourcegroups/fat-p-networking-rg/providers/microsoft.network/applicationgateways/fat-p-agw	/subscriptions/794146a8-9ae6-4002-b37c-f51d91ecc399/resourcegroups/fat-p-networking-rg/providers/microsoft.network/applicationgateways/fat-p-agw	fat-p-agw	fat-p-networking-rg	microsoft.network/applicationgateways		{}			WAF v2 Config	2027-03-31	2027-03-31	properties.extendedProperties.retirementDate	exact	Medium		HighAvailability		2026-04-16T08:47:08.379944Z		Application Gateway Web Application Firewall v2 configuration is retiring	Application Gateway Web Application Firewall v2 configuration is retiring				[]	missing	missing	missing	metadata_not_found,resource_inventory_not_found,subscription_inventory_not_found	"{""acquisition"":""advisor.recommendations"",""api_version"":""2025-01-01"",""fields"":{""description"":"""",""resource_id"":""properties.resourceMetadata.resourceId""},""lookup_keys"":{""metadata"":""13d4b9e9-e144-4fa6-8d03-38b1c9f2b4a3\u0000/subscriptions/794146a8-9ae6-4002-b37c-f51d91ecc399/resourcegroups/fat-p-networking-rg/providers/microsoft.network/applicationgateways/fat-p-agw"",""resource"":""/subscriptions/794146a8-9ae6-4002-b37c-f51d91ecc399/resourcegroups/fat-p-networking-rg/providers/microsoft.network/applicationgateways/fat-p-agw"",""subscription"":""794146a8-9ae6-4002-b37c-f51d91ecc399""},""match_status"":{""metadata"":""missing"",""resource"":""missing"",""subscription"":""missing""},""recommendation_id"":""/subscriptions/794146a8-9ae6-4002-b37c-f51d91ecc399/resourcegroups/fat-p-networking-rg/providers/microsoft.network/applicationgateways/fat-p-agw/providers/Microsoft.Advisor/recommendations/ed93b93e4b5d55982248dcfed6de6cc6b6cd26e94f4d956223ce2e526a6084b6"",""resource_linkage"":""resource_id""}"	ce2f6cbd392c344423701ec58b01893f9063810434d9d508ba78a191853dc97c
1	72a34e2b-f26c-4bd9-b778-6118966cf94b	2026-07-31	resolved	advisor_retirement_recommendation	azure_advisor	/subscriptions/794146a8-9ae6-4002-b37c-f51d91ecc399/resourcegroups/fat-p-sm_group/providers/microsoft.storage/storageaccounts/fatpsmgroupaf46/providers/Microsoft.Advisor/recommendations/4ac06f860c2b14b567cc0479203276a7e2a84383bf9e9e1eb29c4f3feeeb76c9	1d70919c-1a4a-4f79-8300-bb576c291e9d	New	794146a8-9ae6-4002-b37c-f51d91ecc399		resource_id	/subscriptions/794146a8-9ae6-4002-b37c-f51d91ecc399/resourcegroups/fat-p-sm_group/providers/microsoft.storage/storageaccounts/fatpsmgroupaf46	/subscriptions/794146a8-9ae6-4002-b37c-f51d91ecc399/resourcegroups/fat-p-sm_group/providers/microsoft.storage/storageaccounts/fatpsmgroupaf46	fatpsmgroupaf46	fat-p-sm_group	microsoft.storage/storageaccounts		{}			Legacy Blob and General-Purpose v1 storage accounts	2026-10-13	2026-10-13	properties.extendedProperties.retirementDate	exact	Medium		HighAvailability		2026-05-14T01:38:55.590517Z		Upgrade general-purpose v1 storage accounts	Upgrade general-purpose v1 storage accounts				[]	missing	missing	missing	metadata_not_found,resource_inventory_not_found,subscription_inventory_not_found	"{""acquisition"":""advisor.recommendations"",""api_version"":""2025-01-01"",""fields"":{""description"":"""",""resource_id"":""properties.resourceMetadata.resourceId""},""lookup_keys"":{""metadata"":""1d70919c-1a4a-4f79-8300-bb576c291e9d\u0000/subscriptions/794146a8-9ae6-4002-b37c-f51d91ecc399/resourcegroups/fat-p-sm_group/providers/microsoft.storage/storageaccounts/fatpsmgroupaf46"",""resource"":""/subscriptions/794146a8-9ae6-4002-b37c-f51d91ecc399/resourcegroups/fat-p-sm_group/providers/microsoft.storage/storageaccounts/fatpsmgroupaf46"",""subscription"":""794146a8-9ae6-4002-b37c-f51d91ecc399""},""match_status"":{""metadata"":""missing"",""resource"":""missing"",""subscription"":""missing""},""recommendation_id"":""/subscriptions/794146a8-9ae6-4002-b37c-f51d91ecc399/resourcegroups/fat-p-sm_group/providers/microsoft.storage/storageaccounts/fatpsmgroupaf46/providers/Microsoft.Advisor/recommendations/4ac06f860c2b14b567cc0479203276a7e2a84383bf9e9e1eb29c4f3feeeb76c9"",""resource_linkage"":""resource_id""}"	aefa035177a2dfedde7ae4428c905a0d6fe5742f9dc76cf56ffba1d1dfb57d20
1	72a34e2b-f26c-4bd9-b778-6118966cf94b	2026-07-31	resolved	advisor_retirement_recommendation	azure_advisor	/subscriptions/813119d7-0943-46ed-8ebe-cebe24f9106c/resourcegroups/selc-p-checkout-fe-rg/providers/microsoft.cdn/profiles/selc-p-checkout-cdn-profile/providers/Microsoft.Advisor/recommendations/31bde739c8d018763993bcd6cd1acfc641287bf3dc6ebf70a81e1f0df32828c4	52ff3019-62b0-4905-b016-da35fa6bbddc	New	813119d7-0943-46ed-8ebe-cebe24f9106c		resource_id	/subscriptions/813119d7-0943-46ed-8ebe-cebe24f9106c/resourcegroups/selc-p-checkout-fe-rg/providers/microsoft.cdn/profiles/selc-p-checkout-cdn-profile	/subscriptions/813119d7-0943-46ed-8ebe-cebe24f9106c/resourcegroups/selc-p-checkout-fe-rg/providers/microsoft.cdn/profiles/selc-p-checkout-cdn-profile	selc-p-checkout-cdn-profile	selc-p-checkout-fe-rg	microsoft.cdn/profiles		{}			Standard from Microsoft (classic)	2027-09-30	2027-09-30	properties.extendedProperties.retirementDate	exact	Medium		HighAvailability		2026-04-16T08:33:06.710820Z		Azure CDN Standard from Microsoft (classic) is being retired.	Azure CDN Standard from Microsoft (classic) is being retired.				[]	missing	missing	missing	metadata_not_found,resource_inventory_not_found,subscription_inventory_not_found	"{""acquisition"":""advisor.recommendations"",""api_version"":""2025-01-01"",""fields"":{""description"":"""",""resource_id"":""properties.resourceMetadata.resourceId""},""lookup_keys"":{""metadata"":""52ff3019-62b0-4905-b016-da35fa6bbddc\u0000/subscriptions/813119d7-0943-46ed-8ebe-cebe24f9106c/resourcegroups/selc-p-checkout-fe-rg/providers/microsoft.cdn/profiles/selc-p-checkout-cdn-profile"",""resource"":""/subscriptions/813119d7-0943-46ed-8ebe-cebe24f9106c/resourcegroups/selc-p-checkout-fe-rg/providers/microsoft.cdn/profiles/selc-p-checkout-cdn-profile"",""subscription"":""813119d7-0943-46ed-8ebe-cebe24f9106c""},""match_status"":{""metadata"":""missing"",""resource"":""missing"",""subscription"":""missing""},""recommendation_id"":""/subscriptions/813119d7-0943-46ed-8ebe-cebe24f9106c/resourcegroups/selc-p-checkout-fe-rg/providers/microsoft.cdn/profiles/selc-p-checkout-cdn-profile/providers/Microsoft.Advisor/recommendations/31bde739c8d018763993bcd6cd1acfc641287bf3dc6ebf70a81e1f0df32828c4"",""resource_linkage"":""resource_id""}"	222b5d67173e95286d1b2ac4e35268bdc4bde4cf39562c8dcefe970dfb94bccc
1	72a34e2b-f26c-4bd9-b778-6118966cf94b	2026-07-31	resolved	advisor_retirement_recommendation	azure_advisor	/subscriptions/813119d7-0943-46ed-8ebe-cebe24f9106c/resourcegroups/selc-p-data-rg/providers/microsoft.cache/redis/selc-p-redis/providers/Microsoft.Advisor/recommendations/44c10b115553892cd9d12dfa1aa30eab3ea4d508ef55aebf6f1a7464ec201467	f3aded79-f9ff-4ce4-99e3-2ffcf11161a4	New	813119d7-0943-46ed-8ebe-cebe24f9106c		resource_id	/subscriptions/813119d7-0943-46ed-8ebe-cebe24f9106c/resourcegroups/selc-p-data-rg/providers/microsoft.cache/redis/selc-p-redis	/subscriptions/813119d7-0943-46ed-8ebe-cebe24f9106c/resourcegroups/selc-p-data-rg/providers/microsoft.cache/redis/selc-p-redis	selc-p-redis	selc-p-data-rg	microsoft.cache/redis		{}			Redis Cache	2028-09-30	2028-09-30	properties.extendedProperties.retirementDate	exact	Medium		HighAvailability		2026-05-18T17:09:07.144175Z		Migrate to Azure Managed Redis from Azure Cache for Redis	Migrate to Azure Managed Redis from Azure Cache for Redis				[]	missing	missing	missing	metadata_not_found,resource_inventory_not_found,subscription_inventory_not_found	"{""acquisition"":""advisor.recommendations"",""api_version"":""2025-01-01"",""fields"":{""description"":"""",""resource_id"":""properties.resourceMetadata.resourceId""},""lookup_keys"":{""metadata"":""f3aded79-f9ff-4ce4-99e3-2ffcf11161a4\u0000/subscriptions/813119d7-0943-46ed-8ebe-cebe24f9106c/resourcegroups/selc-p-data-rg/providers/microsoft.cache/redis/selc-p-redis"",""resource"":""/subscriptions/813119d7-0943-46ed-8ebe-cebe24f9106c/resourcegroups/selc-p-data-rg/providers/microsoft.cache/redis/selc-p-redis"",""subscription"":""813119d7-0943-46ed-8ebe-cebe24f9106c""},""match_status"":{""metadata"":""missing"",""resource"":""missing"",""subscription"":""missing""},""recommendation_id"":""/subscriptions/813119d7-0943-46ed-8ebe-cebe24f9106c/resourcegroups/selc-p-data-rg/providers/microsoft.cache/redis/selc-p-redis/providers/Microsoft.Advisor/recommendations/44c10b115553892cd9d12dfa1aa30eab3ea4d508ef55aebf6f1a7464ec201467"",""resource_linkage"":""resource_id""}"	7dc6557087212d26184e819c7a1d44d1345cbcdfd805047e17a9e2e293872881
1	72a34e2b-f26c-4bd9-b778-6118966cf94b	2026-07-31	resolved	advisor_retirement_recommendation	azure_advisor	/subscriptions/813119d7-0943-46ed-8ebe-cebe24f9106c/resourcegroups/selc-p-event-rg/providers/microsoft.compute/virtualmachines/selc-p-evh-rds-vm/providers/Microsoft.Advisor/recommendations/602fb8dca6758e82642469b96bd12b53e420d4f7aacfaa795ec9fe2f0295fcf9	5f2613df-629f-4b07-9425-2a47ea0dfad3	New	813119d7-0943-46ed-8ebe-cebe24f9106c		resource_id	/subscriptions/813119d7-0943-46ed-8ebe-cebe24f9106c/resourcegroups/selc-p-event-rg/providers/microsoft.compute/virtualmachines/selc-p-evh-rds-vm	/subscriptions/813119d7-0943-46ed-8ebe-cebe24f9106c/resourcegroups/selc-p-event-rg/providers/microsoft.compute/virtualmachines/selc-p-evh-rds-vm	selc-p-evh-rds-vm	selc-p-event-rg	microsoft.compute/virtualmachines		{}							missing	Medium		HighAvailability		2026-05-12T18:49:08.349583Z		Migrate workload to Virtual Machine Scale Sets Flex	Migrate workload to Virtual Machine Scale Sets Flex				[]	missing	missing	missing	metadata_not_found,missing_retirement_date,resource_inventory_not_found,subscription_inventory_not_found	"{""acquisition"":""advisor.recommendations"",""api_version"":""2025-01-01"",""fields"":{""description"":"""",""resource_id"":""properties.resourceMetadata.resourceId""},""lookup_keys"":{""metadata"":""5f2613df-629f-4b07-9425-2a47ea0dfad3\u0000/subscriptions/813119d7-0943-46ed-8ebe-cebe24f9106c/resourcegroups/selc-p-event-rg/providers/microsoft.compute/virtualmachines/selc-p-evh-rds-vm"",""resource"":""/subscriptions/813119d7-0943-46ed-8ebe-cebe24f9106c/resourcegroups/selc-p-event-rg/providers/microsoft.compute/virtualmachines/selc-p-evh-rds-vm"",""subscription"":""813119d7-0943-46ed-8ebe-cebe24f9106c""},""match_status"":{""metadata"":""missing"",""resource"":""missing"",""subscription"":""missing""},""recommendation_id"":""/subscriptions/813119d7-0943-46ed-8ebe-cebe24f9106c/resourcegroups/selc-p-event-rg/providers/microsoft.compute/virtualmachines/selc-p-evh-rds-vm/providers/Microsoft.Advisor/recommendations/602fb8dca6758e82642469b96bd12b53e420d4f7aacfaa795ec9fe2f0295fcf9"",""resource_linkage"":""resource_id""}"	e5f8c0de00b2ff6f27158602a4ae4bed71cff1676db8da52bedeb96d7fb4e8fb
1	72a34e2b-f26c-4bd9-b778-6118966cf94b	2026-07-31	resolved	advisor_retirement_recommendation	azure_advisor	/subscriptions/813119d7-0943-46ed-8ebe-cebe24f9106c/resourcegroups/selc-p-event-rg/providers/microsoft.compute/virtualmachines/selc-p-evh-rds-vm/providers/Microsoft.Advisor/recommendations/746509cd8deeb11d97975d4d4fbbad6b68794adeca845bd2eb2ff809ebb56eb3	7f71b153-c0b7-4e99-a23e-db8179183ec9	New	813119d7-0943-46ed-8ebe-cebe24f9106c		resource_id	/subscriptions/813119d7-0943-46ed-8ebe-cebe24f9106c/resourcegroups/selc-p-event-rg/providers/microsoft.compute/virtualmachines/selc-p-evh-rds-vm	/subscriptions/813119d7-0943-46ed-8ebe-cebe24f9106c/resourcegroups/selc-p-event-rg/providers/microsoft.compute/virtualmachines/selc-p-evh-rds-vm	selc-p-evh-rds-vm	selc-p-event-rg	microsoft.compute/virtualmachines		{}							missing	High		HighAvailability		2026-05-22T19:44:22.119846Z		Migrate workload to D-series or better virtual machine	Migrate workload to D-series or better virtual machine				[]	missing	missing	missing	metadata_not_found,missing_retirement_date,resource_inventory_not_found,subscription_inventory_not_found	"{""acquisition"":""advisor.recommendations"",""api_version"":""2025-01-01"",""fields"":{""description"":"""",""resource_id"":""properties.resourceMetadata.resourceId""},""lookup_keys"":{""metadata"":""7f71b153-c0b7-4e99-a23e-db8179183ec9\u0000/subscriptions/813119d7-0943-46ed-8ebe-cebe24f9106c/resourcegroups/selc-p-event-rg/providers/microsoft.compute/virtualmachines/selc-p-evh-rds-vm"",""resource"":""/subscriptions/813119d7-0943-46ed-8ebe-cebe24f9106c/resourcegroups/selc-p-event-rg/providers/microsoft.compute/virtualmachines/selc-p-evh-rds-vm"",""subscription"":""813119d7-0943-46ed-8ebe-cebe24f9106c""},""match_status"":{""metadata"":""missing"",""resource"":""missing"",""subscription"":""missing""},""recommendation_id"":""/subscriptions/813119d7-0943-46ed-8ebe-cebe24f9106c/resourcegroups/selc-p-event-rg/providers/microsoft.compute/virtualmachines/selc-p-evh-rds-vm/providers/Microsoft.Advisor/recommendations/746509cd8deeb11d97975d4d4fbbad6b68794adeca845bd2eb2ff809ebb56eb3"",""resource_linkage"":""resource_id""}"	fd2558cfd1acdb11162f125b89598785eb9a70db8ab7ac912b14e94e8b98b30e
1	72a34e2b-f26c-4bd9-b778-6118966cf94b	2026-07-31	resolved	advisor_retirement_recommendation	azure_advisor	/subscriptions/813119d7-0943-46ed-8ebe-cebe24f9106c/resourcegroups/selc-p-event-rg/providers/microsoft.compute/virtualmachines/selc-p-evh-rds-vm/providers/Microsoft.Advisor/recommendations/a50909f932ad35cab70550718699861988c11e3deeaeb014dc91c22154df23de	13cea0f1-c3f7-4c66-8b3b-9928a0f07cea	New	813119d7-0943-46ed-8ebe-cebe24f9106c		resource_id	/subscriptions/813119d7-0943-46ed-8ebe-cebe24f9106c/resourcegroups/selc-p-event-rg/providers/microsoft.compute/virtualmachines/selc-p-evh-rds-vm	/subscriptions/813119d7-0943-46ed-8ebe-cebe24f9106c/resourcegroups/selc-p-event-rg/providers/microsoft.compute/virtualmachines/selc-p-evh-rds-vm	selc-p-evh-rds-vm	selc-p-event-rg	microsoft.compute/virtualmachines		{}			LSv2, G, GS, F, FS, Fsv2, B, Av2 - Series	2028-11-15	2028-11-15	properties.extendedProperties.retirementDate	exact	High		HighAvailability		2026-05-19T21:46:32.197347Z		Review and migrate virtual machine workloads	Review and migrate virtual machine workloads				[]	missing	missing	missing	metadata_not_found,resource_inventory_not_found,subscription_inventory_not_found	"{""acquisition"":""advisor.recommendations"",""api_version"":""2025-01-01"",""fields"":{""description"":"""",""resource_id"":""properties.resourceMetadata.resourceId""},""lookup_keys"":{""metadata"":""13cea0f1-c3f7-4c66-8b3b-9928a0f07cea\u0000/subscriptions/813119d7-0943-46ed-8ebe-cebe24f9106c/resourcegroups/selc-p-event-rg/providers/microsoft.compute/virtualmachines/selc-p-evh-rds-vm"",""resource"":""/subscriptions/813119d7-0943-46ed-8ebe-cebe24f9106c/resourcegroups/selc-p-event-rg/providers/microsoft.compute/virtualmachines/selc-p-evh-rds-vm"",""subscription"":""813119d7-0943-46ed-8ebe-cebe24f9106c""},""match_status"":{""metadata"":""missing"",""resource"":""missing"",""subscription"":""missing""},""recommendation_id"":""/subscriptions/813119d7-0943-46ed-8ebe-cebe24f9106c/resourcegroups/selc-p-event-rg/providers/microsoft.compute/virtualmachines/selc-p-evh-rds-vm/providers/Microsoft.Advisor/recommendations/a50909f932ad35cab70550718699861988c11e3deeaeb014dc91c22154df23de"",""resource_linkage"":""resource_id""}"	b1996374d9c4bc87be046ba309c6fc3704d713545459bc181dde4c4b5d6eb20c
1	72a34e2b-f26c-4bd9-b778-6118966cf94b	2026-07-31	resolved	advisor_retirement_recommendation	azure_advisor	/subscriptions/813119d7-0943-46ed-8ebe-cebe24f9106c/resourcegroups/selc-p-ops-rg/providers/microsoft.compute/virtualmachines/selc-p-ops-vm/providers/Microsoft.Advisor/recommendations/10519c8de4d526736f0de482cdf2cb5792e830b8faaccead0f13d2e5f8628a1a	7f71b153-c0b7-4e99-a23e-db8179183ec9	New	813119d7-0943-46ed-8ebe-cebe24f9106c		resource_id	/subscriptions/813119d7-0943-46ed-8ebe-cebe24f9106c/resourcegroups/selc-p-ops-rg/providers/microsoft.compute/virtualmachines/selc-p-ops-vm	/subscriptions/813119d7-0943-46ed-8ebe-cebe24f9106c/resourcegroups/selc-p-ops-rg/providers/microsoft.compute/virtualmachines/selc-p-ops-vm	selc-p-ops-vm	selc-p-ops-rg	microsoft.compute/virtualmachines		{}							missing	High		HighAvailability		2026-05-13T03:36:08.123898Z		Migrate workload to D-series or better virtual machine	Migrate workload to D-series or better virtual machine				[]	missing	missing	missing	metadata_not_found,missing_retirement_date,resource_inventory_not_found,subscription_inventory_not_found	"{""acquisition"":""advisor.recommendations"",""api_version"":""2025-01-01"",""fields"":{""description"":"""",""resource_id"":""properties.resourceMetadata.resourceId""},""lookup_keys"":{""metadata"":""7f71b153-c0b7-4e99-a23e-db8179183ec9\u0000/subscriptions/813119d7-0943-46ed-8ebe-cebe24f9106c/resourcegroups/selc-p-ops-rg/providers/microsoft.compute/virtualmachines/selc-p-ops-vm"",""resource"":""/subscriptions/813119d7-0943-46ed-8ebe-cebe24f9106c/resourcegroups/selc-p-ops-rg/providers/microsoft.compute/virtualmachines/selc-p-ops-vm"",""subscription"":""813119d7-0943-46ed-8ebe-cebe24f9106c""},""match_status"":{""metadata"":""missing"",""resource"":""missing"",""subscription"":""missing""},""recommendation_id"":""/subscriptions/813119d7-0943-46ed-8ebe-cebe24f9106c/resourcegroups/selc-p-ops-rg/providers/microsoft.compute/virtualmachines/selc-p-ops-vm/providers/Microsoft.Advisor/recommendations/10519c8de4d526736f0de482cdf2cb5792e830b8faaccead0f13d2e5f8628a1a"",""resource_linkage"":""resource_id""}"	eaaf8ba0ead6cd80cd9858d93d1718df17507f2b5f41bb5e5ab94413ec031191
1	72a34e2b-f26c-4bd9-b778-6118966cf94b	2026-07-31	resolved	advisor_retirement_recommendation	azure_advisor	/subscriptions/813119d7-0943-46ed-8ebe-cebe24f9106c/resourcegroups/selc-p-ops-rg/providers/microsoft.compute/virtualmachines/selc-p-ops-vm/providers/Microsoft.Advisor/recommendations/157eef4793fe01b8b06684d48dbd9ac266bb5d26a85f783e55ed1de3c23e4dd2	5f2613df-629f-4b07-9425-2a47ea0dfad3	New	813119d7-0943-46ed-8ebe-cebe24f9106c		resource_id	/subscriptions/813119d7-0943-46ed-8ebe-cebe24f9106c/resourcegroups/selc-p-ops-rg/providers/microsoft.compute/virtualmachines/selc-p-ops-vm	/subscriptions/813119d7-0943-46ed-8ebe-cebe24f9106c/resourcegroups/selc-p-ops-rg/providers/microsoft.compute/virtualmachines/selc-p-ops-vm	selc-p-ops-vm	selc-p-ops-rg	microsoft.compute/virtualmachines		{}							missing	Medium		HighAvailability		2026-06-25T04:01:41.127331Z		Migrate workload to Virtual Machine Scale Sets Flex	Migrate workload to Virtual Machine Scale Sets Flex				[]	missing	missing	missing	metadata_not_found,missing_retirement_date,resource_inventory_not_found,subscription_inventory_not_found	"{""acquisition"":""advisor.recommendations"",""api_version"":""2025-01-01"",""fields"":{""description"":"""",""resource_id"":""properties.resourceMetadata.resourceId""},""lookup_keys"":{""metadata"":""5f2613df-629f-4b07-9425-2a47ea0dfad3\u0000/subscriptions/813119d7-0943-46ed-8ebe-cebe24f9106c/resourcegroups/selc-p-ops-rg/providers/microsoft.compute/virtualmachines/selc-p-ops-vm"",""resource"":""/subscriptions/813119d7-0943-46ed-8ebe-cebe24f9106c/resourcegroups/selc-p-ops-rg/providers/microsoft.compute/virtualmachines/selc-p-ops-vm"",""subscription"":""813119d7-0943-46ed-8ebe-cebe24f9106c""},""match_status"":{""metadata"":""missing"",""resource"":""missing"",""subscription"":""missing""},""recommendation_id"":""/subscriptions/813119d7-0943-46ed-8ebe-cebe24f9106c/resourcegroups/selc-p-ops-rg/providers/microsoft.compute/virtualmachines/selc-p-ops-vm/providers/Microsoft.Advisor/recommendations/157eef4793fe01b8b06684d48dbd9ac266bb5d26a85f783e55ed1de3c23e4dd2"",""resource_linkage"":""resource_id""}"	5019345d2a5fef46be31b1412b34b7da468b15c2e86fe3e341a65ae4a6e5f67b
1	72a34e2b-f26c-4bd9-b778-6118966cf94b	2026-07-31	resolved	advisor_retirement_recommendation	azure_advisor	/subscriptions/813119d7-0943-46ed-8ebe-cebe24f9106c/resourcegroups/selc-p-pnpg-sec-rg/providers/microsoft.keyvault/vaults/selc-p-pnpg-kv/providers/Microsoft.Advisor/recommendations/cc252f5720a076d953f89f9cdf088e0841f0581e37ecd448f4fe18fd78a8751c	7ff06874-39e9-41be-9552-fa1ae2a83c88	New	813119d7-0943-46ed-8ebe-cebe24f9106c		resource_id	/subscriptions/813119d7-0943-46ed-8ebe-cebe24f9106c/resourcegroups/selc-p-pnpg-sec-rg/providers/microsoft.keyvault/vaults/selc-p-pnpg-kv	/subscriptions/813119d7-0943-46ed-8ebe-cebe24f9106c/resourcegroups/selc-p-pnpg-sec-rg/providers/microsoft.keyvault/vaults/selc-p-pnpg-kv	selc-p-pnpg-kv	selc-p-pnpg-sec-rg	microsoft.keyvault/vaults		{}			API versions prior to 2026-02-01	2027-02-27	2027-02-27	properties.extendedProperties.retirementDate	exact	High		HighAvailability		2026-07-27T18:43:24.579034Z		Azure Key Vault API versions prior to 2026-02-01 are being retired	Azure Key Vault API versions prior to 2026-02-01 are being retired				[]	missing	missing	missing	metadata_not_found,resource_inventory_not_found,subscription_inventory_not_found	"{""acquisition"":""advisor.recommendations"",""api_version"":""2025-01-01"",""fields"":{""description"":"""",""resource_id"":""properties.resourceMetadata.resourceId""},""lookup_keys"":{""metadata"":""7ff06874-39e9-41be-9552-fa1ae2a83c88\u0000/subscriptions/813119d7-0943-46ed-8ebe-cebe24f9106c/resourcegroups/selc-p-pnpg-sec-rg/providers/microsoft.keyvault/vaults/selc-p-pnpg-kv"",""resource"":""/subscriptions/813119d7-0943-46ed-8ebe-cebe24f9106c/resourcegroups/selc-p-pnpg-sec-rg/providers/microsoft.keyvault/vaults/selc-p-pnpg-kv"",""subscription"":""813119d7-0943-46ed-8ebe-cebe24f9106c""},""match_status"":{""metadata"":""missing"",""resource"":""missing"",""subscription"":""missing""},""recommendation_id"":""/subscriptions/813119d7-0943-46ed-8ebe-cebe24f9106c/resourcegroups/selc-p-pnpg-sec-rg/providers/microsoft.keyvault/vaults/selc-p-pnpg-kv/providers/Microsoft.Advisor/recommendations/cc252f5720a076d953f89f9cdf088e0841f0581e37ecd448f4fe18fd78a8751c"",""resource_linkage"":""resource_id""}"	1f3e623341b036d7a1eef7d18edbe339b7dbc78438b8ecf310489d705f3d3b0b
1	72a34e2b-f26c-4bd9-b778-6118966cf94b	2026-07-31	resolved	advisor_retirement_recommendation	azure_advisor	/subscriptions/813119d7-0943-46ed-8ebe-cebe24f9106c/resourcegroups/selc-p-sec-rg/providers/microsoft.keyvault/vaults/selc-p-kv/providers/Microsoft.Advisor/recommendations/0a27ff4096021c27da4e3e3a58bbeef8a53fbe0eea91732860c13f6cb107d5f4	7ff06874-39e9-41be-9552-fa1ae2a83c88	New	813119d7-0943-46ed-8ebe-cebe24f9106c		resource_id	/subscriptions/813119d7-0943-46ed-8ebe-cebe24f9106c/resourcegroups/selc-p-sec-rg/providers/microsoft.keyvault/vaults/selc-p-kv	/subscriptions/813119d7-0943-46ed-8ebe-cebe24f9106c/resourcegroups/selc-p-sec-rg/providers/microsoft.keyvault/vaults/selc-p-kv	selc-p-kv	selc-p-sec-rg	microsoft.keyvault/vaults		{}			API versions prior to 2026-02-01	2027-02-27	2027-02-27	properties.extendedProperties.retirementDate	exact	High		HighAvailability		2026-07-30T20:10:59.672689Z		Azure Key Vault API versions prior to 2026-02-01 are being retired	Azure Key Vault API versions prior to 2026-02-01 are being retired				[]	missing	missing	missing	metadata_not_found,resource_inventory_not_found,subscription_inventory_not_found	"{""acquisition"":""advisor.recommendations"",""api_version"":""2025-01-01"",""fields"":{""description"":"""",""resource_id"":""properties.resourceMetadata.resourceId""},""lookup_keys"":{""metadata"":""7ff06874-39e9-41be-9552-fa1ae2a83c88\u0000/subscriptions/813119d7-0943-46ed-8ebe-cebe24f9106c/resourcegroups/selc-p-sec-rg/providers/microsoft.keyvault/vaults/selc-p-kv"",""resource"":""/subscriptions/813119d7-0943-46ed-8ebe-cebe24f9106c/resourcegroups/selc-p-sec-rg/providers/microsoft.keyvault/vaults/selc-p-kv"",""subscription"":""813119d7-0943-46ed-8ebe-cebe24f9106c""},""match_status"":{""metadata"":""missing"",""resource"":""missing"",""subscription"":""missing""},""recommendation_id"":""/subscriptions/813119d7-0943-46ed-8ebe-cebe24f9106c/resourcegroups/selc-p-sec-rg/providers/microsoft.keyvault/vaults/selc-p-kv/providers/Microsoft.Advisor/recommendations/0a27ff4096021c27da4e3e3a58bbeef8a53fbe0eea91732860c13f6cb107d5f4"",""resource_linkage"":""resource_id""}"	2ecd4826c6cc59043262d0019e6dc2ffd6cb8e561ec71997cd1098e43c0ed0ce
1	72a34e2b-f26c-4bd9-b778-6118966cf94b	2026-07-31	resolved	advisor_retirement_recommendation	azure_advisor	/subscriptions/813119d7-0943-46ed-8ebe-cebe24f9106c/resourcegroups/selc-p-vnet-rg/providers/microsoft.cache/redis/selc-p-weu-pnpg-redis/providers/Microsoft.Advisor/recommendations/818aebc9736528da05bd69d7c9a979526e56a8ba689de67c6fbaebe810ed74f4	f3aded79-f9ff-4ce4-99e3-2ffcf11161a4	New	813119d7-0943-46ed-8ebe-cebe24f9106c		resource_id	/subscriptions/813119d7-0943-46ed-8ebe-cebe24f9106c/resourcegroups/selc-p-vnet-rg/providers/microsoft.cache/redis/selc-p-weu-pnpg-redis	/subscriptions/813119d7-0943-46ed-8ebe-cebe24f9106c/resourcegroups/selc-p-vnet-rg/providers/microsoft.cache/redis/selc-p-weu-pnpg-redis	selc-p-weu-pnpg-redis	selc-p-vnet-rg	microsoft.cache/redis		{}			Redis Cache	2028-09-30	2028-09-30	properties.extendedProperties.retirementDate	exact	Medium		HighAvailability		2026-05-15T05:27:26.115079Z		Migrate to Azure Managed Redis from Azure Cache for Redis	Migrate to Azure Managed Redis from Azure Cache for Redis				[]	missing	missing	missing	metadata_not_found,resource_inventory_not_found,subscription_inventory_not_found	"{""acquisition"":""advisor.recommendations"",""api_version"":""2025-01-01"",""fields"":{""description"":"""",""resource_id"":""properties.resourceMetadata.resourceId""},""lookup_keys"":{""metadata"":""f3aded79-f9ff-4ce4-99e3-2ffcf11161a4\u0000/subscriptions/813119d7-0943-46ed-8ebe-cebe24f9106c/resourcegroups/selc-p-vnet-rg/providers/microsoft.cache/redis/selc-p-weu-pnpg-redis"",""resource"":""/subscriptions/813119d7-0943-46ed-8ebe-cebe24f9106c/resourcegroups/selc-p-vnet-rg/providers/microsoft.cache/redis/selc-p-weu-pnpg-redis"",""subscription"":""813119d7-0943-46ed-8ebe-cebe24f9106c""},""match_status"":{""metadata"":""missing"",""resource"":""missing"",""subscription"":""missing""},""recommendation_id"":""/subscriptions/813119d7-0943-46ed-8ebe-cebe24f9106c/resourcegroups/selc-p-vnet-rg/providers/microsoft.cache/redis/selc-p-weu-pnpg-redis/providers/Microsoft.Advisor/recommendations/818aebc9736528da05bd69d7c9a979526e56a8ba689de67c6fbaebe810ed74f4"",""resource_linkage"":""resource_id""}"	f5d92bebfa448a64f5574c1ba4862b630061f606e7e4c6ad2d25706e008c5b3f
1	72a34e2b-f26c-4bd9-b778-6118966cf94b	2026-07-31	resolved	advisor_retirement_recommendation	azure_advisor	/subscriptions/813119d7-0943-46ed-8ebe-cebe24f9106c/resourcegroups/selc-p-vnet-rg/providers/microsoft.network/applicationgateways/selc-p-app-gw/providers/Microsoft.Advisor/recommendations/cd3ee30c1df9871f15e81a39d60b39161a21886e3ead7b094eb928fc774588b7	13d4b9e9-e144-4fa6-8d03-38b1c9f2b4a3	New	813119d7-0943-46ed-8ebe-cebe24f9106c		resource_id	/subscriptions/813119d7-0943-46ed-8ebe-cebe24f9106c/resourcegroups/selc-p-vnet-rg/providers/microsoft.network/applicationgateways/selc-p-app-gw	/subscriptions/813119d7-0943-46ed-8ebe-cebe24f9106c/resourcegroups/selc-p-vnet-rg/providers/microsoft.network/applicationgateways/selc-p-app-gw	selc-p-app-gw	selc-p-vnet-rg	microsoft.network/applicationgateways		{}			WAF v2 Config	2027-03-31	2027-03-31	properties.extendedProperties.retirementDate	exact	Medium		HighAvailability		2026-04-16T08:47:08.243492Z		Application Gateway Web Application Firewall v2 configuration is retiring	Application Gateway Web Application Firewall v2 configuration is retiring				[]	missing	missing	missing	metadata_not_found,resource_inventory_not_found,subscription_inventory_not_found	"{""acquisition"":""advisor.recommendations"",""api_version"":""2025-01-01"",""fields"":{""description"":"""",""resource_id"":""properties.resourceMetadata.resourceId""},""lookup_keys"":{""metadata"":""13d4b9e9-e144-4fa6-8d03-38b1c9f2b4a3\u0000/subscriptions/813119d7-0943-46ed-8ebe-cebe24f9106c/resourcegroups/selc-p-vnet-rg/providers/microsoft.network/applicationgateways/selc-p-app-gw"",""resource"":""/subscriptions/813119d7-0943-46ed-8ebe-cebe24f9106c/resourcegroups/selc-p-vnet-rg/providers/microsoft.network/applicationgateways/selc-p-app-gw"",""subscription"":""813119d7-0943-46ed-8ebe-cebe24f9106c""},""match_status"":{""metadata"":""missing"",""resource"":""missing"",""subscription"":""missing""},""recommendation_id"":""/subscriptions/813119d7-0943-46ed-8ebe-cebe24f9106c/resourcegroups/selc-p-vnet-rg/providers/microsoft.network/applicationgateways/selc-p-app-gw/providers/Microsoft.Advisor/recommendations/cd3ee30c1df9871f15e81a39d60b39161a21886e3ead7b094eb928fc774588b7"",""resource_linkage"":""resource_id""}"	db059fc5634d03272b3d69ac080ee8810c2d72bc32ad5a27c4910d875599a36d
1	72a34e2b-f26c-4bd9-b778-6118966cf94b	2026-07-31	resolved	advisor_retirement_recommendation	azure_advisor	/subscriptions/813119d7-0943-46ed-8ebe-cebe24f9106c/resourcegroups/selc-p-vnet-rg/providers/microsoft.network/virtualnetworkgateways/selc-p-vpn-gw/providers/Microsoft.Advisor/recommendations/79062c95ad6fc0daeafe0cc3dde2b2963b13ca5aa68fd2913a6a6befede94d2d	4d9ee0c5-6fbd-41d3-864f-b9251c92eebc	New	813119d7-0943-46ed-8ebe-cebe24f9106c		resource_id	/subscriptions/813119d7-0943-46ed-8ebe-cebe24f9106c/resourcegroups/selc-p-vnet-rg/providers/microsoft.network/virtualnetworkgateways/selc-p-vpn-gw	/subscriptions/813119d7-0943-46ed-8ebe-cebe24f9106c/resourcegroups/selc-p-vnet-rg/providers/microsoft.network/virtualnetworkgateways/selc-p-vpn-gw	selc-p-vpn-gw	selc-p-vnet-rg	microsoft.network/virtualnetworkgateways		{}			Non-AZ VPNs	2026-09-30	2026-09-30	properties.extendedProperties.retirementDate	exact	Medium		HighAvailability		2026-04-27T18:00:54.067645Z		VpnGw1-5 (Non-Availability Zones SKUs) is being retired.	VpnGw1-5 (Non-Availability Zones SKUs) is being retired.				[]	missing	missing	missing	metadata_not_found,resource_inventory_not_found,subscription_inventory_not_found	"{""acquisition"":""advisor.recommendations"",""api_version"":""2025-01-01"",""fields"":{""description"":"""",""resource_id"":""properties.resourceMetadata.resourceId""},""lookup_keys"":{""metadata"":""4d9ee0c5-6fbd-41d3-864f-b9251c92eebc\u0000/subscriptions/813119d7-0943-46ed-8ebe-cebe24f9106c/resourcegroups/selc-p-vnet-rg/providers/microsoft.network/virtualnetworkgateways/selc-p-vpn-gw"",""resource"":""/subscriptions/813119d7-0943-46ed-8ebe-cebe24f9106c/resourcegroups/selc-p-vnet-rg/providers/microsoft.network/virtualnetworkgateways/selc-p-vpn-gw"",""subscription"":""813119d7-0943-46ed-8ebe-cebe24f9106c""},""match_status"":{""metadata"":""missing"",""resource"":""missing"",""subscription"":""missing""},""recommendation_id"":""/subscriptions/813119d7-0943-46ed-8ebe-cebe24f9106c/resourcegroups/selc-p-vnet-rg/providers/microsoft.network/virtualnetworkgateways/selc-p-vpn-gw/providers/Microsoft.Advisor/recommendations/79062c95ad6fc0daeafe0cc3dde2b2963b13ca5aa68fd2913a6a6befede94d2d"",""resource_linkage"":""resource_id""}"	8aefc325c1158be2523db4b181a44fb8f3313d4ae5c5e515e31e7ba53fca9765
1	72a34e2b-f26c-4bd9-b778-6118966cf94b	2026-07-31	resolved	advisor_retirement_recommendation	azure_advisor	/subscriptions/813119d7-0943-46ed-8ebe-cebe24f9106c/resourcegroups/selc-p-weu-ar-dapr-redis-rg/providers/microsoft.cache/redis/selc-p-weu-ar-dapr-redis/providers/Microsoft.Advisor/recommendations/88af27aa1b5b738248ba0105afbbf668547681c5c58fbe503c83072090a02df4	f3aded79-f9ff-4ce4-99e3-2ffcf11161a4	New	813119d7-0943-46ed-8ebe-cebe24f9106c		resource_id	/subscriptions/813119d7-0943-46ed-8ebe-cebe24f9106c/resourcegroups/selc-p-weu-ar-dapr-redis-rg/providers/microsoft.cache/redis/selc-p-weu-ar-dapr-redis	/subscriptions/813119d7-0943-46ed-8ebe-cebe24f9106c/resourcegroups/selc-p-weu-ar-dapr-redis-rg/providers/microsoft.cache/redis/selc-p-weu-ar-dapr-redis	selc-p-weu-ar-dapr-redis	selc-p-weu-ar-dapr-redis-rg	microsoft.cache/redis		{}			Redis Cache	2028-09-30	2028-09-30	properties.extendedProperties.retirementDate	exact	Medium		HighAvailability		2026-05-19T05:16:27.867811Z		Migrate to Azure Managed Redis from Azure Cache for Redis	Migrate to Azure Managed Redis from Azure Cache for Redis				[]	missing	missing	missing	metadata_not_found,resource_inventory_not_found,subscription_inventory_not_found	"{""acquisition"":""advisor.recommendations"",""api_version"":""2025-01-01"",""fields"":{""description"":"""",""resource_id"":""properties.resourceMetadata.resourceId""},""lookup_keys"":{""metadata"":""f3aded79-f9ff-4ce4-99e3-2ffcf11161a4\u0000/subscriptions/813119d7-0943-46ed-8ebe-cebe24f9106c/resourcegroups/selc-p-weu-ar-dapr-redis-rg/providers/microsoft.cache/redis/selc-p-weu-ar-dapr-redis"",""resource"":""/subscriptions/813119d7-0943-46ed-8ebe-cebe24f9106c/resourcegroups/selc-p-weu-ar-dapr-redis-rg/providers/microsoft.cache/redis/selc-p-weu-ar-dapr-redis"",""subscription"":""813119d7-0943-46ed-8ebe-cebe24f9106c""},""match_status"":{""metadata"":""missing"",""resource"":""missing"",""subscription"":""missing""},""recommendation_id"":""/subscriptions/813119d7-0943-46ed-8ebe-cebe24f9106c/resourcegroups/selc-p-weu-ar-dapr-redis-rg/providers/microsoft.cache/redis/selc-p-weu-ar-dapr-redis/providers/Microsoft.Advisor/recommendations/88af27aa1b5b738248ba0105afbbf668547681c5c58fbe503c83072090a02df4"",""resource_linkage"":""resource_id""}"	2d31423af7bf3ef2463176a872653e09bcc3f2777cf1e4740990116b4a6fb0d1
1	72a34e2b-f26c-4bd9-b778-6118966cf94b	2026-07-31	resolved	advisor_retirement_recommendation	azure_advisor	/subscriptions/813119d7-0943-46ed-8ebe-cebe24f9106c/resourcegroups/selc-p-weu-pnpg-checkout-fe-rg/providers/microsoft.cdn/profiles/selc-p-weu-pnpg-checkout-cdn-profile/providers/Microsoft.Advisor/recommendations/7dfbed2f176d814b0dc902f450ee7692ffa62852aa0acc2d6470b98a33ad9d4b	52ff3019-62b0-4905-b016-da35fa6bbddc	New	813119d7-0943-46ed-8ebe-cebe24f9106c		resource_id	/subscriptions/813119d7-0943-46ed-8ebe-cebe24f9106c/resourcegroups/selc-p-weu-pnpg-checkout-fe-rg/providers/microsoft.cdn/profiles/selc-p-weu-pnpg-checkout-cdn-profile	/subscriptions/813119d7-0943-46ed-8ebe-cebe24f9106c/resourcegroups/selc-p-weu-pnpg-checkout-fe-rg/providers/microsoft.cdn/profiles/selc-p-weu-pnpg-checkout-cdn-profile	selc-p-weu-pnpg-checkout-cdn-profile	selc-p-weu-pnpg-checkout-fe-rg	microsoft.cdn/profiles		{}			Standard from Microsoft (classic)	2027-09-30	2027-09-30	properties.extendedProperties.retirementDate	exact	Medium		HighAvailability		2026-04-16T08:33:11.607512Z		Azure CDN Standard from Microsoft (classic) is being retired.	Azure CDN Standard from Microsoft (classic) is being retired.				[]	missing	missing	missing	metadata_not_found,resource_inventory_not_found,subscription_inventory_not_found	"{""acquisition"":""advisor.recommendations"",""api_version"":""2025-01-01"",""fields"":{""description"":"""",""resource_id"":""properties.resourceMetadata.resourceId""},""lookup_keys"":{""metadata"":""52ff3019-62b0-4905-b016-da35fa6bbddc\u0000/subscriptions/813119d7-0943-46ed-8ebe-cebe24f9106c/resourcegroups/selc-p-weu-pnpg-checkout-fe-rg/providers/microsoft.cdn/profiles/selc-p-weu-pnpg-checkout-cdn-profile"",""resource"":""/subscriptions/813119d7-0943-46ed-8ebe-cebe24f9106c/resourcegroups/selc-p-weu-pnpg-checkout-fe-rg/providers/microsoft.cdn/profiles/selc-p-weu-pnpg-checkout-cdn-profile"",""subscription"":""813119d7-0943-46ed-8ebe-cebe24f9106c""},""match_status"":{""metadata"":""missing"",""resource"":""missing"",""subscription"":""missing""},""recommendation_id"":""/subscriptions/813119d7-0943-46ed-8ebe-cebe24f9106c/resourcegroups/selc-p-weu-pnpg-checkout-fe-rg/providers/microsoft.cdn/profiles/selc-p-weu-pnpg-checkout-cdn-profile/providers/Microsoft.Advisor/recommendations/7dfbed2f176d814b0dc902f450ee7692ffa62852aa0acc2d6470b98a33ad9d4b"",""resource_linkage"":""resource_id""}"	01168c338302d9e8192173310b2194ff7860eb731b3c673801989ba19f52544f
1	72a34e2b-f26c-4bd9-b778-6118966cf94b	2026-07-31	resolved	advisor_retirement_recommendation	azure_advisor	/subscriptions/82ef7414-5e6b-4383-a344-b981c2ba7267/resourcegroups/ict-d-shared-rg/providers/microsoft.keyvault/vaults/ict-d-kv/providers/Microsoft.Advisor/recommendations/3b454bb06fbd346c793404d3a8110673108f1b0dae5aaf731bf368e3c409db16	7ff06874-39e9-41be-9552-fa1ae2a83c88	New	82ef7414-5e6b-4383-a344-b981c2ba7267		resource_id	/subscriptions/82ef7414-5e6b-4383-a344-b981c2ba7267/resourcegroups/ict-d-shared-rg/providers/microsoft.keyvault/vaults/ict-d-kv	/subscriptions/82ef7414-5e6b-4383-a344-b981c2ba7267/resourcegroups/ict-d-shared-rg/providers/microsoft.keyvault/vaults/ict-d-kv	ict-d-kv	ict-d-shared-rg	microsoft.keyvault/vaults		{}			API versions prior to 2026-02-01	2027-02-27	2027-02-27	properties.extendedProperties.retirementDate	exact	High		HighAvailability		2026-07-29T21:14:38.624901Z		Azure Key Vault API versions prior to 2026-02-01 are being retired	Azure Key Vault API versions prior to 2026-02-01 are being retired				[]	missing	missing	missing	metadata_not_found,resource_inventory_not_found,subscription_inventory_not_found	"{""acquisition"":""advisor.recommendations"",""api_version"":""2025-01-01"",""fields"":{""description"":"""",""resource_id"":""properties.resourceMetadata.resourceId""},""lookup_keys"":{""metadata"":""7ff06874-39e9-41be-9552-fa1ae2a83c88\u0000/subscriptions/82ef7414-5e6b-4383-a344-b981c2ba7267/resourcegroups/ict-d-shared-rg/providers/microsoft.keyvault/vaults/ict-d-kv"",""resource"":""/subscriptions/82ef7414-5e6b-4383-a344-b981c2ba7267/resourcegroups/ict-d-shared-rg/providers/microsoft.keyvault/vaults/ict-d-kv"",""subscription"":""82ef7414-5e6b-4383-a344-b981c2ba7267""},""match_status"":{""metadata"":""missing"",""resource"":""missing"",""subscription"":""missing""},""recommendation_id"":""/subscriptions/82ef7414-5e6b-4383-a344-b981c2ba7267/resourcegroups/ict-d-shared-rg/providers/microsoft.keyvault/vaults/ict-d-kv/providers/Microsoft.Advisor/recommendations/3b454bb06fbd346c793404d3a8110673108f1b0dae5aaf731bf368e3c409db16"",""resource_linkage"":""resource_id""}"	7776e3b6642c9e4b4993d89faa892c31aa8ebc50489501b50d3dcea0b822b875
1	72a34e2b-f26c-4bd9-b778-6118966cf94b	2026-07-31	resolved	advisor_retirement_recommendation	azure_advisor	/subscriptions/82ef7414-5e6b-4383-a344-b981c2ba7267/resourcegroups/itops-d-rg/providers/microsoft.compute/virtualmachines/itops-d-app-vm-01/providers/Microsoft.Advisor/recommendations/0a8e312e082d898345926444c770bd904aea45813904bcb139cf9676b53028cb	13cea0f1-c3f7-4c66-8b3b-9928a0f07cea	New	82ef7414-5e6b-4383-a344-b981c2ba7267		resource_id	/subscriptions/82ef7414-5e6b-4383-a344-b981c2ba7267/resourcegroups/itops-d-rg/providers/microsoft.compute/virtualmachines/itops-d-app-vm-01	/subscriptions/82ef7414-5e6b-4383-a344-b981c2ba7267/resourcegroups/itops-d-rg/providers/microsoft.compute/virtualmachines/itops-d-app-vm-01	itops-d-app-vm-01	itops-d-rg	microsoft.compute/virtualmachines		{}			LSv2, G, GS, F, FS, Fsv2, B, Av2 - Series	2028-11-15	2028-11-15	properties.extendedProperties.retirementDate	exact	High		HighAvailability		2026-04-21T03:48:30.887051Z		Review and migrate virtual machine workloads	Review and migrate virtual machine workloads				[]	missing	missing	missing	metadata_not_found,resource_inventory_not_found,subscription_inventory_not_found	"{""acquisition"":""advisor.recommendations"",""api_version"":""2025-01-01"",""fields"":{""description"":"""",""resource_id"":""properties.resourceMetadata.resourceId""},""lookup_keys"":{""metadata"":""13cea0f1-c3f7-4c66-8b3b-9928a0f07cea\u0000/subscriptions/82ef7414-5e6b-4383-a344-b981c2ba7267/resourcegroups/itops-d-rg/providers/microsoft.compute/virtualmachines/itops-d-app-vm-01"",""resource"":""/subscriptions/82ef7414-5e6b-4383-a344-b981c2ba7267/resourcegroups/itops-d-rg/providers/microsoft.compute/virtualmachines/itops-d-app-vm-01"",""subscription"":""82ef7414-5e6b-4383-a344-b981c2ba7267""},""match_status"":{""metadata"":""missing"",""resource"":""missing"",""subscription"":""missing""},""recommendation_id"":""/subscriptions/82ef7414-5e6b-4383-a344-b981c2ba7267/resourcegroups/itops-d-rg/providers/microsoft.compute/virtualmachines/itops-d-app-vm-01/providers/Microsoft.Advisor/recommendations/0a8e312e082d898345926444c770bd904aea45813904bcb139cf9676b53028cb"",""resource_linkage"":""resource_id""}"	59a7b930e175699f80f3f53fa374d5e752db36c824f2ce67628bd57287c9ac00
1	72a34e2b-f26c-4bd9-b778-6118966cf94b	2026-07-31	resolved	advisor_retirement_recommendation	azure_advisor	/subscriptions/82ef7414-5e6b-4383-a344-b981c2ba7267/resourcegroups/itops-d-rg/providers/microsoft.compute/virtualmachines/itops-d-app-vm-01/providers/Microsoft.Advisor/recommendations/3bcbef069cdc54c64b80cb45e7d7f2673bcbdc4b0e96df4ca5e3e6d43b7103bf	2b5cf6e5-2792-49b2-9ec0-0e901be6488b	New	82ef7414-5e6b-4383-a344-b981c2ba7267		resource_id	/subscriptions/82ef7414-5e6b-4383-a344-b981c2ba7267/resourcegroups/itops-d-rg/providers/microsoft.compute/virtualmachines/itops-d-app-vm-01	/subscriptions/82ef7414-5e6b-4383-a344-b981c2ba7267/resourcegroups/itops-d-rg/providers/microsoft.compute/virtualmachines/itops-d-app-vm-01	itops-d-app-vm-01	itops-d-rg	microsoft.compute/virtualmachines		{}							missing	Low		HighAvailability		2026-05-22T08:16:12.510899Z		Convert Standard to Premium disk for higher uptime	Convert Standard to Premium disk for higher uptime				[]	missing	missing	missing	metadata_not_found,missing_retirement_date,resource_inventory_not_found,subscription_inventory_not_found	"{""acquisition"":""advisor.recommendations"",""api_version"":""2025-01-01"",""fields"":{""description"":"""",""resource_id"":""properties.resourceMetadata.resourceId""},""lookup_keys"":{""metadata"":""2b5cf6e5-2792-49b2-9ec0-0e901be6488b\u0000/subscriptions/82ef7414-5e6b-4383-a344-b981c2ba7267/resourcegroups/itops-d-rg/providers/microsoft.compute/virtualmachines/itops-d-app-vm-01"",""resource"":""/subscriptions/82ef7414-5e6b-4383-a344-b981c2ba7267/resourcegroups/itops-d-rg/providers/microsoft.compute/virtualmachines/itops-d-app-vm-01"",""subscription"":""82ef7414-5e6b-4383-a344-b981c2ba7267""},""match_status"":{""metadata"":""missing"",""resource"":""missing"",""subscription"":""missing""},""recommendation_id"":""/subscriptions/82ef7414-5e6b-4383-a344-b981c2ba7267/resourcegroups/itops-d-rg/providers/microsoft.compute/virtualmachines/itops-d-app-vm-01/providers/Microsoft.Advisor/recommendations/3bcbef069cdc54c64b80cb45e7d7f2673bcbdc4b0e96df4ca5e3e6d43b7103bf"",""resource_linkage"":""resource_id""}"	5a0d55cc22ee253e441ea5b93d3168bf16d34d4fb29a7ac4c410e558b1a1fec9
1	72a34e2b-f26c-4bd9-b778-6118966cf94b	2026-07-31	resolved	advisor_retirement_recommendation	azure_advisor	/subscriptions/82ef7414-5e6b-4383-a344-b981c2ba7267/resourcegroups/itops-d-rg/providers/microsoft.compute/virtualmachines/itops-d-app-vm-01/providers/Microsoft.Advisor/recommendations/81755feea9928245d63a00bc2fdc50589866d812ee5990a4222de9dd71d2cbc1	5f2613df-629f-4b07-9425-2a47ea0dfad3	New	82ef7414-5e6b-4383-a344-b981c2ba7267		resource_id	/subscriptions/82ef7414-5e6b-4383-a344-b981c2ba7267/resourcegroups/itops-d-rg/providers/microsoft.compute/virtualmachines/itops-d-app-vm-01	/subscriptions/82ef7414-5e6b-4383-a344-b981c2ba7267/resourcegroups/itops-d-rg/providers/microsoft.compute/virtualmachines/itops-d-app-vm-01	itops-d-app-vm-01	itops-d-rg	microsoft.compute/virtualmachines		{}							missing	Medium		HighAvailability		2026-07-29T16:35:35.769952Z		Migrate workload to Virtual Machine Scale Sets Flex	Migrate workload to Virtual Machine Scale Sets Flex				[]	missing	missing	missing	metadata_not_found,missing_retirement_date,resource_inventory_not_found,subscription_inventory_not_found	"{""acquisition"":""advisor.recommendations"",""api_version"":""2025-01-01"",""fields"":{""description"":"""",""resource_id"":""properties.resourceMetadata.resourceId""},""lookup_keys"":{""metadata"":""5f2613df-629f-4b07-9425-2a47ea0dfad3\u0000/subscriptions/82ef7414-5e6b-4383-a344-b981c2ba7267/resourcegroups/itops-d-rg/providers/microsoft.compute/virtualmachines/itops-d-app-vm-01"",""resource"":""/subscriptions/82ef7414-5e6b-4383-a344-b981c2ba7267/resourcegroups/itops-d-rg/providers/microsoft.compute/virtualmachines/itops-d-app-vm-01"",""subscription"":""82ef7414-5e6b-4383-a344-b981c2ba7267""},""match_status"":{""metadata"":""missing"",""resource"":""missing"",""subscription"":""missing""},""recommendation_id"":""/subscriptions/82ef7414-5e6b-4383-a344-b981c2ba7267/resourcegroups/itops-d-rg/providers/microsoft.compute/virtualmachines/itops-d-app-vm-01/providers/Microsoft.Advisor/recommendations/81755feea9928245d63a00bc2fdc50589866d812ee5990a4222de9dd71d2cbc1"",""resource_linkage"":""resource_id""}"	d3a1aae8b06e38bdbfcd39c4e8f9b5161b5ae7f5f79c5a9f0957f166465c7737
1	72a34e2b-f26c-4bd9-b778-6118966cf94b	2026-07-31	resolved	advisor_retirement_recommendation	azure_advisor	/subscriptions/82ef7414-5e6b-4383-a344-b981c2ba7267/resourcegroups/itops-d-rg/providers/microsoft.compute/virtualmachines/itops-d-app-vm-01/providers/Microsoft.Advisor/recommendations/cbdf928e0c020d561c161db69ddf23cfb327f46c7801d3427b5457464152681d	7f71b153-c0b7-4e99-a23e-db8179183ec9	New	82ef7414-5e6b-4383-a344-b981c2ba7267		resource_id	/subscriptions/82ef7414-5e6b-4383-a344-b981c2ba7267/resourcegroups/itops-d-rg/providers/microsoft.compute/virtualmachines/itops-d-app-vm-01	/subscriptions/82ef7414-5e6b-4383-a344-b981c2ba7267/resourcegroups/itops-d-rg/providers/microsoft.compute/virtualmachines/itops-d-app-vm-01	itops-d-app-vm-01	itops-d-rg	microsoft.compute/virtualmachines		{}							missing	High		HighAvailability		2026-07-04T20:54:53.715262Z		Migrate workload to D-series or better virtual machine	Migrate workload to D-series or better virtual machine				[]	missing	missing	missing	metadata_not_found,missing_retirement_date,resource_inventory_not_found,subscription_inventory_not_found	"{""acquisition"":""advisor.recommendations"",""api_version"":""2025-01-01"",""fields"":{""description"":"""",""resource_id"":""properties.resourceMetadata.resourceId""},""lookup_keys"":{""metadata"":""7f71b153-c0b7-4e99-a23e-db8179183ec9\u0000/subscriptions/82ef7414-5e6b-4383-a344-b981c2ba7267/resourcegroups/itops-d-rg/providers/microsoft.compute/virtualmachines/itops-d-app-vm-01"",""resource"":""/subscriptions/82ef7414-5e6b-4383-a344-b981c2ba7267/resourcegroups/itops-d-rg/providers/microsoft.compute/virtualmachines/itops-d-app-vm-01"",""subscription"":""82ef7414-5e6b-4383-a344-b981c2ba7267""},""match_status"":{""metadata"":""missing"",""resource"":""missing"",""subscription"":""missing""},""recommendation_id"":""/subscriptions/82ef7414-5e6b-4383-a344-b981c2ba7267/resourcegroups/itops-d-rg/providers/microsoft.compute/virtualmachines/itops-d-app-vm-01/providers/Microsoft.Advisor/recommendations/cbdf928e0c020d561c161db69ddf23cfb327f46c7801d3427b5457464152681d"",""resource_linkage"":""resource_id""}"	f00d4c6f1698369b54b888db70325e24da346eda6aef0eebc61278ba711cd9e3
1	72a34e2b-f26c-4bd9-b778-6118966cf94b	2026-07-31	resolved	advisor_retirement_recommendation	azure_advisor	/subscriptions/88c709b0-11cf-4450-856e-f9bf54051c1d/resourcegroups/cstar-p-container-registry-rg/providers/microsoft.containerregistry/registries/cstarpcommonacr/providers/Microsoft.Advisor/recommendations/61fe55333e08b7556ccc532cc296525f79a76fe81e24444620e09bc2d337aef4	1ce751c6-35b8-4468-ac4b-d3052a1ae511	New	88c709b0-11cf-4450-856e-f9bf54051c1d		resource_id	/subscriptions/88c709b0-11cf-4450-856e-f9bf54051c1d/resourcegroups/cstar-p-container-registry-rg/providers/microsoft.containerregistry/registries/cstarpcommonacr	/subscriptions/88c709b0-11cf-4450-856e-f9bf54051c1d/resourcegroups/cstar-p-container-registry-rg/providers/microsoft.containerregistry/registries/cstarpcommonacr	cstarpcommonacr	cstar-p-container-registry-rg	microsoft.containerregistry/registries		{}			Support for Docker Content Trust	2028-03-31	2028-03-31	properties.extendedProperties.retirementDate	exact	Medium		HighAvailability		2026-04-16T08:42:31.765046Z		Docker Content Trust (DCT) is retiring and no longer available in Container Registry	Docker Content Trust (DCT) is retiring and no longer available in Container Registry				[]	missing	missing	missing	metadata_not_found,resource_inventory_not_found,subscription_inventory_not_found	"{""acquisition"":""advisor.recommendations"",""api_version"":""2025-01-01"",""fields"":{""description"":"""",""resource_id"":""properties.resourceMetadata.resourceId""},""lookup_keys"":{""metadata"":""1ce751c6-35b8-4468-ac4b-d3052a1ae511\u0000/subscriptions/88c709b0-11cf-4450-856e-f9bf54051c1d/resourcegroups/cstar-p-container-registry-rg/providers/microsoft.containerregistry/registries/cstarpcommonacr"",""resource"":""/subscriptions/88c709b0-11cf-4450-856e-f9bf54051c1d/resourcegroups/cstar-p-container-registry-rg/providers/microsoft.containerregistry/registries/cstarpcommonacr"",""subscription"":""88c709b0-11cf-4450-856e-f9bf54051c1d""},""match_status"":{""metadata"":""missing"",""resource"":""missing"",""subscription"":""missing""},""recommendation_id"":""/subscriptions/88c709b0-11cf-4450-856e-f9bf54051c1d/resourcegroups/cstar-p-container-registry-rg/providers/microsoft.containerregistry/registries/cstarpcommonacr/providers/Microsoft.Advisor/recommendations/61fe55333e08b7556ccc532cc296525f79a76fe81e24444620e09bc2d337aef4"",""resource_linkage"":""resource_id""}"	9a7891d9f1d5a56873847ee53581366ffdbb24fbdfea3e5eec90154b503561cc
1	72a34e2b-f26c-4bd9-b778-6118966cf94b	2026-07-31	resolved	advisor_retirement_recommendation	azure_advisor	/subscriptions/88c709b0-11cf-4450-856e-f9bf54051c1d/resourcegroups/cstar-p-itn-core-aks-rg/providers/microsoft.containerservice/managedclusters/cstar-p-itn-prod-aks/providers/Microsoft.Advisor/recommendations/5145fb2ca4c9e03131c664316b1a4d0a39f560ad17dba11c23007ff1ea131df5	00dbcc9d-50d4-44ef-bc21-c15785cddf42	New	88c709b0-11cf-4450-856e-f9bf54051c1d		resource_id	/subscriptions/88c709b0-11cf-4450-856e-f9bf54051c1d/resourcegroups/cstar-p-itn-core-aks-rg/providers/microsoft.containerservice/managedclusters/cstar-p-itn-prod-aks	/subscriptions/88c709b0-11cf-4450-856e-f9bf54051c1d/resourcegroups/cstar-p-itn-core-aks-rg/providers/microsoft.containerservice/managedclusters/cstar-p-itn-prod-aks	cstar-p-itn-prod-aks	cstar-p-itn-core-aks-rg	microsoft.containerservice/managedclusters		{}			Azure Kubernetes Service support for Ubuntu 22.04	2027-06-30	2027-06-30	properties.extendedProperties.retirementDate	exact	Medium		HighAvailability		2026-05-07T15:05:08.299624Z		Migrate to Ubuntu 24.04 or later versions	Migrate to Ubuntu 24.04 or later versions				[]	missing	missing	missing	metadata_not_found,resource_inventory_not_found,subscription_inventory_not_found	"{""acquisition"":""advisor.recommendations"",""api_version"":""2025-01-01"",""fields"":{""description"":"""",""resource_id"":""properties.resourceMetadata.resourceId""},""lookup_keys"":{""metadata"":""00dbcc9d-50d4-44ef-bc21-c15785cddf42\u0000/subscriptions/88c709b0-11cf-4450-856e-f9bf54051c1d/resourcegroups/cstar-p-itn-core-aks-rg/providers/microsoft.containerservice/managedclusters/cstar-p-itn-prod-aks"",""resource"":""/subscriptions/88c709b0-11cf-4450-856e-f9bf54051c1d/resourcegroups/cstar-p-itn-core-aks-rg/providers/microsoft.containerservice/managedclusters/cstar-p-itn-prod-aks"",""subscription"":""88c709b0-11cf-4450-856e-f9bf54051c1d""},""match_status"":{""metadata"":""missing"",""resource"":""missing"",""subscription"":""missing""},""recommendation_id"":""/subscriptions/88c709b0-11cf-4450-856e-f9bf54051c1d/resourcegroups/cstar-p-itn-core-aks-rg/providers/microsoft.containerservice/managedclusters/cstar-p-itn-prod-aks/providers/Microsoft.Advisor/recommendations/5145fb2ca4c9e03131c664316b1a4d0a39f560ad17dba11c23007ff1ea131df5"",""resource_linkage"":""resource_id""}"	00194cedd1609dc2c0bbef3973ab39cd33855950be621b1f725075a0b59c252c
1	72a34e2b-f26c-4bd9-b778-6118966cf94b	2026-07-31	resolved	advisor_retirement_recommendation	azure_advisor	/subscriptions/88c709b0-11cf-4450-856e-f9bf54051c1d/resourcegroups/cstar-p-itn-core-aks-rg/providers/microsoft.containerservice/managedclusters/cstar-p-itn-prod-aks/providers/Microsoft.Advisor/recommendations/711df1e9493267eebbd20e2961a8990eb520e44a9015ef4dd454d423dbddca63	b005ecf0-23e2-4279-9ca2-718d1518c9fb	New	88c709b0-11cf-4450-856e-f9bf54051c1d		resource_id	/subscriptions/88c709b0-11cf-4450-856e-f9bf54051c1d/resourcegroups/cstar-p-itn-core-aks-rg/providers/microsoft.containerservice/managedclusters/cstar-p-itn-prod-aks	/subscriptions/88c709b0-11cf-4450-856e-f9bf54051c1d/resourcegroups/cstar-p-itn-core-aks-rg/providers/microsoft.containerservice/managedclusters/cstar-p-itn-prod-aks	cstar-p-itn-prod-aks	cstar-p-itn-core-aks-rg	microsoft.containerservice/managedclusters		{}			Legacy authentication for Container Insights - Azure Monitor	2026-09-30	2026-09-30	properties.extendedProperties.retirementDate	exact	Medium		HighAvailability		2026-04-16T16:00:26.711334Z		Migrate to Container insights managed identity authentication	Migrate to Container insights managed identity authentication				[]	missing	missing	missing	metadata_not_found,resource_inventory_not_found,subscription_inventory_not_found	"{""acquisition"":""advisor.recommendations"",""api_version"":""2025-01-01"",""fields"":{""description"":"""",""resource_id"":""properties.resourceMetadata.resourceId""},""lookup_keys"":{""metadata"":""b005ecf0-23e2-4279-9ca2-718d1518c9fb\u0000/subscriptions/88c709b0-11cf-4450-856e-f9bf54051c1d/resourcegroups/cstar-p-itn-core-aks-rg/providers/microsoft.containerservice/managedclusters/cstar-p-itn-prod-aks"",""resource"":""/subscriptions/88c709b0-11cf-4450-856e-f9bf54051c1d/resourcegroups/cstar-p-itn-core-aks-rg/providers/microsoft.containerservice/managedclusters/cstar-p-itn-prod-aks"",""subscription"":""88c709b0-11cf-4450-856e-f9bf54051c1d""},""match_status"":{""metadata"":""missing"",""resource"":""missing"",""subscription"":""missing""},""recommendation_id"":""/subscriptions/88c709b0-11cf-4450-856e-f9bf54051c1d/resourcegroups/cstar-p-itn-core-aks-rg/providers/microsoft.containerservice/managedclusters/cstar-p-itn-prod-aks/providers/Microsoft.Advisor/recommendations/711df1e9493267eebbd20e2961a8990eb520e44a9015ef4dd454d423dbddca63"",""resource_linkage"":""resource_id""}"	2a524b8703ab8f0e8426a1d5c13187c19d86ce611cd057cad44c2e7ec5e98035
1	72a34e2b-f26c-4bd9-b778-6118966cf94b	2026-07-31	resolved	advisor_retirement_recommendation	azure_advisor	/subscriptions/88c709b0-11cf-4450-856e-f9bf54051c1d/resourcegroups/cstar-p-itn-core-sec-rg/providers/microsoft.keyvault/vaults/cstar-p-itn-cicd-kv/providers/Microsoft.Advisor/recommendations/4de0580175260e75d75439207431a6ad7831872481c4ef3cd603eb906247afdf	7ff06874-39e9-41be-9552-fa1ae2a83c88	New	88c709b0-11cf-4450-856e-f9bf54051c1d		resource_id	/subscriptions/88c709b0-11cf-4450-856e-f9bf54051c1d/resourcegroups/cstar-p-itn-core-sec-rg/providers/microsoft.keyvault/vaults/cstar-p-itn-cicd-kv	/subscriptions/88c709b0-11cf-4450-856e-f9bf54051c1d/resourcegroups/cstar-p-itn-core-sec-rg/providers/microsoft.keyvault/vaults/cstar-p-itn-cicd-kv	cstar-p-itn-cicd-kv	cstar-p-itn-core-sec-rg	microsoft.keyvault/vaults		{}			API versions prior to 2026-02-01	2027-02-27	2027-02-27	properties.extendedProperties.retirementDate	exact	High		HighAvailability		2026-07-30T20:08:48.919549Z		Azure Key Vault API versions prior to 2026-02-01 are being retired	Azure Key Vault API versions prior to 2026-02-01 are being retired				[]	missing	missing	missing	metadata_not_found,resource_inventory_not_found,subscription_inventory_not_found	"{""acquisition"":""advisor.recommendations"",""api_version"":""2025-01-01"",""fields"":{""description"":"""",""resource_id"":""properties.resourceMetadata.resourceId""},""lookup_keys"":{""metadata"":""7ff06874-39e9-41be-9552-fa1ae2a83c88\u0000/subscriptions/88c709b0-11cf-4450-856e-f9bf54051c1d/resourcegroups/cstar-p-itn-core-sec-rg/providers/microsoft.keyvault/vaults/cstar-p-itn-cicd-kv"",""resource"":""/subscriptions/88c709b0-11cf-4450-856e-f9bf54051c1d/resourcegroups/cstar-p-itn-core-sec-rg/providers/microsoft.keyvault/vaults/cstar-p-itn-cicd-kv"",""subscription"":""88c709b0-11cf-4450-856e-f9bf54051c1d""},""match_status"":{""metadata"":""missing"",""resource"":""missing"",""subscription"":""missing""},""recommendation_id"":""/subscriptions/88c709b0-11cf-4450-856e-f9bf54051c1d/resourcegroups/cstar-p-itn-core-sec-rg/providers/microsoft.keyvault/vaults/cstar-p-itn-cicd-kv/providers/Microsoft.Advisor/recommendations/4de0580175260e75d75439207431a6ad7831872481c4ef3cd603eb906247afdf"",""resource_linkage"":""resource_id""}"	6f8e126326d2403dc7ffc7db66d60008fc0c5d477f4ddc948d4167f055de9abc
1	72a34e2b-f26c-4bd9-b778-6118966cf94b	2026-07-31	resolved	advisor_retirement_recommendation	azure_advisor	/subscriptions/88c709b0-11cf-4450-856e-f9bf54051c1d/resourcegroups/cstar-p-itn-core-sec-rg/providers/microsoft.keyvault/vaults/cstar-p-itn-core-kv/providers/Microsoft.Advisor/recommendations/839c95b587bed9380e2633c7d3042bec62bb9164f4fd9de0a6df1dea81f100c0	7ff06874-39e9-41be-9552-fa1ae2a83c88	New	88c709b0-11cf-4450-856e-f9bf54051c1d		resource_id	/subscriptions/88c709b0-11cf-4450-856e-f9bf54051c1d/resourcegroups/cstar-p-itn-core-sec-rg/providers/microsoft.keyvault/vaults/cstar-p-itn-core-kv	/subscriptions/88c709b0-11cf-4450-856e-f9bf54051c1d/resourcegroups/cstar-p-itn-core-sec-rg/providers/microsoft.keyvault/vaults/cstar-p-itn-core-kv	cstar-p-itn-core-kv	cstar-p-itn-core-sec-rg	microsoft.keyvault/vaults		{}			API versions prior to 2026-02-01	2027-02-27	2027-02-27	properties.extendedProperties.retirementDate	exact	High		HighAvailability		2026-07-30T20:09:33.015749Z		Azure Key Vault API versions prior to 2026-02-01 are being retired	Azure Key Vault API versions prior to 2026-02-01 are being retired				[]	missing	missing	missing	metadata_not_found,resource_inventory_not_found,subscription_inventory_not_found	"{""acquisition"":""advisor.recommendations"",""api_version"":""2025-01-01"",""fields"":{""description"":"""",""resource_id"":""properties.resourceMetadata.resourceId""},""lookup_keys"":{""metadata"":""7ff06874-39e9-41be-9552-fa1ae2a83c88\u0000/subscriptions/88c709b0-11cf-4450-856e-f9bf54051c1d/resourcegroups/cstar-p-itn-core-sec-rg/providers/microsoft.keyvault/vaults/cstar-p-itn-core-kv"",""resource"":""/subscriptions/88c709b0-11cf-4450-856e-f9bf54051c1d/resourcegroups/cstar-p-itn-core-sec-rg/providers/microsoft.keyvault/vaults/cstar-p-itn-core-kv"",""subscription"":""88c709b0-11cf-4450-856e-f9bf54051c1d""},""match_status"":{""metadata"":""missing"",""resource"":""missing"",""subscription"":""missing""},""recommendation_id"":""/subscriptions/88c709b0-11cf-4450-856e-f9bf54051c1d/resourcegroups/cstar-p-itn-core-sec-rg/providers/microsoft.keyvault/vaults/cstar-p-itn-core-kv/providers/Microsoft.Advisor/recommendations/839c95b587bed9380e2633c7d3042bec62bb9164f4fd9de0a6df1dea81f100c0"",""resource_linkage"":""resource_id""}"	271fe6b3295f38c8141419ee4b55b0525a9c06c4d10da013df89471008cd73d4
1	72a34e2b-f26c-4bd9-b778-6118966cf94b	2026-07-31	resolved	advisor_retirement_recommendation	azure_advisor	/subscriptions/88c709b0-11cf-4450-856e-f9bf54051c1d/resourcegroups/cstar-p-itn-idpay-security-rg/providers/microsoft.keyvault/vaults/cstar-p-itn-idpay-kv/providers/Microsoft.Advisor/recommendations/16b03272669540d59a7a12ed21e1f5be911b1aa0714f6811e01620bbfd0fd581	7ff06874-39e9-41be-9552-fa1ae2a83c88	New	88c709b0-11cf-4450-856e-f9bf54051c1d		resource_id	/subscriptions/88c709b0-11cf-4450-856e-f9bf54051c1d/resourcegroups/cstar-p-itn-idpay-security-rg/providers/microsoft.keyvault/vaults/cstar-p-itn-idpay-kv	/subscriptions/88c709b0-11cf-4450-856e-f9bf54051c1d/resourcegroups/cstar-p-itn-idpay-security-rg/providers/microsoft.keyvault/vaults/cstar-p-itn-idpay-kv	cstar-p-itn-idpay-kv	cstar-p-itn-idpay-security-rg	microsoft.keyvault/vaults		{}			API versions prior to 2026-02-01	2027-02-27	2027-02-27	properties.extendedProperties.retirementDate	exact	High		HighAvailability		2026-07-29T21:18:46.201586Z		Azure Key Vault API versions prior to 2026-02-01 are being retired	Azure Key Vault API versions prior to 2026-02-01 are being retired				[]	missing	missing	missing	metadata_not_found,resource_inventory_not_found,subscription_inventory_not_found	"{""acquisition"":""advisor.recommendations"",""api_version"":""2025-01-01"",""fields"":{""description"":"""",""resource_id"":""properties.resourceMetadata.resourceId""},""lookup_keys"":{""metadata"":""7ff06874-39e9-41be-9552-fa1ae2a83c88\u0000/subscriptions/88c709b0-11cf-4450-856e-f9bf54051c1d/resourcegroups/cstar-p-itn-idpay-security-rg/providers/microsoft.keyvault/vaults/cstar-p-itn-idpay-kv"",""resource"":""/subscriptions/88c709b0-11cf-4450-856e-f9bf54051c1d/resourcegroups/cstar-p-itn-idpay-security-rg/providers/microsoft.keyvault/vaults/cstar-p-itn-idpay-kv"",""subscription"":""88c709b0-11cf-4450-856e-f9bf54051c1d""},""match_status"":{""metadata"":""missing"",""resource"":""missing"",""subscription"":""missing""},""recommendation_id"":""/subscriptions/88c709b0-11cf-4450-856e-f9bf54051c1d/resourcegroups/cstar-p-itn-idpay-security-rg/providers/microsoft.keyvault/vaults/cstar-p-itn-idpay-kv/providers/Microsoft.Advisor/recommendations/16b03272669540d59a7a12ed21e1f5be911b1aa0714f6811e01620bbfd0fd581"",""resource_linkage"":""resource_id""}"	60865adcf4fc8f2cdc153b43fa1d0970be679be992031726efab3378745d5497
1	72a34e2b-f26c-4bd9-b778-6118966cf94b	2026-07-31	resolved	advisor_retirement_recommendation	azure_advisor	/subscriptions/88c709b0-11cf-4450-856e-f9bf54051c1d/resourcegroups/cstar-p-itn-mdc-data-rg/providers/microsoft.cache/redis/cstar-p-itn-mdc-redis/providers/Microsoft.Advisor/recommendations/ee6924d99b43c623e30e6e5d3ae082b9c5d1fc5e16ab68b3f4d659e78908d8e1	f3aded79-f9ff-4ce4-99e3-2ffcf11161a4	New	88c709b0-11cf-4450-856e-f9bf54051c1d		resource_id	/subscriptions/88c709b0-11cf-4450-856e-f9bf54051c1d/resourcegroups/cstar-p-itn-mdc-data-rg/providers/microsoft.cache/redis/cstar-p-itn-mdc-redis	/subscriptions/88c709b0-11cf-4450-856e-f9bf54051c1d/resourcegroups/cstar-p-itn-mdc-data-rg/providers/microsoft.cache/redis/cstar-p-itn-mdc-redis	cstar-p-itn-mdc-redis	cstar-p-itn-mdc-data-rg	microsoft.cache/redis		{}			Redis Cache	2028-09-30	2028-09-30	properties.extendedProperties.retirementDate	exact	Medium		HighAvailability		2026-04-30T06:12:54.087069Z		Migrate to Azure Managed Redis from Azure Cache for Redis	Migrate to Azure Managed Redis from Azure Cache for Redis				[]	missing	missing	missing	metadata_not_found,resource_inventory_not_found,subscription_inventory_not_found	"{""acquisition"":""advisor.recommendations"",""api_version"":""2025-01-01"",""fields"":{""description"":"""",""resource_id"":""properties.resourceMetadata.resourceId""},""lookup_keys"":{""metadata"":""f3aded79-f9ff-4ce4-99e3-2ffcf11161a4\u0000/subscriptions/88c709b0-11cf-4450-856e-f9bf54051c1d/resourcegroups/cstar-p-itn-mdc-data-rg/providers/microsoft.cache/redis/cstar-p-itn-mdc-redis"",""resource"":""/subscriptions/88c709b0-11cf-4450-856e-f9bf54051c1d/resourcegroups/cstar-p-itn-mdc-data-rg/providers/microsoft.cache/redis/cstar-p-itn-mdc-redis"",""subscription"":""88c709b0-11cf-4450-856e-f9bf54051c1d""},""match_status"":{""metadata"":""missing"",""resource"":""missing"",""subscription"":""missing""},""recommendation_id"":""/subscriptions/88c709b0-11cf-4450-856e-f9bf54051c1d/resourcegroups/cstar-p-itn-mdc-data-rg/providers/microsoft.cache/redis/cstar-p-itn-mdc-redis/providers/Microsoft.Advisor/recommendations/ee6924d99b43c623e30e6e5d3ae082b9c5d1fc5e16ab68b3f4d659e78908d8e1"",""resource_linkage"":""resource_id""}"	0863b80d28433391cc0bc1f3e058761bfe155abccedce3d5c12f7dc4d27efe25
1	72a34e2b-f26c-4bd9-b778-6118966cf94b	2026-07-31	resolved	advisor_retirement_recommendation	azure_advisor	/subscriptions/88c709b0-11cf-4450-856e-f9bf54051c1d/resourcegroups/cstar-p-itn-mdc-security-rg/providers/microsoft.keyvault/vaults/cstar-p-itn-mdc-kv/providers/Microsoft.Advisor/recommendations/6b0b8ad04d2e2aa1f7c926433e63f5c759390dd4fd6d713e707f8bf2eb7c001e	7ff06874-39e9-41be-9552-fa1ae2a83c88	New	88c709b0-11cf-4450-856e-f9bf54051c1d		resource_id	/subscriptions/88c709b0-11cf-4450-856e-f9bf54051c1d/resourcegroups/cstar-p-itn-mdc-security-rg/providers/microsoft.keyvault/vaults/cstar-p-itn-mdc-kv	/subscriptions/88c709b0-11cf-4450-856e-f9bf54051c1d/resourcegroups/cstar-p-itn-mdc-security-rg/providers/microsoft.keyvault/vaults/cstar-p-itn-mdc-kv	cstar-p-itn-mdc-kv	cstar-p-itn-mdc-security-rg	microsoft.keyvault/vaults		{}			API versions prior to 2026-02-01	2027-02-27	2027-02-27	properties.extendedProperties.retirementDate	exact	High		HighAvailability		2026-07-28T21:56:47.694707Z		Azure Key Vault API versions prior to 2026-02-01 are being retired	Azure Key Vault API versions prior to 2026-02-01 are being retired				[]	missing	missing	missing	metadata_not_found,resource_inventory_not_found,subscription_inventory_not_found	"{""acquisition"":""advisor.recommendations"",""api_version"":""2025-01-01"",""fields"":{""description"":"""",""resource_id"":""properties.resourceMetadata.resourceId""},""lookup_keys"":{""metadata"":""7ff06874-39e9-41be-9552-fa1ae2a83c88\u0000/subscriptions/88c709b0-11cf-4450-856e-f9bf54051c1d/resourcegroups/cstar-p-itn-mdc-security-rg/providers/microsoft.keyvault/vaults/cstar-p-itn-mdc-kv"",""resource"":""/subscriptions/88c709b0-11cf-4450-856e-f9bf54051c1d/resourcegroups/cstar-p-itn-mdc-security-rg/providers/microsoft.keyvault/vaults/cstar-p-itn-mdc-kv"",""subscription"":""88c709b0-11cf-4450-856e-f9bf54051c1d""},""match_status"":{""metadata"":""missing"",""resource"":""missing"",""subscription"":""missing""},""recommendation_id"":""/subscriptions/88c709b0-11cf-4450-856e-f9bf54051c1d/resourcegroups/cstar-p-itn-mdc-security-rg/providers/microsoft.keyvault/vaults/cstar-p-itn-mdc-kv/providers/Microsoft.Advisor/recommendations/6b0b8ad04d2e2aa1f7c926433e63f5c759390dd4fd6d713e707f8bf2eb7c001e"",""resource_linkage"":""resource_id""}"	6c3673eb08f311f4f07737f8fee96e35af058de92e4833f439c5415ef66b2e96
1	72a34e2b-f26c-4bd9-b778-6118966cf94b	2026-07-31	resolved	advisor_retirement_recommendation	azure_advisor	/subscriptions/88c709b0-11cf-4450-856e-f9bf54051c1d/resourcegroups/cstar-p-itn-shared-security-rg/providers/microsoft.keyvault/vaults/cstar-p-itn-shared-kv/providers/Microsoft.Advisor/recommendations/98b468c9233fbd3dcc154a508dbf811bb6c103a54d2c58b36f7539d581898ba4	7ff06874-39e9-41be-9552-fa1ae2a83c88	New	88c709b0-11cf-4450-856e-f9bf54051c1d		resource_id	/subscriptions/88c709b0-11cf-4450-856e-f9bf54051c1d/resourcegroups/cstar-p-itn-shared-security-rg/providers/microsoft.keyvault/vaults/cstar-p-itn-shared-kv	/subscriptions/88c709b0-11cf-4450-856e-f9bf54051c1d/resourcegroups/cstar-p-itn-shared-security-rg/providers/microsoft.keyvault/vaults/cstar-p-itn-shared-kv	cstar-p-itn-shared-kv	cstar-p-itn-shared-security-rg	microsoft.keyvault/vaults		{}			API versions prior to 2026-02-01	2027-02-27	2027-02-27	properties.extendedProperties.retirementDate	exact	High		HighAvailability		2026-07-30T20:08:27.299624Z		Azure Key Vault API versions prior to 2026-02-01 are being retired	Azure Key Vault API versions prior to 2026-02-01 are being retired				[]	missing	missing	missing	metadata_not_found,resource_inventory_not_found,subscription_inventory_not_found	"{""acquisition"":""advisor.recommendations"",""api_version"":""2025-01-01"",""fields"":{""description"":"""",""resource_id"":""properties.resourceMetadata.resourceId""},""lookup_keys"":{""metadata"":""7ff06874-39e9-41be-9552-fa1ae2a83c88\u0000/subscriptions/88c709b0-11cf-4450-856e-f9bf54051c1d/resourcegroups/cstar-p-itn-shared-security-rg/providers/microsoft.keyvault/vaults/cstar-p-itn-shared-kv"",""resource"":""/subscriptions/88c709b0-11cf-4450-856e-f9bf54051c1d/resourcegroups/cstar-p-itn-shared-security-rg/providers/microsoft.keyvault/vaults/cstar-p-itn-shared-kv"",""subscription"":""88c709b0-11cf-4450-856e-f9bf54051c1d""},""match_status"":{""metadata"":""missing"",""resource"":""missing"",""subscription"":""missing""},""recommendation_id"":""/subscriptions/88c709b0-11cf-4450-856e-f9bf54051c1d/resourcegroups/cstar-p-itn-shared-security-rg/providers/microsoft.keyvault/vaults/cstar-p-itn-shared-kv/providers/Microsoft.Advisor/recommendations/98b468c9233fbd3dcc154a508dbf811bb6c103a54d2c58b36f7539d581898ba4"",""resource_linkage"":""resource_id""}"	06cfc3764ccdbfff602770a46285ac367cd34ea8329e43fd977735044f4bd4da
1	72a34e2b-f26c-4bd9-b778-6118966cf94b	2026-07-31	resolved	advisor_retirement_recommendation	azure_advisor	/subscriptions/88c709b0-11cf-4450-856e-f9bf54051c1d/resourcegroups/cstar-p-itn-srtp-security-rg/providers/microsoft.keyvault/vaults/cstar-p-itn-srtp-kv/providers/Microsoft.Advisor/recommendations/476cd42e88916f3b48b08a3e7d51dfa9392b2b58ed13ad49c6706b0acfe236d3	7ff06874-39e9-41be-9552-fa1ae2a83c88	New	88c709b0-11cf-4450-856e-f9bf54051c1d		resource_id	/subscriptions/88c709b0-11cf-4450-856e-f9bf54051c1d/resourcegroups/cstar-p-itn-srtp-security-rg/providers/microsoft.keyvault/vaults/cstar-p-itn-srtp-kv	/subscriptions/88c709b0-11cf-4450-856e-f9bf54051c1d/resourcegroups/cstar-p-itn-srtp-security-rg/providers/microsoft.keyvault/vaults/cstar-p-itn-srtp-kv	cstar-p-itn-srtp-kv	cstar-p-itn-srtp-security-rg	microsoft.keyvault/vaults		{}			API versions prior to 2026-02-01	2027-02-27	2027-02-27	properties.extendedProperties.retirementDate	exact	High		HighAvailability		2026-07-22T12:51:55.285912Z		Azure Key Vault API versions prior to 2026-02-01 are being retired	Azure Key Vault API versions prior to 2026-02-01 are being retired				[]	missing	missing	missing	metadata_not_found,resource_inventory_not_found,subscription_inventory_not_found	"{""acquisition"":""advisor.recommendations"",""api_version"":""2025-01-01"",""fields"":{""description"":"""",""resource_id"":""properties.resourceMetadata.resourceId""},""lookup_keys"":{""metadata"":""7ff06874-39e9-41be-9552-fa1ae2a83c88\u0000/subscriptions/88c709b0-11cf-4450-856e-f9bf54051c1d/resourcegroups/cstar-p-itn-srtp-security-rg/providers/microsoft.keyvault/vaults/cstar-p-itn-srtp-kv"",""resource"":""/subscriptions/88c709b0-11cf-4450-856e-f9bf54051c1d/resourcegroups/cstar-p-itn-srtp-security-rg/providers/microsoft.keyvault/vaults/cstar-p-itn-srtp-kv"",""subscription"":""88c709b0-11cf-4450-856e-f9bf54051c1d""},""match_status"":{""metadata"":""missing"",""resource"":""missing"",""subscription"":""missing""},""recommendation_id"":""/subscriptions/88c709b0-11cf-4450-856e-f9bf54051c1d/resourcegroups/cstar-p-itn-srtp-security-rg/providers/microsoft.keyvault/vaults/cstar-p-itn-srtp-kv/providers/Microsoft.Advisor/recommendations/476cd42e88916f3b48b08a3e7d51dfa9392b2b58ed13ad49c6706b0acfe236d3"",""resource_linkage"":""resource_id""}"	6fc222a4625a28c943f7e58295d08266556acf115f8cfc72b90fa91fab052186
1	72a34e2b-f26c-4bd9-b778-6118966cf94b	2026-07-31	resolved	advisor_retirement_recommendation	azure_advisor	/subscriptions/88c709b0-11cf-4450-856e-f9bf54051c1d/resourcegroups/cstar-p-sec-rg/providers/microsoft.keyvault/vaults/cstar-p-kv/providers/Microsoft.Advisor/recommendations/69472fe0895c69f9ce16c536d64c664435a1714433df11503ef77ab78427a6f4	7ff06874-39e9-41be-9552-fa1ae2a83c88	New	88c709b0-11cf-4450-856e-f9bf54051c1d		resource_id	/subscriptions/88c709b0-11cf-4450-856e-f9bf54051c1d/resourcegroups/cstar-p-sec-rg/providers/microsoft.keyvault/vaults/cstar-p-kv	/subscriptions/88c709b0-11cf-4450-856e-f9bf54051c1d/resourcegroups/cstar-p-sec-rg/providers/microsoft.keyvault/vaults/cstar-p-kv	cstar-p-kv	cstar-p-sec-rg	microsoft.keyvault/vaults		{}			API versions prior to 2026-02-01	2027-02-27	2027-02-27	properties.extendedProperties.retirementDate	exact	High		HighAvailability		2026-07-30T20:07:42.995152Z		Azure Key Vault API versions prior to 2026-02-01 are being retired	Azure Key Vault API versions prior to 2026-02-01 are being retired				[]	missing	missing	missing	metadata_not_found,resource_inventory_not_found,subscription_inventory_not_found	"{""acquisition"":""advisor.recommendations"",""api_version"":""2025-01-01"",""fields"":{""description"":"""",""resource_id"":""properties.resourceMetadata.resourceId""},""lookup_keys"":{""metadata"":""7ff06874-39e9-41be-9552-fa1ae2a83c88\u0000/subscriptions/88c709b0-11cf-4450-856e-f9bf54051c1d/resourcegroups/cstar-p-sec-rg/providers/microsoft.keyvault/vaults/cstar-p-kv"",""resource"":""/subscriptions/88c709b0-11cf-4450-856e-f9bf54051c1d/resourcegroups/cstar-p-sec-rg/providers/microsoft.keyvault/vaults/cstar-p-kv"",""subscription"":""88c709b0-11cf-4450-856e-f9bf54051c1d""},""match_status"":{""metadata"":""missing"",""resource"":""missing"",""subscription"":""missing""},""recommendation_id"":""/subscriptions/88c709b0-11cf-4450-856e-f9bf54051c1d/resourcegroups/cstar-p-sec-rg/providers/microsoft.keyvault/vaults/cstar-p-kv/providers/Microsoft.Advisor/recommendations/69472fe0895c69f9ce16c536d64c664435a1714433df11503ef77ab78427a6f4"",""resource_linkage"":""resource_id""}"	13d3e8ab7d87ce65c96c683e2c451114b65032c26afb5ea475acf91745584d25
1	72a34e2b-f26c-4bd9-b778-6118966cf94b	2026-07-31	resolved	advisor_retirement_recommendation	azure_advisor	/subscriptions/88c709b0-11cf-4450-856e-f9bf54051c1d/resourcegroups/cstar-p-vnet-rg/providers/microsoft.network/applicationgateways/cstar-p-app-gw-maz/providers/Microsoft.Advisor/recommendations/0e0dc6812c4d6ca15fb95dc148865b463b18b9c232dee7d1bcd81650a21270b5	13d4b9e9-e144-4fa6-8d03-38b1c9f2b4a3	New	88c709b0-11cf-4450-856e-f9bf54051c1d		resource_id	/subscriptions/88c709b0-11cf-4450-856e-f9bf54051c1d/resourcegroups/cstar-p-vnet-rg/providers/microsoft.network/applicationgateways/cstar-p-app-gw-maz	/subscriptions/88c709b0-11cf-4450-856e-f9bf54051c1d/resourcegroups/cstar-p-vnet-rg/providers/microsoft.network/applicationgateways/cstar-p-app-gw-maz	cstar-p-app-gw-maz	cstar-p-vnet-rg	microsoft.network/applicationgateways		{}			WAF v2 Config	2027-03-31	2027-03-31	properties.extendedProperties.retirementDate	exact	Medium		HighAvailability		2026-04-16T08:47:05.725605Z		Application Gateway Web Application Firewall v2 configuration is retiring	Application Gateway Web Application Firewall v2 configuration is retiring				[]	missing	missing	missing	metadata_not_found,resource_inventory_not_found,subscription_inventory_not_found	"{""acquisition"":""advisor.recommendations"",""api_version"":""2025-01-01"",""fields"":{""description"":"""",""resource_id"":""properties.resourceMetadata.resourceId""},""lookup_keys"":{""metadata"":""13d4b9e9-e144-4fa6-8d03-38b1c9f2b4a3\u0000/subscriptions/88c709b0-11cf-4450-856e-f9bf54051c1d/resourcegroups/cstar-p-vnet-rg/providers/microsoft.network/applicationgateways/cstar-p-app-gw-maz"",""resource"":""/subscriptions/88c709b0-11cf-4450-856e-f9bf54051c1d/resourcegroups/cstar-p-vnet-rg/providers/microsoft.network/applicationgateways/cstar-p-app-gw-maz"",""subscription"":""88c709b0-11cf-4450-856e-f9bf54051c1d""},""match_status"":{""metadata"":""missing"",""resource"":""missing"",""subscription"":""missing""},""recommendation_id"":""/subscriptions/88c709b0-11cf-4450-856e-f9bf54051c1d/resourcegroups/cstar-p-vnet-rg/providers/microsoft.network/applicationgateways/cstar-p-app-gw-maz/providers/Microsoft.Advisor/recommendations/0e0dc6812c4d6ca15fb95dc148865b463b18b9c232dee7d1bcd81650a21270b5"",""resource_linkage"":""resource_id""}"	1e332e631a32821667a1015b5648236ad03a4ef3099f68c4b2ccb92f7b8d999c
1	72a34e2b-f26c-4bd9-b778-6118966cf94b	2026-07-31	resolved	advisor_retirement_recommendation	azure_advisor	/subscriptions/88c709b0-11cf-4450-856e-f9bf54051c1d/resourcegroups/cstar-p-weu-prod01-aks-rg/providers/microsoft.containerservice/managedclusters/cstar-p-weu-prod01-aks/providers/Microsoft.Advisor/recommendations/8338ab043d1983c794e6b65548f296cb800b306722a3ec40119c9714a66c443b	00dbcc9d-50d4-44ef-bc21-c15785cddf42	New	88c709b0-11cf-4450-856e-f9bf54051c1d		resource_id	/subscriptions/88c709b0-11cf-4450-856e-f9bf54051c1d/resourcegroups/cstar-p-weu-prod01-aks-rg/providers/microsoft.containerservice/managedclusters/cstar-p-weu-prod01-aks	/subscriptions/88c709b0-11cf-4450-856e-f9bf54051c1d/resourcegroups/cstar-p-weu-prod01-aks-rg/providers/microsoft.containerservice/managedclusters/cstar-p-weu-prod01-aks	cstar-p-weu-prod01-aks	cstar-p-weu-prod01-aks-rg	microsoft.containerservice/managedclusters		{}			Azure Kubernetes Service support for Ubuntu 22.04	2027-06-30	2027-06-30	properties.extendedProperties.retirementDate	exact	Medium		HighAvailability		2026-05-07T14:51:41.903629Z		Migrate to Ubuntu 24.04 or later versions	Migrate to Ubuntu 24.04 or later versions				[]	missing	missing	missing	metadata_not_found,resource_inventory_not_found,subscription_inventory_not_found	"{""acquisition"":""advisor.recommendations"",""api_version"":""2025-01-01"",""fields"":{""description"":"""",""resource_id"":""properties.resourceMetadata.resourceId""},""lookup_keys"":{""metadata"":""00dbcc9d-50d4-44ef-bc21-c15785cddf42\u0000/subscriptions/88c709b0-11cf-4450-856e-f9bf54051c1d/resourcegroups/cstar-p-weu-prod01-aks-rg/providers/microsoft.containerservice/managedclusters/cstar-p-weu-prod01-aks"",""resource"":""/subscriptions/88c709b0-11cf-4450-856e-f9bf54051c1d/resourcegroups/cstar-p-weu-prod01-aks-rg/providers/microsoft.containerservice/managedclusters/cstar-p-weu-prod01-aks"",""subscription"":""88c709b0-11cf-4450-856e-f9bf54051c1d""},""match_status"":{""metadata"":""missing"",""resource"":""missing"",""subscription"":""missing""},""recommendation_id"":""/subscriptions/88c709b0-11cf-4450-856e-f9bf54051c1d/resourcegroups/cstar-p-weu-prod01-aks-rg/providers/microsoft.containerservice/managedclusters/cstar-p-weu-prod01-aks/providers/Microsoft.Advisor/recommendations/8338ab043d1983c794e6b65548f296cb800b306722a3ec40119c9714a66c443b"",""resource_linkage"":""resource_id""}"	3c120cf863585a6e1bd58e3a18c18f4996ecb0384f6846dcf32d6ea0bc2fd464
1	72a34e2b-f26c-4bd9-b778-6118966cf94b	2026-07-31	resolved	advisor_retirement_recommendation	azure_advisor	/subscriptions/88c709b0-11cf-4450-856e-f9bf54051c1d/resourcegroups/cstar-p-weu-prod01-aks-rg/providers/microsoft.containerservice/managedclusters/cstar-p-weu-prod01-aks/providers/Microsoft.Advisor/recommendations/b228b79299ad296123e425d363886a7b37cc2aa3bc10990506480d8398acc859	b005ecf0-23e2-4279-9ca2-718d1518c9fb	New	88c709b0-11cf-4450-856e-f9bf54051c1d		resource_id	/subscriptions/88c709b0-11cf-4450-856e-f9bf54051c1d/resourcegroups/cstar-p-weu-prod01-aks-rg/providers/microsoft.containerservice/managedclusters/cstar-p-weu-prod01-aks	/subscriptions/88c709b0-11cf-4450-856e-f9bf54051c1d/resourcegroups/cstar-p-weu-prod01-aks-rg/providers/microsoft.containerservice/managedclusters/cstar-p-weu-prod01-aks	cstar-p-weu-prod01-aks	cstar-p-weu-prod01-aks-rg	microsoft.containerservice/managedclusters		{}			Legacy authentication for Container Insights - Azure Monitor	2026-09-30	2026-09-30	properties.extendedProperties.retirementDate	exact	Medium		HighAvailability		2026-06-19T02:43:55.547889Z		Migrate to Container insights managed identity authentication	Migrate to Container insights managed identity authentication				[]	missing	missing	missing	metadata_not_found,resource_inventory_not_found,subscription_inventory_not_found	"{""acquisition"":""advisor.recommendations"",""api_version"":""2025-01-01"",""fields"":{""description"":"""",""resource_id"":""properties.resourceMetadata.resourceId""},""lookup_keys"":{""metadata"":""b005ecf0-23e2-4279-9ca2-718d1518c9fb\u0000/subscriptions/88c709b0-11cf-4450-856e-f9bf54051c1d/resourcegroups/cstar-p-weu-prod01-aks-rg/providers/microsoft.containerservice/managedclusters/cstar-p-weu-prod01-aks"",""resource"":""/subscriptions/88c709b0-11cf-4450-856e-f9bf54051c1d/resourcegroups/cstar-p-weu-prod01-aks-rg/providers/microsoft.containerservice/managedclusters/cstar-p-weu-prod01-aks"",""subscription"":""88c709b0-11cf-4450-856e-f9bf54051c1d""},""match_status"":{""metadata"":""missing"",""resource"":""missing"",""subscription"":""missing""},""recommendation_id"":""/subscriptions/88c709b0-11cf-4450-856e-f9bf54051c1d/resourcegroups/cstar-p-weu-prod01-aks-rg/providers/microsoft.containerservice/managedclusters/cstar-p-weu-prod01-aks/providers/Microsoft.Advisor/recommendations/b228b79299ad296123e425d363886a7b37cc2aa3bc10990506480d8398acc859"",""resource_linkage"":""resource_id""}"	d16ece93c037dc9cab5435fd627ffb29cdb9c7a320c5202ffa288912a354a613
1	72a34e2b-f26c-4bd9-b778-6118966cf94b	2026-07-31	resolved	advisor_retirement_recommendation	azure_advisor	/subscriptions/a001fc05-3125-4940-bbe0-7ef4125a8263/resourcegroups/org-p-rap-rg/providers/microsoft.compute/virtualmachines/org-p-rap-vm/providers/Microsoft.Advisor/recommendations/28aa934a2567a22c7a44a54a277bee20ac9820b494ad2e6b40f52ad50d8d1b2b	681acf17-11c3-4bdd-8f71-da563c79094c	New	a001fc05-3125-4940-bbe0-7ef4125a8263		resource_id	/subscriptions/a001fc05-3125-4940-bbe0-7ef4125a8263/resourcegroups/org-p-rap-rg/providers/microsoft.compute/virtualmachines/org-p-rap-vm	/subscriptions/a001fc05-3125-4940-bbe0-7ef4125a8263/resourcegroups/org-p-rap-rg/providers/microsoft.compute/virtualmachines/org-p-rap-vm	org-p-rap-vm	org-p-rap-rg	microsoft.compute/virtualmachines		{}							missing	High		HighAvailability		2026-07-16T07:08:51.455213Z		Upgrade to a newer SKU of Virtual Machine image	Upgrade to a newer SKU of Virtual Machine image				[]	missing	missing	missing	metadata_not_found,missing_retirement_date,resource_inventory_not_found,subscription_inventory_not_found	"{""acquisition"":""advisor.recommendations"",""api_version"":""2025-01-01"",""fields"":{""description"":"""",""resource_id"":""properties.resourceMetadata.resourceId""},""lookup_keys"":{""metadata"":""681acf17-11c3-4bdd-8f71-da563c79094c\u0000/subscriptions/a001fc05-3125-4940-bbe0-7ef4125a8263/resourcegroups/org-p-rap-rg/providers/microsoft.compute/virtualmachines/org-p-rap-vm"",""resource"":""/subscriptions/a001fc05-3125-4940-bbe0-7ef4125a8263/resourcegroups/org-p-rap-rg/providers/microsoft.compute/virtualmachines/org-p-rap-vm"",""subscription"":""a001fc05-3125-4940-bbe0-7ef4125a8263""},""match_status"":{""metadata"":""missing"",""resource"":""missing"",""subscription"":""missing""},""recommendation_id"":""/subscriptions/a001fc05-3125-4940-bbe0-7ef4125a8263/resourcegroups/org-p-rap-rg/providers/microsoft.compute/virtualmachines/org-p-rap-vm/providers/Microsoft.Advisor/recommendations/28aa934a2567a22c7a44a54a277bee20ac9820b494ad2e6b40f52ad50d8d1b2b"",""resource_linkage"":""resource_id""}"	b36373455602f0752012339662b471ee3366a13d71183e117ea99c5d4d742b35
1	72a34e2b-f26c-4bd9-b778-6118966cf94b	2026-07-31	resolved	advisor_retirement_recommendation	azure_advisor	/subscriptions/a001fc05-3125-4940-bbe0-7ef4125a8263/resourcegroups/org-p-rap-rg/providers/microsoft.compute/virtualmachines/org-p-rap-vm/providers/Microsoft.Advisor/recommendations/452332e5da51c6947c29e2ff2930daad336f9954294cc9ad301baf3a444a8a58	7f71b153-c0b7-4e99-a23e-db8179183ec9	New	a001fc05-3125-4940-bbe0-7ef4125a8263		resource_id	/subscriptions/a001fc05-3125-4940-bbe0-7ef4125a8263/resourcegroups/org-p-rap-rg/providers/microsoft.compute/virtualmachines/org-p-rap-vm	/subscriptions/a001fc05-3125-4940-bbe0-7ef4125a8263/resourcegroups/org-p-rap-rg/providers/microsoft.compute/virtualmachines/org-p-rap-vm	org-p-rap-vm	org-p-rap-rg	microsoft.compute/virtualmachines		{}							missing	High		HighAvailability		2026-07-03T15:13:14.898125Z		Migrate workload to D-series or better virtual machine	Migrate workload to D-series or better virtual machine				[]	missing	missing	missing	metadata_not_found,missing_retirement_date,resource_inventory_not_found,subscription_inventory_not_found	"{""acquisition"":""advisor.recommendations"",""api_version"":""2025-01-01"",""fields"":{""description"":"""",""resource_id"":""properties.resourceMetadata.resourceId""},""lookup_keys"":{""metadata"":""7f71b153-c0b7-4e99-a23e-db8179183ec9\u0000/subscriptions/a001fc05-3125-4940-bbe0-7ef4125a8263/resourcegroups/org-p-rap-rg/providers/microsoft.compute/virtualmachines/org-p-rap-vm"",""resource"":""/subscriptions/a001fc05-3125-4940-bbe0-7ef4125a8263/resourcegroups/org-p-rap-rg/providers/microsoft.compute/virtualmachines/org-p-rap-vm"",""subscription"":""a001fc05-3125-4940-bbe0-7ef4125a8263""},""match_status"":{""metadata"":""missing"",""resource"":""missing"",""subscription"":""missing""},""recommendation_id"":""/subscriptions/a001fc05-3125-4940-bbe0-7ef4125a8263/resourcegroups/org-p-rap-rg/providers/microsoft.compute/virtualmachines/org-p-rap-vm/providers/Microsoft.Advisor/recommendations/452332e5da51c6947c29e2ff2930daad336f9954294cc9ad301baf3a444a8a58"",""resource_linkage"":""resource_id""}"	84d2970e7922849d4969333a7f70bd24bf4ccd61d6e97003ba7b718c8a6e3bbc
1	72a34e2b-f26c-4bd9-b778-6118966cf94b	2026-07-31	resolved	advisor_retirement_recommendation	azure_advisor	/subscriptions/a001fc05-3125-4940-bbe0-7ef4125a8263/resourcegroups/org-p-rap-rg/providers/microsoft.compute/virtualmachines/org-p-rap-vm/providers/Microsoft.Advisor/recommendations/f7ae0e3d971a9f8bd14c9e72a64bd81d69eb47d7575b1b896c1b43ed7b59d277	5f2613df-629f-4b07-9425-2a47ea0dfad3	New	a001fc05-3125-4940-bbe0-7ef4125a8263		resource_id	/subscriptions/a001fc05-3125-4940-bbe0-7ef4125a8263/resourcegroups/org-p-rap-rg/providers/microsoft.compute/virtualmachines/org-p-rap-vm	/subscriptions/a001fc05-3125-4940-bbe0-7ef4125a8263/resourcegroups/org-p-rap-rg/providers/microsoft.compute/virtualmachines/org-p-rap-vm	org-p-rap-vm	org-p-rap-rg	microsoft.compute/virtualmachines		{}							missing	Medium		HighAvailability		2026-04-16T11:26:46.581533Z		Migrate workload to Virtual Machine Scale Sets Flex	Migrate workload to Virtual Machine Scale Sets Flex				[]	missing	missing	missing	metadata_not_found,missing_retirement_date,resource_inventory_not_found,subscription_inventory_not_found	"{""acquisition"":""advisor.recommendations"",""api_version"":""2025-01-01"",""fields"":{""description"":"""",""resource_id"":""properties.resourceMetadata.resourceId""},""lookup_keys"":{""metadata"":""5f2613df-629f-4b07-9425-2a47ea0dfad3\u0000/subscriptions/a001fc05-3125-4940-bbe0-7ef4125a8263/resourcegroups/org-p-rap-rg/providers/microsoft.compute/virtualmachines/org-p-rap-vm"",""resource"":""/subscriptions/a001fc05-3125-4940-bbe0-7ef4125a8263/resourcegroups/org-p-rap-rg/providers/microsoft.compute/virtualmachines/org-p-rap-vm"",""subscription"":""a001fc05-3125-4940-bbe0-7ef4125a8263""},""match_status"":{""metadata"":""missing"",""resource"":""missing"",""subscription"":""missing""},""recommendation_id"":""/subscriptions/a001fc05-3125-4940-bbe0-7ef4125a8263/resourcegroups/org-p-rap-rg/providers/microsoft.compute/virtualmachines/org-p-rap-vm/providers/Microsoft.Advisor/recommendations/f7ae0e3d971a9f8bd14c9e72a64bd81d69eb47d7575b1b896c1b43ed7b59d277"",""resource_linkage"":""resource_id""}"	071a42a282b5001f3151d27acf5a83b7a6c5ebe0290f71bcc2c1e6fab79d0284
1	72a34e2b-f26c-4bd9-b778-6118966cf94b	2026-07-31	resolved	advisor_retirement_recommendation	azure_advisor	/subscriptions/a1c820d4-9fbd-4e24-b39a-745e74c01040/resourcegroups/paymon-d-ec-org-sec-rg/providers/microsoft.keyvault/vaults/paymon-d-ec-org-kv/providers/Microsoft.Advisor/recommendations/1f3863e2450c4e634c6f564c7577230f26b8d52bcafb1695515fcffbf799b3f6	7ff06874-39e9-41be-9552-fa1ae2a83c88	New	a1c820d4-9fbd-4e24-b39a-745e74c01040		resource_id	/subscriptions/a1c820d4-9fbd-4e24-b39a-745e74c01040/resourcegroups/paymon-d-ec-org-sec-rg/providers/microsoft.keyvault/vaults/paymon-d-ec-org-kv	/subscriptions/a1c820d4-9fbd-4e24-b39a-745e74c01040/resourcegroups/paymon-d-ec-org-sec-rg/providers/microsoft.keyvault/vaults/paymon-d-ec-org-kv	paymon-d-ec-org-kv	paymon-d-ec-org-sec-rg	microsoft.keyvault/vaults		{}			API versions prior to 2026-02-01	2027-02-27	2027-02-27	properties.extendedProperties.retirementDate	exact	High		HighAvailability		2026-07-22T12:36:52.579024Z		Azure Key Vault API versions prior to 2026-02-01 are being retired	Azure Key Vault API versions prior to 2026-02-01 are being retired				[]	missing	missing	missing	metadata_not_found,resource_inventory_not_found,subscription_inventory_not_found	"{""acquisition"":""advisor.recommendations"",""api_version"":""2025-01-01"",""fields"":{""description"":"""",""resource_id"":""properties.resourceMetadata.resourceId""},""lookup_keys"":{""metadata"":""7ff06874-39e9-41be-9552-fa1ae2a83c88\u0000/subscriptions/a1c820d4-9fbd-4e24-b39a-745e74c01040/resourcegroups/paymon-d-ec-org-sec-rg/providers/microsoft.keyvault/vaults/paymon-d-ec-org-kv"",""resource"":""/subscriptions/a1c820d4-9fbd-4e24-b39a-745e74c01040/resourcegroups/paymon-d-ec-org-sec-rg/providers/microsoft.keyvault/vaults/paymon-d-ec-org-kv"",""subscription"":""a1c820d4-9fbd-4e24-b39a-745e74c01040""},""match_status"":{""metadata"":""missing"",""resource"":""missing"",""subscription"":""missing""},""recommendation_id"":""/subscriptions/a1c820d4-9fbd-4e24-b39a-745e74c01040/resourcegroups/paymon-d-ec-org-sec-rg/providers/microsoft.keyvault/vaults/paymon-d-ec-org-kv/providers/Microsoft.Advisor/recommendations/1f3863e2450c4e634c6f564c7577230f26b8d52bcafb1695515fcffbf799b3f6"",""resource_linkage"":""resource_id""}"	63ab8e7b3eb64e847954a052349c0773f7f032ed9031eb1b98366d66d5e88155
1	72a34e2b-f26c-4bd9-b778-6118966cf94b	2026-07-31	resolved	advisor_retirement_recommendation	azure_advisor	/subscriptions/a1c820d4-9fbd-4e24-b39a-745e74c01040/resourcegroups/paymon-d-pagopa-dev-sec-rg/providers/microsoft.keyvault/vaults/paymon-d-pagopa-dev-kv/providers/Microsoft.Advisor/recommendations/f8fb5e128dd13bfe1236ccd1717af4b424cbf955d8f074a5a7a9014e3eb3d417	7ff06874-39e9-41be-9552-fa1ae2a83c88	New	a1c820d4-9fbd-4e24-b39a-745e74c01040		resource_id	/subscriptions/a1c820d4-9fbd-4e24-b39a-745e74c01040/resourcegroups/paymon-d-pagopa-dev-sec-rg/providers/microsoft.keyvault/vaults/paymon-d-pagopa-dev-kv	/subscriptions/a1c820d4-9fbd-4e24-b39a-745e74c01040/resourcegroups/paymon-d-pagopa-dev-sec-rg/providers/microsoft.keyvault/vaults/paymon-d-pagopa-dev-kv	paymon-d-pagopa-dev-kv	paymon-d-pagopa-dev-sec-rg	microsoft.keyvault/vaults		{}			API versions prior to 2026-02-01	2027-02-27	2027-02-27	properties.extendedProperties.retirementDate	exact	High		HighAvailability		2026-07-22T12:47:18.921343Z		Azure Key Vault API versions prior to 2026-02-01 are being retired	Azure Key Vault API versions prior to 2026-02-01 are being retired				[]	missing	missing	missing	metadata_not_found,resource_inventory_not_found,subscription_inventory_not_found	"{""acquisition"":""advisor.recommendations"",""api_version"":""2025-01-01"",""fields"":{""description"":"""",""resource_id"":""properties.resourceMetadata.resourceId""},""lookup_keys"":{""metadata"":""7ff06874-39e9-41be-9552-fa1ae2a83c88\u0000/subscriptions/a1c820d4-9fbd-4e24-b39a-745e74c01040/resourcegroups/paymon-d-pagopa-dev-sec-rg/providers/microsoft.keyvault/vaults/paymon-d-pagopa-dev-kv"",""resource"":""/subscriptions/a1c820d4-9fbd-4e24-b39a-745e74c01040/resourcegroups/paymon-d-pagopa-dev-sec-rg/providers/microsoft.keyvault/vaults/paymon-d-pagopa-dev-kv"",""subscription"":""a1c820d4-9fbd-4e24-b39a-745e74c01040""},""match_status"":{""metadata"":""missing"",""resource"":""missing"",""subscription"":""missing""},""recommendation_id"":""/subscriptions/a1c820d4-9fbd-4e24-b39a-745e74c01040/resourcegroups/paymon-d-pagopa-dev-sec-rg/providers/microsoft.keyvault/vaults/paymon-d-pagopa-dev-kv/providers/Microsoft.Advisor/recommendations/f8fb5e128dd13bfe1236ccd1717af4b424cbf955d8f074a5a7a9014e3eb3d417"",""resource_linkage"":""resource_id""}"	02e414051796f1bc4f327b882192f26f27d280cb53e9d6a00783f2ef81e8cdf1
1	72a34e2b-f26c-4bd9-b778-6118966cf94b	2026-07-31	resolved	advisor_retirement_recommendation	azure_advisor	/subscriptions/a2124115-ba74-462f-832a-9192cbd03649/resourcegroups/ts-p-ops-rg/providers/microsoft.storage/storageaccounts/tspopslapptest/providers/Microsoft.Advisor/recommendations/cf0774b14788f21141e34e022fdc712a5a5249ad62dae930d81744429b325e2f	1d70919c-1a4a-4f79-8300-bb576c291e9d	New	a2124115-ba74-462f-832a-9192cbd03649		resource_id	/subscriptions/a2124115-ba74-462f-832a-9192cbd03649/resourcegroups/ts-p-ops-rg/providers/microsoft.storage/storageaccounts/tspopslapptest	/subscriptions/a2124115-ba74-462f-832a-9192cbd03649/resourcegroups/ts-p-ops-rg/providers/microsoft.storage/storageaccounts/tspopslapptest	tspopslapptest	ts-p-ops-rg	microsoft.storage/storageaccounts		{}			Legacy Blob and General-Purpose v1 storage accounts	2026-10-13	2026-10-13	properties.extendedProperties.retirementDate	exact	Medium		HighAvailability		2026-05-11T17:38:10.177311Z		Upgrade general-purpose v1 storage accounts	Upgrade general-purpose v1 storage accounts				[]	missing	missing	missing	metadata_not_found,resource_inventory_not_found,subscription_inventory_not_found	"{""acquisition"":""advisor.recommendations"",""api_version"":""2025-01-01"",""fields"":{""description"":"""",""resource_id"":""properties.resourceMetadata.resourceId""},""lookup_keys"":{""metadata"":""1d70919c-1a4a-4f79-8300-bb576c291e9d\u0000/subscriptions/a2124115-ba74-462f-832a-9192cbd03649/resourcegroups/ts-p-ops-rg/providers/microsoft.storage/storageaccounts/tspopslapptest"",""resource"":""/subscriptions/a2124115-ba74-462f-832a-9192cbd03649/resourcegroups/ts-p-ops-rg/providers/microsoft.storage/storageaccounts/tspopslapptest"",""subscription"":""a2124115-ba74-462f-832a-9192cbd03649""},""match_status"":{""metadata"":""missing"",""resource"":""missing"",""subscription"":""missing""},""recommendation_id"":""/subscriptions/a2124115-ba74-462f-832a-9192cbd03649/resourcegroups/ts-p-ops-rg/providers/microsoft.storage/storageaccounts/tspopslapptest/providers/Microsoft.Advisor/recommendations/cf0774b14788f21141e34e022fdc712a5a5249ad62dae930d81744429b325e2f"",""resource_linkage"":""resource_id""}"	4aa1a3dee5de18f54ee99742a2db386ba5eb431932c79c5d47d6865fde7f5cfd
1	72a34e2b-f26c-4bd9-b778-6118966cf94b	2026-07-31	resolved	advisor_retirement_recommendation	azure_advisor	/subscriptions/a4e96bcd-59dc-4d66-b2f7-5547ad157c12/resourcegroups/cloud-shell-storage-westeurope/providers/microsoft.storage/storageaccounts/csb100320009a787d80/providers/Microsoft.Advisor/recommendations/9c5cd402f2aa03fcce1125b33120a4bbf548920e29262366a37fa4b48863b865	ced5fa9f-b5bf-4982-9f25-8190fb36dfca	New	a4e96bcd-59dc-4d66-b2f7-5547ad157c12		resource_id	/subscriptions/a4e96bcd-59dc-4d66-b2f7-5547ad157c12/resourcegroups/cloud-shell-storage-westeurope/providers/microsoft.storage/storageaccounts/csb100320009a787d80	/subscriptions/a4e96bcd-59dc-4d66-b2f7-5547ad157c12/resourcegroups/cloud-shell-storage-westeurope/providers/microsoft.storage/storageaccounts/csb100320009a787d80	csb100320009a787d80	cloud-shell-storage-westeurope	microsoft.storage/storageaccounts		{}			Support for TLS 1.0 and 1.1	2026-02-03	2026-02-03	properties.extendedProperties.retirementDate	exact	High		HighAvailability		2026-04-18T13:08:35.639775Z		Support for TLS 1.0 and TLS 1.1 in Azure storage accounts is ending	Support for TLS 1.0 and TLS 1.1 in Azure storage accounts is ending				[]	missing	missing	missing	metadata_not_found,resource_inventory_not_found,subscription_inventory_not_found	"{""acquisition"":""advisor.recommendations"",""api_version"":""2025-01-01"",""fields"":{""description"":"""",""resource_id"":""properties.resourceMetadata.resourceId""},""lookup_keys"":{""metadata"":""ced5fa9f-b5bf-4982-9f25-8190fb36dfca\u0000/subscriptions/a4e96bcd-59dc-4d66-b2f7-5547ad157c12/resourcegroups/cloud-shell-storage-westeurope/providers/microsoft.storage/storageaccounts/csb100320009a787d80"",""resource"":""/subscriptions/a4e96bcd-59dc-4d66-b2f7-5547ad157c12/resourcegroups/cloud-shell-storage-westeurope/providers/microsoft.storage/storageaccounts/csb100320009a787d80"",""subscription"":""a4e96bcd-59dc-4d66-b2f7-5547ad157c12""},""match_status"":{""metadata"":""missing"",""resource"":""missing"",""subscription"":""missing""},""recommendation_id"":""/subscriptions/a4e96bcd-59dc-4d66-b2f7-5547ad157c12/resourcegroups/cloud-shell-storage-westeurope/providers/microsoft.storage/storageaccounts/csb100320009a787d80/providers/Microsoft.Advisor/recommendations/9c5cd402f2aa03fcce1125b33120a4bbf548920e29262366a37fa4b48863b865"",""resource_linkage"":""resource_id""}"	dcaf0eefac9053101d87ce14ba164ec01c73f4596972f4979de44e9b0caa034f
1	72a34e2b-f26c-4bd9-b778-6118966cf94b	2026-07-31	resolved	advisor_retirement_recommendation	azure_advisor	/subscriptions/a4e96bcd-59dc-4d66-b2f7-5547ad157c12/resourcegroups/cloud-shell-storage-westeurope/providers/microsoft.storage/storageaccounts/csba4e96bcd59dcx4d66xb2f/providers/Microsoft.Advisor/recommendations/704f4a5c4472098110dcba4448c23d1eb1ce1c335cbcc1054d0246d0aed83f26	ced5fa9f-b5bf-4982-9f25-8190fb36dfca	New	a4e96bcd-59dc-4d66-b2f7-5547ad157c12		resource_id	/subscriptions/a4e96bcd-59dc-4d66-b2f7-5547ad157c12/resourcegroups/cloud-shell-storage-westeurope/providers/microsoft.storage/storageaccounts/csba4e96bcd59dcx4d66xb2f	/subscriptions/a4e96bcd-59dc-4d66-b2f7-5547ad157c12/resourcegroups/cloud-shell-storage-westeurope/providers/microsoft.storage/storageaccounts/csba4e96bcd59dcx4d66xb2f	csba4e96bcd59dcx4d66xb2f	cloud-shell-storage-westeurope	microsoft.storage/storageaccounts		{}			Support for TLS 1.0 and 1.1	2026-02-03	2026-02-03	properties.extendedProperties.retirementDate	exact	High		HighAvailability		2026-04-25T17:23:43.904650Z		Support for TLS 1.0 and TLS 1.1 in Azure storage accounts is ending	Support for TLS 1.0 and TLS 1.1 in Azure storage accounts is ending				[]	missing	missing	missing	metadata_not_found,resource_inventory_not_found,subscription_inventory_not_found	"{""acquisition"":""advisor.recommendations"",""api_version"":""2025-01-01"",""fields"":{""description"":"""",""resource_id"":""properties.resourceMetadata.resourceId""},""lookup_keys"":{""metadata"":""ced5fa9f-b5bf-4982-9f25-8190fb36dfca\u0000/subscriptions/a4e96bcd-59dc-4d66-b2f7-5547ad157c12/resourcegroups/cloud-shell-storage-westeurope/providers/microsoft.storage/storageaccounts/csba4e96bcd59dcx4d66xb2f"",""resource"":""/subscriptions/a4e96bcd-59dc-4d66-b2f7-5547ad157c12/resourcegroups/cloud-shell-storage-westeurope/providers/microsoft.storage/storageaccounts/csba4e96bcd59dcx4d66xb2f"",""subscription"":""a4e96bcd-59dc-4d66-b2f7-5547ad157c12""},""match_status"":{""metadata"":""missing"",""resource"":""missing"",""subscription"":""missing""},""recommendation_id"":""/subscriptions/a4e96bcd-59dc-4d66-b2f7-5547ad157c12/resourcegroups/cloud-shell-storage-westeurope/providers/microsoft.storage/storageaccounts/csba4e96bcd59dcx4d66xb2f/providers/Microsoft.Advisor/recommendations/704f4a5c4472098110dcba4448c23d1eb1ce1c335cbcc1054d0246d0aed83f26"",""resource_linkage"":""resource_id""}"	a1d4c4b34c98a740d21f8f5782ddbb11cf28d4f321e8780c5556595138933a57
1	72a34e2b-f26c-4bd9-b778-6118966cf94b	2026-07-31	resolved	advisor_retirement_recommendation	azure_advisor	/subscriptions/a4e96bcd-59dc-4d66-b2f7-5547ad157c12/resourcegroups/dev-alessio/providers/microsoft.cdn/profiles/cdn-test/providers/Microsoft.Advisor/recommendations/d1860aa308e094d6360db7f2ac7dc4bd01d1efa4017983523e20f3daa1123a31	52ff3019-62b0-4905-b016-da35fa6bbddc	New	a4e96bcd-59dc-4d66-b2f7-5547ad157c12		resource_id	/subscriptions/a4e96bcd-59dc-4d66-b2f7-5547ad157c12/resourcegroups/dev-alessio/providers/microsoft.cdn/profiles/cdn-test	/subscriptions/a4e96bcd-59dc-4d66-b2f7-5547ad157c12/resourcegroups/dev-alessio/providers/microsoft.cdn/profiles/cdn-test	cdn-test	dev-alessio	microsoft.cdn/profiles		{}			Standard from Microsoft (classic)	2027-09-30	2027-09-30	properties.extendedProperties.retirementDate	exact	Medium		HighAvailability		2026-04-16T08:33:05.149964Z		Azure CDN Standard from Microsoft (classic) is being retired.	Azure CDN Standard from Microsoft (classic) is being retired.				[]	missing	missing	missing	metadata_not_found,resource_inventory_not_found,subscription_inventory_not_found	"{""acquisition"":""advisor.recommendations"",""api_version"":""2025-01-01"",""fields"":{""description"":"""",""resource_id"":""properties.resourceMetadata.resourceId""},""lookup_keys"":{""metadata"":""52ff3019-62b0-4905-b016-da35fa6bbddc\u0000/subscriptions/a4e96bcd-59dc-4d66-b2f7-5547ad157c12/resourcegroups/dev-alessio/providers/microsoft.cdn/profiles/cdn-test"",""resource"":""/subscriptions/a4e96bcd-59dc-4d66-b2f7-5547ad157c12/resourcegroups/dev-alessio/providers/microsoft.cdn/profiles/cdn-test"",""subscription"":""a4e96bcd-59dc-4d66-b2f7-5547ad157c12""},""match_status"":{""metadata"":""missing"",""resource"":""missing"",""subscription"":""missing""},""recommendation_id"":""/subscriptions/a4e96bcd-59dc-4d66-b2f7-5547ad157c12/resourcegroups/dev-alessio/providers/microsoft.cdn/profiles/cdn-test/providers/Microsoft.Advisor/recommendations/d1860aa308e094d6360db7f2ac7dc4bd01d1efa4017983523e20f3daa1123a31"",""resource_linkage"":""resource_id""}"	519be69683e0b854f84d8cec6d0593d8124ee23bb2756ed0f5a01ebff7f55a7c
1	72a34e2b-f26c-4bd9-b778-6118966cf94b	2026-07-31	resolved	advisor_retirement_recommendation	azure_advisor	/subscriptions/a4e96bcd-59dc-4d66-b2f7-5547ad157c12/resourcegroups/dev-alessio/providers/microsoft.storage/storageaccounts/devalessio8f3c/providers/Microsoft.Advisor/recommendations/e56a3c22005e4a1fc9def0ffae5a3cd6fbc6448f617eec822ea0554dbd7dc901	1d70919c-1a4a-4f79-8300-bb576c291e9d	New	a4e96bcd-59dc-4d66-b2f7-5547ad157c12		resource_id	/subscriptions/a4e96bcd-59dc-4d66-b2f7-5547ad157c12/resourcegroups/dev-alessio/providers/microsoft.storage/storageaccounts/devalessio8f3c	/subscriptions/a4e96bcd-59dc-4d66-b2f7-5547ad157c12/resourcegroups/dev-alessio/providers/microsoft.storage/storageaccounts/devalessio8f3c	devalessio8f3c	dev-alessio	microsoft.storage/storageaccounts		{}			Legacy Blob and General-Purpose v1 storage accounts	2026-10-13	2026-10-13	properties.extendedProperties.retirementDate	exact	Medium		HighAvailability		2026-05-12T17:32:32.369272Z		Upgrade general-purpose v1 storage accounts	Upgrade general-purpose v1 storage accounts				[]	missing	missing	missing	metadata_not_found,resource_inventory_not_found,subscription_inventory_not_found	"{""acquisition"":""advisor.recommendations"",""api_version"":""2025-01-01"",""fields"":{""description"":"""",""resource_id"":""properties.resourceMetadata.resourceId""},""lookup_keys"":{""metadata"":""1d70919c-1a4a-4f79-8300-bb576c291e9d\u0000/subscriptions/a4e96bcd-59dc-4d66-b2f7-5547ad157c12/resourcegroups/dev-alessio/providers/microsoft.storage/storageaccounts/devalessio8f3c"",""resource"":""/subscriptions/a4e96bcd-59dc-4d66-b2f7-5547ad157c12/resourcegroups/dev-alessio/providers/microsoft.storage/storageaccounts/devalessio8f3c"",""subscription"":""a4e96bcd-59dc-4d66-b2f7-5547ad157c12""},""match_status"":{""metadata"":""missing"",""resource"":""missing"",""subscription"":""missing""},""recommendation_id"":""/subscriptions/a4e96bcd-59dc-4d66-b2f7-5547ad157c12/resourcegroups/dev-alessio/providers/microsoft.storage/storageaccounts/devalessio8f3c/providers/Microsoft.Advisor/recommendations/e56a3c22005e4a1fc9def0ffae5a3cd6fbc6448f617eec822ea0554dbd7dc901"",""resource_linkage"":""resource_id""}"	01801a67c2c9b2f1555f87359726e03cf9d2e49f67289cdd702e364a5294f8d7
1	72a34e2b-f26c-4bd9-b778-6118966cf94b	2026-07-31	resolved	advisor_retirement_recommendation	azure_advisor	/subscriptions/a4e96bcd-59dc-4d66-b2f7-5547ad157c12/resourcegroups/dev-daniele/providers/microsoft.storage/storageaccounts/devdanielesa/providers/Microsoft.Advisor/recommendations/c7258fe003e85c20ae8dcb6fde781cb787b3d208c5cdcd5912cdf90409c19055	ced5fa9f-b5bf-4982-9f25-8190fb36dfca	New	a4e96bcd-59dc-4d66-b2f7-5547ad157c12		resource_id	/subscriptions/a4e96bcd-59dc-4d66-b2f7-5547ad157c12/resourcegroups/dev-daniele/providers/microsoft.storage/storageaccounts/devdanielesa	/subscriptions/a4e96bcd-59dc-4d66-b2f7-5547ad157c12/resourcegroups/dev-daniele/providers/microsoft.storage/storageaccounts/devdanielesa	devdanielesa	dev-daniele	microsoft.storage/storageaccounts		{}			Support for TLS 1.0 and 1.1	2026-02-03	2026-02-03	properties.extendedProperties.retirementDate	exact	High		HighAvailability		2026-04-18T13:08:33.126029Z		Support for TLS 1.0 and TLS 1.1 in Azure storage accounts is ending	Support for TLS 1.0 and TLS 1.1 in Azure storage accounts is ending				[]	missing	missing	missing	metadata_not_found,resource_inventory_not_found,subscription_inventory_not_found	"{""acquisition"":""advisor.recommendations"",""api_version"":""2025-01-01"",""fields"":{""description"":"""",""resource_id"":""properties.resourceMetadata.resourceId""},""lookup_keys"":{""metadata"":""ced5fa9f-b5bf-4982-9f25-8190fb36dfca\u0000/subscriptions/a4e96bcd-59dc-4d66-b2f7-5547ad157c12/resourcegroups/dev-daniele/providers/microsoft.storage/storageaccounts/devdanielesa"",""resource"":""/subscriptions/a4e96bcd-59dc-4d66-b2f7-5547ad157c12/resourcegroups/dev-daniele/providers/microsoft.storage/storageaccounts/devdanielesa"",""subscription"":""a4e96bcd-59dc-4d66-b2f7-5547ad157c12""},""match_status"":{""metadata"":""missing"",""resource"":""missing"",""subscription"":""missing""},""recommendation_id"":""/subscriptions/a4e96bcd-59dc-4d66-b2f7-5547ad157c12/resourcegroups/dev-daniele/providers/microsoft.storage/storageaccounts/devdanielesa/providers/Microsoft.Advisor/recommendations/c7258fe003e85c20ae8dcb6fde781cb787b3d208c5cdcd5912cdf90409c19055"",""resource_linkage"":""resource_id""}"	f4e543504072515a0f7404de17225faa1ad55e01b01b9e150e873251fe481346
1	72a34e2b-f26c-4bd9-b778-6118966cf94b	2026-07-31	resolved	advisor_retirement_recommendation	azure_advisor	/subscriptions/a4e96bcd-59dc-4d66-b2f7-5547ad157c12/resourcegroups/dev-fn-elt/providers/microsoft.storage/storageaccounts/iodstfn3elt/providers/Microsoft.Advisor/recommendations/89ca301ed3e1a274a8a04f536c4e231d39921fbea891a062a6579baa54862116	1d70919c-1a4a-4f79-8300-bb576c291e9d	New	a4e96bcd-59dc-4d66-b2f7-5547ad157c12		resource_id	/subscriptions/a4e96bcd-59dc-4d66-b2f7-5547ad157c12/resourcegroups/dev-fn-elt/providers/microsoft.storage/storageaccounts/iodstfn3elt	/subscriptions/a4e96bcd-59dc-4d66-b2f7-5547ad157c12/resourcegroups/dev-fn-elt/providers/microsoft.storage/storageaccounts/iodstfn3elt	iodstfn3elt	dev-fn-elt	microsoft.storage/storageaccounts		{}			Legacy Blob and General-Purpose v1 storage accounts	2026-10-13	2026-10-13	properties.extendedProperties.retirementDate	exact	Medium		HighAvailability		2026-05-18T10:17:24.884158Z		Upgrade general-purpose v1 storage accounts	Upgrade general-purpose v1 storage accounts				[]	missing	missing	missing	metadata_not_found,resource_inventory_not_found,subscription_inventory_not_found	"{""acquisition"":""advisor.recommendations"",""api_version"":""2025-01-01"",""fields"":{""description"":"""",""resource_id"":""properties.resourceMetadata.resourceId""},""lookup_keys"":{""metadata"":""1d70919c-1a4a-4f79-8300-bb576c291e9d\u0000/subscriptions/a4e96bcd-59dc-4d66-b2f7-5547ad157c12/resourcegroups/dev-fn-elt/providers/microsoft.storage/storageaccounts/iodstfn3elt"",""resource"":""/subscriptions/a4e96bcd-59dc-4d66-b2f7-5547ad157c12/resourcegroups/dev-fn-elt/providers/microsoft.storage/storageaccounts/iodstfn3elt"",""subscription"":""a4e96bcd-59dc-4d66-b2f7-5547ad157c12""},""match_status"":{""metadata"":""missing"",""resource"":""missing"",""subscription"":""missing""},""recommendation_id"":""/subscriptions/a4e96bcd-59dc-4d66-b2f7-5547ad157c12/resourcegroups/dev-fn-elt/providers/microsoft.storage/storageaccounts/iodstfn3elt/providers/Microsoft.Advisor/recommendations/89ca301ed3e1a274a8a04f536c4e231d39921fbea891a062a6579baa54862116"",""resource_linkage"":""resource_id""}"	b30f31acf73e2215051e4b0959b20312198f492ac3aee6477348562274fd187d
1	72a34e2b-f26c-4bd9-b778-6118966cf94b	2026-07-31	resolved	advisor_retirement_recommendation	azure_advisor	/subscriptions/a4e96bcd-59dc-4d66-b2f7-5547ad157c12/resourcegroups/dev-lorenzo/providers/microsoft.storage/storageaccounts/devlorenzo947b/providers/Microsoft.Advisor/recommendations/9a48b84d756ba01269a5cb2c82e0d388eb117649ca991c80a9518436127165db	1d70919c-1a4a-4f79-8300-bb576c291e9d	New	a4e96bcd-59dc-4d66-b2f7-5547ad157c12		resource_id	/subscriptions/a4e96bcd-59dc-4d66-b2f7-5547ad157c12/resourcegroups/dev-lorenzo/providers/microsoft.storage/storageaccounts/devlorenzo947b	/subscriptions/a4e96bcd-59dc-4d66-b2f7-5547ad157c12/resourcegroups/dev-lorenzo/providers/microsoft.storage/storageaccounts/devlorenzo947b	devlorenzo947b	dev-lorenzo	microsoft.storage/storageaccounts		{}			Legacy Blob and General-Purpose v1 storage accounts	2026-10-13	2026-10-13	properties.extendedProperties.retirementDate	exact	Medium		HighAvailability		2026-05-19T17:47:33.541347Z		Upgrade general-purpose v1 storage accounts	Upgrade general-purpose v1 storage accounts				[]	missing	missing	missing	metadata_not_found,resource_inventory_not_found,subscription_inventory_not_found	"{""acquisition"":""advisor.recommendations"",""api_version"":""2025-01-01"",""fields"":{""description"":"""",""resource_id"":""properties.resourceMetadata.resourceId""},""lookup_keys"":{""metadata"":""1d70919c-1a4a-4f79-8300-bb576c291e9d\u0000/subscriptions/a4e96bcd-59dc-4d66-b2f7-5547ad157c12/resourcegroups/dev-lorenzo/providers/microsoft.storage/storageaccounts/devlorenzo947b"",""resource"":""/subscriptions/a4e96bcd-59dc-4d66-b2f7-5547ad157c12/resourcegroups/dev-lorenzo/providers/microsoft.storage/storageaccounts/devlorenzo947b"",""subscription"":""a4e96bcd-59dc-4d66-b2f7-5547ad157c12""},""match_status"":{""metadata"":""missing"",""resource"":""missing"",""subscription"":""missing""},""recommendation_id"":""/subscriptions/a4e96bcd-59dc-4d66-b2f7-5547ad157c12/resourcegroups/dev-lorenzo/providers/microsoft.storage/storageaccounts/devlorenzo947b/providers/Microsoft.Advisor/recommendations/9a48b84d756ba01269a5cb2c82e0d388eb117649ca991c80a9518436127165db"",""resource_linkage"":""resource_id""}"	cacbbf4327c947a41598ea2bdf728fec006d8b3180a193f6003ce9fc0abf655b
1	72a34e2b-f26c-4bd9-b778-6118966cf94b	2026-07-31	resolved	advisor_retirement_recommendation	azure_advisor	/subscriptions/a4e96bcd-59dc-4d66-b2f7-5547ad157c12/resourcegroups/dev-raimondo/providers/microsoft.storage/storageaccounts/raimondodevtfstate/providers/Microsoft.Advisor/recommendations/19ba1ceb465028203c23bef00bb9e205f1392cdbffc6ba73880efafc49bb28dc	ced5fa9f-b5bf-4982-9f25-8190fb36dfca	New	a4e96bcd-59dc-4d66-b2f7-5547ad157c12		resource_id	/subscriptions/a4e96bcd-59dc-4d66-b2f7-5547ad157c12/resourcegroups/dev-raimondo/providers/microsoft.storage/storageaccounts/raimondodevtfstate	/subscriptions/a4e96bcd-59dc-4d66-b2f7-5547ad157c12/resourcegroups/dev-raimondo/providers/microsoft.storage/storageaccounts/raimondodevtfstate	raimondodevtfstate	dev-raimondo	microsoft.storage/storageaccounts		{}			Support for TLS 1.0 and 1.1	2026-02-03	2026-02-03	properties.extendedProperties.retirementDate	exact	High		HighAvailability		2026-04-18T13:12:19.082752Z		Support for TLS 1.0 and TLS 1.1 in Azure storage accounts is ending	Support for TLS 1.0 and TLS 1.1 in Azure storage accounts is ending				[]	missing	missing	missing	metadata_not_found,resource_inventory_not_found,subscription_inventory_not_found	"{""acquisition"":""advisor.recommendations"",""api_version"":""2025-01-01"",""fields"":{""description"":"""",""resource_id"":""properties.resourceMetadata.resourceId""},""lookup_keys"":{""metadata"":""ced5fa9f-b5bf-4982-9f25-8190fb36dfca\u0000/subscriptions/a4e96bcd-59dc-4d66-b2f7-5547ad157c12/resourcegroups/dev-raimondo/providers/microsoft.storage/storageaccounts/raimondodevtfstate"",""resource"":""/subscriptions/a4e96bcd-59dc-4d66-b2f7-5547ad157c12/resourcegroups/dev-raimondo/providers/microsoft.storage/storageaccounts/raimondodevtfstate"",""subscription"":""a4e96bcd-59dc-4d66-b2f7-5547ad157c12""},""match_status"":{""metadata"":""missing"",""resource"":""missing"",""subscription"":""missing""},""recommendation_id"":""/subscriptions/a4e96bcd-59dc-4d66-b2f7-5547ad157c12/resourcegroups/dev-raimondo/providers/microsoft.storage/storageaccounts/raimondodevtfstate/providers/Microsoft.Advisor/recommendations/19ba1ceb465028203c23bef00bb9e205f1392cdbffc6ba73880efafc49bb28dc"",""resource_linkage"":""resource_id""}"	b41ffcc74200aeb003931b42e31e8c7451e6237ae0d1b013bc5d2d835f96580e
1	72a34e2b-f26c-4bd9-b778-6118966cf94b	2026-07-31	resolved	advisor_retirement_recommendation	azure_advisor	/subscriptions/a4e96bcd-59dc-4d66-b2f7-5547ad157c12/resourcegroups/dev-scirulli/providers/microsoft.storage/storageaccounts/devscirulli8958/providers/Microsoft.Advisor/recommendations/e3cf714cab784d1178f33a4fc6a669644242dcbcd72544427d840b35f40648f4	1d70919c-1a4a-4f79-8300-bb576c291e9d	New	a4e96bcd-59dc-4d66-b2f7-5547ad157c12		resource_id	/subscriptions/a4e96bcd-59dc-4d66-b2f7-5547ad157c12/resourcegroups/dev-scirulli/providers/microsoft.storage/storageaccounts/devscirulli8958	/subscriptions/a4e96bcd-59dc-4d66-b2f7-5547ad157c12/resourcegroups/dev-scirulli/providers/microsoft.storage/storageaccounts/devscirulli8958	devscirulli8958	dev-scirulli	microsoft.storage/storageaccounts		{}			Legacy Blob and General-Purpose v1 storage accounts	2026-10-13	2026-10-13	properties.extendedProperties.retirementDate	exact	Medium		HighAvailability		2026-05-20T17:48:44.919295Z		Upgrade general-purpose v1 storage accounts	Upgrade general-purpose v1 storage accounts				[]	missing	missing	missing	metadata_not_found,resource_inventory_not_found,subscription_inventory_not_found	"{""acquisition"":""advisor.recommendations"",""api_version"":""2025-01-01"",""fields"":{""description"":"""",""resource_id"":""properties.resourceMetadata.resourceId""},""lookup_keys"":{""metadata"":""1d70919c-1a4a-4f79-8300-bb576c291e9d\u0000/subscriptions/a4e96bcd-59dc-4d66-b2f7-5547ad157c12/resourcegroups/dev-scirulli/providers/microsoft.storage/storageaccounts/devscirulli8958"",""resource"":""/subscriptions/a4e96bcd-59dc-4d66-b2f7-5547ad157c12/resourcegroups/dev-scirulli/providers/microsoft.storage/storageaccounts/devscirulli8958"",""subscription"":""a4e96bcd-59dc-4d66-b2f7-5547ad157c12""},""match_status"":{""metadata"":""missing"",""resource"":""missing"",""subscription"":""missing""},""recommendation_id"":""/subscriptions/a4e96bcd-59dc-4d66-b2f7-5547ad157c12/resourcegroups/dev-scirulli/providers/microsoft.storage/storageaccounts/devscirulli8958/providers/Microsoft.Advisor/recommendations/e3cf714cab784d1178f33a4fc6a669644242dcbcd72544427d840b35f40648f4"",""resource_linkage"":""resource_id""}"	7d0739ed9ccd0c390b4a8cc22395547eb991c85c2eef483fc32725e7c7ec4b34
1	72a34e2b-f26c-4bd9-b778-6118966cf94b	2026-07-31	resolved	advisor_retirement_recommendation	azure_advisor	/subscriptions/a4e96bcd-59dc-4d66-b2f7-5547ad157c12/resourcegroups/grausof/providers/microsoft.storage/storageaccounts/grausof/providers/Microsoft.Advisor/recommendations/593cd93c42fed6cf463354572f451c3100ebc45650f863ecd32ced6efff60641	ced5fa9f-b5bf-4982-9f25-8190fb36dfca	New	a4e96bcd-59dc-4d66-b2f7-5547ad157c12		resource_id	/subscriptions/a4e96bcd-59dc-4d66-b2f7-5547ad157c12/resourcegroups/grausof/providers/microsoft.storage/storageaccounts/grausof	/subscriptions/a4e96bcd-59dc-4d66-b2f7-5547ad157c12/resourcegroups/grausof/providers/microsoft.storage/storageaccounts/grausof	grausof	grausof	microsoft.storage/storageaccounts		{}			Support for TLS 1.0 and 1.1	2026-02-03	2026-02-03	properties.extendedProperties.retirementDate	exact	High		HighAvailability		2026-04-18T13:08:51.134390Z		Support for TLS 1.0 and TLS 1.1 in Azure storage accounts is ending	Support for TLS 1.0 and TLS 1.1 in Azure storage accounts is ending				[]	missing	missing	missing	metadata_not_found,resource_inventory_not_found,subscription_inventory_not_found	"{""acquisition"":""advisor.recommendations"",""api_version"":""2025-01-01"",""fields"":{""description"":"""",""resource_id"":""properties.resourceMetadata.resourceId""},""lookup_keys"":{""metadata"":""ced5fa9f-b5bf-4982-9f25-8190fb36dfca\u0000/subscriptions/a4e96bcd-59dc-4d66-b2f7-5547ad157c12/resourcegroups/grausof/providers/microsoft.storage/storageaccounts/grausof"",""resource"":""/subscriptions/a4e96bcd-59dc-4d66-b2f7-5547ad157c12/resourcegroups/grausof/providers/microsoft.storage/storageaccounts/grausof"",""subscription"":""a4e96bcd-59dc-4d66-b2f7-5547ad157c12""},""match_status"":{""metadata"":""missing"",""resource"":""missing"",""subscription"":""missing""},""recommendation_id"":""/subscriptions/a4e96bcd-59dc-4d66-b2f7-5547ad157c12/resourcegroups/grausof/providers/microsoft.storage/storageaccounts/grausof/providers/Microsoft.Advisor/recommendations/593cd93c42fed6cf463354572f451c3100ebc45650f863ecd32ced6efff60641"",""resource_linkage"":""resource_id""}"	9a31bb7d90b7df47c6d98ad191aaec4f0cbfca571bd021fc052e03c6c15b723e
1	72a34e2b-f26c-4bd9-b778-6118966cf94b	2026-07-31	resolved	advisor_retirement_recommendation	azure_advisor	/subscriptions/a4e96bcd-59dc-4d66-b2f7-5547ad157c12/resourcegroups/grausof/providers/microsoft.storage/storageaccounts/grausof/providers/Microsoft.Advisor/recommendations/c8c08224469c3184227e78e1b2fcf0eca6da5e888ca84c9db3a3ebcb4bfd1a01	1d70919c-1a4a-4f79-8300-bb576c291e9d	New	a4e96bcd-59dc-4d66-b2f7-5547ad157c12		resource_id	/subscriptions/a4e96bcd-59dc-4d66-b2f7-5547ad157c12/resourcegroups/grausof/providers/microsoft.storage/storageaccounts/grausof	/subscriptions/a4e96bcd-59dc-4d66-b2f7-5547ad157c12/resourcegroups/grausof/providers/microsoft.storage/storageaccounts/grausof	grausof	grausof	microsoft.storage/storageaccounts		{}			Legacy Blob and General-Purpose v1 storage accounts	2026-10-13	2026-10-13	properties.extendedProperties.retirementDate	exact	Medium		HighAvailability		2026-05-18T10:17:28.036095Z		Upgrade general-purpose v1 storage accounts	Upgrade general-purpose v1 storage accounts				[]	missing	missing	missing	metadata_not_found,resource_inventory_not_found,subscription_inventory_not_found	"{""acquisition"":""advisor.recommendations"",""api_version"":""2025-01-01"",""fields"":{""description"":"""",""resource_id"":""properties.resourceMetadata.resourceId""},""lookup_keys"":{""metadata"":""1d70919c-1a4a-4f79-8300-bb576c291e9d\u0000/subscriptions/a4e96bcd-59dc-4d66-b2f7-5547ad157c12/resourcegroups/grausof/providers/microsoft.storage/storageaccounts/grausof"",""resource"":""/subscriptions/a4e96bcd-59dc-4d66-b2f7-5547ad157c12/resourcegroups/grausof/providers/microsoft.storage/storageaccounts/grausof"",""subscription"":""a4e96bcd-59dc-4d66-b2f7-5547ad157c12""},""match_status"":{""metadata"":""missing"",""resource"":""missing"",""subscription"":""missing""},""recommendation_id"":""/subscriptions/a4e96bcd-59dc-4d66-b2f7-5547ad157c12/resourcegroups/grausof/providers/microsoft.storage/storageaccounts/grausof/providers/Microsoft.Advisor/recommendations/c8c08224469c3184227e78e1b2fcf0eca6da5e888ca84c9db3a3ebcb4bfd1a01"",""resource_linkage"":""resource_id""}"	cead6545787734915f008d00a091d965bf9e0b0fbe8b8cdfea70cea3c6fc7afd
1	72a34e2b-f26c-4bd9-b778-6118966cf94b	2026-07-31	resolved	advisor_retirement_recommendation	azure_advisor	/subscriptions/a4e96bcd-59dc-4d66-b2f7-5547ad157c12/resourcegroups/innovation/providers/microsoft.storage/storageaccounts/stk8sc/providers/Microsoft.Advisor/recommendations/7d73f99147abdc612b92bf01f8e5d4d3ac2e7109f8d0b3c21a3f78d8439a43b0	ced5fa9f-b5bf-4982-9f25-8190fb36dfca	New	a4e96bcd-59dc-4d66-b2f7-5547ad157c12		resource_id	/subscriptions/a4e96bcd-59dc-4d66-b2f7-5547ad157c12/resourcegroups/innovation/providers/microsoft.storage/storageaccounts/stk8sc	/subscriptions/a4e96bcd-59dc-4d66-b2f7-5547ad157c12/resourcegroups/innovation/providers/microsoft.storage/storageaccounts/stk8sc	stk8sc	innovation	microsoft.storage/storageaccounts		{}			Support for TLS 1.0 and 1.1	2026-02-03	2026-02-03	properties.extendedProperties.retirementDate	exact	High		HighAvailability		2026-04-18T13:08:35.639679Z		Support for TLS 1.0 and TLS 1.1 in Azure storage accounts is ending	Support for TLS 1.0 and TLS 1.1 in Azure storage accounts is ending				[]	missing	missing	missing	metadata_not_found,resource_inventory_not_found,subscription_inventory_not_found	"{""acquisition"":""advisor.recommendations"",""api_version"":""2025-01-01"",""fields"":{""description"":"""",""resource_id"":""properties.resourceMetadata.resourceId""},""lookup_keys"":{""metadata"":""ced5fa9f-b5bf-4982-9f25-8190fb36dfca\u0000/subscriptions/a4e96bcd-59dc-4d66-b2f7-5547ad157c12/resourcegroups/innovation/providers/microsoft.storage/storageaccounts/stk8sc"",""resource"":""/subscriptions/a4e96bcd-59dc-4d66-b2f7-5547ad157c12/resourcegroups/innovation/providers/microsoft.storage/storageaccounts/stk8sc"",""subscription"":""a4e96bcd-59dc-4d66-b2f7-5547ad157c12""},""match_status"":{""metadata"":""missing"",""resource"":""missing"",""subscription"":""missing""},""recommendation_id"":""/subscriptions/a4e96bcd-59dc-4d66-b2f7-5547ad157c12/resourcegroups/innovation/providers/microsoft.storage/storageaccounts/stk8sc/providers/Microsoft.Advisor/recommendations/7d73f99147abdc612b92bf01f8e5d4d3ac2e7109f8d0b3c21a3f78d8439a43b0"",""resource_linkage"":""resource_id""}"	1b662511d730d4c435c37122ad31439fd340299638b102d60097eaa94ab8c4fb
1	72a34e2b-f26c-4bd9-b778-6118966cf94b	2026-07-31	resolved	advisor_retirement_recommendation	azure_advisor	/subscriptions/a4e96bcd-59dc-4d66-b2f7-5547ad157c12/resourcegroups/io-d-itn-common-rg-01/providers/microsoft.keyvault/vaults/io-d-itn-common-kv-01/providers/Microsoft.Advisor/recommendations/cab1e4e2cfcc6029efe77fc47a428e15857489a88904650af1b2e73b0cb3ed1d	7ff06874-39e9-41be-9552-fa1ae2a83c88	New	a4e96bcd-59dc-4d66-b2f7-5547ad157c12		resource_id	/subscriptions/a4e96bcd-59dc-4d66-b2f7-5547ad157c12/resourcegroups/io-d-itn-common-rg-01/providers/microsoft.keyvault/vaults/io-d-itn-common-kv-01	/subscriptions/a4e96bcd-59dc-4d66-b2f7-5547ad157c12/resourcegroups/io-d-itn-common-rg-01/providers/microsoft.keyvault/vaults/io-d-itn-common-kv-01	io-d-itn-common-kv-01	io-d-itn-common-rg-01	microsoft.keyvault/vaults		{}			API versions prior to 2026-02-01	2027-02-27	2027-02-27	properties.extendedProperties.retirementDate	exact	High		HighAvailability		2026-07-27T18:41:36.344944Z		Azure Key Vault API versions prior to 2026-02-01 are being retired	Azure Key Vault API versions prior to 2026-02-01 are being retired				[]	missing	missing	missing	metadata_not_found,resource_inventory_not_found,subscription_inventory_not_found	"{""acquisition"":""advisor.recommendations"",""api_version"":""2025-01-01"",""fields"":{""description"":"""",""resource_id"":""properties.resourceMetadata.resourceId""},""lookup_keys"":{""metadata"":""7ff06874-39e9-41be-9552-fa1ae2a83c88\u0000/subscriptions/a4e96bcd-59dc-4d66-b2f7-5547ad157c12/resourcegroups/io-d-itn-common-rg-01/providers/microsoft.keyvault/vaults/io-d-itn-common-kv-01"",""resource"":""/subscriptions/a4e96bcd-59dc-4d66-b2f7-5547ad157c12/resourcegroups/io-d-itn-common-rg-01/providers/microsoft.keyvault/vaults/io-d-itn-common-kv-01"",""subscription"":""a4e96bcd-59dc-4d66-b2f7-5547ad157c12""},""match_status"":{""metadata"":""missing"",""resource"":""missing"",""subscription"":""missing""},""recommendation_id"":""/subscriptions/a4e96bcd-59dc-4d66-b2f7-5547ad157c12/resourcegroups/io-d-itn-common-rg-01/providers/microsoft.keyvault/vaults/io-d-itn-common-kv-01/providers/Microsoft.Advisor/recommendations/cab1e4e2cfcc6029efe77fc47a428e15857489a88904650af1b2e73b0cb3ed1d"",""resource_linkage"":""resource_id""}"	6651f59f941a7622369b61e535b7a3a108218aef79f19f2c0b67e7668a4cfba5
1	72a34e2b-f26c-4bd9-b778-6118966cf94b	2026-07-31	resolved	advisor_retirement_recommendation	azure_advisor	/subscriptions/a4e96bcd-59dc-4d66-b2f7-5547ad157c12/resourcegroups/io-d-itn-platform-rg-01/providers/microsoft.compute/virtualmachines/io-d-platform-load-test-02/providers/Microsoft.Advisor/recommendations/a1d5b8f77c80e2453d5f83bc19fca987877d185659118d491723f17759facd99	5f2613df-629f-4b07-9425-2a47ea0dfad3	New	a4e96bcd-59dc-4d66-b2f7-5547ad157c12		resource_id	/subscriptions/a4e96bcd-59dc-4d66-b2f7-5547ad157c12/resourcegroups/io-d-itn-platform-rg-01/providers/microsoft.compute/virtualmachines/io-d-platform-load-test-02	/subscriptions/a4e96bcd-59dc-4d66-b2f7-5547ad157c12/resourcegroups/io-d-itn-platform-rg-01/providers/microsoft.compute/virtualmachines/io-d-platform-load-test-02	io-d-platform-load-test-02	io-d-itn-platform-rg-01	microsoft.compute/virtualmachines		{}							missing	Medium		HighAvailability		2026-05-11T06:15:56.774790Z		Migrate workload to Virtual Machine Scale Sets Flex	Migrate workload to Virtual Machine Scale Sets Flex				[]	missing	missing	missing	metadata_not_found,missing_retirement_date,resource_inventory_not_found,subscription_inventory_not_found	"{""acquisition"":""advisor.recommendations"",""api_version"":""2025-01-01"",""fields"":{""description"":"""",""resource_id"":""properties.resourceMetadata.resourceId""},""lookup_keys"":{""metadata"":""5f2613df-629f-4b07-9425-2a47ea0dfad3\u0000/subscriptions/a4e96bcd-59dc-4d66-b2f7-5547ad157c12/resourcegroups/io-d-itn-platform-rg-01/providers/microsoft.compute/virtualmachines/io-d-platform-load-test-02"",""resource"":""/subscriptions/a4e96bcd-59dc-4d66-b2f7-5547ad157c12/resourcegroups/io-d-itn-platform-rg-01/providers/microsoft.compute/virtualmachines/io-d-platform-load-test-02"",""subscription"":""a4e96bcd-59dc-4d66-b2f7-5547ad157c12""},""match_status"":{""metadata"":""missing"",""resource"":""missing"",""subscription"":""missing""},""recommendation_id"":""/subscriptions/a4e96bcd-59dc-4d66-b2f7-5547ad157c12/resourcegroups/io-d-itn-platform-rg-01/providers/microsoft.compute/virtualmachines/io-d-platform-load-test-02/providers/Microsoft.Advisor/recommendations/a1d5b8f77c80e2453d5f83bc19fca987877d185659118d491723f17759facd99"",""resource_linkage"":""resource_id""}"	6cb84727c32fa16a68ad23bad3a8dc073ece3e00e9f98c280623a908a18ec411
1	72a34e2b-f26c-4bd9-b778-6118966cf94b	2026-07-31	resolved	advisor_retirement_recommendation	azure_advisor	/subscriptions/a4e96bcd-59dc-4d66-b2f7-5547ad157c12/resourcegroups/io-d-itn-wallet-rg/providers/microsoft.compute/virtualmachines/ioditnwalletissuertest/providers/Microsoft.Advisor/recommendations/1bbd64c86abaeddd2973c47bc6927a38a332c2ee1e3dfbd5b8dca501cac9a83a	7f71b153-c0b7-4e99-a23e-db8179183ec9	New	a4e96bcd-59dc-4d66-b2f7-5547ad157c12		resource_id	/subscriptions/a4e96bcd-59dc-4d66-b2f7-5547ad157c12/resourcegroups/io-d-itn-wallet-rg/providers/microsoft.compute/virtualmachines/ioditnwalletissuertest	/subscriptions/a4e96bcd-59dc-4d66-b2f7-5547ad157c12/resourcegroups/io-d-itn-wallet-rg/providers/microsoft.compute/virtualmachines/ioditnwalletissuertest	ioditnwalletissuertest	io-d-itn-wallet-rg	microsoft.compute/virtualmachines		{}							missing	High		HighAvailability		2026-04-30T20:53:40.124223Z		Migrate workload to D-series or better virtual machine	Migrate workload to D-series or better virtual machine				[]	missing	missing	missing	metadata_not_found,missing_retirement_date,resource_inventory_not_found,subscription_inventory_not_found	"{""acquisition"":""advisor.recommendations"",""api_version"":""2025-01-01"",""fields"":{""description"":"""",""resource_id"":""properties.resourceMetadata.resourceId""},""lookup_keys"":{""metadata"":""7f71b153-c0b7-4e99-a23e-db8179183ec9\u0000/subscriptions/a4e96bcd-59dc-4d66-b2f7-5547ad157c12/resourcegroups/io-d-itn-wallet-rg/providers/microsoft.compute/virtualmachines/ioditnwalletissuertest"",""resource"":""/subscriptions/a4e96bcd-59dc-4d66-b2f7-5547ad157c12/resourcegroups/io-d-itn-wallet-rg/providers/microsoft.compute/virtualmachines/ioditnwalletissuertest"",""subscription"":""a4e96bcd-59dc-4d66-b2f7-5547ad157c12""},""match_status"":{""metadata"":""missing"",""resource"":""missing"",""subscription"":""missing""},""recommendation_id"":""/subscriptions/a4e96bcd-59dc-4d66-b2f7-5547ad157c12/resourcegroups/io-d-itn-wallet-rg/providers/microsoft.compute/virtualmachines/ioditnwalletissuertest/providers/Microsoft.Advisor/recommendations/1bbd64c86abaeddd2973c47bc6927a38a332c2ee1e3dfbd5b8dca501cac9a83a"",""resource_linkage"":""resource_id""}"	8fbd034809fdc209900cc5fa3d1cdfff184c4eb03521426c0086977410f526de
1	72a34e2b-f26c-4bd9-b778-6118966cf94b	2026-07-31	resolved	advisor_retirement_recommendation	azure_advisor	/subscriptions/a4e96bcd-59dc-4d66-b2f7-5547ad157c12/resourcegroups/io-d-itn-wallet-rg/providers/microsoft.compute/virtualmachines/ioditnwalletissuertest/providers/Microsoft.Advisor/recommendations/b82ef145e00dac80269d64975bd3ed07e9a1c6ec47591871c4fb277788d487b4	13cea0f1-c3f7-4c66-8b3b-9928a0f07cea	New	a4e96bcd-59dc-4d66-b2f7-5547ad157c12		resource_id	/subscriptions/a4e96bcd-59dc-4d66-b2f7-5547ad157c12/resourcegroups/io-d-itn-wallet-rg/providers/microsoft.compute/virtualmachines/ioditnwalletissuertest	/subscriptions/a4e96bcd-59dc-4d66-b2f7-5547ad157c12/resourcegroups/io-d-itn-wallet-rg/providers/microsoft.compute/virtualmachines/ioditnwalletissuertest	ioditnwalletissuertest	io-d-itn-wallet-rg	microsoft.compute/virtualmachines		{}			LSv2, G, GS, F, FS, Fsv2, B, Av2 - Series	2028-11-15	2028-11-15	properties.extendedProperties.retirementDate	exact	High		HighAvailability		2026-07-01T13:48:30.369643Z		Review and migrate virtual machine workloads	Review and migrate virtual machine workloads				[]	missing	missing	missing	metadata_not_found,resource_inventory_not_found,subscription_inventory_not_found	"{""acquisition"":""advisor.recommendations"",""api_version"":""2025-01-01"",""fields"":{""description"":"""",""resource_id"":""properties.resourceMetadata.resourceId""},""lookup_keys"":{""metadata"":""13cea0f1-c3f7-4c66-8b3b-9928a0f07cea\u0000/subscriptions/a4e96bcd-59dc-4d66-b2f7-5547ad157c12/resourcegroups/io-d-itn-wallet-rg/providers/microsoft.compute/virtualmachines/ioditnwalletissuertest"",""resource"":""/subscriptions/a4e96bcd-59dc-4d66-b2f7-5547ad157c12/resourcegroups/io-d-itn-wallet-rg/providers/microsoft.compute/virtualmachines/ioditnwalletissuertest"",""subscription"":""a4e96bcd-59dc-4d66-b2f7-5547ad157c12""},""match_status"":{""metadata"":""missing"",""resource"":""missing"",""subscription"":""missing""},""recommendation_id"":""/subscriptions/a4e96bcd-59dc-4d66-b2f7-5547ad157c12/resourcegroups/io-d-itn-wallet-rg/providers/microsoft.compute/virtualmachines/ioditnwalletissuertest/providers/Microsoft.Advisor/recommendations/b82ef145e00dac80269d64975bd3ed07e9a1c6ec47591871c4fb277788d487b4"",""resource_linkage"":""resource_id""}"	c1ea068064e9660d650aa648b822719a6d00f6ecece7236f4303810d742648bb
1	72a34e2b-f26c-4bd9-b778-6118966cf94b	2026-07-31	resolved	advisor_retirement_recommendation	azure_advisor	/subscriptions/a4e96bcd-59dc-4d66-b2f7-5547ad157c12/resourcegroups/io-d-itn-wallet-rg/providers/microsoft.compute/virtualmachines/ioditnwalletissuertest/providers/Microsoft.Advisor/recommendations/dae2919a7f0df5ace217d1f6a5521ea3dd733ae7ebbc4cf05034704df1c6bbfb	5f2613df-629f-4b07-9425-2a47ea0dfad3	New	a4e96bcd-59dc-4d66-b2f7-5547ad157c12		resource_id	/subscriptions/a4e96bcd-59dc-4d66-b2f7-5547ad157c12/resourcegroups/io-d-itn-wallet-rg/providers/microsoft.compute/virtualmachines/ioditnwalletissuertest	/subscriptions/a4e96bcd-59dc-4d66-b2f7-5547ad157c12/resourcegroups/io-d-itn-wallet-rg/providers/microsoft.compute/virtualmachines/ioditnwalletissuertest	ioditnwalletissuertest	io-d-itn-wallet-rg	microsoft.compute/virtualmachines		{}							missing	Medium		HighAvailability		2026-07-09T22:29:36.823025Z		Migrate workload to Virtual Machine Scale Sets Flex	Migrate workload to Virtual Machine Scale Sets Flex				[]	missing	missing	missing	metadata_not_found,missing_retirement_date,resource_inventory_not_found,subscription_inventory_not_found	"{""acquisition"":""advisor.recommendations"",""api_version"":""2025-01-01"",""fields"":{""description"":"""",""resource_id"":""properties.resourceMetadata.resourceId""},""lookup_keys"":{""metadata"":""5f2613df-629f-4b07-9425-2a47ea0dfad3\u0000/subscriptions/a4e96bcd-59dc-4d66-b2f7-5547ad157c12/resourcegroups/io-d-itn-wallet-rg/providers/microsoft.compute/virtualmachines/ioditnwalletissuertest"",""resource"":""/subscriptions/a4e96bcd-59dc-4d66-b2f7-5547ad157c12/resourcegroups/io-d-itn-wallet-rg/providers/microsoft.compute/virtualmachines/ioditnwalletissuertest"",""subscription"":""a4e96bcd-59dc-4d66-b2f7-5547ad157c12""},""match_status"":{""metadata"":""missing"",""resource"":""missing"",""subscription"":""missing""},""recommendation_id"":""/subscriptions/a4e96bcd-59dc-4d66-b2f7-5547ad157c12/resourcegroups/io-d-itn-wallet-rg/providers/microsoft.compute/virtualmachines/ioditnwalletissuertest/providers/Microsoft.Advisor/recommendations/dae2919a7f0df5ace217d1f6a5521ea3dd733ae7ebbc4cf05034704df1c6bbfb"",""resource_linkage"":""resource_id""}"	e36bd40ea967c578e5c56abafd3c05aa917b00bd573e88ea1e1dc0de9917f567
1	72a34e2b-f26c-4bd9-b778-6118966cf94b	2026-07-31	resolved	advisor_retirement_recommendation	azure_advisor	/subscriptions/a4e96bcd-59dc-4d66-b2f7-5547ad157c12/resourcegroups/io-d-itn-wallet-rg/providers/microsoft.keyvault/vaults/io-d-itn-wallet-kv/providers/Microsoft.Advisor/recommendations/179e6d36f592b41fd9156a359de24b5a41d22d1f0cfe1a24fa7fea5f87108850	7ff06874-39e9-41be-9552-fa1ae2a83c88	New	a4e96bcd-59dc-4d66-b2f7-5547ad157c12		resource_id	/subscriptions/a4e96bcd-59dc-4d66-b2f7-5547ad157c12/resourcegroups/io-d-itn-wallet-rg/providers/microsoft.keyvault/vaults/io-d-itn-wallet-kv	/subscriptions/a4e96bcd-59dc-4d66-b2f7-5547ad157c12/resourcegroups/io-d-itn-wallet-rg/providers/microsoft.keyvault/vaults/io-d-itn-wallet-kv	io-d-itn-wallet-kv	io-d-itn-wallet-rg	microsoft.keyvault/vaults		{}			API versions prior to 2026-02-01	2027-02-27	2027-02-27	properties.extendedProperties.retirementDate	exact	High		HighAvailability		2026-07-20T14:27:26.290298Z		Azure Key Vault API versions prior to 2026-02-01 are being retired	Azure Key Vault API versions prior to 2026-02-01 are being retired				[]	missing	missing	missing	metadata_not_found,resource_inventory_not_found,subscription_inventory_not_found	"{""acquisition"":""advisor.recommendations"",""api_version"":""2025-01-01"",""fields"":{""description"":"""",""resource_id"":""properties.resourceMetadata.resourceId""},""lookup_keys"":{""metadata"":""7ff06874-39e9-41be-9552-fa1ae2a83c88\u0000/subscriptions/a4e96bcd-59dc-4d66-b2f7-5547ad157c12/resourcegroups/io-d-itn-wallet-rg/providers/microsoft.keyvault/vaults/io-d-itn-wallet-kv"",""resource"":""/subscriptions/a4e96bcd-59dc-4d66-b2f7-5547ad157c12/resourcegroups/io-d-itn-wallet-rg/providers/microsoft.keyvault/vaults/io-d-itn-wallet-kv"",""subscription"":""a4e96bcd-59dc-4d66-b2f7-5547ad157c12""},""match_status"":{""metadata"":""missing"",""resource"":""missing"",""subscription"":""missing""},""recommendation_id"":""/subscriptions/a4e96bcd-59dc-4d66-b2f7-5547ad157c12/resourcegroups/io-d-itn-wallet-rg/providers/microsoft.keyvault/vaults/io-d-itn-wallet-kv/providers/Microsoft.Advisor/recommendations/179e6d36f592b41fd9156a359de24b5a41d22d1f0cfe1a24fa7fea5f87108850"",""resource_linkage"":""resource_id""}"	d25ecfdea01a7bd6bb229153679307285b65a4a589f2c73a32650b20afca59ed
1	72a34e2b-f26c-4bd9-b778-6118966cf94b	2026-07-31	resolved	advisor_retirement_recommendation	azure_advisor	/subscriptions/a4e96bcd-59dc-4d66-b2f7-5547ad157c12/resourcegroups/io-d-itn-wallet-rg/providers/microsoft.storage/storageaccounts/ioditnwalletrg9a34/providers/Microsoft.Advisor/recommendations/e1c53daa1f4d7a4818dff16b35ac4f1ba99c2a45f516f2002f4d6a58bb11554e	1d70919c-1a4a-4f79-8300-bb576c291e9d	New	a4e96bcd-59dc-4d66-b2f7-5547ad157c12		resource_id	/subscriptions/a4e96bcd-59dc-4d66-b2f7-5547ad157c12/resourcegroups/io-d-itn-wallet-rg/providers/microsoft.storage/storageaccounts/ioditnwalletrg9a34	/subscriptions/a4e96bcd-59dc-4d66-b2f7-5547ad157c12/resourcegroups/io-d-itn-wallet-rg/providers/microsoft.storage/storageaccounts/ioditnwalletrg9a34	ioditnwalletrg9a34	io-d-itn-wallet-rg	microsoft.storage/storageaccounts		{}			Legacy Blob and General-Purpose v1 storage accounts	2026-10-13	2026-10-13	properties.extendedProperties.retirementDate	exact	Medium		HighAvailability		2026-05-11T17:38:56.276966Z		Upgrade general-purpose v1 storage accounts	Upgrade general-purpose v1 storage accounts				[]	missing	missing	missing	metadata_not_found,resource_inventory_not_found,subscription_inventory_not_found	"{""acquisition"":""advisor.recommendations"",""api_version"":""2025-01-01"",""fields"":{""description"":"""",""resource_id"":""properties.resourceMetadata.resourceId""},""lookup_keys"":{""metadata"":""1d70919c-1a4a-4f79-8300-bb576c291e9d\u0000/subscriptions/a4e96bcd-59dc-4d66-b2f7-5547ad157c12/resourcegroups/io-d-itn-wallet-rg/providers/microsoft.storage/storageaccounts/ioditnwalletrg9a34"",""resource"":""/subscriptions/a4e96bcd-59dc-4d66-b2f7-5547ad157c12/resourcegroups/io-d-itn-wallet-rg/providers/microsoft.storage/storageaccounts/ioditnwalletrg9a34"",""subscription"":""a4e96bcd-59dc-4d66-b2f7-5547ad157c12""},""match_status"":{""metadata"":""missing"",""resource"":""missing"",""subscription"":""missing""},""recommendation_id"":""/subscriptions/a4e96bcd-59dc-4d66-b2f7-5547ad157c12/resourcegroups/io-d-itn-wallet-rg/providers/microsoft.storage/storageaccounts/ioditnwalletrg9a34/providers/Microsoft.Advisor/recommendations/e1c53daa1f4d7a4818dff16b35ac4f1ba99c2a45f516f2002f4d6a58bb11554e"",""resource_linkage"":""resource_id""}"	4f24f3a55d847969eb6006724e7f91b61d36c29989b033e661084f36496c4725
1	72a34e2b-f26c-4bd9-b778-6118966cf94b	2026-07-31	resolved	advisor_retirement_recommendation	azure_advisor	/subscriptions/a4e96bcd-59dc-4d66-b2f7-5547ad157c12/resourcegroups/io-d-itn-wallet-rg/providers/microsoft.storage/storageaccounts/ioditnwalletrga9a2/providers/Microsoft.Advisor/recommendations/9d2d42e3a504740c7205e3f144097694e84a2d2c0f873b442a42c16e4179fe1d	1d70919c-1a4a-4f79-8300-bb576c291e9d	New	a4e96bcd-59dc-4d66-b2f7-5547ad157c12		resource_id	/subscriptions/a4e96bcd-59dc-4d66-b2f7-5547ad157c12/resourcegroups/io-d-itn-wallet-rg/providers/microsoft.storage/storageaccounts/ioditnwalletrga9a2	/subscriptions/a4e96bcd-59dc-4d66-b2f7-5547ad157c12/resourcegroups/io-d-itn-wallet-rg/providers/microsoft.storage/storageaccounts/ioditnwalletrga9a2	ioditnwalletrga9a2	io-d-itn-wallet-rg	microsoft.storage/storageaccounts		{}			Legacy Blob and General-Purpose v1 storage accounts	2026-10-13	2026-10-13	properties.extendedProperties.retirementDate	exact	Medium		HighAvailability		2026-05-21T10:03:12.255072Z		Upgrade general-purpose v1 storage accounts	Upgrade general-purpose v1 storage accounts				[]	missing	missing	missing	metadata_not_found,resource_inventory_not_found,subscription_inventory_not_found	"{""acquisition"":""advisor.recommendations"",""api_version"":""2025-01-01"",""fields"":{""description"":"""",""resource_id"":""properties.resourceMetadata.resourceId""},""lookup_keys"":{""metadata"":""1d70919c-1a4a-4f79-8300-bb576c291e9d\u0000/subscriptions/a4e96bcd-59dc-4d66-b2f7-5547ad157c12/resourcegroups/io-d-itn-wallet-rg/providers/microsoft.storage/storageaccounts/ioditnwalletrga9a2"",""resource"":""/subscriptions/a4e96bcd-59dc-4d66-b2f7-5547ad157c12/resourcegroups/io-d-itn-wallet-rg/providers/microsoft.storage/storageaccounts/ioditnwalletrga9a2"",""subscription"":""a4e96bcd-59dc-4d66-b2f7-5547ad157c12""},""match_status"":{""metadata"":""missing"",""resource"":""missing"",""subscription"":""missing""},""recommendation_id"":""/subscriptions/a4e96bcd-59dc-4d66-b2f7-5547ad157c12/resourcegroups/io-d-itn-wallet-rg/providers/microsoft.storage/storageaccounts/ioditnwalletrga9a2/providers/Microsoft.Advisor/recommendations/9d2d42e3a504740c7205e3f144097694e84a2d2c0f873b442a42c16e4179fe1d"",""resource_linkage"":""resource_id""}"	86c2036f52aca93e292ef802c59a9ccae72dc24c5f311a1f821004d2f6817b21
1	72a34e2b-f26c-4bd9-b778-6118966cf94b	2026-07-31	resolved	advisor_retirement_recommendation	azure_advisor	/subscriptions/a4e96bcd-59dc-4d66-b2f7-5547ad157c12/resourcegroups/io-d-lollipop-rg/providers/microsoft.storage/storageaccounts/iodlollipopassertionst/providers/Microsoft.Advisor/recommendations/014757bf6f9a74b57b96cf91b10fdb7cc23695784d2cd120c95eb5948d2dcf14	ced5fa9f-b5bf-4982-9f25-8190fb36dfca	New	a4e96bcd-59dc-4d66-b2f7-5547ad157c12		resource_id	/subscriptions/a4e96bcd-59dc-4d66-b2f7-5547ad157c12/resourcegroups/io-d-lollipop-rg/providers/microsoft.storage/storageaccounts/iodlollipopassertionst	/subscriptions/a4e96bcd-59dc-4d66-b2f7-5547ad157c12/resourcegroups/io-d-lollipop-rg/providers/microsoft.storage/storageaccounts/iodlollipopassertionst	iodlollipopassertionst	io-d-lollipop-rg	microsoft.storage/storageaccounts		{}			Support for TLS 1.0 and 1.1	2026-02-03	2026-02-03	properties.extendedProperties.retirementDate	exact	High		HighAvailability		2026-04-18T13:09:39.440671Z		Support for TLS 1.0 and TLS 1.1 in Azure storage accounts is ending	Support for TLS 1.0 and TLS 1.1 in Azure storage accounts is ending				[]	missing	missing	missing	metadata_not_found,resource_inventory_not_found,subscription_inventory_not_found	"{""acquisition"":""advisor.recommendations"",""api_version"":""2025-01-01"",""fields"":{""description"":"""",""resource_id"":""properties.resourceMetadata.resourceId""},""lookup_keys"":{""metadata"":""ced5fa9f-b5bf-4982-9f25-8190fb36dfca\u0000/subscriptions/a4e96bcd-59dc-4d66-b2f7-5547ad157c12/resourcegroups/io-d-lollipop-rg/providers/microsoft.storage/storageaccounts/iodlollipopassertionst"",""resource"":""/subscriptions/a4e96bcd-59dc-4d66-b2f7-5547ad157c12/resourcegroups/io-d-lollipop-rg/providers/microsoft.storage/storageaccounts/iodlollipopassertionst"",""subscription"":""a4e96bcd-59dc-4d66-b2f7-5547ad157c12""},""match_status"":{""metadata"":""missing"",""resource"":""missing"",""subscription"":""missing""},""recommendation_id"":""/subscriptions/a4e96bcd-59dc-4d66-b2f7-5547ad157c12/resourcegroups/io-d-lollipop-rg/providers/microsoft.storage/storageaccounts/iodlollipopassertionst/providers/Microsoft.Advisor/recommendations/014757bf6f9a74b57b96cf91b10fdb7cc23695784d2cd120c95eb5948d2dcf14"",""resource_linkage"":""resource_id""}"	793ed653b82d193298e744b4a068a5a112b877eb6227b7f89a017eb1cb134a07
1	72a34e2b-f26c-4bd9-b778-6118966cf94b	2026-07-31	resolved	advisor_retirement_recommendation	azure_advisor	/subscriptions/a4e96bcd-59dc-4d66-b2f7-5547ad157c12/resourcegroups/io-d-platform-load-test_group/providers/microsoft.compute/virtualmachines/io-d-platform-load-test/providers/Microsoft.Advisor/recommendations/531c28f90ea4be8a6c7c6460ac84503ddc8176b948d95b620eb9bae6b6eac125	5f2613df-629f-4b07-9425-2a47ea0dfad3	New	a4e96bcd-59dc-4d66-b2f7-5547ad157c12		resource_id	/subscriptions/a4e96bcd-59dc-4d66-b2f7-5547ad157c12/resourcegroups/io-d-platform-load-test_group/providers/microsoft.compute/virtualmachines/io-d-platform-load-test	/subscriptions/a4e96bcd-59dc-4d66-b2f7-5547ad157c12/resourcegroups/io-d-platform-load-test_group/providers/microsoft.compute/virtualmachines/io-d-platform-load-test	io-d-platform-load-test	io-d-platform-load-test_group	microsoft.compute/virtualmachines		{}							missing	Medium		HighAvailability		2026-06-25T04:04:09.887474Z		Migrate workload to Virtual Machine Scale Sets Flex	Migrate workload to Virtual Machine Scale Sets Flex				[]	missing	missing	missing	metadata_not_found,missing_retirement_date,resource_inventory_not_found,subscription_inventory_not_found	"{""acquisition"":""advisor.recommendations"",""api_version"":""2025-01-01"",""fields"":{""description"":"""",""resource_id"":""properties.resourceMetadata.resourceId""},""lookup_keys"":{""metadata"":""5f2613df-629f-4b07-9425-2a47ea0dfad3\u0000/subscriptions/a4e96bcd-59dc-4d66-b2f7-5547ad157c12/resourcegroups/io-d-platform-load-test_group/providers/microsoft.compute/virtualmachines/io-d-platform-load-test"",""resource"":""/subscriptions/a4e96bcd-59dc-4d66-b2f7-5547ad157c12/resourcegroups/io-d-platform-load-test_group/providers/microsoft.compute/virtualmachines/io-d-platform-load-test"",""subscription"":""a4e96bcd-59dc-4d66-b2f7-5547ad157c12""},""match_status"":{""metadata"":""missing"",""resource"":""missing"",""subscription"":""missing""},""recommendation_id"":""/subscriptions/a4e96bcd-59dc-4d66-b2f7-5547ad157c12/resourcegroups/io-d-platform-load-test_group/providers/microsoft.compute/virtualmachines/io-d-platform-load-test/providers/Microsoft.Advisor/recommendations/531c28f90ea4be8a6c7c6460ac84503ddc8176b948d95b620eb9bae6b6eac125"",""resource_linkage"":""resource_id""}"	7df6a53f25de9417e9b1e19e49bf3ba460f8ac0ae329f8814a20645346a2abe9
1	72a34e2b-f26c-4bd9-b778-6118966cf94b	2026-07-31	resolved	advisor_retirement_recommendation	azure_advisor	/subscriptions/a4e96bcd-59dc-4d66-b2f7-5547ad157c12/resourcegroups/io-lab-rg-common/providers/microsoft.storage/storageaccounts/iolabstshell/providers/Microsoft.Advisor/recommendations/6dfec6ea6fe0067d269c00cc19a173d1137c8018510d0677e8876c02cd87db41	ced5fa9f-b5bf-4982-9f25-8190fb36dfca	New	a4e96bcd-59dc-4d66-b2f7-5547ad157c12		resource_id	/subscriptions/a4e96bcd-59dc-4d66-b2f7-5547ad157c12/resourcegroups/io-lab-rg-common/providers/microsoft.storage/storageaccounts/iolabstshell	/subscriptions/a4e96bcd-59dc-4d66-b2f7-5547ad157c12/resourcegroups/io-lab-rg-common/providers/microsoft.storage/storageaccounts/iolabstshell	iolabstshell	io-lab-rg-common	microsoft.storage/storageaccounts		{}			Support for TLS 1.0 and 1.1	2026-02-03	2026-02-03	properties.extendedProperties.retirementDate	exact	High		HighAvailability		2026-04-18T13:08:42.024185Z		Support for TLS 1.0 and TLS 1.1 in Azure storage accounts is ending	Support for TLS 1.0 and TLS 1.1 in Azure storage accounts is ending				[]	missing	missing	missing	metadata_not_found,resource_inventory_not_found,subscription_inventory_not_found	"{""acquisition"":""advisor.recommendations"",""api_version"":""2025-01-01"",""fields"":{""description"":"""",""resource_id"":""properties.resourceMetadata.resourceId""},""lookup_keys"":{""metadata"":""ced5fa9f-b5bf-4982-9f25-8190fb36dfca\u0000/subscriptions/a4e96bcd-59dc-4d66-b2f7-5547ad157c12/resourcegroups/io-lab-rg-common/providers/microsoft.storage/storageaccounts/iolabstshell"",""resource"":""/subscriptions/a4e96bcd-59dc-4d66-b2f7-5547ad157c12/resourcegroups/io-lab-rg-common/providers/microsoft.storage/storageaccounts/iolabstshell"",""subscription"":""a4e96bcd-59dc-4d66-b2f7-5547ad157c12""},""match_status"":{""metadata"":""missing"",""resource"":""missing"",""subscription"":""missing""},""recommendation_id"":""/subscriptions/a4e96bcd-59dc-4d66-b2f7-5547ad157c12/resourcegroups/io-lab-rg-common/providers/microsoft.storage/storageaccounts/iolabstshell/providers/Microsoft.Advisor/recommendations/6dfec6ea6fe0067d269c00cc19a173d1137c8018510d0677e8876c02cd87db41"",""resource_linkage"":""resource_id""}"	8f1d13e83262cd79e688650f14d4f02fceee2b396d4c2dfefd8f2ced97fad7fe
1	72a34e2b-f26c-4bd9-b778-6118966cf94b	2026-07-31	resolved	advisor_retirement_recommendation	azure_advisor	/subscriptions/ac17914c-79bf-48fa-831e-1359ef74c1d5/resourcegroups/dvopla-d-itn-dev-aks-rg/providers/microsoft.containerservice/managedclusters/dvopla-d-itn-dev-aks/providers/Microsoft.Advisor/recommendations/85eb9738003387f743d30fab8c3a6154bc4721db3afb29f0487142c9cbfb4fc2	b005ecf0-23e2-4279-9ca2-718d1518c9fb	New	ac17914c-79bf-48fa-831e-1359ef74c1d5		resource_id	/subscriptions/ac17914c-79bf-48fa-831e-1359ef74c1d5/resourcegroups/dvopla-d-itn-dev-aks-rg/providers/microsoft.containerservice/managedclusters/dvopla-d-itn-dev-aks	/subscriptions/ac17914c-79bf-48fa-831e-1359ef74c1d5/resourcegroups/dvopla-d-itn-dev-aks-rg/providers/microsoft.containerservice/managedclusters/dvopla-d-itn-dev-aks	dvopla-d-itn-dev-aks	dvopla-d-itn-dev-aks-rg	microsoft.containerservice/managedclusters		{}			Legacy authentication for Container Insights - Azure Monitor	2026-09-30	2026-09-30	properties.extendedProperties.retirementDate	exact	Medium		HighAvailability		2026-04-16T16:00:25.885781Z		Migrate to Container insights managed identity authentication	Migrate to Container insights managed identity authentication				[]	missing	missing	missing	metadata_not_found,resource_inventory_not_found,subscription_inventory_not_found	"{""acquisition"":""advisor.recommendations"",""api_version"":""2025-01-01"",""fields"":{""description"":"""",""resource_id"":""properties.resourceMetadata.resourceId""},""lookup_keys"":{""metadata"":""b005ecf0-23e2-4279-9ca2-718d1518c9fb\u0000/subscriptions/ac17914c-79bf-48fa-831e-1359ef74c1d5/resourcegroups/dvopla-d-itn-dev-aks-rg/providers/microsoft.containerservice/managedclusters/dvopla-d-itn-dev-aks"",""resource"":""/subscriptions/ac17914c-79bf-48fa-831e-1359ef74c1d5/resourcegroups/dvopla-d-itn-dev-aks-rg/providers/microsoft.containerservice/managedclusters/dvopla-d-itn-dev-aks"",""subscription"":""ac17914c-79bf-48fa-831e-1359ef74c1d5""},""match_status"":{""metadata"":""missing"",""resource"":""missing"",""subscription"":""missing""},""recommendation_id"":""/subscriptions/ac17914c-79bf-48fa-831e-1359ef74c1d5/resourcegroups/dvopla-d-itn-dev-aks-rg/providers/microsoft.containerservice/managedclusters/dvopla-d-itn-dev-aks/providers/Microsoft.Advisor/recommendations/85eb9738003387f743d30fab8c3a6154bc4721db3afb29f0487142c9cbfb4fc2"",""resource_linkage"":""resource_id""}"	088f11fce60cbe1b78bca3e00b951668cd82bd357bf652ec427195c55a2296ac
1	72a34e2b-f26c-4bd9-b778-6118966cf94b	2026-07-31	resolved	advisor_retirement_recommendation	azure_advisor	/subscriptions/ac17914c-79bf-48fa-831e-1359ef74c1d5/resourcegroups/dvopla-d-itn-dev-aks-rg/providers/microsoft.containerservice/managedclusters/dvopla-d-itn-dev-aks/providers/Microsoft.Advisor/recommendations/9e31bcfd6529054ec8aae0c20fa2dfeae098efb7b1ce9b629e051637aef46fad	00dbcc9d-50d4-44ef-bc21-c15785cddf42	New	ac17914c-79bf-48fa-831e-1359ef74c1d5		resource_id	/subscriptions/ac17914c-79bf-48fa-831e-1359ef74c1d5/resourcegroups/dvopla-d-itn-dev-aks-rg/providers/microsoft.containerservice/managedclusters/dvopla-d-itn-dev-aks	/subscriptions/ac17914c-79bf-48fa-831e-1359ef74c1d5/resourcegroups/dvopla-d-itn-dev-aks-rg/providers/microsoft.containerservice/managedclusters/dvopla-d-itn-dev-aks	dvopla-d-itn-dev-aks	dvopla-d-itn-dev-aks-rg	microsoft.containerservice/managedclusters		{}			Azure Kubernetes Service support for Ubuntu 22.04	2027-06-30	2027-06-30	properties.extendedProperties.retirementDate	exact	Medium		HighAvailability		2026-05-07T14:51:42.402885Z		Migrate to Ubuntu 24.04 or later versions	Migrate to Ubuntu 24.04 or later versions				[]	missing	missing	missing	metadata_not_found,resource_inventory_not_found,subscription_inventory_not_found	"{""acquisition"":""advisor.recommendations"",""api_version"":""2025-01-01"",""fields"":{""description"":"""",""resource_id"":""properties.resourceMetadata.resourceId""},""lookup_keys"":{""metadata"":""00dbcc9d-50d4-44ef-bc21-c15785cddf42\u0000/subscriptions/ac17914c-79bf-48fa-831e-1359ef74c1d5/resourcegroups/dvopla-d-itn-dev-aks-rg/providers/microsoft.containerservice/managedclusters/dvopla-d-itn-dev-aks"",""resource"":""/subscriptions/ac17914c-79bf-48fa-831e-1359ef74c1d5/resourcegroups/dvopla-d-itn-dev-aks-rg/providers/microsoft.containerservice/managedclusters/dvopla-d-itn-dev-aks"",""subscription"":""ac17914c-79bf-48fa-831e-1359ef74c1d5""},""match_status"":{""metadata"":""missing"",""resource"":""missing"",""subscription"":""missing""},""recommendation_id"":""/subscriptions/ac17914c-79bf-48fa-831e-1359ef74c1d5/resourcegroups/dvopla-d-itn-dev-aks-rg/providers/microsoft.containerservice/managedclusters/dvopla-d-itn-dev-aks/providers/Microsoft.Advisor/recommendations/9e31bcfd6529054ec8aae0c20fa2dfeae098efb7b1ce9b629e051637aef46fad"",""resource_linkage"":""resource_id""}"	c1fa5757de0373698821bd27e54a4ede3d12cc632fbe1a0fe7289463484d087f
1	72a34e2b-f26c-4bd9-b778-6118966cf94b	2026-07-31	resolved	advisor_retirement_recommendation	azure_advisor	/subscriptions/ac17914c-79bf-48fa-831e-1359ef74c1d5/resourcegroups/dvopla-d-monitor-rg/providers/microsoft.insights/webtests/test tokeniser uat-dvopla-d-appinsights/providers/Microsoft.Advisor/recommendations/517ab95ee8ce6d5f55e5b95511145852ee581ceec3b61ccd070dccce7e3a433f	e877d6d4-e952-4f8a-a4c4-5f90e5ac1da9	New	ac17914c-79bf-48fa-831e-1359ef74c1d5		resource_id	/subscriptions/ac17914c-79bf-48fa-831e-1359ef74c1d5/resourcegroups/dvopla-d-monitor-rg/providers/microsoft.insights/webtests/test tokeniser uat-dvopla-d-appinsights	/subscriptions/ac17914c-79bf-48fa-831e-1359ef74c1d5/resourcegroups/dvopla-d-monitor-rg/providers/microsoft.insights/webtests/test tokeniser uat-dvopla-d-appinsights	test tokeniser uat-dvopla-d-appinsights	dvopla-d-monitor-rg	microsoft.insights/webtests		{}			Single URL Ping Test	2026-09-30	2026-09-30	properties.extendedProperties.retirementDate	exact	Medium		HighAvailability		2026-04-16T22:33:27.180342Z		The URL ping test capability of the application insights feature for Azure Monitor is being retired.	The URL ping test capability of the application insights feature for Azure Monitor is being retired.				[]	missing	missing	missing	metadata_not_found,resource_inventory_not_found,subscription_inventory_not_found	"{""acquisition"":""advisor.recommendations"",""api_version"":""2025-01-01"",""fields"":{""description"":"""",""resource_id"":""properties.resourceMetadata.resourceId""},""lookup_keys"":{""metadata"":""e877d6d4-e952-4f8a-a4c4-5f90e5ac1da9\u0000/subscriptions/ac17914c-79bf-48fa-831e-1359ef74c1d5/resourcegroups/dvopla-d-monitor-rg/providers/microsoft.insights/webtests/test tokeniser uat-dvopla-d-appinsights"",""resource"":""/subscriptions/ac17914c-79bf-48fa-831e-1359ef74c1d5/resourcegroups/dvopla-d-monitor-rg/providers/microsoft.insights/webtests/test tokeniser uat-dvopla-d-appinsights"",""subscription"":""ac17914c-79bf-48fa-831e-1359ef74c1d5""},""match_status"":{""metadata"":""missing"",""resource"":""missing"",""subscription"":""missing""},""recommendation_id"":""/subscriptions/ac17914c-79bf-48fa-831e-1359ef74c1d5/resourcegroups/dvopla-d-monitor-rg/providers/microsoft.insights/webtests/test tokeniser uat-dvopla-d-appinsights/providers/Microsoft.Advisor/recommendations/517ab95ee8ce6d5f55e5b95511145852ee581ceec3b61ccd070dccce7e3a433f"",""resource_linkage"":""resource_id""}"	aa4e38d738350593fb73a46298fdc09f6c0f9bdfd98ae0050e89a22df6a92cda
1	72a34e2b-f26c-4bd9-b778-6118966cf94b	2026-07-31	resolved	advisor_retirement_recommendation	azure_advisor	/subscriptions/ac17914c-79bf-48fa-831e-1359ef74c1d5/resourcegroups/gcp-itn-rg/providers/microsoft.web/sites/gcp-enable-externals/providers/Microsoft.Advisor/recommendations/1c33490d713e2dc5fc0e94cab327eb0e88502d800be01e067dce66a09e27abf5	6f2c6ba6-3fd4-4786-af01-d10b127ee031	New	ac17914c-79bf-48fa-831e-1359ef74c1d5		resource_id	/subscriptions/ac17914c-79bf-48fa-831e-1359ef74c1d5/resourcegroups/gcp-itn-rg/providers/microsoft.web/sites/gcp-enable-externals	/subscriptions/ac17914c-79bf-48fa-831e-1359ef74c1d5/resourcegroups/gcp-itn-rg/providers/microsoft.web/sites/gcp-enable-externals	gcp-enable-externals	gcp-itn-rg	microsoft.web/sites		{}			Linux Consumption hosting plan - Azure Functions	2028-09-30	2028-09-30	properties.extendedProperties.retirementDate	exact	Medium		HighAvailability		2026-05-11T04:56:39.701253Z		Migrate to Flex Consumption	Migrate to Flex Consumption				[]	missing	missing	missing	metadata_not_found,resource_inventory_not_found,subscription_inventory_not_found	"{""acquisition"":""advisor.recommendations"",""api_version"":""2025-01-01"",""fields"":{""description"":"""",""resource_id"":""properties.resourceMetadata.resourceId""},""lookup_keys"":{""metadata"":""6f2c6ba6-3fd4-4786-af01-d10b127ee031\u0000/subscriptions/ac17914c-79bf-48fa-831e-1359ef74c1d5/resourcegroups/gcp-itn-rg/providers/microsoft.web/sites/gcp-enable-externals"",""resource"":""/subscriptions/ac17914c-79bf-48fa-831e-1359ef74c1d5/resourcegroups/gcp-itn-rg/providers/microsoft.web/sites/gcp-enable-externals"",""subscription"":""ac17914c-79bf-48fa-831e-1359ef74c1d5""},""match_status"":{""metadata"":""missing"",""resource"":""missing"",""subscription"":""missing""},""recommendation_id"":""/subscriptions/ac17914c-79bf-48fa-831e-1359ef74c1d5/resourcegroups/gcp-itn-rg/providers/microsoft.web/sites/gcp-enable-externals/providers/Microsoft.Advisor/recommendations/1c33490d713e2dc5fc0e94cab327eb0e88502d800be01e067dce66a09e27abf5"",""resource_linkage"":""resource_id""}"	3d01856779aca7757ced3b3a6d490573b97e576374bdfa59f20ec0b0012830dd
1	72a34e2b-f26c-4bd9-b778-6118966cf94b	2026-07-31	resolved	advisor_retirement_recommendation	azure_advisor	/subscriptions/ac17914c-79bf-48fa-831e-1359ef74c1d5/resourcegroups/matteoalongi-test/providers/microsoft.compute/virtualmachines/remote-connect/providers/Microsoft.Advisor/recommendations/363b3e5671d68ca577a37ca7ba32964e74f564dc4c0039a71380fe8790ab6c94	5f2613df-629f-4b07-9425-2a47ea0dfad3	New	ac17914c-79bf-48fa-831e-1359ef74c1d5		resource_id	/subscriptions/ac17914c-79bf-48fa-831e-1359ef74c1d5/resourcegroups/matteoalongi-test/providers/microsoft.compute/virtualmachines/remote-connect	/subscriptions/ac17914c-79bf-48fa-831e-1359ef74c1d5/resourcegroups/matteoalongi-test/providers/microsoft.compute/virtualmachines/remote-connect	remote-connect	matteoalongi-test	microsoft.compute/virtualmachines		{}							missing	Medium		HighAvailability		2026-07-25T09:35:16.843484Z		Migrate workload to Virtual Machine Scale Sets Flex	Migrate workload to Virtual Machine Scale Sets Flex				[]	missing	missing	missing	metadata_not_found,missing_retirement_date,resource_inventory_not_found,subscription_inventory_not_found	"{""acquisition"":""advisor.recommendations"",""api_version"":""2025-01-01"",""fields"":{""description"":"""",""resource_id"":""properties.resourceMetadata.resourceId""},""lookup_keys"":{""metadata"":""5f2613df-629f-4b07-9425-2a47ea0dfad3\u0000/subscriptions/ac17914c-79bf-48fa-831e-1359ef74c1d5/resourcegroups/matteoalongi-test/providers/microsoft.compute/virtualmachines/remote-connect"",""resource"":""/subscriptions/ac17914c-79bf-48fa-831e-1359ef74c1d5/resourcegroups/matteoalongi-test/providers/microsoft.compute/virtualmachines/remote-connect"",""subscription"":""ac17914c-79bf-48fa-831e-1359ef74c1d5""},""match_status"":{""metadata"":""missing"",""resource"":""missing"",""subscription"":""missing""},""recommendation_id"":""/subscriptions/ac17914c-79bf-48fa-831e-1359ef74c1d5/resourcegroups/matteoalongi-test/providers/microsoft.compute/virtualmachines/remote-connect/providers/Microsoft.Advisor/recommendations/363b3e5671d68ca577a37ca7ba32964e74f564dc4c0039a71380fe8790ab6c94"",""resource_linkage"":""resource_id""}"	da3d42240d0e60f54b877c34f0e6b49627eab7f8545d814bb6e011f22540ea28
1	72a34e2b-f26c-4bd9-b778-6118966cf94b	2026-07-31	resolved	advisor_retirement_recommendation	azure_advisor	/subscriptions/ac17914c-79bf-48fa-831e-1359ef74c1d5/resourcegroups/matteoalongi-test/providers/microsoft.compute/virtualmachines/remote-connect/providers/Microsoft.Advisor/recommendations/4d842878d9ef7d24756cdfa5e80d7abf44a420ae94eb7f49e7b5a21f9917e7bf	7f71b153-c0b7-4e99-a23e-db8179183ec9	New	ac17914c-79bf-48fa-831e-1359ef74c1d5		resource_id	/subscriptions/ac17914c-79bf-48fa-831e-1359ef74c1d5/resourcegroups/matteoalongi-test/providers/microsoft.compute/virtualmachines/remote-connect	/subscriptions/ac17914c-79bf-48fa-831e-1359ef74c1d5/resourcegroups/matteoalongi-test/providers/microsoft.compute/virtualmachines/remote-connect	remote-connect	matteoalongi-test	microsoft.compute/virtualmachines		{}							missing	High		HighAvailability		2026-07-11T08:58:37.818626Z		Migrate workload to D-series or better virtual machine	Migrate workload to D-series or better virtual machine				[]	missing	missing	missing	metadata_not_found,missing_retirement_date,resource_inventory_not_found,subscription_inventory_not_found	"{""acquisition"":""advisor.recommendations"",""api_version"":""2025-01-01"",""fields"":{""description"":"""",""resource_id"":""properties.resourceMetadata.resourceId""},""lookup_keys"":{""metadata"":""7f71b153-c0b7-4e99-a23e-db8179183ec9\u0000/subscriptions/ac17914c-79bf-48fa-831e-1359ef74c1d5/resourcegroups/matteoalongi-test/providers/microsoft.compute/virtualmachines/remote-connect"",""resource"":""/subscriptions/ac17914c-79bf-48fa-831e-1359ef74c1d5/resourcegroups/matteoalongi-test/providers/microsoft.compute/virtualmachines/remote-connect"",""subscription"":""ac17914c-79bf-48fa-831e-1359ef74c1d5""},""match_status"":{""metadata"":""missing"",""resource"":""missing"",""subscription"":""missing""},""recommendation_id"":""/subscriptions/ac17914c-79bf-48fa-831e-1359ef74c1d5/resourcegroups/matteoalongi-test/providers/microsoft.compute/virtualmachines/remote-connect/providers/Microsoft.Advisor/recommendations/4d842878d9ef7d24756cdfa5e80d7abf44a420ae94eb7f49e7b5a21f9917e7bf"",""resource_linkage"":""resource_id""}"	bf6db4d70962a948cbfdb930664ffc231e499a168267801d007e6e549d9c3bc6
1	72a34e2b-f26c-4bd9-b778-6118966cf94b	2026-07-31	resolved	advisor_retirement_recommendation	azure_advisor	/subscriptions/ac17914c-79bf-48fa-831e-1359ef74c1d5/resourcegroups/matteoalongi-test/providers/microsoft.compute/virtualmachines/remote-connect/providers/Microsoft.Advisor/recommendations/9c542e9b2ee02774de8914c3998d1df7ecc09574b6c7b90c1f7b68290c0f1080	13cea0f1-c3f7-4c66-8b3b-9928a0f07cea	New	ac17914c-79bf-48fa-831e-1359ef74c1d5		resource_id	/subscriptions/ac17914c-79bf-48fa-831e-1359ef74c1d5/resourcegroups/matteoalongi-test/providers/microsoft.compute/virtualmachines/remote-connect	/subscriptions/ac17914c-79bf-48fa-831e-1359ef74c1d5/resourcegroups/matteoalongi-test/providers/microsoft.compute/virtualmachines/remote-connect	remote-connect	matteoalongi-test	microsoft.compute/virtualmachines		{}			LSv2, G, GS, F, FS, Fsv2, B, Av2 - Series	2028-11-15	2028-11-15	properties.extendedProperties.retirementDate	exact	High		HighAvailability		2026-07-11T07:15:19.820531Z		Review and migrate virtual machine workloads	Review and migrate virtual machine workloads				[]	missing	missing	missing	metadata_not_found,resource_inventory_not_found,subscription_inventory_not_found	"{""acquisition"":""advisor.recommendations"",""api_version"":""2025-01-01"",""fields"":{""description"":"""",""resource_id"":""properties.resourceMetadata.resourceId""},""lookup_keys"":{""metadata"":""13cea0f1-c3f7-4c66-8b3b-9928a0f07cea\u0000/subscriptions/ac17914c-79bf-48fa-831e-1359ef74c1d5/resourcegroups/matteoalongi-test/providers/microsoft.compute/virtualmachines/remote-connect"",""resource"":""/subscriptions/ac17914c-79bf-48fa-831e-1359ef74c1d5/resourcegroups/matteoalongi-test/providers/microsoft.compute/virtualmachines/remote-connect"",""subscription"":""ac17914c-79bf-48fa-831e-1359ef74c1d5""},""match_status"":{""metadata"":""missing"",""resource"":""missing"",""subscription"":""missing""},""recommendation_id"":""/subscriptions/ac17914c-79bf-48fa-831e-1359ef74c1d5/resourcegroups/matteoalongi-test/providers/microsoft.compute/virtualmachines/remote-connect/providers/Microsoft.Advisor/recommendations/9c542e9b2ee02774de8914c3998d1df7ecc09574b6c7b90c1f7b68290c0f1080"",""resource_linkage"":""resource_id""}"	2fbefb0ea2b483c2a90a52252ebfafff42029db72bf4b46f8e10f737a4fff418
1	72a34e2b-f26c-4bd9-b778-6118966cf94b	2026-07-31	resolved	advisor_retirement_recommendation	azure_advisor	/subscriptions/ac17914c-79bf-48fa-831e-1359ef74c1d5/resourcegroups/vito-io/providers/microsoft.cdn/profiles/io-cdn-test/providers/Microsoft.Advisor/recommendations/67826eb24152330ea3b2a418527caa27ab207ca2099953e1b3a53d715acbf318	52ff3019-62b0-4905-b016-da35fa6bbddc	New	ac17914c-79bf-48fa-831e-1359ef74c1d5		resource_id	/subscriptions/ac17914c-79bf-48fa-831e-1359ef74c1d5/resourcegroups/vito-io/providers/microsoft.cdn/profiles/io-cdn-test	/subscriptions/ac17914c-79bf-48fa-831e-1359ef74c1d5/resourcegroups/vito-io/providers/microsoft.cdn/profiles/io-cdn-test	io-cdn-test	vito-io	microsoft.cdn/profiles		{}			Standard from Microsoft (classic)	2027-09-30	2027-09-30	properties.extendedProperties.retirementDate	exact	Medium		HighAvailability		2026-04-16T08:33:05.719710Z		Azure CDN Standard from Microsoft (classic) is being retired.	Azure CDN Standard from Microsoft (classic) is being retired.				[]	missing	missing	missing	metadata_not_found,resource_inventory_not_found,subscription_inventory_not_found	"{""acquisition"":""advisor.recommendations"",""api_version"":""2025-01-01"",""fields"":{""description"":"""",""resource_id"":""properties.resourceMetadata.resourceId""},""lookup_keys"":{""metadata"":""52ff3019-62b0-4905-b016-da35fa6bbddc\u0000/subscriptions/ac17914c-79bf-48fa-831e-1359ef74c1d5/resourcegroups/vito-io/providers/microsoft.cdn/profiles/io-cdn-test"",""resource"":""/subscriptions/ac17914c-79bf-48fa-831e-1359ef74c1d5/resourcegroups/vito-io/providers/microsoft.cdn/profiles/io-cdn-test"",""subscription"":""ac17914c-79bf-48fa-831e-1359ef74c1d5""},""match_status"":{""metadata"":""missing"",""resource"":""missing"",""subscription"":""missing""},""recommendation_id"":""/subscriptions/ac17914c-79bf-48fa-831e-1359ef74c1d5/resourcegroups/vito-io/providers/microsoft.cdn/profiles/io-cdn-test/providers/Microsoft.Advisor/recommendations/67826eb24152330ea3b2a418527caa27ab207ca2099953e1b3a53d715acbf318"",""resource_linkage"":""resource_id""}"	25429a779d3ef77ae8d4a37eb46da82dca822fcc259bf8cde8690ae57db2a4ee
1	72a34e2b-f26c-4bd9-b778-6118966cf94b	2026-07-31	resolved	advisor_retirement_recommendation	azure_advisor	/subscriptions/b9fc9419-6097-45fe-9f74-ba0641c91912/resourcegroups/pagopa-azuredatabox-nodo-oracle-rg/providers/microsoft.storage/storageaccounts/pagopanodooraclenexi/providers/Microsoft.Advisor/recommendations/66acfb83cfb45a4e6780c908e8e8f960deb32b380a6c55f8088ee61c2ffc1e06	ced5fa9f-b5bf-4982-9f25-8190fb36dfca	New	b9fc9419-6097-45fe-9f74-ba0641c91912		resource_id	/subscriptions/b9fc9419-6097-45fe-9f74-ba0641c91912/resourcegroups/pagopa-azuredatabox-nodo-oracle-rg/providers/microsoft.storage/storageaccounts/pagopanodooraclenexi	/subscriptions/b9fc9419-6097-45fe-9f74-ba0641c91912/resourcegroups/pagopa-azuredatabox-nodo-oracle-rg/providers/microsoft.storage/storageaccounts/pagopanodooraclenexi	pagopanodooraclenexi	pagopa-azuredatabox-nodo-oracle-rg	microsoft.storage/storageaccounts		{}			Support for TLS 1.0 and 1.1	2026-02-03	2026-02-03	properties.extendedProperties.retirementDate	exact	High		HighAvailability		2026-04-18T13:06:54.633703Z		Support for TLS 1.0 and TLS 1.1 in Azure storage accounts is ending	Support for TLS 1.0 and TLS 1.1 in Azure storage accounts is ending				[]	missing	missing	missing	metadata_not_found,resource_inventory_not_found,subscription_inventory_not_found	"{""acquisition"":""advisor.recommendations"",""api_version"":""2025-01-01"",""fields"":{""description"":"""",""resource_id"":""properties.resourceMetadata.resourceId""},""lookup_keys"":{""metadata"":""ced5fa9f-b5bf-4982-9f25-8190fb36dfca\u0000/subscriptions/b9fc9419-6097-45fe-9f74-ba0641c91912/resourcegroups/pagopa-azuredatabox-nodo-oracle-rg/providers/microsoft.storage/storageaccounts/pagopanodooraclenexi"",""resource"":""/subscriptions/b9fc9419-6097-45fe-9f74-ba0641c91912/resourcegroups/pagopa-azuredatabox-nodo-oracle-rg/providers/microsoft.storage/storageaccounts/pagopanodooraclenexi"",""subscription"":""b9fc9419-6097-45fe-9f74-ba0641c91912""},""match_status"":{""metadata"":""missing"",""resource"":""missing"",""subscription"":""missing""},""recommendation_id"":""/subscriptions/b9fc9419-6097-45fe-9f74-ba0641c91912/resourcegroups/pagopa-azuredatabox-nodo-oracle-rg/providers/microsoft.storage/storageaccounts/pagopanodooraclenexi/providers/Microsoft.Advisor/recommendations/66acfb83cfb45a4e6780c908e8e8f960deb32b380a6c55f8088ee61c2ffc1e06"",""resource_linkage"":""resource_id""}"	a6834741b9f41183413f6bed6c64d099e9c36ace5c66e73aab242d44d410c7c0
1	72a34e2b-f26c-4bd9-b778-6118966cf94b	2026-07-31	resolved	advisor_retirement_recommendation	azure_advisor	/subscriptions/b9fc9419-6097-45fe-9f74-ba0641c91912/resourcegroups/pagopa-p-aca-sec-rg/providers/microsoft.keyvault/vaults/pagopa-p-aca-kv/providers/Microsoft.Advisor/recommendations/0205287f9f1ba74e16c21d115d74aa015e078dfb18e2e0a95fc3d288db1a1d25	7ff06874-39e9-41be-9552-fa1ae2a83c88	New	b9fc9419-6097-45fe-9f74-ba0641c91912		resource_id	/subscriptions/b9fc9419-6097-45fe-9f74-ba0641c91912/resourcegroups/pagopa-p-aca-sec-rg/providers/microsoft.keyvault/vaults/pagopa-p-aca-kv	/subscriptions/b9fc9419-6097-45fe-9f74-ba0641c91912/resourcegroups/pagopa-p-aca-sec-rg/providers/microsoft.keyvault/vaults/pagopa-p-aca-kv	pagopa-p-aca-kv	pagopa-p-aca-sec-rg	microsoft.keyvault/vaults		{}			API versions prior to 2026-02-01	2027-02-27	2027-02-27	properties.extendedProperties.retirementDate	exact	High		HighAvailability		2026-07-24T18:35:45.025235Z		Azure Key Vault API versions prior to 2026-02-01 are being retired	Azure Key Vault API versions prior to 2026-02-01 are being retired				[]	missing	missing	missing	metadata_not_found,resource_inventory_not_found,subscription_inventory_not_found	"{""acquisition"":""advisor.recommendations"",""api_version"":""2025-01-01"",""fields"":{""description"":"""",""resource_id"":""properties.resourceMetadata.resourceId""},""lookup_keys"":{""metadata"":""7ff06874-39e9-41be-9552-fa1ae2a83c88\u0000/subscriptions/b9fc9419-6097-45fe-9f74-ba0641c91912/resourcegroups/pagopa-p-aca-sec-rg/providers/microsoft.keyvault/vaults/pagopa-p-aca-kv"",""resource"":""/subscriptions/b9fc9419-6097-45fe-9f74-ba0641c91912/resourcegroups/pagopa-p-aca-sec-rg/providers/microsoft.keyvault/vaults/pagopa-p-aca-kv"",""subscription"":""b9fc9419-6097-45fe-9f74-ba0641c91912""},""match_status"":{""metadata"":""missing"",""resource"":""missing"",""subscription"":""missing""},""recommendation_id"":""/subscriptions/b9fc9419-6097-45fe-9f74-ba0641c91912/resourcegroups/pagopa-p-aca-sec-rg/providers/microsoft.keyvault/vaults/pagopa-p-aca-kv/providers/Microsoft.Advisor/recommendations/0205287f9f1ba74e16c21d115d74aa015e078dfb18e2e0a95fc3d288db1a1d25"",""resource_linkage"":""resource_id""}"	b47a9499682b502cd97910a85e65914a853d429b39e4122e29adba4db8eb463b
1	72a34e2b-f26c-4bd9-b778-6118966cf94b	2026-07-31	resolved	advisor_retirement_recommendation	azure_advisor	/subscriptions/b9fc9419-6097-45fe-9f74-ba0641c91912/resourcegroups/pagopa-p-afm-sec-rg/providers/microsoft.keyvault/vaults/pagopa-p-afm-kv/providers/Microsoft.Advisor/recommendations/58754c9f7a644414a85a7cbe09512d21e6c28da3d503dc551f48260ee81d879a	7ff06874-39e9-41be-9552-fa1ae2a83c88	New	b9fc9419-6097-45fe-9f74-ba0641c91912		resource_id	/subscriptions/b9fc9419-6097-45fe-9f74-ba0641c91912/resourcegroups/pagopa-p-afm-sec-rg/providers/microsoft.keyvault/vaults/pagopa-p-afm-kv	/subscriptions/b9fc9419-6097-45fe-9f74-ba0641c91912/resourcegroups/pagopa-p-afm-sec-rg/providers/microsoft.keyvault/vaults/pagopa-p-afm-kv	pagopa-p-afm-kv	pagopa-p-afm-sec-rg	microsoft.keyvault/vaults		{}			API versions prior to 2026-02-01	2027-02-27	2027-02-27	properties.extendedProperties.retirementDate	exact	High		HighAvailability		2026-07-27T18:42:25.726430Z		Azure Key Vault API versions prior to 2026-02-01 are being retired	Azure Key Vault API versions prior to 2026-02-01 are being retired				[]	missing	missing	missing	metadata_not_found,resource_inventory_not_found,subscription_inventory_not_found	"{""acquisition"":""advisor.recommendations"",""api_version"":""2025-01-01"",""fields"":{""description"":"""",""resource_id"":""properties.resourceMetadata.resourceId""},""lookup_keys"":{""metadata"":""7ff06874-39e9-41be-9552-fa1ae2a83c88\u0000/subscriptions/b9fc9419-6097-45fe-9f74-ba0641c91912/resourcegroups/pagopa-p-afm-sec-rg/providers/microsoft.keyvault/vaults/pagopa-p-afm-kv"",""resource"":""/subscriptions/b9fc9419-6097-45fe-9f74-ba0641c91912/resourcegroups/pagopa-p-afm-sec-rg/providers/microsoft.keyvault/vaults/pagopa-p-afm-kv"",""subscription"":""b9fc9419-6097-45fe-9f74-ba0641c91912""},""match_status"":{""metadata"":""missing"",""resource"":""missing"",""subscription"":""missing""},""recommendation_id"":""/subscriptions/b9fc9419-6097-45fe-9f74-ba0641c91912/resourcegroups/pagopa-p-afm-sec-rg/providers/microsoft.keyvault/vaults/pagopa-p-afm-kv/providers/Microsoft.Advisor/recommendations/58754c9f7a644414a85a7cbe09512d21e6c28da3d503dc551f48260ee81d879a"",""resource_linkage"":""resource_id""}"	0ba001ed8a297a8345f0bea7be9580607f1c9c90026298ea7d18619b59bccf0f
1	72a34e2b-f26c-4bd9-b778-6118966cf94b	2026-07-31	resolved	advisor_retirement_recommendation	azure_advisor	/subscriptions/b9fc9419-6097-45fe-9f74-ba0641c91912/resourcegroups/pagopa-p-apiconfig-sec-rg/providers/microsoft.keyvault/vaults/pagopa-p-apiconfig-kv/providers/Microsoft.Advisor/recommendations/ee7ec9311d0ab441035b1a5c9caed79179aac506e2fe72176318fccd0c26c920	7ff06874-39e9-41be-9552-fa1ae2a83c88	New	b9fc9419-6097-45fe-9f74-ba0641c91912		resource_id	/subscriptions/b9fc9419-6097-45fe-9f74-ba0641c91912/resourcegroups/pagopa-p-apiconfig-sec-rg/providers/microsoft.keyvault/vaults/pagopa-p-apiconfig-kv	/subscriptions/b9fc9419-6097-45fe-9f74-ba0641c91912/resourcegroups/pagopa-p-apiconfig-sec-rg/providers/microsoft.keyvault/vaults/pagopa-p-apiconfig-kv	pagopa-p-apiconfig-kv	pagopa-p-apiconfig-sec-rg	microsoft.keyvault/vaults		{}			API versions prior to 2026-02-01	2027-02-27	2027-02-27	properties.extendedProperties.retirementDate	exact	High		HighAvailability		2026-07-24T18:35:44.929334Z		Azure Key Vault API versions prior to 2026-02-01 are being retired	Azure Key Vault API versions prior to 2026-02-01 are being retired				[]	missing	missing	missing	metadata_not_found,resource_inventory_not_found,subscription_inventory_not_found	"{""acquisition"":""advisor.recommendations"",""api_version"":""2025-01-01"",""fields"":{""description"":"""",""resource_id"":""properties.resourceMetadata.resourceId""},""lookup_keys"":{""metadata"":""7ff06874-39e9-41be-9552-fa1ae2a83c88\u0000/subscriptions/b9fc9419-6097-45fe-9f74-ba0641c91912/resourcegroups/pagopa-p-apiconfig-sec-rg/providers/microsoft.keyvault/vaults/pagopa-p-apiconfig-kv"",""resource"":""/subscriptions/b9fc9419-6097-45fe-9f74-ba0641c91912/resourcegroups/pagopa-p-apiconfig-sec-rg/providers/microsoft.keyvault/vaults/pagopa-p-apiconfig-kv"",""subscription"":""b9fc9419-6097-45fe-9f74-ba0641c91912""},""match_status"":{""metadata"":""missing"",""resource"":""missing"",""subscription"":""missing""},""recommendation_id"":""/subscriptions/b9fc9419-6097-45fe-9f74-ba0641c91912/resourcegroups/pagopa-p-apiconfig-sec-rg/providers/microsoft.keyvault/vaults/pagopa-p-apiconfig-kv/providers/Microsoft.Advisor/recommendations/ee7ec9311d0ab441035b1a5c9caed79179aac506e2fe72176318fccd0c26c920"",""resource_linkage"":""resource_id""}"	a273c4fc03dae484bd2302bfe79605796782d22e18c379ba98bf2b5ac962f0f1
1	72a34e2b-f26c-4bd9-b778-6118966cf94b	2026-07-31	resolved	advisor_retirement_recommendation	azure_advisor	/subscriptions/b9fc9419-6097-45fe-9f74-ba0641c91912/resourcegroups/pagopa-p-azdoa-rg/providers/microsoft.compute/virtualmachines/test-matteo-apim/providers/Microsoft.Advisor/recommendations/85a8d6452c09fbac3e8757bf0b4823ed2d5a28f1906ee0c0d8578a3864eb7991	5f2613df-629f-4b07-9425-2a47ea0dfad3	New	b9fc9419-6097-45fe-9f74-ba0641c91912		resource_id	/subscriptions/b9fc9419-6097-45fe-9f74-ba0641c91912/resourcegroups/pagopa-p-azdoa-rg/providers/microsoft.compute/virtualmachines/test-matteo-apim	/subscriptions/b9fc9419-6097-45fe-9f74-ba0641c91912/resourcegroups/pagopa-p-azdoa-rg/providers/microsoft.compute/virtualmachines/test-matteo-apim	test-matteo-apim	pagopa-p-azdoa-rg	microsoft.compute/virtualmachines		{}							missing	Medium		HighAvailability		2026-06-05T15:30:00.367432Z		Migrate workload to Virtual Machine Scale Sets Flex	Migrate workload to Virtual Machine Scale Sets Flex				[]	missing	missing	missing	metadata_not_found,missing_retirement_date,resource_inventory_not_found,subscription_inventory_not_found	"{""acquisition"":""advisor.recommendations"",""api_version"":""2025-01-01"",""fields"":{""description"":"""",""resource_id"":""properties.resourceMetadata.resourceId""},""lookup_keys"":{""metadata"":""5f2613df-629f-4b07-9425-2a47ea0dfad3\u0000/subscriptions/b9fc9419-6097-45fe-9f74-ba0641c91912/resourcegroups/pagopa-p-azdoa-rg/providers/microsoft.compute/virtualmachines/test-matteo-apim"",""resource"":""/subscriptions/b9fc9419-6097-45fe-9f74-ba0641c91912/resourcegroups/pagopa-p-azdoa-rg/providers/microsoft.compute/virtualmachines/test-matteo-apim"",""subscription"":""b9fc9419-6097-45fe-9f74-ba0641c91912""},""match_status"":{""metadata"":""missing"",""resource"":""missing"",""subscription"":""missing""},""recommendation_id"":""/subscriptions/b9fc9419-6097-45fe-9f74-ba0641c91912/resourcegroups/pagopa-p-azdoa-rg/providers/microsoft.compute/virtualmachines/test-matteo-apim/providers/Microsoft.Advisor/recommendations/85a8d6452c09fbac3e8757bf0b4823ed2d5a28f1906ee0c0d8578a3864eb7991"",""resource_linkage"":""resource_id""}"	32f92a7a54c3a0efbcccafd2fad0c56f0667ecbe2dd6b89092c3939ccaa83d6e
1	72a34e2b-f26c-4bd9-b778-6118966cf94b	2026-07-31	resolved	advisor_retirement_recommendation	azure_advisor	/subscriptions/b9fc9419-6097-45fe-9f74-ba0641c91912/resourcegroups/pagopa-p-bizevents-sec-rg/providers/microsoft.keyvault/vaults/pagopa-p-bizevents-kv/providers/Microsoft.Advisor/recommendations/e538f3038a45bb00c5c9a856d53015e952a76310d82a59c943046848e9205abb	7ff06874-39e9-41be-9552-fa1ae2a83c88	New	b9fc9419-6097-45fe-9f74-ba0641c91912		resource_id	/subscriptions/b9fc9419-6097-45fe-9f74-ba0641c91912/resourcegroups/pagopa-p-bizevents-sec-rg/providers/microsoft.keyvault/vaults/pagopa-p-bizevents-kv	/subscriptions/b9fc9419-6097-45fe-9f74-ba0641c91912/resourcegroups/pagopa-p-bizevents-sec-rg/providers/microsoft.keyvault/vaults/pagopa-p-bizevents-kv	pagopa-p-bizevents-kv	pagopa-p-bizevents-sec-rg	microsoft.keyvault/vaults		{}			API versions prior to 2026-02-01	2027-02-27	2027-02-27	properties.extendedProperties.retirementDate	exact	High		HighAvailability		2026-07-23T12:13:32.159888Z		Azure Key Vault API versions prior to 2026-02-01 are being retired	Azure Key Vault API versions prior to 2026-02-01 are being retired				[]	missing	missing	missing	metadata_not_found,resource_inventory_not_found,subscription_inventory_not_found	"{""acquisition"":""advisor.recommendations"",""api_version"":""2025-01-01"",""fields"":{""description"":"""",""resource_id"":""properties.resourceMetadata.resourceId""},""lookup_keys"":{""metadata"":""7ff06874-39e9-41be-9552-fa1ae2a83c88\u0000/subscriptions/b9fc9419-6097-45fe-9f74-ba0641c91912/resourcegroups/pagopa-p-bizevents-sec-rg/providers/microsoft.keyvault/vaults/pagopa-p-bizevents-kv"",""resource"":""/subscriptions/b9fc9419-6097-45fe-9f74-ba0641c91912/resourcegroups/pagopa-p-bizevents-sec-rg/providers/microsoft.keyvault/vaults/pagopa-p-bizevents-kv"",""subscription"":""b9fc9419-6097-45fe-9f74-ba0641c91912""},""match_status"":{""metadata"":""missing"",""resource"":""missing"",""subscription"":""missing""},""recommendation_id"":""/subscriptions/b9fc9419-6097-45fe-9f74-ba0641c91912/resourcegroups/pagopa-p-bizevents-sec-rg/providers/microsoft.keyvault/vaults/pagopa-p-bizevents-kv/providers/Microsoft.Advisor/recommendations/e538f3038a45bb00c5c9a856d53015e952a76310d82a59c943046848e9205abb"",""resource_linkage"":""resource_id""}"	91dc1d5eb7a47eb08f1443202ea5dc3d4baaefe357f5f4d4c89e5a1ff56183a2
1	72a34e2b-f26c-4bd9-b778-6118966cf94b	2026-07-31	resolved	advisor_retirement_recommendation	azure_advisor	/subscriptions/b9fc9419-6097-45fe-9f74-ba0641c91912/resourcegroups/pagopa-p-checkout-sec-rg/providers/microsoft.keyvault/vaults/pagopa-p-checkout-kv/providers/Microsoft.Advisor/recommendations/6c2c84633d0cfbf50d973e8cc2209db5e9b681fbec48a42975089ffd63483499	7ff06874-39e9-41be-9552-fa1ae2a83c88	New	b9fc9419-6097-45fe-9f74-ba0641c91912		resource_id	/subscriptions/b9fc9419-6097-45fe-9f74-ba0641c91912/resourcegroups/pagopa-p-checkout-sec-rg/providers/microsoft.keyvault/vaults/pagopa-p-checkout-kv	/subscriptions/b9fc9419-6097-45fe-9f74-ba0641c91912/resourcegroups/pagopa-p-checkout-sec-rg/providers/microsoft.keyvault/vaults/pagopa-p-checkout-kv	pagopa-p-checkout-kv	pagopa-p-checkout-sec-rg	microsoft.keyvault/vaults		{}			API versions prior to 2026-02-01	2027-02-27	2027-02-27	properties.extendedProperties.retirementDate	exact	High		HighAvailability		2026-07-22T12:37:40.819086Z		Azure Key Vault API versions prior to 2026-02-01 are being retired	Azure Key Vault API versions prior to 2026-02-01 are being retired				[]	missing	missing	missing	metadata_not_found,resource_inventory_not_found,subscription_inventory_not_found	"{""acquisition"":""advisor.recommendations"",""api_version"":""2025-01-01"",""fields"":{""description"":"""",""resource_id"":""properties.resourceMetadata.resourceId""},""lookup_keys"":{""metadata"":""7ff06874-39e9-41be-9552-fa1ae2a83c88\u0000/subscriptions/b9fc9419-6097-45fe-9f74-ba0641c91912/resourcegroups/pagopa-p-checkout-sec-rg/providers/microsoft.keyvault/vaults/pagopa-p-checkout-kv"",""resource"":""/subscriptions/b9fc9419-6097-45fe-9f74-ba0641c91912/resourcegroups/pagopa-p-checkout-sec-rg/providers/microsoft.keyvault/vaults/pagopa-p-checkout-kv"",""subscription"":""b9fc9419-6097-45fe-9f74-ba0641c91912""},""match_status"":{""metadata"":""missing"",""resource"":""missing"",""subscription"":""missing""},""recommendation_id"":""/subscriptions/b9fc9419-6097-45fe-9f74-ba0641c91912/resourcegroups/pagopa-p-checkout-sec-rg/providers/microsoft.keyvault/vaults/pagopa-p-checkout-kv/providers/Microsoft.Advisor/recommendations/6c2c84633d0cfbf50d973e8cc2209db5e9b681fbec48a42975089ffd63483499"",""resource_linkage"":""resource_id""}"	a089f19566b7a4f4906955016cd2ff36faf4e9e52adc2427f0708bc762fbd423
1	72a34e2b-f26c-4bd9-b778-6118966cf94b	2026-07-31	resolved	advisor_retirement_recommendation	azure_advisor	/subscriptions/b9fc9419-6097-45fe-9f74-ba0641c91912/resourcegroups/pagopa-p-data-rg/providers/microsoft.cache/redis/pagopa-p-weu-redis/providers/Microsoft.Advisor/recommendations/f038de0e4183be25ecdd0e655eed659d39cdde161e3e4207077f07f25cfcc6b4	f3aded79-f9ff-4ce4-99e3-2ffcf11161a4	New	b9fc9419-6097-45fe-9f74-ba0641c91912		resource_id	/subscriptions/b9fc9419-6097-45fe-9f74-ba0641c91912/resourcegroups/pagopa-p-data-rg/providers/microsoft.cache/redis/pagopa-p-weu-redis	/subscriptions/b9fc9419-6097-45fe-9f74-ba0641c91912/resourcegroups/pagopa-p-data-rg/providers/microsoft.cache/redis/pagopa-p-weu-redis	pagopa-p-weu-redis	pagopa-p-data-rg	microsoft.cache/redis		{}			Redis Cache	2028-09-30	2028-09-30	properties.extendedProperties.retirementDate	exact	Medium		HighAvailability		2026-05-21T22:57:06.494208Z		Migrate to Azure Managed Redis from Azure Cache for Redis	Migrate to Azure Managed Redis from Azure Cache for Redis				[]	missing	missing	missing	metadata_not_found,resource_inventory_not_found,subscription_inventory_not_found	"{""acquisition"":""advisor.recommendations"",""api_version"":""2025-01-01"",""fields"":{""description"":"""",""resource_id"":""properties.resourceMetadata.resourceId""},""lookup_keys"":{""metadata"":""f3aded79-f9ff-4ce4-99e3-2ffcf11161a4\u0000/subscriptions/b9fc9419-6097-45fe-9f74-ba0641c91912/resourcegroups/pagopa-p-data-rg/providers/microsoft.cache/redis/pagopa-p-weu-redis"",""resource"":""/subscriptions/b9fc9419-6097-45fe-9f74-ba0641c91912/resourcegroups/pagopa-p-data-rg/providers/microsoft.cache/redis/pagopa-p-weu-redis"",""subscription"":""b9fc9419-6097-45fe-9f74-ba0641c91912""},""match_status"":{""metadata"":""missing"",""resource"":""missing"",""subscription"":""missing""},""recommendation_id"":""/subscriptions/b9fc9419-6097-45fe-9f74-ba0641c91912/resourcegroups/pagopa-p-data-rg/providers/microsoft.cache/redis/pagopa-p-weu-redis/providers/Microsoft.Advisor/recommendations/f038de0e4183be25ecdd0e655eed659d39cdde161e3e4207077f07f25cfcc6b4"",""resource_linkage"":""resource_id""}"	f076d4e096ae7120ff5c3e65aeb88c3cacc30781571c52a74c9c37fc7771f08c
1	72a34e2b-f26c-4bd9-b778-6118966cf94b	2026-07-31	resolved	advisor_retirement_recommendation	azure_advisor	/subscriptions/b9fc9419-6097-45fe-9f74-ba0641c91912/resourcegroups/pagopa-p-ecommerce-sec-rg/providers/microsoft.keyvault/vaults/pagopa-p-ecommerce-kv/providers/Microsoft.Advisor/recommendations/49eb91b4c2dbccf309feef9372cf5b5a58dd0fb53a011c7a145af6006dc15e94	7ff06874-39e9-41be-9552-fa1ae2a83c88	New	b9fc9419-6097-45fe-9f74-ba0641c91912		resource_id	/subscriptions/b9fc9419-6097-45fe-9f74-ba0641c91912/resourcegroups/pagopa-p-ecommerce-sec-rg/providers/microsoft.keyvault/vaults/pagopa-p-ecommerce-kv	/subscriptions/b9fc9419-6097-45fe-9f74-ba0641c91912/resourcegroups/pagopa-p-ecommerce-sec-rg/providers/microsoft.keyvault/vaults/pagopa-p-ecommerce-kv	pagopa-p-ecommerce-kv	pagopa-p-ecommerce-sec-rg	microsoft.keyvault/vaults		{}			API versions prior to 2026-02-01	2027-02-27	2027-02-27	properties.extendedProperties.retirementDate	exact	High		HighAvailability		2026-07-24T18:36:33.137769Z		Azure Key Vault API versions prior to 2026-02-01 are being retired	Azure Key Vault API versions prior to 2026-02-01 are being retired				[]	missing	missing	missing	metadata_not_found,resource_inventory_not_found,subscription_inventory_not_found	"{""acquisition"":""advisor.recommendations"",""api_version"":""2025-01-01"",""fields"":{""description"":"""",""resource_id"":""properties.resourceMetadata.resourceId""},""lookup_keys"":{""metadata"":""7ff06874-39e9-41be-9552-fa1ae2a83c88\u0000/subscriptions/b9fc9419-6097-45fe-9f74-ba0641c91912/resourcegroups/pagopa-p-ecommerce-sec-rg/providers/microsoft.keyvault/vaults/pagopa-p-ecommerce-kv"",""resource"":""/subscriptions/b9fc9419-6097-45fe-9f74-ba0641c91912/resourcegroups/pagopa-p-ecommerce-sec-rg/providers/microsoft.keyvault/vaults/pagopa-p-ecommerce-kv"",""subscription"":""b9fc9419-6097-45fe-9f74-ba0641c91912""},""match_status"":{""metadata"":""missing"",""resource"":""missing"",""subscription"":""missing""},""recommendation_id"":""/subscriptions/b9fc9419-6097-45fe-9f74-ba0641c91912/resourcegroups/pagopa-p-ecommerce-sec-rg/providers/microsoft.keyvault/vaults/pagopa-p-ecommerce-kv/providers/Microsoft.Advisor/recommendations/49eb91b4c2dbccf309feef9372cf5b5a58dd0fb53a011c7a145af6006dc15e94"",""resource_linkage"":""resource_id""}"	7b98d9451128d5b2557c24512f0b6fbca07eee49a16f223c004e642327a76afe
1	72a34e2b-f26c-4bd9-b778-6118966cf94b	2026-07-31	resolved	advisor_retirement_recommendation	azure_advisor	/subscriptions/b9fc9419-6097-45fe-9f74-ba0641c91912/resourcegroups/pagopa-p-fdr-sec-rg/providers/microsoft.keyvault/vaults/pagopa-p-fdr-kv/providers/Microsoft.Advisor/recommendations/cf0745abb70cb82d24128ea328c373033dd3cffb9db1114142ef0063a03e6575	7ff06874-39e9-41be-9552-fa1ae2a83c88	New	b9fc9419-6097-45fe-9f74-ba0641c91912		resource_id	/subscriptions/b9fc9419-6097-45fe-9f74-ba0641c91912/resourcegroups/pagopa-p-fdr-sec-rg/providers/microsoft.keyvault/vaults/pagopa-p-fdr-kv	/subscriptions/b9fc9419-6097-45fe-9f74-ba0641c91912/resourcegroups/pagopa-p-fdr-sec-rg/providers/microsoft.keyvault/vaults/pagopa-p-fdr-kv	pagopa-p-fdr-kv	pagopa-p-fdr-sec-rg	microsoft.keyvault/vaults		{}			API versions prior to 2026-02-01	2027-02-27	2027-02-27	properties.extendedProperties.retirementDate	exact	High		HighAvailability		2026-07-24T18:35:17.821647Z		Azure Key Vault API versions prior to 2026-02-01 are being retired	Azure Key Vault API versions prior to 2026-02-01 are being retired				[]	missing	missing	missing	metadata_not_found,resource_inventory_not_found,subscription_inventory_not_found	"{""acquisition"":""advisor.recommendations"",""api_version"":""2025-01-01"",""fields"":{""description"":"""",""resource_id"":""properties.resourceMetadata.resourceId""},""lookup_keys"":{""metadata"":""7ff06874-39e9-41be-9552-fa1ae2a83c88\u0000/subscriptions/b9fc9419-6097-45fe-9f74-ba0641c91912/resourcegroups/pagopa-p-fdr-sec-rg/providers/microsoft.keyvault/vaults/pagopa-p-fdr-kv"",""resource"":""/subscriptions/b9fc9419-6097-45fe-9f74-ba0641c91912/resourcegroups/pagopa-p-fdr-sec-rg/providers/microsoft.keyvault/vaults/pagopa-p-fdr-kv"",""subscription"":""b9fc9419-6097-45fe-9f74-ba0641c91912""},""match_status"":{""metadata"":""missing"",""resource"":""missing"",""subscription"":""missing""},""recommendation_id"":""/subscriptions/b9fc9419-6097-45fe-9f74-ba0641c91912/resourcegroups/pagopa-p-fdr-sec-rg/providers/microsoft.keyvault/vaults/pagopa-p-fdr-kv/providers/Microsoft.Advisor/recommendations/cf0745abb70cb82d24128ea328c373033dd3cffb9db1114142ef0063a03e6575"",""resource_linkage"":""resource_id""}"	1c62fc9e1781a9b6429cb1ecc64bdc0ff679dd686505418b38479e016c1dfa63
1	72a34e2b-f26c-4bd9-b778-6118966cf94b	2026-07-31	resolved	advisor_retirement_recommendation	azure_advisor	/subscriptions/b9fc9419-6097-45fe-9f74-ba0641c91912/resourcegroups/pagopa-p-gps-sec-rg/providers/microsoft.keyvault/vaults/pagopa-p-gps-kv/providers/Microsoft.Advisor/recommendations/63b9c3bc8005bd0d94011fe6e71eff5ff9d8c4fa474d289653ceed2b3128f942	7ff06874-39e9-41be-9552-fa1ae2a83c88	New	b9fc9419-6097-45fe-9f74-ba0641c91912		resource_id	/subscriptions/b9fc9419-6097-45fe-9f74-ba0641c91912/resourcegroups/pagopa-p-gps-sec-rg/providers/microsoft.keyvault/vaults/pagopa-p-gps-kv	/subscriptions/b9fc9419-6097-45fe-9f74-ba0641c91912/resourcegroups/pagopa-p-gps-sec-rg/providers/microsoft.keyvault/vaults/pagopa-p-gps-kv	pagopa-p-gps-kv	pagopa-p-gps-sec-rg	microsoft.keyvault/vaults		{}			API versions prior to 2026-02-01	2027-02-27	2027-02-27	properties.extendedProperties.retirementDate	exact	High		HighAvailability		2026-07-30T20:08:12.266568Z		Azure Key Vault API versions prior to 2026-02-01 are being retired	Azure Key Vault API versions prior to 2026-02-01 are being retired				[]	missing	missing	missing	metadata_not_found,resource_inventory_not_found,subscription_inventory_not_found	"{""acquisition"":""advisor.recommendations"",""api_version"":""2025-01-01"",""fields"":{""description"":"""",""resource_id"":""properties.resourceMetadata.resourceId""},""lookup_keys"":{""metadata"":""7ff06874-39e9-41be-9552-fa1ae2a83c88\u0000/subscriptions/b9fc9419-6097-45fe-9f74-ba0641c91912/resourcegroups/pagopa-p-gps-sec-rg/providers/microsoft.keyvault/vaults/pagopa-p-gps-kv"",""resource"":""/subscriptions/b9fc9419-6097-45fe-9f74-ba0641c91912/resourcegroups/pagopa-p-gps-sec-rg/providers/microsoft.keyvault/vaults/pagopa-p-gps-kv"",""subscription"":""b9fc9419-6097-45fe-9f74-ba0641c91912""},""match_status"":{""metadata"":""missing"",""resource"":""missing"",""subscription"":""missing""},""recommendation_id"":""/subscriptions/b9fc9419-6097-45fe-9f74-ba0641c91912/resourcegroups/pagopa-p-gps-sec-rg/providers/microsoft.keyvault/vaults/pagopa-p-gps-kv/providers/Microsoft.Advisor/recommendations/63b9c3bc8005bd0d94011fe6e71eff5ff9d8c4fa474d289653ceed2b3128f942"",""resource_linkage"":""resource_id""}"	2d4f0533310a01c7564bddd1ad55035944caaf6ee9fb5f8bae9618e1c97d07a9
1	72a34e2b-f26c-4bd9-b778-6118966cf94b	2026-07-31	resolved	advisor_retirement_recommendation	azure_advisor	/subscriptions/b9fc9419-6097-45fe-9f74-ba0641c91912/resourcegroups/pagopa-p-itn-cloudo-sec-rg/providers/microsoft.keyvault/vaults/pagopa-p-itn-cloudo-kv/providers/Microsoft.Advisor/recommendations/25b567350a942ec96ac7feeb9444bd9113ebe6cec7d3367798e1b0b1694db7d4	7ff06874-39e9-41be-9552-fa1ae2a83c88	New	b9fc9419-6097-45fe-9f74-ba0641c91912		resource_id	/subscriptions/b9fc9419-6097-45fe-9f74-ba0641c91912/resourcegroups/pagopa-p-itn-cloudo-sec-rg/providers/microsoft.keyvault/vaults/pagopa-p-itn-cloudo-kv	/subscriptions/b9fc9419-6097-45fe-9f74-ba0641c91912/resourcegroups/pagopa-p-itn-cloudo-sec-rg/providers/microsoft.keyvault/vaults/pagopa-p-itn-cloudo-kv	pagopa-p-itn-cloudo-kv	pagopa-p-itn-cloudo-sec-rg	microsoft.keyvault/vaults		{}			API versions prior to 2026-02-01	2027-02-27	2027-02-27	properties.extendedProperties.retirementDate	exact	High		HighAvailability		2026-07-29T21:19:57.886751Z		Azure Key Vault API versions prior to 2026-02-01 are being retired	Azure Key Vault API versions prior to 2026-02-01 are being retired				[]	missing	missing	missing	metadata_not_found,resource_inventory_not_found,subscription_inventory_not_found	"{""acquisition"":""advisor.recommendations"",""api_version"":""2025-01-01"",""fields"":{""description"":"""",""resource_id"":""properties.resourceMetadata.resourceId""},""lookup_keys"":{""metadata"":""7ff06874-39e9-41be-9552-fa1ae2a83c88\u0000/subscriptions/b9fc9419-6097-45fe-9f74-ba0641c91912/resourcegroups/pagopa-p-itn-cloudo-sec-rg/providers/microsoft.keyvault/vaults/pagopa-p-itn-cloudo-kv"",""resource"":""/subscriptions/b9fc9419-6097-45fe-9f74-ba0641c91912/resourcegroups/pagopa-p-itn-cloudo-sec-rg/providers/microsoft.keyvault/vaults/pagopa-p-itn-cloudo-kv"",""subscription"":""b9fc9419-6097-45fe-9f74-ba0641c91912""},""match_status"":{""metadata"":""missing"",""resource"":""missing"",""subscription"":""missing""},""recommendation_id"":""/subscriptions/b9fc9419-6097-45fe-9f74-ba0641c91912/resourcegroups/pagopa-p-itn-cloudo-sec-rg/providers/microsoft.keyvault/vaults/pagopa-p-itn-cloudo-kv/providers/Microsoft.Advisor/recommendations/25b567350a942ec96ac7feeb9444bd9113ebe6cec7d3367798e1b0b1694db7d4"",""resource_linkage"":""resource_id""}"	e073de356b6f3f3d06fe86c1b730c3bfe6d817f531f2aac300d35dae146f7dbb
1	72a34e2b-f26c-4bd9-b778-6118966cf94b	2026-07-31	resolved	advisor_retirement_recommendation	azure_advisor	/subscriptions/b9fc9419-6097-45fe-9f74-ba0641c91912/resourcegroups/pagopa-p-itn-core-sec-rg/providers/microsoft.keyvault/vaults/pagopa-p-itn-core-kv/providers/Microsoft.Advisor/recommendations/40643269e51bdaae3ea5ee77992fffd2f92970829a3d90ba718380a2a55d38a6	7ff06874-39e9-41be-9552-fa1ae2a83c88	New	b9fc9419-6097-45fe-9f74-ba0641c91912		resource_id	/subscriptions/b9fc9419-6097-45fe-9f74-ba0641c91912/resourcegroups/pagopa-p-itn-core-sec-rg/providers/microsoft.keyvault/vaults/pagopa-p-itn-core-kv	/subscriptions/b9fc9419-6097-45fe-9f74-ba0641c91912/resourcegroups/pagopa-p-itn-core-sec-rg/providers/microsoft.keyvault/vaults/pagopa-p-itn-core-kv	pagopa-p-itn-core-kv	pagopa-p-itn-core-sec-rg	microsoft.keyvault/vaults		{}			API versions prior to 2026-02-01	2027-02-27	2027-02-27	properties.extendedProperties.retirementDate	exact	High		HighAvailability		2026-07-28T21:56:32.294656Z		Azure Key Vault API versions prior to 2026-02-01 are being retired	Azure Key Vault API versions prior to 2026-02-01 are being retired				[]	missing	missing	missing	metadata_not_found,resource_inventory_not_found,subscription_inventory_not_found	"{""acquisition"":""advisor.recommendations"",""api_version"":""2025-01-01"",""fields"":{""description"":"""",""resource_id"":""properties.resourceMetadata.resourceId""},""lookup_keys"":{""metadata"":""7ff06874-39e9-41be-9552-fa1ae2a83c88\u0000/subscriptions/b9fc9419-6097-45fe-9f74-ba0641c91912/resourcegroups/pagopa-p-itn-core-sec-rg/providers/microsoft.keyvault/vaults/pagopa-p-itn-core-kv"",""resource"":""/subscriptions/b9fc9419-6097-45fe-9f74-ba0641c91912/resourcegroups/pagopa-p-itn-core-sec-rg/providers/microsoft.keyvault/vaults/pagopa-p-itn-core-kv"",""subscription"":""b9fc9419-6097-45fe-9f74-ba0641c91912""},""match_status"":{""metadata"":""missing"",""resource"":""missing"",""subscription"":""missing""},""recommendation_id"":""/subscriptions/b9fc9419-6097-45fe-9f74-ba0641c91912/resourcegroups/pagopa-p-itn-core-sec-rg/providers/microsoft.keyvault/vaults/pagopa-p-itn-core-kv/providers/Microsoft.Advisor/recommendations/40643269e51bdaae3ea5ee77992fffd2f92970829a3d90ba718380a2a55d38a6"",""resource_linkage"":""resource_id""}"	fba9425735727b14fde5aec5c2e754e102f549e30f823350f4d1ea626f6e761f
1	72a34e2b-f26c-4bd9-b778-6118966cf94b	2026-07-31	resolved	advisor_retirement_recommendation	azure_advisor	/subscriptions/b9fc9419-6097-45fe-9f74-ba0641c91912/resourcegroups/pagopa-p-itn-crusc8-sec-rg/providers/microsoft.keyvault/vaults/pagopa-p-itn-crusc8-kv/providers/Microsoft.Advisor/recommendations/c0780e5516c2b019fc19673bbc6882ec789e733f15e4f5b144cb9ab8c43b883b	7ff06874-39e9-41be-9552-fa1ae2a83c88	New	b9fc9419-6097-45fe-9f74-ba0641c91912		resource_id	/subscriptions/b9fc9419-6097-45fe-9f74-ba0641c91912/resourcegroups/pagopa-p-itn-crusc8-sec-rg/providers/microsoft.keyvault/vaults/pagopa-p-itn-crusc8-kv	/subscriptions/b9fc9419-6097-45fe-9f74-ba0641c91912/resourcegroups/pagopa-p-itn-crusc8-sec-rg/providers/microsoft.keyvault/vaults/pagopa-p-itn-crusc8-kv	pagopa-p-itn-crusc8-kv	pagopa-p-itn-crusc8-sec-rg	microsoft.keyvault/vaults		{}			API versions prior to 2026-02-01	2027-02-27	2027-02-27	properties.extendedProperties.retirementDate	exact	High		HighAvailability		2026-07-29T21:19:57.396419Z		Azure Key Vault API versions prior to 2026-02-01 are being retired	Azure Key Vault API versions prior to 2026-02-01 are being retired				[]	missing	missing	missing	metadata_not_found,resource_inventory_not_found,subscription_inventory_not_found	"{""acquisition"":""advisor.recommendations"",""api_version"":""2025-01-01"",""fields"":{""description"":"""",""resource_id"":""properties.resourceMetadata.resourceId""},""lookup_keys"":{""metadata"":""7ff06874-39e9-41be-9552-fa1ae2a83c88\u0000/subscriptions/b9fc9419-6097-45fe-9f74-ba0641c91912/resourcegroups/pagopa-p-itn-crusc8-sec-rg/providers/microsoft.keyvault/vaults/pagopa-p-itn-crusc8-kv"",""resource"":""/subscriptions/b9fc9419-6097-45fe-9f74-ba0641c91912/resourcegroups/pagopa-p-itn-crusc8-sec-rg/providers/microsoft.keyvault/vaults/pagopa-p-itn-crusc8-kv"",""subscription"":""b9fc9419-6097-45fe-9f74-ba0641c91912""},""match_status"":{""metadata"":""missing"",""resource"":""missing"",""subscription"":""missing""},""recommendation_id"":""/subscriptions/b9fc9419-6097-45fe-9f74-ba0641c91912/resourcegroups/pagopa-p-itn-crusc8-sec-rg/providers/microsoft.keyvault/vaults/pagopa-p-itn-crusc8-kv/providers/Microsoft.Advisor/recommendations/c0780e5516c2b019fc19673bbc6882ec789e733f15e4f5b144cb9ab8c43b883b"",""resource_linkage"":""resource_id""}"	b56b4492bb1d2ad6c9b65eb50621d29f8a02be5ea147d8712474e8c0dfb212ef
1	72a34e2b-f26c-4bd9-b778-6118966cf94b	2026-07-31	resolved	advisor_retirement_recommendation	azure_advisor	/subscriptions/b9fc9419-6097-45fe-9f74-ba0641c91912/resourcegroups/pagopa-p-itn-pay-wallet-redis-std-rg/providers/microsoft.cache/redis/pagopa-p-itn-pay-wallet-redis-std/providers/Microsoft.Advisor/recommendations/8f597ffcbd393ee60d259afbdedd83b99f271611e69d452772548e36dda4baf1	f3aded79-f9ff-4ce4-99e3-2ffcf11161a4	New	b9fc9419-6097-45fe-9f74-ba0641c91912		resource_id	/subscriptions/b9fc9419-6097-45fe-9f74-ba0641c91912/resourcegroups/pagopa-p-itn-pay-wallet-redis-std-rg/providers/microsoft.cache/redis/pagopa-p-itn-pay-wallet-redis-std	/subscriptions/b9fc9419-6097-45fe-9f74-ba0641c91912/resourcegroups/pagopa-p-itn-pay-wallet-redis-std-rg/providers/microsoft.cache/redis/pagopa-p-itn-pay-wallet-redis-std	pagopa-p-itn-pay-wallet-redis-std	pagopa-p-itn-pay-wallet-redis-std-rg	microsoft.cache/redis		{}			Redis Cache	2028-09-30	2028-09-30	properties.extendedProperties.retirementDate	exact	Medium		HighAvailability		2026-05-19T17:07:04.299203Z		Migrate to Azure Managed Redis from Azure Cache for Redis	Migrate to Azure Managed Redis from Azure Cache for Redis				[]	missing	missing	missing	metadata_not_found,resource_inventory_not_found,subscription_inventory_not_found	"{""acquisition"":""advisor.recommendations"",""api_version"":""2025-01-01"",""fields"":{""description"":"""",""resource_id"":""properties.resourceMetadata.resourceId""},""lookup_keys"":{""metadata"":""f3aded79-f9ff-4ce4-99e3-2ffcf11161a4\u0000/subscriptions/b9fc9419-6097-45fe-9f74-ba0641c91912/resourcegroups/pagopa-p-itn-pay-wallet-redis-std-rg/providers/microsoft.cache/redis/pagopa-p-itn-pay-wallet-redis-std"",""resource"":""/subscriptions/b9fc9419-6097-45fe-9f74-ba0641c91912/resourcegroups/pagopa-p-itn-pay-wallet-redis-std-rg/providers/microsoft.cache/redis/pagopa-p-itn-pay-wallet-redis-std"",""subscription"":""b9fc9419-6097-45fe-9f74-ba0641c91912""},""match_status"":{""metadata"":""missing"",""resource"":""missing"",""subscription"":""missing""},""recommendation_id"":""/subscriptions/b9fc9419-6097-45fe-9f74-ba0641c91912/resourcegroups/pagopa-p-itn-pay-wallet-redis-std-rg/providers/microsoft.cache/redis/pagopa-p-itn-pay-wallet-redis-std/providers/Microsoft.Advisor/recommendations/8f597ffcbd393ee60d259afbdedd83b99f271611e69d452772548e36dda4baf1"",""resource_linkage"":""resource_id""}"	005904bd22a57b4fa052a5aacbab085416de8e07c46957df5de4cd680e62e883
1	72a34e2b-f26c-4bd9-b778-6118966cf94b	2026-07-31	resolved	advisor_retirement_recommendation	azure_advisor	/subscriptions/b9fc9419-6097-45fe-9f74-ba0641c91912/resourcegroups/pagopa-p-itn-printit-sec-rg/providers/microsoft.keyvault/vaults/pagopa-p-itn-printit-kv/providers/Microsoft.Advisor/recommendations/b75cc734491996a34af8662d50b3a39f19899869ec363cafdaa07c67e5ae42ac	7ff06874-39e9-41be-9552-fa1ae2a83c88	New	b9fc9419-6097-45fe-9f74-ba0641c91912		resource_id	/subscriptions/b9fc9419-6097-45fe-9f74-ba0641c91912/resourcegroups/pagopa-p-itn-printit-sec-rg/providers/microsoft.keyvault/vaults/pagopa-p-itn-printit-kv	/subscriptions/b9fc9419-6097-45fe-9f74-ba0641c91912/resourcegroups/pagopa-p-itn-printit-sec-rg/providers/microsoft.keyvault/vaults/pagopa-p-itn-printit-kv	pagopa-p-itn-printit-kv	pagopa-p-itn-printit-sec-rg	microsoft.keyvault/vaults		{}			API versions prior to 2026-02-01	2027-02-27	2027-02-27	properties.extendedProperties.retirementDate	exact	High		HighAvailability		2026-07-27T18:42:20.482614Z		Azure Key Vault API versions prior to 2026-02-01 are being retired	Azure Key Vault API versions prior to 2026-02-01 are being retired				[]	missing	missing	missing	metadata_not_found,resource_inventory_not_found,subscription_inventory_not_found	"{""acquisition"":""advisor.recommendations"",""api_version"":""2025-01-01"",""fields"":{""description"":"""",""resource_id"":""properties.resourceMetadata.resourceId""},""lookup_keys"":{""metadata"":""7ff06874-39e9-41be-9552-fa1ae2a83c88\u0000/subscriptions/b9fc9419-6097-45fe-9f74-ba0641c91912/resourcegroups/pagopa-p-itn-printit-sec-rg/providers/microsoft.keyvault/vaults/pagopa-p-itn-printit-kv"",""resource"":""/subscriptions/b9fc9419-6097-45fe-9f74-ba0641c91912/resourcegroups/pagopa-p-itn-printit-sec-rg/providers/microsoft.keyvault/vaults/pagopa-p-itn-printit-kv"",""subscription"":""b9fc9419-6097-45fe-9f74-ba0641c91912""},""match_status"":{""metadata"":""missing"",""resource"":""missing"",""subscription"":""missing""},""recommendation_id"":""/subscriptions/b9fc9419-6097-45fe-9f74-ba0641c91912/resourcegroups/pagopa-p-itn-printit-sec-rg/providers/microsoft.keyvault/vaults/pagopa-p-itn-printit-kv/providers/Microsoft.Advisor/recommendations/b75cc734491996a34af8662d50b3a39f19899869ec363cafdaa07c67e5ae42ac"",""resource_linkage"":""resource_id""}"	1aaac8526df51bc94e1c9efd0ba3e8e6d3d5d9c28ea11020992ada12788ca88d
1	72a34e2b-f26c-4bd9-b778-6118966cf94b	2026-07-31	resolved	advisor_retirement_recommendation	azure_advisor	/subscriptions/b9fc9419-6097-45fe-9f74-ba0641c91912/resourcegroups/pagopa-p-itn-prod-aks-rg/providers/microsoft.compute/virtualmachines/pagopa-p-itn-prod-vm-debug-italy/providers/Microsoft.Advisor/recommendations/3139b3e80f59cd73650b50e36fac39c041901c35fefc7fee82a5494d424e561c	7f71b153-c0b7-4e99-a23e-db8179183ec9	New	b9fc9419-6097-45fe-9f74-ba0641c91912		resource_id	/subscriptions/b9fc9419-6097-45fe-9f74-ba0641c91912/resourcegroups/pagopa-p-itn-prod-aks-rg/providers/microsoft.compute/virtualmachines/pagopa-p-itn-prod-vm-debug-italy	/subscriptions/b9fc9419-6097-45fe-9f74-ba0641c91912/resourcegroups/pagopa-p-itn-prod-aks-rg/providers/microsoft.compute/virtualmachines/pagopa-p-itn-prod-vm-debug-italy	pagopa-p-itn-prod-vm-debug-italy	pagopa-p-itn-prod-aks-rg	microsoft.compute/virtualmachines		{}							missing	High		HighAvailability		2026-04-16T17:02:43.988388Z		Migrate workload to D-series or better virtual machine	Migrate workload to D-series or better virtual machine				[]	missing	missing	missing	metadata_not_found,missing_retirement_date,resource_inventory_not_found,subscription_inventory_not_found	"{""acquisition"":""advisor.recommendations"",""api_version"":""2025-01-01"",""fields"":{""description"":"""",""resource_id"":""properties.resourceMetadata.resourceId""},""lookup_keys"":{""metadata"":""7f71b153-c0b7-4e99-a23e-db8179183ec9\u0000/subscriptions/b9fc9419-6097-45fe-9f74-ba0641c91912/resourcegroups/pagopa-p-itn-prod-aks-rg/providers/microsoft.compute/virtualmachines/pagopa-p-itn-prod-vm-debug-italy"",""resource"":""/subscriptions/b9fc9419-6097-45fe-9f74-ba0641c91912/resourcegroups/pagopa-p-itn-prod-aks-rg/providers/microsoft.compute/virtualmachines/pagopa-p-itn-prod-vm-debug-italy"",""subscription"":""b9fc9419-6097-45fe-9f74-ba0641c91912""},""match_status"":{""metadata"":""missing"",""resource"":""missing"",""subscription"":""missing""},""recommendation_id"":""/subscriptions/b9fc9419-6097-45fe-9f74-ba0641c91912/resourcegroups/pagopa-p-itn-prod-aks-rg/providers/microsoft.compute/virtualmachines/pagopa-p-itn-prod-vm-debug-italy/providers/Microsoft.Advisor/recommendations/3139b3e80f59cd73650b50e36fac39c041901c35fefc7fee82a5494d424e561c"",""resource_linkage"":""resource_id""}"	bdd0fbe2028346a0581f76d4f20c3518fe3bf3fe3a6fbc912bf989212c0b7e36
1	72a34e2b-f26c-4bd9-b778-6118966cf94b	2026-07-31	resolved	advisor_retirement_recommendation	azure_advisor	/subscriptions/b9fc9419-6097-45fe-9f74-ba0641c91912/resourcegroups/pagopa-p-itn-prod-aks-rg/providers/microsoft.compute/virtualmachines/pagopa-p-itn-prod-vm-debug-italy/providers/Microsoft.Advisor/recommendations/50f84a2ea6df27040afddf310ef7aa2c42c76072ef17090ae3ab9cb7e5ff1dd0	13cea0f1-c3f7-4c66-8b3b-9928a0f07cea	New	b9fc9419-6097-45fe-9f74-ba0641c91912		resource_id	/subscriptions/b9fc9419-6097-45fe-9f74-ba0641c91912/resourcegroups/pagopa-p-itn-prod-aks-rg/providers/microsoft.compute/virtualmachines/pagopa-p-itn-prod-vm-debug-italy	/subscriptions/b9fc9419-6097-45fe-9f74-ba0641c91912/resourcegroups/pagopa-p-itn-prod-aks-rg/providers/microsoft.compute/virtualmachines/pagopa-p-itn-prod-vm-debug-italy	pagopa-p-itn-prod-vm-debug-italy	pagopa-p-itn-prod-aks-rg	microsoft.compute/virtualmachines		{}			LSv2, G, GS, F, FS, Fsv2, B, Av2 - Series	2028-11-15	2028-11-15	properties.extendedProperties.retirementDate	exact	High		HighAvailability		2026-05-03T09:01:03.183468Z		Review and migrate virtual machine workloads	Review and migrate virtual machine workloads				[]	missing	missing	missing	metadata_not_found,resource_inventory_not_found,subscription_inventory_not_found	"{""acquisition"":""advisor.recommendations"",""api_version"":""2025-01-01"",""fields"":{""description"":"""",""resource_id"":""properties.resourceMetadata.resourceId""},""lookup_keys"":{""metadata"":""13cea0f1-c3f7-4c66-8b3b-9928a0f07cea\u0000/subscriptions/b9fc9419-6097-45fe-9f74-ba0641c91912/resourcegroups/pagopa-p-itn-prod-aks-rg/providers/microsoft.compute/virtualmachines/pagopa-p-itn-prod-vm-debug-italy"",""resource"":""/subscriptions/b9fc9419-6097-45fe-9f74-ba0641c91912/resourcegroups/pagopa-p-itn-prod-aks-rg/providers/microsoft.compute/virtualmachines/pagopa-p-itn-prod-vm-debug-italy"",""subscription"":""b9fc9419-6097-45fe-9f74-ba0641c91912""},""match_status"":{""metadata"":""missing"",""resource"":""missing"",""subscription"":""missing""},""recommendation_id"":""/subscriptions/b9fc9419-6097-45fe-9f74-ba0641c91912/resourcegroups/pagopa-p-itn-prod-aks-rg/providers/microsoft.compute/virtualmachines/pagopa-p-itn-prod-vm-debug-italy/providers/Microsoft.Advisor/recommendations/50f84a2ea6df27040afddf310ef7aa2c42c76072ef17090ae3ab9cb7e5ff1dd0"",""resource_linkage"":""resource_id""}"	b8b8289884966be078140696a3a45154e02868dd1ef2b08ac402d05295e4bfe5
1	72a34e2b-f26c-4bd9-b778-6118966cf94b	2026-07-31	resolved	advisor_retirement_recommendation	azure_advisor	/subscriptions/b9fc9419-6097-45fe-9f74-ba0641c91912/resourcegroups/pagopa-p-itn-prod-aks-rg/providers/microsoft.compute/virtualmachines/pagopa-p-itn-prod-vm-debug-italy/providers/Microsoft.Advisor/recommendations/bc7033e9bcbee982ee53c6acd697a1a7f6dd8357a0ceb5c4f135588c2f1f1b24	5f2613df-629f-4b07-9425-2a47ea0dfad3	New	b9fc9419-6097-45fe-9f74-ba0641c91912		resource_id	/subscriptions/b9fc9419-6097-45fe-9f74-ba0641c91912/resourcegroups/pagopa-p-itn-prod-aks-rg/providers/microsoft.compute/virtualmachines/pagopa-p-itn-prod-vm-debug-italy	/subscriptions/b9fc9419-6097-45fe-9f74-ba0641c91912/resourcegroups/pagopa-p-itn-prod-aks-rg/providers/microsoft.compute/virtualmachines/pagopa-p-itn-prod-vm-debug-italy	pagopa-p-itn-prod-vm-debug-italy	pagopa-p-itn-prod-aks-rg	microsoft.compute/virtualmachines		{}							missing	Medium		HighAvailability		2026-07-29T16:39:51.864771Z		Migrate workload to Virtual Machine Scale Sets Flex	Migrate workload to Virtual Machine Scale Sets Flex				[]	missing	missing	missing	metadata_not_found,missing_retirement_date,resource_inventory_not_found,subscription_inventory_not_found	"{""acquisition"":""advisor.recommendations"",""api_version"":""2025-01-01"",""fields"":{""description"":"""",""resource_id"":""properties.resourceMetadata.resourceId""},""lookup_keys"":{""metadata"":""5f2613df-629f-4b07-9425-2a47ea0dfad3\u0000/subscriptions/b9fc9419-6097-45fe-9f74-ba0641c91912/resourcegroups/pagopa-p-itn-prod-aks-rg/providers/microsoft.compute/virtualmachines/pagopa-p-itn-prod-vm-debug-italy"",""resource"":""/subscriptions/b9fc9419-6097-45fe-9f74-ba0641c91912/resourcegroups/pagopa-p-itn-prod-aks-rg/providers/microsoft.compute/virtualmachines/pagopa-p-itn-prod-vm-debug-italy"",""subscription"":""b9fc9419-6097-45fe-9f74-ba0641c91912""},""match_status"":{""metadata"":""missing"",""resource"":""missing"",""subscription"":""missing""},""recommendation_id"":""/subscriptions/b9fc9419-6097-45fe-9f74-ba0641c91912/resourcegroups/pagopa-p-itn-prod-aks-rg/providers/microsoft.compute/virtualmachines/pagopa-p-itn-prod-vm-debug-italy/providers/Microsoft.Advisor/recommendations/bc7033e9bcbee982ee53c6acd697a1a7f6dd8357a0ceb5c4f135588c2f1f1b24"",""resource_linkage"":""resource_id""}"	027364d44c8ed4f752079ca2f7f88b26eb3489f4b756870408b8c7f14f670c7e
1	72a34e2b-f26c-4bd9-b778-6118966cf94b	2026-07-31	resolved	advisor_retirement_recommendation	azure_advisor	/subscriptions/b9fc9419-6097-45fe-9f74-ba0641c91912/resourcegroups/pagopa-p-itn-prod-aks-rg/providers/microsoft.containerservice/managedclusters/pagopa-p-itn-prod-aks/providers/Microsoft.Advisor/recommendations/3422cb7882a94d89e8aef34ca9b707a50c20882559b5b10d65200dcf4d5ab996	b005ecf0-23e2-4279-9ca2-718d1518c9fb	New	b9fc9419-6097-45fe-9f74-ba0641c91912		resource_id	/subscriptions/b9fc9419-6097-45fe-9f74-ba0641c91912/resourcegroups/pagopa-p-itn-prod-aks-rg/providers/microsoft.containerservice/managedclusters/pagopa-p-itn-prod-aks	/subscriptions/b9fc9419-6097-45fe-9f74-ba0641c91912/resourcegroups/pagopa-p-itn-prod-aks-rg/providers/microsoft.containerservice/managedclusters/pagopa-p-itn-prod-aks	pagopa-p-itn-prod-aks	pagopa-p-itn-prod-aks-rg	microsoft.containerservice/managedclusters		{}			Legacy authentication for Container Insights - Azure Monitor	2026-09-30	2026-09-30	properties.extendedProperties.retirementDate	exact	Medium		HighAvailability		2026-04-16T16:00:26.882275Z		Migrate to Container insights managed identity authentication	Migrate to Container insights managed identity authentication				[]	missing	missing	missing	metadata_not_found,resource_inventory_not_found,subscription_inventory_not_found	"{""acquisition"":""advisor.recommendations"",""api_version"":""2025-01-01"",""fields"":{""description"":"""",""resource_id"":""properties.resourceMetadata.resourceId""},""lookup_keys"":{""metadata"":""b005ecf0-23e2-4279-9ca2-718d1518c9fb\u0000/subscriptions/b9fc9419-6097-45fe-9f74-ba0641c91912/resourcegroups/pagopa-p-itn-prod-aks-rg/providers/microsoft.containerservice/managedclusters/pagopa-p-itn-prod-aks"",""resource"":""/subscriptions/b9fc9419-6097-45fe-9f74-ba0641c91912/resourcegroups/pagopa-p-itn-prod-aks-rg/providers/microsoft.containerservice/managedclusters/pagopa-p-itn-prod-aks"",""subscription"":""b9fc9419-6097-45fe-9f74-ba0641c91912""},""match_status"":{""metadata"":""missing"",""resource"":""missing"",""subscription"":""missing""},""recommendation_id"":""/subscriptions/b9fc9419-6097-45fe-9f74-ba0641c91912/resourcegroups/pagopa-p-itn-prod-aks-rg/providers/microsoft.containerservice/managedclusters/pagopa-p-itn-prod-aks/providers/Microsoft.Advisor/recommendations/3422cb7882a94d89e8aef34ca9b707a50c20882559b5b10d65200dcf4d5ab996"",""resource_linkage"":""resource_id""}"	3ec643863b18be37a01ddc79c6e6adbe2587caecbcce61eb4bd989320834c3b8
1	72a34e2b-f26c-4bd9-b778-6118966cf94b	2026-07-31	resolved	advisor_retirement_recommendation	azure_advisor	/subscriptions/b9fc9419-6097-45fe-9f74-ba0641c91912/resourcegroups/pagopa-p-itn-prod-aks-rg/providers/microsoft.containerservice/managedclusters/pagopa-p-itn-prod-aks/providers/Microsoft.Advisor/recommendations/3713c82e0ebd22b98c78d386b179e255843b22c890c99dd744b1905fc8103f11	00dbcc9d-50d4-44ef-bc21-c15785cddf42	New	b9fc9419-6097-45fe-9f74-ba0641c91912		resource_id	/subscriptions/b9fc9419-6097-45fe-9f74-ba0641c91912/resourcegroups/pagopa-p-itn-prod-aks-rg/providers/microsoft.containerservice/managedclusters/pagopa-p-itn-prod-aks	/subscriptions/b9fc9419-6097-45fe-9f74-ba0641c91912/resourcegroups/pagopa-p-itn-prod-aks-rg/providers/microsoft.containerservice/managedclusters/pagopa-p-itn-prod-aks	pagopa-p-itn-prod-aks	pagopa-p-itn-prod-aks-rg	microsoft.containerservice/managedclusters		{}			Azure Kubernetes Service support for Ubuntu 22.04	2027-06-30	2027-06-30	properties.extendedProperties.retirementDate	exact	Medium		HighAvailability		2026-05-07T14:51:39.921635Z		Migrate to Ubuntu 24.04 or later versions	Migrate to Ubuntu 24.04 or later versions				[]	missing	missing	missing	metadata_not_found,resource_inventory_not_found,subscription_inventory_not_found	"{""acquisition"":""advisor.recommendations"",""api_version"":""2025-01-01"",""fields"":{""description"":"""",""resource_id"":""properties.resourceMetadata.resourceId""},""lookup_keys"":{""metadata"":""00dbcc9d-50d4-44ef-bc21-c15785cddf42\u0000/subscriptions/b9fc9419-6097-45fe-9f74-ba0641c91912/resourcegroups/pagopa-p-itn-prod-aks-rg/providers/microsoft.containerservice/managedclusters/pagopa-p-itn-prod-aks"",""resource"":""/subscriptions/b9fc9419-6097-45fe-9f74-ba0641c91912/resourcegroups/pagopa-p-itn-prod-aks-rg/providers/microsoft.containerservice/managedclusters/pagopa-p-itn-prod-aks"",""subscription"":""b9fc9419-6097-45fe-9f74-ba0641c91912""},""match_status"":{""metadata"":""missing"",""resource"":""missing"",""subscription"":""missing""},""recommendation_id"":""/subscriptions/b9fc9419-6097-45fe-9f74-ba0641c91912/resourcegroups/pagopa-p-itn-prod-aks-rg/providers/microsoft.containerservice/managedclusters/pagopa-p-itn-prod-aks/providers/Microsoft.Advisor/recommendations/3713c82e0ebd22b98c78d386b179e255843b22c890c99dd744b1905fc8103f11"",""resource_linkage"":""resource_id""}"	37f5cbf4979e9cb0b636d0802e10d7f6607e4027c2a8d68d8e52fae338def484
1	72a34e2b-f26c-4bd9-b778-6118966cf94b	2026-07-31	resolved	advisor_retirement_recommendation	azure_advisor	/subscriptions/b9fc9419-6097-45fe-9f74-ba0641c91912/resourcegroups/pagopa-p-monitor-rg/providers/microsoft.insights/webtests/pagopa-p-apim-pagopa-p-appinsights/providers/Microsoft.Advisor/recommendations/909984bd56bb428c0bdc3ecab43ecece1a98db4c46b40775798e0963aa04c548	e877d6d4-e952-4f8a-a4c4-5f90e5ac1da9	New	b9fc9419-6097-45fe-9f74-ba0641c91912		resource_id	/subscriptions/b9fc9419-6097-45fe-9f74-ba0641c91912/resourcegroups/pagopa-p-monitor-rg/providers/microsoft.insights/webtests/pagopa-p-apim-pagopa-p-appinsights	/subscriptions/b9fc9419-6097-45fe-9f74-ba0641c91912/resourcegroups/pagopa-p-monitor-rg/providers/microsoft.insights/webtests/pagopa-p-apim-pagopa-p-appinsights	pagopa-p-apim-pagopa-p-appinsights	pagopa-p-monitor-rg	microsoft.insights/webtests		{}			Single URL Ping Test	2026-09-30	2026-09-30	properties.extendedProperties.retirementDate	exact	Medium		HighAvailability		2026-04-16T22:33:20.282853Z		The URL ping test capability of the application insights feature for Azure Monitor is being retired.	The URL ping test capability of the application insights feature for Azure Monitor is being retired.				[]	missing	missing	missing	metadata_not_found,resource_inventory_not_found,subscription_inventory_not_found	"{""acquisition"":""advisor.recommendations"",""api_version"":""2025-01-01"",""fields"":{""description"":"""",""resource_id"":""properties.resourceMetadata.resourceId""},""lookup_keys"":{""metadata"":""e877d6d4-e952-4f8a-a4c4-5f90e5ac1da9\u0000/subscriptions/b9fc9419-6097-45fe-9f74-ba0641c91912/resourcegroups/pagopa-p-monitor-rg/providers/microsoft.insights/webtests/pagopa-p-apim-pagopa-p-appinsights"",""resource"":""/subscriptions/b9fc9419-6097-45fe-9f74-ba0641c91912/resourcegroups/pagopa-p-monitor-rg/providers/microsoft.insights/webtests/pagopa-p-apim-pagopa-p-appinsights"",""subscription"":""b9fc9419-6097-45fe-9f74-ba0641c91912""},""match_status"":{""metadata"":""missing"",""resource"":""missing"",""subscription"":""missing""},""recommendation_id"":""/subscriptions/b9fc9419-6097-45fe-9f74-ba0641c91912/resourcegroups/pagopa-p-monitor-rg/providers/microsoft.insights/webtests/pagopa-p-apim-pagopa-p-appinsights/providers/Microsoft.Advisor/recommendations/909984bd56bb428c0bdc3ecab43ecece1a98db4c46b40775798e0963aa04c548"",""resource_linkage"":""resource_id""}"	f0afa556623ec76746bf9b3f5fdf84411b2c25729a2ac146f786dc7cbdec0f70
1	72a34e2b-f26c-4bd9-b778-6118966cf94b	2026-07-31	resolved	advisor_retirement_recommendation	azure_advisor	/subscriptions/b9fc9419-6097-45fe-9f74-ba0641c91912/resourcegroups/pagopa-p-monitor-rg/providers/microsoft.insights/webtests/pagopa-p-assets-platform-web-test/providers/Microsoft.Advisor/recommendations/55ec61d72cccf27008f595200e2465aa1bd22f96158de329255f3184ce3871ef	e877d6d4-e952-4f8a-a4c4-5f90e5ac1da9	New	b9fc9419-6097-45fe-9f74-ba0641c91912		resource_id	/subscriptions/b9fc9419-6097-45fe-9f74-ba0641c91912/resourcegroups/pagopa-p-monitor-rg/providers/microsoft.insights/webtests/pagopa-p-assets-platform-web-test	/subscriptions/b9fc9419-6097-45fe-9f74-ba0641c91912/resourcegroups/pagopa-p-monitor-rg/providers/microsoft.insights/webtests/pagopa-p-assets-platform-web-test	pagopa-p-assets-platform-web-test	pagopa-p-monitor-rg	microsoft.insights/webtests		{}			Single URL Ping Test	2026-09-30	2026-09-30	properties.extendedProperties.retirementDate	exact	Medium		HighAvailability		2026-04-16T22:33:18.231512Z		The URL ping test capability of the application insights feature for Azure Monitor is being retired.	The URL ping test capability of the application insights feature for Azure Monitor is being retired.				[]	missing	missing	missing	metadata_not_found,resource_inventory_not_found,subscription_inventory_not_found	"{""acquisition"":""advisor.recommendations"",""api_version"":""2025-01-01"",""fields"":{""description"":"""",""resource_id"":""properties.resourceMetadata.resourceId""},""lookup_keys"":{""metadata"":""e877d6d4-e952-4f8a-a4c4-5f90e5ac1da9\u0000/subscriptions/b9fc9419-6097-45fe-9f74-ba0641c91912/resourcegroups/pagopa-p-monitor-rg/providers/microsoft.insights/webtests/pagopa-p-assets-platform-web-test"",""resource"":""/subscriptions/b9fc9419-6097-45fe-9f74-ba0641c91912/resourcegroups/pagopa-p-monitor-rg/providers/microsoft.insights/webtests/pagopa-p-assets-platform-web-test"",""subscription"":""b9fc9419-6097-45fe-9f74-ba0641c91912""},""match_status"":{""metadata"":""missing"",""resource"":""missing"",""subscription"":""missing""},""recommendation_id"":""/subscriptions/b9fc9419-6097-45fe-9f74-ba0641c91912/resourcegroups/pagopa-p-monitor-rg/providers/microsoft.insights/webtests/pagopa-p-assets-platform-web-test/providers/Microsoft.Advisor/recommendations/55ec61d72cccf27008f595200e2465aa1bd22f96158de329255f3184ce3871ef"",""resource_linkage"":""resource_id""}"	33c6aff7b5beeb4fb0afec5771d4f31666acc0142e04fd84f99d9d17ac607b20
1	72a34e2b-f26c-4bd9-b778-6118966cf94b	2026-07-31	resolved	advisor_retirement_recommendation	azure_advisor	/subscriptions/b9fc9419-6097-45fe-9f74-ba0641c91912/resourcegroups/pagopa-p-nodo-sec-rg/providers/microsoft.keyvault/vaults/pagopa-p-nodo-kv/providers/Microsoft.Advisor/recommendations/f00c749c8e1d232fdff7f3f8fe5fc4833790dcb5dbace133dd0f808974fa519e	7ff06874-39e9-41be-9552-fa1ae2a83c88	New	b9fc9419-6097-45fe-9f74-ba0641c91912		resource_id	/subscriptions/b9fc9419-6097-45fe-9f74-ba0641c91912/resourcegroups/pagopa-p-nodo-sec-rg/providers/microsoft.keyvault/vaults/pagopa-p-nodo-kv	/subscriptions/b9fc9419-6097-45fe-9f74-ba0641c91912/resourcegroups/pagopa-p-nodo-sec-rg/providers/microsoft.keyvault/vaults/pagopa-p-nodo-kv	pagopa-p-nodo-kv	pagopa-p-nodo-sec-rg	microsoft.keyvault/vaults		{}			API versions prior to 2026-02-01	2027-02-27	2027-02-27	properties.extendedProperties.retirementDate	exact	High		HighAvailability		2026-07-30T20:09:32.632299Z		Azure Key Vault API versions prior to 2026-02-01 are being retired	Azure Key Vault API versions prior to 2026-02-01 are being retired				[]	missing	missing	missing	metadata_not_found,resource_inventory_not_found,subscription_inventory_not_found	"{""acquisition"":""advisor.recommendations"",""api_version"":""2025-01-01"",""fields"":{""description"":"""",""resource_id"":""properties.resourceMetadata.resourceId""},""lookup_keys"":{""metadata"":""7ff06874-39e9-41be-9552-fa1ae2a83c88\u0000/subscriptions/b9fc9419-6097-45fe-9f74-ba0641c91912/resourcegroups/pagopa-p-nodo-sec-rg/providers/microsoft.keyvault/vaults/pagopa-p-nodo-kv"",""resource"":""/subscriptions/b9fc9419-6097-45fe-9f74-ba0641c91912/resourcegroups/pagopa-p-nodo-sec-rg/providers/microsoft.keyvault/vaults/pagopa-p-nodo-kv"",""subscription"":""b9fc9419-6097-45fe-9f74-ba0641c91912""},""match_status"":{""metadata"":""missing"",""resource"":""missing"",""subscription"":""missing""},""recommendation_id"":""/subscriptions/b9fc9419-6097-45fe-9f74-ba0641c91912/resourcegroups/pagopa-p-nodo-sec-rg/providers/microsoft.keyvault/vaults/pagopa-p-nodo-kv/providers/Microsoft.Advisor/recommendations/f00c749c8e1d232fdff7f3f8fe5fc4833790dcb5dbace133dd0f808974fa519e"",""resource_linkage"":""resource_id""}"	ea7d0f153379624d6fecaf8f5248867b8d33d24ad5f207a0ccbb45e7c1e6125e
1	72a34e2b-f26c-4bd9-b778-6118966cf94b	2026-07-31	resolved	advisor_retirement_recommendation	azure_advisor	/subscriptions/b9fc9419-6097-45fe-9f74-ba0641c91912/resourcegroups/pagopa-p-pay-wallet-sec-rg/providers/microsoft.keyvault/vaults/pagopa-p-pay-wallet-kv/providers/Microsoft.Advisor/recommendations/1adcf5dd0b3daba42ddf9505a65c5c0a44077aa89ff091ebe6fe9a783c6d6aa4	7ff06874-39e9-41be-9552-fa1ae2a83c88	New	b9fc9419-6097-45fe-9f74-ba0641c91912		resource_id	/subscriptions/b9fc9419-6097-45fe-9f74-ba0641c91912/resourcegroups/pagopa-p-pay-wallet-sec-rg/providers/microsoft.keyvault/vaults/pagopa-p-pay-wallet-kv	/subscriptions/b9fc9419-6097-45fe-9f74-ba0641c91912/resourcegroups/pagopa-p-pay-wallet-sec-rg/providers/microsoft.keyvault/vaults/pagopa-p-pay-wallet-kv	pagopa-p-pay-wallet-kv	pagopa-p-pay-wallet-sec-rg	microsoft.keyvault/vaults		{}			API versions prior to 2026-02-01	2027-02-27	2027-02-27	properties.extendedProperties.retirementDate	exact	High		HighAvailability		2026-07-26T05:28:20.491570Z		Azure Key Vault API versions prior to 2026-02-01 are being retired	Azure Key Vault API versions prior to 2026-02-01 are being retired				[]	missing	missing	missing	metadata_not_found,resource_inventory_not_found,subscription_inventory_not_found	"{""acquisition"":""advisor.recommendations"",""api_version"":""2025-01-01"",""fields"":{""description"":"""",""resource_id"":""properties.resourceMetadata.resourceId""},""lookup_keys"":{""metadata"":""7ff06874-39e9-41be-9552-fa1ae2a83c88\u0000/subscriptions/b9fc9419-6097-45fe-9f74-ba0641c91912/resourcegroups/pagopa-p-pay-wallet-sec-rg/providers/microsoft.keyvault/vaults/pagopa-p-pay-wallet-kv"",""resource"":""/subscriptions/b9fc9419-6097-45fe-9f74-ba0641c91912/resourcegroups/pagopa-p-pay-wallet-sec-rg/providers/microsoft.keyvault/vaults/pagopa-p-pay-wallet-kv"",""subscription"":""b9fc9419-6097-45fe-9f74-ba0641c91912""},""match_status"":{""metadata"":""missing"",""resource"":""missing"",""subscription"":""missing""},""recommendation_id"":""/subscriptions/b9fc9419-6097-45fe-9f74-ba0641c91912/resourcegroups/pagopa-p-pay-wallet-sec-rg/providers/microsoft.keyvault/vaults/pagopa-p-pay-wallet-kv/providers/Microsoft.Advisor/recommendations/1adcf5dd0b3daba42ddf9505a65c5c0a44077aa89ff091ebe6fe9a783c6d6aa4"",""resource_linkage"":""resource_id""}"	2406cbd852ff53cd902ab59e877a0b39ba7985ad034af5fba9a015b0196456f0
1	72a34e2b-f26c-4bd9-b778-6118966cf94b	2026-07-31	resolved	advisor_retirement_recommendation	azure_advisor	/subscriptions/b9fc9419-6097-45fe-9f74-ba0641c91912/resourcegroups/pagopa-p-qi-sec-rg/providers/microsoft.keyvault/vaults/pagopa-p-qi-kv/providers/Microsoft.Advisor/recommendations/198c73b69617668d6d3b86b62fda7764b32938a237d0ee2762fcce8ece0246b9	7ff06874-39e9-41be-9552-fa1ae2a83c88	New	b9fc9419-6097-45fe-9f74-ba0641c91912		resource_id	/subscriptions/b9fc9419-6097-45fe-9f74-ba0641c91912/resourcegroups/pagopa-p-qi-sec-rg/providers/microsoft.keyvault/vaults/pagopa-p-qi-kv	/subscriptions/b9fc9419-6097-45fe-9f74-ba0641c91912/resourcegroups/pagopa-p-qi-sec-rg/providers/microsoft.keyvault/vaults/pagopa-p-qi-kv	pagopa-p-qi-kv	pagopa-p-qi-sec-rg	microsoft.keyvault/vaults		{}			API versions prior to 2026-02-01	2027-02-27	2027-02-27	properties.extendedProperties.retirementDate	exact	High		HighAvailability		2026-07-24T18:35:32.417346Z		Azure Key Vault API versions prior to 2026-02-01 are being retired	Azure Key Vault API versions prior to 2026-02-01 are being retired				[]	missing	missing	missing	metadata_not_found,resource_inventory_not_found,subscription_inventory_not_found	"{""acquisition"":""advisor.recommendations"",""api_version"":""2025-01-01"",""fields"":{""description"":"""",""resource_id"":""properties.resourceMetadata.resourceId""},""lookup_keys"":{""metadata"":""7ff06874-39e9-41be-9552-fa1ae2a83c88\u0000/subscriptions/b9fc9419-6097-45fe-9f74-ba0641c91912/resourcegroups/pagopa-p-qi-sec-rg/providers/microsoft.keyvault/vaults/pagopa-p-qi-kv"",""resource"":""/subscriptions/b9fc9419-6097-45fe-9f74-ba0641c91912/resourcegroups/pagopa-p-qi-sec-rg/providers/microsoft.keyvault/vaults/pagopa-p-qi-kv"",""subscription"":""b9fc9419-6097-45fe-9f74-ba0641c91912""},""match_status"":{""metadata"":""missing"",""resource"":""missing"",""subscription"":""missing""},""recommendation_id"":""/subscriptions/b9fc9419-6097-45fe-9f74-ba0641c91912/resourcegroups/pagopa-p-qi-sec-rg/providers/microsoft.keyvault/vaults/pagopa-p-qi-kv/providers/Microsoft.Advisor/recommendations/198c73b69617668d6d3b86b62fda7764b32938a237d0ee2762fcce8ece0246b9"",""resource_linkage"":""resource_id""}"	23fb5135a2083ffff3406b088eede96b531a3ed1e7b3bc7fe96304899ff5f0c2
1	72a34e2b-f26c-4bd9-b778-6118966cf94b	2026-07-31	resolved	advisor_retirement_recommendation	azure_advisor	/subscriptions/b9fc9419-6097-45fe-9f74-ba0641c91912/resourcegroups/pagopa-p-receipts-sec-rg/providers/microsoft.keyvault/vaults/pagopa-p-receipts-kv/providers/Microsoft.Advisor/recommendations/9f512729fcd80c97e93f06faca4b7d6d9b75ecfac36969ca98721cb5ea8a5a00	7ff06874-39e9-41be-9552-fa1ae2a83c88	New	b9fc9419-6097-45fe-9f74-ba0641c91912		resource_id	/subscriptions/b9fc9419-6097-45fe-9f74-ba0641c91912/resourcegroups/pagopa-p-receipts-sec-rg/providers/microsoft.keyvault/vaults/pagopa-p-receipts-kv	/subscriptions/b9fc9419-6097-45fe-9f74-ba0641c91912/resourcegroups/pagopa-p-receipts-sec-rg/providers/microsoft.keyvault/vaults/pagopa-p-receipts-kv	pagopa-p-receipts-kv	pagopa-p-receipts-sec-rg	microsoft.keyvault/vaults		{}			API versions prior to 2026-02-01	2027-02-27	2027-02-27	properties.extendedProperties.retirementDate	exact	High		HighAvailability		2026-07-27T18:42:26.983570Z		Azure Key Vault API versions prior to 2026-02-01 are being retired	Azure Key Vault API versions prior to 2026-02-01 are being retired				[]	missing	missing	missing	metadata_not_found,resource_inventory_not_found,subscription_inventory_not_found	"{""acquisition"":""advisor.recommendations"",""api_version"":""2025-01-01"",""fields"":{""description"":"""",""resource_id"":""properties.resourceMetadata.resourceId""},""lookup_keys"":{""metadata"":""7ff06874-39e9-41be-9552-fa1ae2a83c88\u0000/subscriptions/b9fc9419-6097-45fe-9f74-ba0641c91912/resourcegroups/pagopa-p-receipts-sec-rg/providers/microsoft.keyvault/vaults/pagopa-p-receipts-kv"",""resource"":""/subscriptions/b9fc9419-6097-45fe-9f74-ba0641c91912/resourcegroups/pagopa-p-receipts-sec-rg/providers/microsoft.keyvault/vaults/pagopa-p-receipts-kv"",""subscription"":""b9fc9419-6097-45fe-9f74-ba0641c91912""},""match_status"":{""metadata"":""missing"",""resource"":""missing"",""subscription"":""missing""},""recommendation_id"":""/subscriptions/b9fc9419-6097-45fe-9f74-ba0641c91912/resourcegroups/pagopa-p-receipts-sec-rg/providers/microsoft.keyvault/vaults/pagopa-p-receipts-kv/providers/Microsoft.Advisor/recommendations/9f512729fcd80c97e93f06faca4b7d6d9b75ecfac36969ca98721cb5ea8a5a00"",""resource_linkage"":""resource_id""}"	e1c08975393276fe1b8c60354b7ea7e542ac5e47822e614d7f6bd475d4650071
1	72a34e2b-f26c-4bd9-b778-6118966cf94b	2026-07-31	resolved	advisor_retirement_recommendation	azure_advisor	/subscriptions/b9fc9419-6097-45fe-9f74-ba0641c91912/resourcegroups/pagopa-p-sec-rg/providers/microsoft.keyvault/vaults/pagopa-p-azdo-weu-kv/providers/Microsoft.Advisor/recommendations/0004198cd60282152496ca8dfe90337295ba451cc626ad7e651483ba007a8d46	7ff06874-39e9-41be-9552-fa1ae2a83c88	New	b9fc9419-6097-45fe-9f74-ba0641c91912		resource_id	/subscriptions/b9fc9419-6097-45fe-9f74-ba0641c91912/resourcegroups/pagopa-p-sec-rg/providers/microsoft.keyvault/vaults/pagopa-p-azdo-weu-kv	/subscriptions/b9fc9419-6097-45fe-9f74-ba0641c91912/resourcegroups/pagopa-p-sec-rg/providers/microsoft.keyvault/vaults/pagopa-p-azdo-weu-kv	pagopa-p-azdo-weu-kv	pagopa-p-sec-rg	microsoft.keyvault/vaults		{}			API versions prior to 2026-02-01	2027-02-27	2027-02-27	properties.extendedProperties.retirementDate	exact	High		HighAvailability		2026-07-30T20:09:04.910198Z		Azure Key Vault API versions prior to 2026-02-01 are being retired	Azure Key Vault API versions prior to 2026-02-01 are being retired				[]	missing	missing	missing	metadata_not_found,resource_inventory_not_found,subscription_inventory_not_found	"{""acquisition"":""advisor.recommendations"",""api_version"":""2025-01-01"",""fields"":{""description"":"""",""resource_id"":""properties.resourceMetadata.resourceId""},""lookup_keys"":{""metadata"":""7ff06874-39e9-41be-9552-fa1ae2a83c88\u0000/subscriptions/b9fc9419-6097-45fe-9f74-ba0641c91912/resourcegroups/pagopa-p-sec-rg/providers/microsoft.keyvault/vaults/pagopa-p-azdo-weu-kv"",""resource"":""/subscriptions/b9fc9419-6097-45fe-9f74-ba0641c91912/resourcegroups/pagopa-p-sec-rg/providers/microsoft.keyvault/vaults/pagopa-p-azdo-weu-kv"",""subscription"":""b9fc9419-6097-45fe-9f74-ba0641c91912""},""match_status"":{""metadata"":""missing"",""resource"":""missing"",""subscription"":""missing""},""recommendation_id"":""/subscriptions/b9fc9419-6097-45fe-9f74-ba0641c91912/resourcegroups/pagopa-p-sec-rg/providers/microsoft.keyvault/vaults/pagopa-p-azdo-weu-kv/providers/Microsoft.Advisor/recommendations/0004198cd60282152496ca8dfe90337295ba451cc626ad7e651483ba007a8d46"",""resource_linkage"":""resource_id""}"	8ca0f900b703a88f498d433be89679e1fe5c31026a070e4e48e4de17db0def17
1	72a34e2b-f26c-4bd9-b778-6118966cf94b	2026-07-31	resolved	advisor_retirement_recommendation	azure_advisor	/subscriptions/b9fc9419-6097-45fe-9f74-ba0641c91912/resourcegroups/pagopa-p-sec-rg/providers/microsoft.keyvault/vaults/pagopa-p-kv/providers/Microsoft.Advisor/recommendations/9d16a6482679462c9331c41c8c0edf952b243dc4128f3dc79eae235c0ca8340a	7ff06874-39e9-41be-9552-fa1ae2a83c88	New	b9fc9419-6097-45fe-9f74-ba0641c91912		resource_id	/subscriptions/b9fc9419-6097-45fe-9f74-ba0641c91912/resourcegroups/pagopa-p-sec-rg/providers/microsoft.keyvault/vaults/pagopa-p-kv	/subscriptions/b9fc9419-6097-45fe-9f74-ba0641c91912/resourcegroups/pagopa-p-sec-rg/providers/microsoft.keyvault/vaults/pagopa-p-kv	pagopa-p-kv	pagopa-p-sec-rg	microsoft.keyvault/vaults		{}			API versions prior to 2026-02-01	2027-02-27	2027-02-27	properties.extendedProperties.retirementDate	exact	High		HighAvailability		2026-07-27T18:42:29.790407Z		Azure Key Vault API versions prior to 2026-02-01 are being retired	Azure Key Vault API versions prior to 2026-02-01 are being retired				[]	missing	missing	missing	metadata_not_found,resource_inventory_not_found,subscription_inventory_not_found	"{""acquisition"":""advisor.recommendations"",""api_version"":""2025-01-01"",""fields"":{""description"":"""",""resource_id"":""properties.resourceMetadata.resourceId""},""lookup_keys"":{""metadata"":""7ff06874-39e9-41be-9552-fa1ae2a83c88\u0000/subscriptions/b9fc9419-6097-45fe-9f74-ba0641c91912/resourcegroups/pagopa-p-sec-rg/providers/microsoft.keyvault/vaults/pagopa-p-kv"",""resource"":""/subscriptions/b9fc9419-6097-45fe-9f74-ba0641c91912/resourcegroups/pagopa-p-sec-rg/providers/microsoft.keyvault/vaults/pagopa-p-kv"",""subscription"":""b9fc9419-6097-45fe-9f74-ba0641c91912""},""match_status"":{""metadata"":""missing"",""resource"":""missing"",""subscription"":""missing""},""recommendation_id"":""/subscriptions/b9fc9419-6097-45fe-9f74-ba0641c91912/resourcegroups/pagopa-p-sec-rg/providers/microsoft.keyvault/vaults/pagopa-p-kv/providers/Microsoft.Advisor/recommendations/9d16a6482679462c9331c41c8c0edf952b243dc4128f3dc79eae235c0ca8340a"",""resource_linkage"":""resource_id""}"	0d60e3ae6a46086de5f22ae00a3e9c84b9e3203298f164aa5247915860a4fcb9
1	72a34e2b-f26c-4bd9-b778-6118966cf94b	2026-07-31	resolved	advisor_retirement_recommendation	azure_advisor	/subscriptions/b9fc9419-6097-45fe-9f74-ba0641c91912/resourcegroups/pagopa-p-selfcare-sec-rg/providers/microsoft.keyvault/vaults/pagopa-p-selfcare-kv/providers/Microsoft.Advisor/recommendations/06c7a42da2b696e75f951b2f7f8ceae0005653a417e98adf5f3860f238c13d6f	7ff06874-39e9-41be-9552-fa1ae2a83c88	New	b9fc9419-6097-45fe-9f74-ba0641c91912		resource_id	/subscriptions/b9fc9419-6097-45fe-9f74-ba0641c91912/resourcegroups/pagopa-p-selfcare-sec-rg/providers/microsoft.keyvault/vaults/pagopa-p-selfcare-kv	/subscriptions/b9fc9419-6097-45fe-9f74-ba0641c91912/resourcegroups/pagopa-p-selfcare-sec-rg/providers/microsoft.keyvault/vaults/pagopa-p-selfcare-kv	pagopa-p-selfcare-kv	pagopa-p-selfcare-sec-rg	microsoft.keyvault/vaults		{}			API versions prior to 2026-02-01	2027-02-27	2027-02-27	properties.extendedProperties.retirementDate	exact	High		HighAvailability		2026-07-24T18:35:34.427969Z		Azure Key Vault API versions prior to 2026-02-01 are being retired	Azure Key Vault API versions prior to 2026-02-01 are being retired				[]	missing	missing	missing	metadata_not_found,resource_inventory_not_found,subscription_inventory_not_found	"{""acquisition"":""advisor.recommendations"",""api_version"":""2025-01-01"",""fields"":{""description"":"""",""resource_id"":""properties.resourceMetadata.resourceId""},""lookup_keys"":{""metadata"":""7ff06874-39e9-41be-9552-fa1ae2a83c88\u0000/subscriptions/b9fc9419-6097-45fe-9f74-ba0641c91912/resourcegroups/pagopa-p-selfcare-sec-rg/providers/microsoft.keyvault/vaults/pagopa-p-selfcare-kv"",""resource"":""/subscriptions/b9fc9419-6097-45fe-9f74-ba0641c91912/resourcegroups/pagopa-p-selfcare-sec-rg/providers/microsoft.keyvault/vaults/pagopa-p-selfcare-kv"",""subscription"":""b9fc9419-6097-45fe-9f74-ba0641c91912""},""match_status"":{""metadata"":""missing"",""resource"":""missing"",""subscription"":""missing""},""recommendation_id"":""/subscriptions/b9fc9419-6097-45fe-9f74-ba0641c91912/resourcegroups/pagopa-p-selfcare-sec-rg/providers/microsoft.keyvault/vaults/pagopa-p-selfcare-kv/providers/Microsoft.Advisor/recommendations/06c7a42da2b696e75f951b2f7f8ceae0005653a417e98adf5f3860f238c13d6f"",""resource_linkage"":""resource_id""}"	54eedf00780237356ee63baf62c13c0e4ef975c86ff7c87635a10bd7224100c0
1	72a34e2b-f26c-4bd9-b778-6118966cf94b	2026-07-31	resolved	advisor_retirement_recommendation	azure_advisor	/subscriptions/b9fc9419-6097-45fe-9f74-ba0641c91912/resourcegroups/pagopa-p-shared-sec-rg/providers/microsoft.keyvault/vaults/pagopa-p-shared-kv/providers/Microsoft.Advisor/recommendations/7b9223e529816c3acac9d4ea0aee126d1e093e3c3d1cce68d24959b4d4ea5137	7ff06874-39e9-41be-9552-fa1ae2a83c88	New	b9fc9419-6097-45fe-9f74-ba0641c91912		resource_id	/subscriptions/b9fc9419-6097-45fe-9f74-ba0641c91912/resourcegroups/pagopa-p-shared-sec-rg/providers/microsoft.keyvault/vaults/pagopa-p-shared-kv	/subscriptions/b9fc9419-6097-45fe-9f74-ba0641c91912/resourcegroups/pagopa-p-shared-sec-rg/providers/microsoft.keyvault/vaults/pagopa-p-shared-kv	pagopa-p-shared-kv	pagopa-p-shared-sec-rg	microsoft.keyvault/vaults		{}			API versions prior to 2026-02-01	2027-02-27	2027-02-27	properties.extendedProperties.retirementDate	exact	High		HighAvailability		2026-07-17T10:05:01.934754Z		Azure Key Vault API versions prior to 2026-02-01 are being retired	Azure Key Vault API versions prior to 2026-02-01 are being retired				[]	missing	missing	missing	metadata_not_found,resource_inventory_not_found,subscription_inventory_not_found	"{""acquisition"":""advisor.recommendations"",""api_version"":""2025-01-01"",""fields"":{""description"":"""",""resource_id"":""properties.resourceMetadata.resourceId""},""lookup_keys"":{""metadata"":""7ff06874-39e9-41be-9552-fa1ae2a83c88\u0000/subscriptions/b9fc9419-6097-45fe-9f74-ba0641c91912/resourcegroups/pagopa-p-shared-sec-rg/providers/microsoft.keyvault/vaults/pagopa-p-shared-kv"",""resource"":""/subscriptions/b9fc9419-6097-45fe-9f74-ba0641c91912/resourcegroups/pagopa-p-shared-sec-rg/providers/microsoft.keyvault/vaults/pagopa-p-shared-kv"",""subscription"":""b9fc9419-6097-45fe-9f74-ba0641c91912""},""match_status"":{""metadata"":""missing"",""resource"":""missing"",""subscription"":""missing""},""recommendation_id"":""/subscriptions/b9fc9419-6097-45fe-9f74-ba0641c91912/resourcegroups/pagopa-p-shared-sec-rg/providers/microsoft.keyvault/vaults/pagopa-p-shared-kv/providers/Microsoft.Advisor/recommendations/7b9223e529816c3acac9d4ea0aee126d1e093e3c3d1cce68d24959b4d4ea5137"",""resource_linkage"":""resource_id""}"	6f6f28807935603c8021d2270c8fc1bbb611c1155243a98444471ea92c88ecde
1	72a34e2b-f26c-4bd9-b778-6118966cf94b	2026-07-31	resolved	advisor_retirement_recommendation	azure_advisor	/subscriptions/b9fc9419-6097-45fe-9f74-ba0641c91912/resourcegroups/pagopa-p-test-peering-rg/providers/microsoft.network/publicipaddresses/test-peering-vm-ip/providers/Microsoft.Advisor/recommendations/2554e3f3b601540be27a658cd038bb4728dd0f80cd72925b1fe3c34b75f34c25	557fc33a-46a3-4688-9f09-0aa6ae3d38d7	New	b9fc9419-6097-45fe-9f74-ba0641c91912		resource_id	/subscriptions/b9fc9419-6097-45fe-9f74-ba0641c91912/resourcegroups/pagopa-p-test-peering-rg/providers/microsoft.network/publicipaddresses/test-peering-vm-ip	/subscriptions/b9fc9419-6097-45fe-9f74-ba0641c91912/resourcegroups/pagopa-p-test-peering-rg/providers/microsoft.network/publicipaddresses/test-peering-vm-ip	test-peering-vm-ip	pagopa-p-test-peering-rg	microsoft.network/publicipaddresses		{}			Basic SKU	2025-09-30	2025-09-30	properties.extendedProperties.retirementDate	exact	Medium		HighAvailability		2026-05-14T14:52:18.824769Z		Basic SKU is being retired	Basic SKU is being retired				[]	missing	missing	missing	metadata_not_found,resource_inventory_not_found,subscription_inventory_not_found	"{""acquisition"":""advisor.recommendations"",""api_version"":""2025-01-01"",""fields"":{""description"":"""",""resource_id"":""properties.resourceMetadata.resourceId""},""lookup_keys"":{""metadata"":""557fc33a-46a3-4688-9f09-0aa6ae3d38d7\u0000/subscriptions/b9fc9419-6097-45fe-9f74-ba0641c91912/resourcegroups/pagopa-p-test-peering-rg/providers/microsoft.network/publicipaddresses/test-peering-vm-ip"",""resource"":""/subscriptions/b9fc9419-6097-45fe-9f74-ba0641c91912/resourcegroups/pagopa-p-test-peering-rg/providers/microsoft.network/publicipaddresses/test-peering-vm-ip"",""subscription"":""b9fc9419-6097-45fe-9f74-ba0641c91912""},""match_status"":{""metadata"":""missing"",""resource"":""missing"",""subscription"":""missing""},""recommendation_id"":""/subscriptions/b9fc9419-6097-45fe-9f74-ba0641c91912/resourcegroups/pagopa-p-test-peering-rg/providers/microsoft.network/publicipaddresses/test-peering-vm-ip/providers/Microsoft.Advisor/recommendations/2554e3f3b601540be27a658cd038bb4728dd0f80cd72925b1fe3c34b75f34c25"",""resource_linkage"":""resource_id""}"	aecea473931e173d201f999dfb94c3ef707e90267bcc743c991398fc57ef2991
1	72a34e2b-f26c-4bd9-b778-6118966cf94b	2026-07-31	resolved	advisor_retirement_recommendation	azure_advisor	/subscriptions/b9fc9419-6097-45fe-9f74-ba0641c91912/resourcegroups/pagopa-p-vnet-rg/providers/microsoft.network/applicationgateways/pagopa-p-app-gw/providers/Microsoft.Advisor/recommendations/c6453a2bc7ccb036e1dc17ee2476aa8afd125c341bd21252f6855916aca6da1e	13d4b9e9-e144-4fa6-8d03-38b1c9f2b4a3	New	b9fc9419-6097-45fe-9f74-ba0641c91912		resource_id	/subscriptions/b9fc9419-6097-45fe-9f74-ba0641c91912/resourcegroups/pagopa-p-vnet-rg/providers/microsoft.network/applicationgateways/pagopa-p-app-gw	/subscriptions/b9fc9419-6097-45fe-9f74-ba0641c91912/resourcegroups/pagopa-p-vnet-rg/providers/microsoft.network/applicationgateways/pagopa-p-app-gw	pagopa-p-app-gw	pagopa-p-vnet-rg	microsoft.network/applicationgateways		{}			WAF v2 Config	2027-03-31	2027-03-31	properties.extendedProperties.retirementDate	exact	Medium		HighAvailability		2026-04-16T08:47:07.031552Z		Application Gateway Web Application Firewall v2 configuration is retiring	Application Gateway Web Application Firewall v2 configuration is retiring				[]	missing	missing	missing	metadata_not_found,resource_inventory_not_found,subscription_inventory_not_found	"{""acquisition"":""advisor.recommendations"",""api_version"":""2025-01-01"",""fields"":{""description"":"""",""resource_id"":""properties.resourceMetadata.resourceId""},""lookup_keys"":{""metadata"":""13d4b9e9-e144-4fa6-8d03-38b1c9f2b4a3\u0000/subscriptions/b9fc9419-6097-45fe-9f74-ba0641c91912/resourcegroups/pagopa-p-vnet-rg/providers/microsoft.network/applicationgateways/pagopa-p-app-gw"",""resource"":""/subscriptions/b9fc9419-6097-45fe-9f74-ba0641c91912/resourcegroups/pagopa-p-vnet-rg/providers/microsoft.network/applicationgateways/pagopa-p-app-gw"",""subscription"":""b9fc9419-6097-45fe-9f74-ba0641c91912""},""match_status"":{""metadata"":""missing"",""resource"":""missing"",""subscription"":""missing""},""recommendation_id"":""/subscriptions/b9fc9419-6097-45fe-9f74-ba0641c91912/resourcegroups/pagopa-p-vnet-rg/providers/microsoft.network/applicationgateways/pagopa-p-app-gw/providers/Microsoft.Advisor/recommendations/c6453a2bc7ccb036e1dc17ee2476aa8afd125c341bd21252f6855916aca6da1e"",""resource_linkage"":""resource_id""}"	f513eb8413ae69e9e11c1786f1c24466cf7e54b7c02cde17f21e92ca7c8343ff
1	72a34e2b-f26c-4bd9-b778-6118966cf94b	2026-07-31	resolved	advisor_retirement_recommendation	azure_advisor	/subscriptions/b9fc9419-6097-45fe-9f74-ba0641c91912/resourcegroups/pagopa-p-weu-afm-rg/providers/microsoft.documentdb/databaseaccounts/pagopa-p-weu-afm-marketplace-cosmos-account/providers/Microsoft.Advisor/recommendations/15f6a5e64345d365842f1554dffc64578d7f0b1d6a5c582db7c60130a41db596	0082c3b0-5b9c-4157-bb43-29307b6f882e	New	b9fc9419-6097-45fe-9f74-ba0641c91912		resource_id	/subscriptions/b9fc9419-6097-45fe-9f74-ba0641c91912/resourcegroups/pagopa-p-weu-afm-rg/providers/microsoft.documentdb/databaseaccounts/pagopa-p-weu-afm-marketplace-cosmos-account	/subscriptions/b9fc9419-6097-45fe-9f74-ba0641c91912/resourcegroups/pagopa-p-weu-afm-rg/providers/microsoft.documentdb/databaseaccounts/pagopa-p-weu-afm-marketplace-cosmos-account	pagopa-p-weu-afm-marketplace-cosmos-account	pagopa-p-weu-afm-rg	microsoft.documentdb/databaseaccounts		{}			Azure Synapse Link for Azure Cosmos DB NoSQL	2029-03-31	2029-03-31	properties.extendedProperties.retirementDate	exact	Medium		HighAvailability		2026-07-26T08:36:10.043848Z		Migrate Cosmos DB Synapse Link (NoSQL) to Fabric Mirroring	Migrate Cosmos DB Synapse Link (NoSQL) to Fabric Mirroring				[]	missing	missing	missing	metadata_not_found,resource_inventory_not_found,subscription_inventory_not_found	"{""acquisition"":""advisor.recommendations"",""api_version"":""2025-01-01"",""fields"":{""description"":"""",""resource_id"":""properties.resourceMetadata.resourceId""},""lookup_keys"":{""metadata"":""0082c3b0-5b9c-4157-bb43-29307b6f882e\u0000/subscriptions/b9fc9419-6097-45fe-9f74-ba0641c91912/resourcegroups/pagopa-p-weu-afm-rg/providers/microsoft.documentdb/databaseaccounts/pagopa-p-weu-afm-marketplace-cosmos-account"",""resource"":""/subscriptions/b9fc9419-6097-45fe-9f74-ba0641c91912/resourcegroups/pagopa-p-weu-afm-rg/providers/microsoft.documentdb/databaseaccounts/pagopa-p-weu-afm-marketplace-cosmos-account"",""subscription"":""b9fc9419-6097-45fe-9f74-ba0641c91912""},""match_status"":{""metadata"":""missing"",""resource"":""missing"",""subscription"":""missing""},""recommendation_id"":""/subscriptions/b9fc9419-6097-45fe-9f74-ba0641c91912/resourcegroups/pagopa-p-weu-afm-rg/providers/microsoft.documentdb/databaseaccounts/pagopa-p-weu-afm-marketplace-cosmos-account/providers/Microsoft.Advisor/recommendations/15f6a5e64345d365842f1554dffc64578d7f0b1d6a5c582db7c60130a41db596"",""resource_linkage"":""resource_id""}"	9d5f8b108de5d35c86d3899a05bab26ba806cd327ca857be2b589b4e2d04e833
1	72a34e2b-f26c-4bd9-b778-6118966cf94b	2026-07-31	resolved	advisor_retirement_recommendation	azure_advisor	/subscriptions/b9fc9419-6097-45fe-9f74-ba0641c91912/resourcegroups/pagopa-p-weu-bizevents-rg/providers/microsoft.documentdb/databaseaccounts/pagopa-p-weu-bizevents-ds-cosmos-account/providers/Microsoft.Advisor/recommendations/a882921276ab746fb10b02ab13edfc698489095a69709323f5964168fd9753fd	51a4e6bd-5a95-4a41-8309-40f5640fdb8b	New	b9fc9419-6097-45fe-9f74-ba0641c91912		resource_id	/subscriptions/b9fc9419-6097-45fe-9f74-ba0641c91912/resourcegroups/pagopa-p-weu-bizevents-rg/providers/microsoft.documentdb/databaseaccounts/pagopa-p-weu-bizevents-ds-cosmos-account	/subscriptions/b9fc9419-6097-45fe-9f74-ba0641c91912/resourcegroups/pagopa-p-weu-bizevents-rg/providers/microsoft.documentdb/databaseaccounts/pagopa-p-weu-bizevents-ds-cosmos-account	pagopa-p-weu-bizevents-ds-cosmos-account	pagopa-p-weu-bizevents-rg	microsoft.documentdb/databaseaccounts		{}							missing	Medium		HighAvailability		2026-07-25T00:52:56.576320Z		Upgrade old Azure Cosmos DB SDK to the latest version	Upgrade old Azure Cosmos DB SDK to the latest version				[]	missing	missing	missing	metadata_not_found,missing_retirement_date,resource_inventory_not_found,subscription_inventory_not_found	"{""acquisition"":""advisor.recommendations"",""api_version"":""2025-01-01"",""fields"":{""description"":"""",""resource_id"":""properties.resourceMetadata.resourceId""},""lookup_keys"":{""metadata"":""51a4e6bd-5a95-4a41-8309-40f5640fdb8b\u0000/subscriptions/b9fc9419-6097-45fe-9f74-ba0641c91912/resourcegroups/pagopa-p-weu-bizevents-rg/providers/microsoft.documentdb/databaseaccounts/pagopa-p-weu-bizevents-ds-cosmos-account"",""resource"":""/subscriptions/b9fc9419-6097-45fe-9f74-ba0641c91912/resourcegroups/pagopa-p-weu-bizevents-rg/providers/microsoft.documentdb/databaseaccounts/pagopa-p-weu-bizevents-ds-cosmos-account"",""subscription"":""b9fc9419-6097-45fe-9f74-ba0641c91912""},""match_status"":{""metadata"":""missing"",""resource"":""missing"",""subscription"":""missing""},""recommendation_id"":""/subscriptions/b9fc9419-6097-45fe-9f74-ba0641c91912/resourcegroups/pagopa-p-weu-bizevents-rg/providers/microsoft.documentdb/databaseaccounts/pagopa-p-weu-bizevents-ds-cosmos-account/providers/Microsoft.Advisor/recommendations/a882921276ab746fb10b02ab13edfc698489095a69709323f5964168fd9753fd"",""resource_linkage"":""resource_id""}"	aaa192f69601f4957df3ef4dd26e22495a4241b14233a54f3de2626f8e2666a5
1	72a34e2b-f26c-4bd9-b778-6118966cf94b	2026-07-31	resolved	advisor_retirement_recommendation	azure_advisor	/subscriptions/b9fc9419-6097-45fe-9f74-ba0641c91912/resourcegroups/pagopa-p-weu-bizevents-rg/providers/microsoft.documentdb/databaseaccounts/pagopa-p-weu-bizevents-ds-cosmos-account/providers/Microsoft.Advisor/recommendations/bf4463a9ffdaf9a7816351b7544e0b4bfb91e35c8ed3d93dddd02b47cb32a2f5	51a4e6bd-5a95-4a41-8309-40f5640fdb8b	New	b9fc9419-6097-45fe-9f74-ba0641c91912		resource_id	/subscriptions/b9fc9419-6097-45fe-9f74-ba0641c91912/resourcegroups/pagopa-p-weu-bizevents-rg/providers/microsoft.documentdb/databaseaccounts/pagopa-p-weu-bizevents-ds-cosmos-account	/subscriptions/b9fc9419-6097-45fe-9f74-ba0641c91912/resourcegroups/pagopa-p-weu-bizevents-rg/providers/microsoft.documentdb/databaseaccounts/pagopa-p-weu-bizevents-ds-cosmos-account	pagopa-p-weu-bizevents-ds-cosmos-account	pagopa-p-weu-bizevents-rg	microsoft.documentdb/databaseaccounts		{}							missing	Medium		HighAvailability		2026-07-26T08:32:36.732847Z		Upgrade old Azure Cosmos DB SDK to the latest version	Upgrade old Azure Cosmos DB SDK to the latest version				[]	missing	missing	missing	metadata_not_found,missing_retirement_date,resource_inventory_not_found,subscription_inventory_not_found	"{""acquisition"":""advisor.recommendations"",""api_version"":""2025-01-01"",""fields"":{""description"":"""",""resource_id"":""properties.resourceMetadata.resourceId""},""lookup_keys"":{""metadata"":""51a4e6bd-5a95-4a41-8309-40f5640fdb8b\u0000/subscriptions/b9fc9419-6097-45fe-9f74-ba0641c91912/resourcegroups/pagopa-p-weu-bizevents-rg/providers/microsoft.documentdb/databaseaccounts/pagopa-p-weu-bizevents-ds-cosmos-account"",""resource"":""/subscriptions/b9fc9419-6097-45fe-9f74-ba0641c91912/resourcegroups/pagopa-p-weu-bizevents-rg/providers/microsoft.documentdb/databaseaccounts/pagopa-p-weu-bizevents-ds-cosmos-account"",""subscription"":""b9fc9419-6097-45fe-9f74-ba0641c91912""},""match_status"":{""metadata"":""missing"",""resource"":""missing"",""subscription"":""missing""},""recommendation_id"":""/subscriptions/b9fc9419-6097-45fe-9f74-ba0641c91912/resourcegroups/pagopa-p-weu-bizevents-rg/providers/microsoft.documentdb/databaseaccounts/pagopa-p-weu-bizevents-ds-cosmos-account/providers/Microsoft.Advisor/recommendations/bf4463a9ffdaf9a7816351b7544e0b4bfb91e35c8ed3d93dddd02b47cb32a2f5"",""resource_linkage"":""resource_id""}"	ceefaf44b189bd202d029f333b367c5bb2b7d5a1097f65ba2ecc349f6fbed654
1	72a34e2b-f26c-4bd9-b778-6118966cf94b	2026-07-31	resolved	advisor_retirement_recommendation	azure_advisor	/subscriptions/b9fc9419-6097-45fe-9f74-ba0641c91912/resourcegroups/pagopa-p-weu-bizevents-rg/providers/microsoft.documentdb/databaseaccounts/pagopa-p-weu-bizevents-neg-ds-cosmos-account/providers/Microsoft.Advisor/recommendations/d9bcbf1a83d92b699d115441019dc65365a1fa9a966d652c2674b95d7933d2c9	51a4e6bd-5a95-4a41-8309-40f5640fdb8b	New	b9fc9419-6097-45fe-9f74-ba0641c91912		resource_id	/subscriptions/b9fc9419-6097-45fe-9f74-ba0641c91912/resourcegroups/pagopa-p-weu-bizevents-rg/providers/microsoft.documentdb/databaseaccounts/pagopa-p-weu-bizevents-neg-ds-cosmos-account	/subscriptions/b9fc9419-6097-45fe-9f74-ba0641c91912/resourcegroups/pagopa-p-weu-bizevents-rg/providers/microsoft.documentdb/databaseaccounts/pagopa-p-weu-bizevents-neg-ds-cosmos-account	pagopa-p-weu-bizevents-neg-ds-cosmos-account	pagopa-p-weu-bizevents-rg	microsoft.documentdb/databaseaccounts		{}							missing	Medium		HighAvailability		2026-07-26T08:32:37.030319Z		Upgrade old Azure Cosmos DB SDK to the latest version	Upgrade old Azure Cosmos DB SDK to the latest version				[]	missing	missing	missing	metadata_not_found,missing_retirement_date,resource_inventory_not_found,subscription_inventory_not_found	"{""acquisition"":""advisor.recommendations"",""api_version"":""2025-01-01"",""fields"":{""description"":"""",""resource_id"":""properties.resourceMetadata.resourceId""},""lookup_keys"":{""metadata"":""51a4e6bd-5a95-4a41-8309-40f5640fdb8b\u0000/subscriptions/b9fc9419-6097-45fe-9f74-ba0641c91912/resourcegroups/pagopa-p-weu-bizevents-rg/providers/microsoft.documentdb/databaseaccounts/pagopa-p-weu-bizevents-neg-ds-cosmos-account"",""resource"":""/subscriptions/b9fc9419-6097-45fe-9f74-ba0641c91912/resourcegroups/pagopa-p-weu-bizevents-rg/providers/microsoft.documentdb/databaseaccounts/pagopa-p-weu-bizevents-neg-ds-cosmos-account"",""subscription"":""b9fc9419-6097-45fe-9f74-ba0641c91912""},""match_status"":{""metadata"":""missing"",""resource"":""missing"",""subscription"":""missing""},""recommendation_id"":""/subscriptions/b9fc9419-6097-45fe-9f74-ba0641c91912/resourcegroups/pagopa-p-weu-bizevents-rg/providers/microsoft.documentdb/databaseaccounts/pagopa-p-weu-bizevents-neg-ds-cosmos-account/providers/Microsoft.Advisor/recommendations/d9bcbf1a83d92b699d115441019dc65365a1fa9a966d652c2674b95d7933d2c9"",""resource_linkage"":""resource_id""}"	708f1c088687c2e2bcdc6801d5d32c4191608efe2b8f36af4c0dbfc3cb12af5f
1	72a34e2b-f26c-4bd9-b778-6118966cf94b	2026-07-31	resolved	advisor_retirement_recommendation	azure_advisor	/subscriptions/b9fc9419-6097-45fe-9f74-ba0641c91912/resourcegroups/pagopa-p-weu-checkout-redis-std-rg/providers/microsoft.cache/redis/pagopa-p-weu-checkout-redis-std/providers/Microsoft.Advisor/recommendations/2d10d2d04b5ce89567e6cad528c47cb2a6a5f4103095b10e8d788d5d50222080	f3aded79-f9ff-4ce4-99e3-2ffcf11161a4	New	b9fc9419-6097-45fe-9f74-ba0641c91912		resource_id	/subscriptions/b9fc9419-6097-45fe-9f74-ba0641c91912/resourcegroups/pagopa-p-weu-checkout-redis-std-rg/providers/microsoft.cache/redis/pagopa-p-weu-checkout-redis-std	/subscriptions/b9fc9419-6097-45fe-9f74-ba0641c91912/resourcegroups/pagopa-p-weu-checkout-redis-std-rg/providers/microsoft.cache/redis/pagopa-p-weu-checkout-redis-std	pagopa-p-weu-checkout-redis-std	pagopa-p-weu-checkout-redis-std-rg	microsoft.cache/redis		{}			Redis Cache	2028-09-30	2028-09-30	properties.extendedProperties.retirementDate	exact	Medium		HighAvailability		2026-05-19T17:07:04.339352Z		Migrate to Azure Managed Redis from Azure Cache for Redis	Migrate to Azure Managed Redis from Azure Cache for Redis				[]	missing	missing	missing	metadata_not_found,resource_inventory_not_found,subscription_inventory_not_found	"{""acquisition"":""advisor.recommendations"",""api_version"":""2025-01-01"",""fields"":{""description"":"""",""resource_id"":""properties.resourceMetadata.resourceId""},""lookup_keys"":{""metadata"":""f3aded79-f9ff-4ce4-99e3-2ffcf11161a4\u0000/subscriptions/b9fc9419-6097-45fe-9f74-ba0641c91912/resourcegroups/pagopa-p-weu-checkout-redis-std-rg/providers/microsoft.cache/redis/pagopa-p-weu-checkout-redis-std"",""resource"":""/subscriptions/b9fc9419-6097-45fe-9f74-ba0641c91912/resourcegroups/pagopa-p-weu-checkout-redis-std-rg/providers/microsoft.cache/redis/pagopa-p-weu-checkout-redis-std"",""subscription"":""b9fc9419-6097-45fe-9f74-ba0641c91912""},""match_status"":{""metadata"":""missing"",""resource"":""missing"",""subscription"":""missing""},""recommendation_id"":""/subscriptions/b9fc9419-6097-45fe-9f74-ba0641c91912/resourcegroups/pagopa-p-weu-checkout-redis-std-rg/providers/microsoft.cache/redis/pagopa-p-weu-checkout-redis-std/providers/Microsoft.Advisor/recommendations/2d10d2d04b5ce89567e6cad528c47cb2a6a5f4103095b10e8d788d5d50222080"",""resource_linkage"":""resource_id""}"	ed9c1f1a3a26a7ce454a4f272b27c61441e775813659eca2e8f693c5325e2934
1	72a34e2b-f26c-4bd9-b778-6118966cf94b	2026-07-31	resolved	advisor_retirement_recommendation	azure_advisor	/subscriptions/b9fc9419-6097-45fe-9f74-ba0641c91912/resourcegroups/pagopa-p-weu-core-ca-rg/providers/microsoft.keyvault/vaults/pagopa-p-weu-core-ca-kv/providers/Microsoft.Advisor/recommendations/26c5ddfd0047b32d6225b69c514ebc5843bab1702ae952c552637c8e022c2438	7ff06874-39e9-41be-9552-fa1ae2a83c88	New	b9fc9419-6097-45fe-9f74-ba0641c91912		resource_id	/subscriptions/b9fc9419-6097-45fe-9f74-ba0641c91912/resourcegroups/pagopa-p-weu-core-ca-rg/providers/microsoft.keyvault/vaults/pagopa-p-weu-core-ca-kv	/subscriptions/b9fc9419-6097-45fe-9f74-ba0641c91912/resourcegroups/pagopa-p-weu-core-ca-rg/providers/microsoft.keyvault/vaults/pagopa-p-weu-core-ca-kv	pagopa-p-weu-core-ca-kv	pagopa-p-weu-core-ca-rg	microsoft.keyvault/vaults		{}			API versions prior to 2026-02-01	2027-02-27	2027-02-27	properties.extendedProperties.retirementDate	exact	High		HighAvailability		2026-07-27T18:42:30.900748Z		Azure Key Vault API versions prior to 2026-02-01 are being retired	Azure Key Vault API versions prior to 2026-02-01 are being retired				[]	missing	missing	missing	metadata_not_found,resource_inventory_not_found,subscription_inventory_not_found	"{""acquisition"":""advisor.recommendations"",""api_version"":""2025-01-01"",""fields"":{""description"":"""",""resource_id"":""properties.resourceMetadata.resourceId""},""lookup_keys"":{""metadata"":""7ff06874-39e9-41be-9552-fa1ae2a83c88\u0000/subscriptions/b9fc9419-6097-45fe-9f74-ba0641c91912/resourcegroups/pagopa-p-weu-core-ca-rg/providers/microsoft.keyvault/vaults/pagopa-p-weu-core-ca-kv"",""resource"":""/subscriptions/b9fc9419-6097-45fe-9f74-ba0641c91912/resourcegroups/pagopa-p-weu-core-ca-rg/providers/microsoft.keyvault/vaults/pagopa-p-weu-core-ca-kv"",""subscription"":""b9fc9419-6097-45fe-9f74-ba0641c91912""},""match_status"":{""metadata"":""missing"",""resource"":""missing"",""subscription"":""missing""},""recommendation_id"":""/subscriptions/b9fc9419-6097-45fe-9f74-ba0641c91912/resourcegroups/pagopa-p-weu-core-ca-rg/providers/microsoft.keyvault/vaults/pagopa-p-weu-core-ca-kv/providers/Microsoft.Advisor/recommendations/26c5ddfd0047b32d6225b69c514ebc5843bab1702ae952c552637c8e022c2438"",""resource_linkage"":""resource_id""}"	bf7593109b86aa4b205c2828e22553d808e1690f7d3ad2c7518dddf13d9f1a21
1	72a34e2b-f26c-4bd9-b778-6118966cf94b	2026-07-31	resolved	advisor_retirement_recommendation	azure_advisor	/subscriptions/b9fc9419-6097-45fe-9f74-ba0641c91912/resourcegroups/pagopa-p-weu-dbsecurity-vdi-rg/providers/microsoft.compute/disks/pagopa-p-weu-dbsecurity-db-vdi_osdisk_1_81d64f8bae1b4a3bbd6e78774571b509/providers/Microsoft.Advisor/recommendations/e6892430711d019446678e058b4cea3c1fc49fe070bf3771e694abcc4d0b19d3	6885dc91-c4d1-4695-be6f-f64be575769f	New	b9fc9419-6097-45fe-9f74-ba0641c91912		resource_id	/subscriptions/b9fc9419-6097-45fe-9f74-ba0641c91912/resourcegroups/pagopa-p-weu-dbsecurity-vdi-rg/providers/microsoft.compute/disks/pagopa-p-weu-dbsecurity-db-vdi_osdisk_1_81d64f8bae1b4a3bbd6e78774571b509	/subscriptions/b9fc9419-6097-45fe-9f74-ba0641c91912/resourcegroups/pagopa-p-weu-dbsecurity-vdi-rg/providers/microsoft.compute/disks/pagopa-p-weu-dbsecurity-db-vdi_osdisk_1_81d64f8bae1b4a3bbd6e78774571b509	pagopa-p-weu-dbsecurity-db-vdi_osdisk_1_81d64f8bae1b4a3bbd6e78774571b509	pagopa-p-weu-dbsecurity-vdi-rg	microsoft.compute/disks		{}			Operating System (OS) Disks on Standard HDD	2028-09-08	2028-09-08	properties.extendedProperties.retirementDate	exact	Medium		HighAvailability		2026-04-16T21:05:01.042609Z		Migrate Standard HDD OS Disks to SSD	Migrate Standard HDD OS Disks to SSD				[]	missing	missing	missing	metadata_not_found,resource_inventory_not_found,subscription_inventory_not_found	"{""acquisition"":""advisor.recommendations"",""api_version"":""2025-01-01"",""fields"":{""description"":"""",""resource_id"":""properties.resourceMetadata.resourceId""},""lookup_keys"":{""metadata"":""6885dc91-c4d1-4695-be6f-f64be575769f\u0000/subscriptions/b9fc9419-6097-45fe-9f74-ba0641c91912/resourcegroups/pagopa-p-weu-dbsecurity-vdi-rg/providers/microsoft.compute/disks/pagopa-p-weu-dbsecurity-db-vdi_osdisk_1_81d64f8bae1b4a3bbd6e78774571b509"",""resource"":""/subscriptions/b9fc9419-6097-45fe-9f74-ba0641c91912/resourcegroups/pagopa-p-weu-dbsecurity-vdi-rg/providers/microsoft.compute/disks/pagopa-p-weu-dbsecurity-db-vdi_osdisk_1_81d64f8bae1b4a3bbd6e78774571b509"",""subscription"":""b9fc9419-6097-45fe-9f74-ba0641c91912""},""match_status"":{""metadata"":""missing"",""resource"":""missing"",""subscription"":""missing""},""recommendation_id"":""/subscriptions/b9fc9419-6097-45fe-9f74-ba0641c91912/resourcegroups/pagopa-p-weu-dbsecurity-vdi-rg/providers/microsoft.compute/disks/pagopa-p-weu-dbsecurity-db-vdi_osdisk_1_81d64f8bae1b4a3bbd6e78774571b509/providers/Microsoft.Advisor/recommendations/e6892430711d019446678e058b4cea3c1fc49fe070bf3771e694abcc4d0b19d3"",""resource_linkage"":""resource_id""}"	4d4ddff49f2f2b4b400fedc90e0596d8014151c1bd21284eabe197ab4d42994d
1	72a34e2b-f26c-4bd9-b778-6118966cf94b	2026-07-31	resolved	advisor_retirement_recommendation	azure_advisor	/subscriptions/b9fc9419-6097-45fe-9f74-ba0641c91912/resourcegroups/pagopa-p-weu-dbsecurity-vdi-rg/providers/microsoft.compute/virtualmachines/pagopa-p-weu-dbsecurity-db-vdi/providers/Microsoft.Advisor/recommendations/0a4d599b5a621181d0bb40b7878fda7340abde9eebfe9634d6a9422b1b54f411	7f71b153-c0b7-4e99-a23e-db8179183ec9	New	b9fc9419-6097-45fe-9f74-ba0641c91912		resource_id	/subscriptions/b9fc9419-6097-45fe-9f74-ba0641c91912/resourcegroups/pagopa-p-weu-dbsecurity-vdi-rg/providers/microsoft.compute/virtualmachines/pagopa-p-weu-dbsecurity-db-vdi	/subscriptions/b9fc9419-6097-45fe-9f74-ba0641c91912/resourcegroups/pagopa-p-weu-dbsecurity-vdi-rg/providers/microsoft.compute/virtualmachines/pagopa-p-weu-dbsecurity-db-vdi	pagopa-p-weu-dbsecurity-db-vdi	pagopa-p-weu-dbsecurity-vdi-rg	microsoft.compute/virtualmachines		{}							missing	High		HighAvailability		2026-05-21T03:47:27.600913Z		Migrate workload to D-series or better virtual machine	Migrate workload to D-series or better virtual machine				[]	missing	missing	missing	metadata_not_found,missing_retirement_date,resource_inventory_not_found,subscription_inventory_not_found	"{""acquisition"":""advisor.recommendations"",""api_version"":""2025-01-01"",""fields"":{""description"":"""",""resource_id"":""properties.resourceMetadata.resourceId""},""lookup_keys"":{""metadata"":""7f71b153-c0b7-4e99-a23e-db8179183ec9\u0000/subscriptions/b9fc9419-6097-45fe-9f74-ba0641c91912/resourcegroups/pagopa-p-weu-dbsecurity-vdi-rg/providers/microsoft.compute/virtualmachines/pagopa-p-weu-dbsecurity-db-vdi"",""resource"":""/subscriptions/b9fc9419-6097-45fe-9f74-ba0641c91912/resourcegroups/pagopa-p-weu-dbsecurity-vdi-rg/providers/microsoft.compute/virtualmachines/pagopa-p-weu-dbsecurity-db-vdi"",""subscription"":""b9fc9419-6097-45fe-9f74-ba0641c91912""},""match_status"":{""metadata"":""missing"",""resource"":""missing"",""subscription"":""missing""},""recommendation_id"":""/subscriptions/b9fc9419-6097-45fe-9f74-ba0641c91912/resourcegroups/pagopa-p-weu-dbsecurity-vdi-rg/providers/microsoft.compute/virtualmachines/pagopa-p-weu-dbsecurity-db-vdi/providers/Microsoft.Advisor/recommendations/0a4d599b5a621181d0bb40b7878fda7340abde9eebfe9634d6a9422b1b54f411"",""resource_linkage"":""resource_id""}"	88bd57a731071910f7e366c9e6e9e5fb73980509a46ec80794a7ca208ee5d800
1	72a34e2b-f26c-4bd9-b778-6118966cf94b	2026-07-31	resolved	advisor_retirement_recommendation	azure_advisor	/subscriptions/b9fc9419-6097-45fe-9f74-ba0641c91912/resourcegroups/pagopa-p-weu-dbsecurity-vdi-rg/providers/microsoft.compute/virtualmachines/pagopa-p-weu-dbsecurity-db-vdi/providers/Microsoft.Advisor/recommendations/658230cd89fd1c3f8ceb9020ae525daadad73ed497b686372466712338560963	13cea0f1-c3f7-4c66-8b3b-9928a0f07cea	New	b9fc9419-6097-45fe-9f74-ba0641c91912		resource_id	/subscriptions/b9fc9419-6097-45fe-9f74-ba0641c91912/resourcegroups/pagopa-p-weu-dbsecurity-vdi-rg/providers/microsoft.compute/virtualmachines/pagopa-p-weu-dbsecurity-db-vdi	/subscriptions/b9fc9419-6097-45fe-9f74-ba0641c91912/resourcegroups/pagopa-p-weu-dbsecurity-vdi-rg/providers/microsoft.compute/virtualmachines/pagopa-p-weu-dbsecurity-db-vdi	pagopa-p-weu-dbsecurity-db-vdi	pagopa-p-weu-dbsecurity-vdi-rg	microsoft.compute/virtualmachines		{}			LSv2, G, GS, F, FS, Fsv2, B, Av2 - Series	2028-11-15	2028-11-15	properties.extendedProperties.retirementDate	exact	High		HighAvailability		2026-04-16T12:35:11.180048Z		Review and migrate virtual machine workloads	Review and migrate virtual machine workloads				[]	missing	missing	missing	metadata_not_found,resource_inventory_not_found,subscription_inventory_not_found	"{""acquisition"":""advisor.recommendations"",""api_version"":""2025-01-01"",""fields"":{""description"":"""",""resource_id"":""properties.resourceMetadata.resourceId""},""lookup_keys"":{""metadata"":""13cea0f1-c3f7-4c66-8b3b-9928a0f07cea\u0000/subscriptions/b9fc9419-6097-45fe-9f74-ba0641c91912/resourcegroups/pagopa-p-weu-dbsecurity-vdi-rg/providers/microsoft.compute/virtualmachines/pagopa-p-weu-dbsecurity-db-vdi"",""resource"":""/subscriptions/b9fc9419-6097-45fe-9f74-ba0641c91912/resourcegroups/pagopa-p-weu-dbsecurity-vdi-rg/providers/microsoft.compute/virtualmachines/pagopa-p-weu-dbsecurity-db-vdi"",""subscription"":""b9fc9419-6097-45fe-9f74-ba0641c91912""},""match_status"":{""metadata"":""missing"",""resource"":""missing"",""subscription"":""missing""},""recommendation_id"":""/subscriptions/b9fc9419-6097-45fe-9f74-ba0641c91912/resourcegroups/pagopa-p-weu-dbsecurity-vdi-rg/providers/microsoft.compute/virtualmachines/pagopa-p-weu-dbsecurity-db-vdi/providers/Microsoft.Advisor/recommendations/658230cd89fd1c3f8ceb9020ae525daadad73ed497b686372466712338560963"",""resource_linkage"":""resource_id""}"	ba704f531f088b82a07fc0dc0878cbcfd29585738d4e27d9c52ca85656b89dcb
1	72a34e2b-f26c-4bd9-b778-6118966cf94b	2026-07-31	resolved	advisor_retirement_recommendation	azure_advisor	/subscriptions/b9fc9419-6097-45fe-9f74-ba0641c91912/resourcegroups/pagopa-p-weu-dbsecurity-vdi-rg/providers/microsoft.compute/virtualmachines/pagopa-p-weu-dbsecurity-db-vdi/providers/Microsoft.Advisor/recommendations/89f6c76c9d2679bbd211d60c341ad03453cdb042e005375e7d391ac61bbae225	681acf17-11c3-4bdd-8f71-da563c79094c	New	b9fc9419-6097-45fe-9f74-ba0641c91912		resource_id	/subscriptions/b9fc9419-6097-45fe-9f74-ba0641c91912/resourcegroups/pagopa-p-weu-dbsecurity-vdi-rg/providers/microsoft.compute/virtualmachines/pagopa-p-weu-dbsecurity-db-vdi	/subscriptions/b9fc9419-6097-45fe-9f74-ba0641c91912/resourcegroups/pagopa-p-weu-dbsecurity-vdi-rg/providers/microsoft.compute/virtualmachines/pagopa-p-weu-dbsecurity-db-vdi	pagopa-p-weu-dbsecurity-db-vdi	pagopa-p-weu-dbsecurity-vdi-rg	microsoft.compute/virtualmachines		{}							missing	High		HighAvailability		2026-07-16T07:08:38.250974Z		Upgrade to a newer SKU of Virtual Machine image	Upgrade to a newer SKU of Virtual Machine image				[]	missing	missing	missing	metadata_not_found,missing_retirement_date,resource_inventory_not_found,subscription_inventory_not_found	"{""acquisition"":""advisor.recommendations"",""api_version"":""2025-01-01"",""fields"":{""description"":"""",""resource_id"":""properties.resourceMetadata.resourceId""},""lookup_keys"":{""metadata"":""681acf17-11c3-4bdd-8f71-da563c79094c\u0000/subscriptions/b9fc9419-6097-45fe-9f74-ba0641c91912/resourcegroups/pagopa-p-weu-dbsecurity-vdi-rg/providers/microsoft.compute/virtualmachines/pagopa-p-weu-dbsecurity-db-vdi"",""resource"":""/subscriptions/b9fc9419-6097-45fe-9f74-ba0641c91912/resourcegroups/pagopa-p-weu-dbsecurity-vdi-rg/providers/microsoft.compute/virtualmachines/pagopa-p-weu-dbsecurity-db-vdi"",""subscription"":""b9fc9419-6097-45fe-9f74-ba0641c91912""},""match_status"":{""metadata"":""missing"",""resource"":""missing"",""subscription"":""missing""},""recommendation_id"":""/subscriptions/b9fc9419-6097-45fe-9f74-ba0641c91912/resourcegroups/pagopa-p-weu-dbsecurity-vdi-rg/providers/microsoft.compute/virtualmachines/pagopa-p-weu-dbsecurity-db-vdi/providers/Microsoft.Advisor/recommendations/89f6c76c9d2679bbd211d60c341ad03453cdb042e005375e7d391ac61bbae225"",""resource_linkage"":""resource_id""}"	43e6749600f4630ca020562d252b02e675c2199e194fa8b91497c698bcb9f18f
1	72a34e2b-f26c-4bd9-b778-6118966cf94b	2026-07-31	resolved	advisor_retirement_recommendation	azure_advisor	/subscriptions/b9fc9419-6097-45fe-9f74-ba0641c91912/resourcegroups/pagopa-p-weu-dbsecurity-vdi-rg/providers/microsoft.compute/virtualmachines/pagopa-p-weu-dbsecurity-db-vdi/providers/Microsoft.Advisor/recommendations/c8bcdaf58f906b4de635821410c6498cab91ef778df3a1bbb97f6e514879f83e	beae2503-c504-47b1-8ca4-d0e708559af9	New	b9fc9419-6097-45fe-9f74-ba0641c91912		resource_id	/subscriptions/b9fc9419-6097-45fe-9f74-ba0641c91912/resourcegroups/pagopa-p-weu-dbsecurity-vdi-rg/providers/microsoft.compute/virtualmachines/pagopa-p-weu-dbsecurity-db-vdi	/subscriptions/b9fc9419-6097-45fe-9f74-ba0641c91912/resourcegroups/pagopa-p-weu-dbsecurity-vdi-rg/providers/microsoft.compute/virtualmachines/pagopa-p-weu-dbsecurity-db-vdi	pagopa-p-weu-dbsecurity-db-vdi	pagopa-p-weu-dbsecurity-vdi-rg	microsoft.compute/virtualmachines		{}			Desired State Configuration Extension	2028-03-31	2028-03-31	properties.extendedProperties.retirementDate	exact	Medium		HighAvailability		2026-05-11T19:01:35.021935Z		Desired State Configuration Extension for Azure Virtual Machines is being retired	Desired State Configuration Extension for Azure Virtual Machines is being retired				[]	missing	missing	missing	metadata_not_found,resource_inventory_not_found,subscription_inventory_not_found	"{""acquisition"":""advisor.recommendations"",""api_version"":""2025-01-01"",""fields"":{""description"":"""",""resource_id"":""properties.resourceMetadata.resourceId""},""lookup_keys"":{""metadata"":""beae2503-c504-47b1-8ca4-d0e708559af9\u0000/subscriptions/b9fc9419-6097-45fe-9f74-ba0641c91912/resourcegroups/pagopa-p-weu-dbsecurity-vdi-rg/providers/microsoft.compute/virtualmachines/pagopa-p-weu-dbsecurity-db-vdi"",""resource"":""/subscriptions/b9fc9419-6097-45fe-9f74-ba0641c91912/resourcegroups/pagopa-p-weu-dbsecurity-vdi-rg/providers/microsoft.compute/virtualmachines/pagopa-p-weu-dbsecurity-db-vdi"",""subscription"":""b9fc9419-6097-45fe-9f74-ba0641c91912""},""match_status"":{""metadata"":""missing"",""resource"":""missing"",""subscription"":""missing""},""recommendation_id"":""/subscriptions/b9fc9419-6097-45fe-9f74-ba0641c91912/resourcegroups/pagopa-p-weu-dbsecurity-vdi-rg/providers/microsoft.compute/virtualmachines/pagopa-p-weu-dbsecurity-db-vdi/providers/Microsoft.Advisor/recommendations/c8bcdaf58f906b4de635821410c6498cab91ef778df3a1bbb97f6e514879f83e"",""resource_linkage"":""resource_id""}"	b31cb4776b70015fb2dc9592cc6b311097090624a76673ea1de59c3791b051e0
1	72a34e2b-f26c-4bd9-b778-6118966cf94b	2026-07-31	resolved	advisor_retirement_recommendation	azure_advisor	/subscriptions/b9fc9419-6097-45fe-9f74-ba0641c91912/resourcegroups/pagopa-p-weu-dbsecurity-vdi-rg/providers/microsoft.compute/virtualmachines/pagopa-p-weu-dbsecurity-db-vdi/providers/Microsoft.Advisor/recommendations/d6a86946242fd155971a5cccddc60596fc59cf3b5fd3d7e8ad9dff922e7d435c	5f2613df-629f-4b07-9425-2a47ea0dfad3	New	b9fc9419-6097-45fe-9f74-ba0641c91912		resource_id	/subscriptions/b9fc9419-6097-45fe-9f74-ba0641c91912/resourcegroups/pagopa-p-weu-dbsecurity-vdi-rg/providers/microsoft.compute/virtualmachines/pagopa-p-weu-dbsecurity-db-vdi	/subscriptions/b9fc9419-6097-45fe-9f74-ba0641c91912/resourcegroups/pagopa-p-weu-dbsecurity-vdi-rg/providers/microsoft.compute/virtualmachines/pagopa-p-weu-dbsecurity-db-vdi	pagopa-p-weu-dbsecurity-db-vdi	pagopa-p-weu-dbsecurity-vdi-rg	microsoft.compute/virtualmachines		{}							missing	Medium		HighAvailability		2026-05-10T17:19:02.474115Z		Migrate workload to Virtual Machine Scale Sets Flex	Migrate workload to Virtual Machine Scale Sets Flex				[]	missing	missing	missing	metadata_not_found,missing_retirement_date,resource_inventory_not_found,subscription_inventory_not_found	"{""acquisition"":""advisor.recommendations"",""api_version"":""2025-01-01"",""fields"":{""description"":"""",""resource_id"":""properties.resourceMetadata.resourceId""},""lookup_keys"":{""metadata"":""5f2613df-629f-4b07-9425-2a47ea0dfad3\u0000/subscriptions/b9fc9419-6097-45fe-9f74-ba0641c91912/resourcegroups/pagopa-p-weu-dbsecurity-vdi-rg/providers/microsoft.compute/virtualmachines/pagopa-p-weu-dbsecurity-db-vdi"",""resource"":""/subscriptions/b9fc9419-6097-45fe-9f74-ba0641c91912/resourcegroups/pagopa-p-weu-dbsecurity-vdi-rg/providers/microsoft.compute/virtualmachines/pagopa-p-weu-dbsecurity-db-vdi"",""subscription"":""b9fc9419-6097-45fe-9f74-ba0641c91912""},""match_status"":{""metadata"":""missing"",""resource"":""missing"",""subscription"":""missing""},""recommendation_id"":""/subscriptions/b9fc9419-6097-45fe-9f74-ba0641c91912/resourcegroups/pagopa-p-weu-dbsecurity-vdi-rg/providers/microsoft.compute/virtualmachines/pagopa-p-weu-dbsecurity-db-vdi/providers/Microsoft.Advisor/recommendations/d6a86946242fd155971a5cccddc60596fc59cf3b5fd3d7e8ad9dff922e7d435c"",""resource_linkage"":""resource_id""}"	06c18621ab4cc7b1c4b411fe437e1397b6d131e097d603739d3f80bcea18f449
1	72a34e2b-f26c-4bd9-b778-6118966cf94b	2026-07-31	resolved	advisor_retirement_recommendation	azure_advisor	/subscriptions/b9fc9419-6097-45fe-9f74-ba0641c91912/resourcegroups/pagopa-p-weu-ecommerce-redis-rg/providers/microsoft.cache/redis/pagopa-p-weu-ecommerce-redis-ha/providers/Microsoft.Advisor/recommendations/791b6d13b11079fc1cff3904236674f9ee4975187310864151e44db9411c55f2	f3aded79-f9ff-4ce4-99e3-2ffcf11161a4	New	b9fc9419-6097-45fe-9f74-ba0641c91912		resource_id	/subscriptions/b9fc9419-6097-45fe-9f74-ba0641c91912/resourcegroups/pagopa-p-weu-ecommerce-redis-rg/providers/microsoft.cache/redis/pagopa-p-weu-ecommerce-redis-ha	/subscriptions/b9fc9419-6097-45fe-9f74-ba0641c91912/resourcegroups/pagopa-p-weu-ecommerce-redis-rg/providers/microsoft.cache/redis/pagopa-p-weu-ecommerce-redis-ha	pagopa-p-weu-ecommerce-redis-ha	pagopa-p-weu-ecommerce-redis-rg	microsoft.cache/redis		{}			Redis Cache	2028-09-30	2028-09-30	properties.extendedProperties.retirementDate	exact	Medium		HighAvailability		2026-05-19T17:06:24.297799Z		Migrate to Azure Managed Redis from Azure Cache for Redis	Migrate to Azure Managed Redis from Azure Cache for Redis				[]	missing	missing	missing	metadata_not_found,resource_inventory_not_found,subscription_inventory_not_found	"{""acquisition"":""advisor.recommendations"",""api_version"":""2025-01-01"",""fields"":{""description"":"""",""resource_id"":""properties.resourceMetadata.resourceId""},""lookup_keys"":{""metadata"":""f3aded79-f9ff-4ce4-99e3-2ffcf11161a4\u0000/subscriptions/b9fc9419-6097-45fe-9f74-ba0641c91912/resourcegroups/pagopa-p-weu-ecommerce-redis-rg/providers/microsoft.cache/redis/pagopa-p-weu-ecommerce-redis-ha"",""resource"":""/subscriptions/b9fc9419-6097-45fe-9f74-ba0641c91912/resourcegroups/pagopa-p-weu-ecommerce-redis-rg/providers/microsoft.cache/redis/pagopa-p-weu-ecommerce-redis-ha"",""subscription"":""b9fc9419-6097-45fe-9f74-ba0641c91912""},""match_status"":{""metadata"":""missing"",""resource"":""missing"",""subscription"":""missing""},""recommendation_id"":""/subscriptions/b9fc9419-6097-45fe-9f74-ba0641c91912/resourcegroups/pagopa-p-weu-ecommerce-redis-rg/providers/microsoft.cache/redis/pagopa-p-weu-ecommerce-redis-ha/providers/Microsoft.Advisor/recommendations/791b6d13b11079fc1cff3904236674f9ee4975187310864151e44db9411c55f2"",""resource_linkage"":""resource_id""}"	798251eb5cb3fe8cad19ea35ea65bfadce9b569fcc706ebaca340373ec879793
1	72a34e2b-f26c-4bd9-b778-6118966cf94b	2026-07-31	resolved	advisor_retirement_recommendation	azure_advisor	/subscriptions/b9fc9419-6097-45fe-9f74-ba0641c91912/resourcegroups/pagopa-p-weu-network-sec-rg/providers/microsoft.keyvault/vaults/pagopa-p-weu-network-kv/providers/Microsoft.Advisor/recommendations/b659c4952ccd92880711254617c9ab87f3af4e6add5c41c63c92c8292085fb2a	7ff06874-39e9-41be-9552-fa1ae2a83c88	New	b9fc9419-6097-45fe-9f74-ba0641c91912		resource_id	/subscriptions/b9fc9419-6097-45fe-9f74-ba0641c91912/resourcegroups/pagopa-p-weu-network-sec-rg/providers/microsoft.keyvault/vaults/pagopa-p-weu-network-kv	/subscriptions/b9fc9419-6097-45fe-9f74-ba0641c91912/resourcegroups/pagopa-p-weu-network-sec-rg/providers/microsoft.keyvault/vaults/pagopa-p-weu-network-kv	pagopa-p-weu-network-kv	pagopa-p-weu-network-sec-rg	microsoft.keyvault/vaults		{}			API versions prior to 2026-02-01	2027-02-27	2027-02-27	properties.extendedProperties.retirementDate	exact	High		HighAvailability		2026-07-29T21:19:08.671712Z		Azure Key Vault API versions prior to 2026-02-01 are being retired	Azure Key Vault API versions prior to 2026-02-01 are being retired				[]	missing	missing	missing	metadata_not_found,resource_inventory_not_found,subscription_inventory_not_found	"{""acquisition"":""advisor.recommendations"",""api_version"":""2025-01-01"",""fields"":{""description"":"""",""resource_id"":""properties.resourceMetadata.resourceId""},""lookup_keys"":{""metadata"":""7ff06874-39e9-41be-9552-fa1ae2a83c88\u0000/subscriptions/b9fc9419-6097-45fe-9f74-ba0641c91912/resourcegroups/pagopa-p-weu-network-sec-rg/providers/microsoft.keyvault/vaults/pagopa-p-weu-network-kv"",""resource"":""/subscriptions/b9fc9419-6097-45fe-9f74-ba0641c91912/resourcegroups/pagopa-p-weu-network-sec-rg/providers/microsoft.keyvault/vaults/pagopa-p-weu-network-kv"",""subscription"":""b9fc9419-6097-45fe-9f74-ba0641c91912""},""match_status"":{""metadata"":""missing"",""resource"":""missing"",""subscription"":""missing""},""recommendation_id"":""/subscriptions/b9fc9419-6097-45fe-9f74-ba0641c91912/resourcegroups/pagopa-p-weu-network-sec-rg/providers/microsoft.keyvault/vaults/pagopa-p-weu-network-kv/providers/Microsoft.Advisor/recommendations/b659c4952ccd92880711254617c9ab87f3af4e6add5c41c63c92c8292085fb2a"",""resource_linkage"":""resource_id""}"	169283a74b836880dcde7345062b80c72888471235e4282dc99691194245e72f
1	72a34e2b-f26c-4bd9-b778-6118966cf94b	2026-07-31	resolved	advisor_retirement_recommendation	azure_advisor	/subscriptions/b9fc9419-6097-45fe-9f74-ba0641c91912/resourcegroups/pagopa-p-weu-nodo-verifyko-to-datastore-rg/providers/microsoft.documentdb/databaseaccounts/pagopa-p-weu-nodo-verifyko-cosmos-account/providers/Microsoft.Advisor/recommendations/1567fe0fbb3a25549b62fc01c7ad71d17696c4cd6a7c7303362a4172c6516709	51a4e6bd-5a95-4a41-8309-40f5640fdb8b	New	b9fc9419-6097-45fe-9f74-ba0641c91912		resource_id	/subscriptions/b9fc9419-6097-45fe-9f74-ba0641c91912/resourcegroups/pagopa-p-weu-nodo-verifyko-to-datastore-rg/providers/microsoft.documentdb/databaseaccounts/pagopa-p-weu-nodo-verifyko-cosmos-account	/subscriptions/b9fc9419-6097-45fe-9f74-ba0641c91912/resourcegroups/pagopa-p-weu-nodo-verifyko-to-datastore-rg/providers/microsoft.documentdb/databaseaccounts/pagopa-p-weu-nodo-verifyko-cosmos-account	pagopa-p-weu-nodo-verifyko-cosmos-account	pagopa-p-weu-nodo-verifyko-to-datastore-rg	microsoft.documentdb/databaseaccounts		{}							missing	Medium		HighAvailability		2026-05-13T09:07:38.967934Z		Upgrade old Azure Cosmos DB SDK to the latest version	Upgrade old Azure Cosmos DB SDK to the latest version				[]	missing	missing	missing	metadata_not_found,missing_retirement_date,resource_inventory_not_found,subscription_inventory_not_found	"{""acquisition"":""advisor.recommendations"",""api_version"":""2025-01-01"",""fields"":{""description"":"""",""resource_id"":""properties.resourceMetadata.resourceId""},""lookup_keys"":{""metadata"":""51a4e6bd-5a95-4a41-8309-40f5640fdb8b\u0000/subscriptions/b9fc9419-6097-45fe-9f74-ba0641c91912/resourcegroups/pagopa-p-weu-nodo-verifyko-to-datastore-rg/providers/microsoft.documentdb/databaseaccounts/pagopa-p-weu-nodo-verifyko-cosmos-account"",""resource"":""/subscriptions/b9fc9419-6097-45fe-9f74-ba0641c91912/resourcegroups/pagopa-p-weu-nodo-verifyko-to-datastore-rg/providers/microsoft.documentdb/databaseaccounts/pagopa-p-weu-nodo-verifyko-cosmos-account"",""subscription"":""b9fc9419-6097-45fe-9f74-ba0641c91912""},""match_status"":{""metadata"":""missing"",""resource"":""missing"",""subscription"":""missing""},""recommendation_id"":""/subscriptions/b9fc9419-6097-45fe-9f74-ba0641c91912/resourcegroups/pagopa-p-weu-nodo-verifyko-to-datastore-rg/providers/microsoft.documentdb/databaseaccounts/pagopa-p-weu-nodo-verifyko-cosmos-account/providers/Microsoft.Advisor/recommendations/1567fe0fbb3a25549b62fc01c7ad71d17696c4cd6a7c7303362a4172c6516709"",""resource_linkage"":""resource_id""}"	1add7c20f0a23c6cbeda21c653fe921a2b8db79d6c9a343958e6d0a102d60cd1
1	72a34e2b-f26c-4bd9-b778-6118966cf94b	2026-07-31	resolved	advisor_retirement_recommendation	azure_advisor	/subscriptions/b9fc9419-6097-45fe-9f74-ba0641c91912/resourcegroups/pagopa-p-weu-nodo-vmss-rg/providers/microsoft.compute/virtualmachines/db-p-nodo-aws-conn-vm/providers/Microsoft.Advisor/recommendations/02573f02c9c30cc9431e91e3ef19278a3205b31e07e26fdb983e0fed01d8ca60	13cea0f1-c3f7-4c66-8b3b-9928a0f07cea	New	b9fc9419-6097-45fe-9f74-ba0641c91912		resource_id	/subscriptions/b9fc9419-6097-45fe-9f74-ba0641c91912/resourcegroups/pagopa-p-weu-nodo-vmss-rg/providers/microsoft.compute/virtualmachines/db-p-nodo-aws-conn-vm	/subscriptions/b9fc9419-6097-45fe-9f74-ba0641c91912/resourcegroups/pagopa-p-weu-nodo-vmss-rg/providers/microsoft.compute/virtualmachines/db-p-nodo-aws-conn-vm	db-p-nodo-aws-conn-vm	pagopa-p-weu-nodo-vmss-rg	microsoft.compute/virtualmachines		{}			LSv2, G, GS, F, FS, Fsv2, B, Av2 - Series	2028-11-15	2028-11-15	properties.extendedProperties.retirementDate	exact	High		HighAvailability		2026-06-06T09:57:18.784326Z		Review and migrate virtual machine workloads	Review and migrate virtual machine workloads				[]	missing	missing	missing	metadata_not_found,resource_inventory_not_found,subscription_inventory_not_found	"{""acquisition"":""advisor.recommendations"",""api_version"":""2025-01-01"",""fields"":{""description"":"""",""resource_id"":""properties.resourceMetadata.resourceId""},""lookup_keys"":{""metadata"":""13cea0f1-c3f7-4c66-8b3b-9928a0f07cea\u0000/subscriptions/b9fc9419-6097-45fe-9f74-ba0641c91912/resourcegroups/pagopa-p-weu-nodo-vmss-rg/providers/microsoft.compute/virtualmachines/db-p-nodo-aws-conn-vm"",""resource"":""/subscriptions/b9fc9419-6097-45fe-9f74-ba0641c91912/resourcegroups/pagopa-p-weu-nodo-vmss-rg/providers/microsoft.compute/virtualmachines/db-p-nodo-aws-conn-vm"",""subscription"":""b9fc9419-6097-45fe-9f74-ba0641c91912""},""match_status"":{""metadata"":""missing"",""resource"":""missing"",""subscription"":""missing""},""recommendation_id"":""/subscriptions/b9fc9419-6097-45fe-9f74-ba0641c91912/resourcegroups/pagopa-p-weu-nodo-vmss-rg/providers/microsoft.compute/virtualmachines/db-p-nodo-aws-conn-vm/providers/Microsoft.Advisor/recommendations/02573f02c9c30cc9431e91e3ef19278a3205b31e07e26fdb983e0fed01d8ca60"",""resource_linkage"":""resource_id""}"	9f6852d793e116220c5e074b8ddc196b17ff1cf262592d42f3157c5c26104059
1	72a34e2b-f26c-4bd9-b778-6118966cf94b	2026-07-31	resolved	advisor_retirement_recommendation	azure_advisor	/subscriptions/b9fc9419-6097-45fe-9f74-ba0641c91912/resourcegroups/pagopa-p-weu-nodo-vmss-rg/providers/microsoft.compute/virtualmachines/db-p-nodo-aws-conn-vm/providers/Microsoft.Advisor/recommendations/d3c1b2fad1d232b8eed72382a3fdee0a75ac7c03ff5ad84cd31e93051d042140	7f71b153-c0b7-4e99-a23e-db8179183ec9	New	b9fc9419-6097-45fe-9f74-ba0641c91912		resource_id	/subscriptions/b9fc9419-6097-45fe-9f74-ba0641c91912/resourcegroups/pagopa-p-weu-nodo-vmss-rg/providers/microsoft.compute/virtualmachines/db-p-nodo-aws-conn-vm	/subscriptions/b9fc9419-6097-45fe-9f74-ba0641c91912/resourcegroups/pagopa-p-weu-nodo-vmss-rg/providers/microsoft.compute/virtualmachines/db-p-nodo-aws-conn-vm	db-p-nodo-aws-conn-vm	pagopa-p-weu-nodo-vmss-rg	microsoft.compute/virtualmachines		{}							missing	High		HighAvailability		2026-06-08T03:09:28.014444Z		Migrate workload to D-series or better virtual machine	Migrate workload to D-series or better virtual machine				[]	missing	missing	missing	metadata_not_found,missing_retirement_date,resource_inventory_not_found,subscription_inventory_not_found	"{""acquisition"":""advisor.recommendations"",""api_version"":""2025-01-01"",""fields"":{""description"":"""",""resource_id"":""properties.resourceMetadata.resourceId""},""lookup_keys"":{""metadata"":""7f71b153-c0b7-4e99-a23e-db8179183ec9\u0000/subscriptions/b9fc9419-6097-45fe-9f74-ba0641c91912/resourcegroups/pagopa-p-weu-nodo-vmss-rg/providers/microsoft.compute/virtualmachines/db-p-nodo-aws-conn-vm"",""resource"":""/subscriptions/b9fc9419-6097-45fe-9f74-ba0641c91912/resourcegroups/pagopa-p-weu-nodo-vmss-rg/providers/microsoft.compute/virtualmachines/db-p-nodo-aws-conn-vm"",""subscription"":""b9fc9419-6097-45fe-9f74-ba0641c91912""},""match_status"":{""metadata"":""missing"",""resource"":""missing"",""subscription"":""missing""},""recommendation_id"":""/subscriptions/b9fc9419-6097-45fe-9f74-ba0641c91912/resourcegroups/pagopa-p-weu-nodo-vmss-rg/providers/microsoft.compute/virtualmachines/db-p-nodo-aws-conn-vm/providers/Microsoft.Advisor/recommendations/d3c1b2fad1d232b8eed72382a3fdee0a75ac7c03ff5ad84cd31e93051d042140"",""resource_linkage"":""resource_id""}"	12ac5ef0b4311ead80241f937157d476b6ba00ae3d8b47e63257c9563b8fdc5b
1	72a34e2b-f26c-4bd9-b778-6118966cf94b	2026-07-31	resolved	advisor_retirement_recommendation	azure_advisor	/subscriptions/b9fc9419-6097-45fe-9f74-ba0641c91912/resourcegroups/pagopa-p-weu-nodo-vmss-rg/providers/microsoft.compute/virtualmachines/db-p-nodo-aws-conn-vm/providers/Microsoft.Advisor/recommendations/dcc0c1b067f0e21ca6989be64c0a3143f21f3c3eae11294c9304e49106120b43	5f2613df-629f-4b07-9425-2a47ea0dfad3	New	b9fc9419-6097-45fe-9f74-ba0641c91912		resource_id	/subscriptions/b9fc9419-6097-45fe-9f74-ba0641c91912/resourcegroups/pagopa-p-weu-nodo-vmss-rg/providers/microsoft.compute/virtualmachines/db-p-nodo-aws-conn-vm	/subscriptions/b9fc9419-6097-45fe-9f74-ba0641c91912/resourcegroups/pagopa-p-weu-nodo-vmss-rg/providers/microsoft.compute/virtualmachines/db-p-nodo-aws-conn-vm	db-p-nodo-aws-conn-vm	pagopa-p-weu-nodo-vmss-rg	microsoft.compute/virtualmachines		{}							missing	Medium		HighAvailability		2026-05-15T14:52:48.907252Z		Migrate workload to Virtual Machine Scale Sets Flex	Migrate workload to Virtual Machine Scale Sets Flex				[]	missing	missing	missing	metadata_not_found,missing_retirement_date,resource_inventory_not_found,subscription_inventory_not_found	"{""acquisition"":""advisor.recommendations"",""api_version"":""2025-01-01"",""fields"":{""description"":"""",""resource_id"":""properties.resourceMetadata.resourceId""},""lookup_keys"":{""metadata"":""5f2613df-629f-4b07-9425-2a47ea0dfad3\u0000/subscriptions/b9fc9419-6097-45fe-9f74-ba0641c91912/resourcegroups/pagopa-p-weu-nodo-vmss-rg/providers/microsoft.compute/virtualmachines/db-p-nodo-aws-conn-vm"",""resource"":""/subscriptions/b9fc9419-6097-45fe-9f74-ba0641c91912/resourcegroups/pagopa-p-weu-nodo-vmss-rg/providers/microsoft.compute/virtualmachines/db-p-nodo-aws-conn-vm"",""subscription"":""b9fc9419-6097-45fe-9f74-ba0641c91912""},""match_status"":{""metadata"":""missing"",""resource"":""missing"",""subscription"":""missing""},""recommendation_id"":""/subscriptions/b9fc9419-6097-45fe-9f74-ba0641c91912/resourcegroups/pagopa-p-weu-nodo-vmss-rg/providers/microsoft.compute/virtualmachines/db-p-nodo-aws-conn-vm/providers/Microsoft.Advisor/recommendations/dcc0c1b067f0e21ca6989be64c0a3143f21f3c3eae11294c9304e49106120b43"",""resource_linkage"":""resource_id""}"	6ea6ba7326a583a4a79d8759b3c0f5630cec4d6e65bb365638e561e8f31c046b
1	72a34e2b-f26c-4bd9-b778-6118966cf94b	2026-07-31	resolved	advisor_retirement_recommendation	azure_advisor	/subscriptions/b9fc9419-6097-45fe-9f74-ba0641c91912/resourcegroups/pagopa-p-weu-nodo-vmss-rg/providers/microsoft.compute/virtualmachinescalesets/pagopa-p-weu-nodo-vmss/providers/Microsoft.Advisor/recommendations/49bad13c691de82c21f1a9f2c3d9d4fe0671913ff975cb16444298a6af516700	3b739bd1-c193-4bb6-a953-1362ee3b03b2	New	b9fc9419-6097-45fe-9f74-ba0641c91912		resource_id	/subscriptions/b9fc9419-6097-45fe-9f74-ba0641c91912/resourcegroups/pagopa-p-weu-nodo-vmss-rg/providers/microsoft.compute/virtualmachinescalesets/pagopa-p-weu-nodo-vmss	/subscriptions/b9fc9419-6097-45fe-9f74-ba0641c91912/resourcegroups/pagopa-p-weu-nodo-vmss-rg/providers/microsoft.compute/virtualmachinescalesets/pagopa-p-weu-nodo-vmss	pagopa-p-weu-nodo-vmss	pagopa-p-weu-nodo-vmss-rg	microsoft.compute/virtualmachinescalesets		{}							missing	High		HighAvailability		2026-04-22T15:35:00.116218Z		Upgrade your VMSS to alternative image version	Upgrade your VMSS to alternative image version				[]	missing	missing	missing	metadata_not_found,missing_retirement_date,resource_inventory_not_found,subscription_inventory_not_found	"{""acquisition"":""advisor.recommendations"",""api_version"":""2025-01-01"",""fields"":{""description"":"""",""resource_id"":""properties.resourceMetadata.resourceId""},""lookup_keys"":{""metadata"":""3b739bd1-c193-4bb6-a953-1362ee3b03b2\u0000/subscriptions/b9fc9419-6097-45fe-9f74-ba0641c91912/resourcegroups/pagopa-p-weu-nodo-vmss-rg/providers/microsoft.compute/virtualmachinescalesets/pagopa-p-weu-nodo-vmss"",""resource"":""/subscriptions/b9fc9419-6097-45fe-9f74-ba0641c91912/resourcegroups/pagopa-p-weu-nodo-vmss-rg/providers/microsoft.compute/virtualmachinescalesets/pagopa-p-weu-nodo-vmss"",""subscription"":""b9fc9419-6097-45fe-9f74-ba0641c91912""},""match_status"":{""metadata"":""missing"",""resource"":""missing"",""subscription"":""missing""},""recommendation_id"":""/subscriptions/b9fc9419-6097-45fe-9f74-ba0641c91912/resourcegroups/pagopa-p-weu-nodo-vmss-rg/providers/microsoft.compute/virtualmachinescalesets/pagopa-p-weu-nodo-vmss/providers/Microsoft.Advisor/recommendations/49bad13c691de82c21f1a9f2c3d9d4fe0671913ff975cb16444298a6af516700"",""resource_linkage"":""resource_id""}"	c2e51ae3d5cc81785dc10c2418264b442ba5f77b6aed67edd61efbf40fb16b5b
1	72a34e2b-f26c-4bd9-b778-6118966cf94b	2026-07-31	resolved	advisor_retirement_recommendation	azure_advisor	/subscriptions/b9fc9419-6097-45fe-9f74-ba0641c91912/resourcegroups/pagopa-p-weu-prod-aks-rg/providers/microsoft.containerservice/managedclusters/pagopa-p-weu-prod-aks/providers/Microsoft.Advisor/recommendations/8edfdd003e127ad0037aab547cc690918e8179677b1f5f6f6fb9287b4c537128	00dbcc9d-50d4-44ef-bc21-c15785cddf42	New	b9fc9419-6097-45fe-9f74-ba0641c91912		resource_id	/subscriptions/b9fc9419-6097-45fe-9f74-ba0641c91912/resourcegroups/pagopa-p-weu-prod-aks-rg/providers/microsoft.containerservice/managedclusters/pagopa-p-weu-prod-aks	/subscriptions/b9fc9419-6097-45fe-9f74-ba0641c91912/resourcegroups/pagopa-p-weu-prod-aks-rg/providers/microsoft.containerservice/managedclusters/pagopa-p-weu-prod-aks	pagopa-p-weu-prod-aks	pagopa-p-weu-prod-aks-rg	microsoft.containerservice/managedclusters		{}			Azure Kubernetes Service support for Ubuntu 22.04	2027-06-30	2027-06-30	properties.extendedProperties.retirementDate	exact	Medium		HighAvailability		2026-05-07T14:51:39.830378Z		Migrate to Ubuntu 24.04 or later versions	Migrate to Ubuntu 24.04 or later versions				[]	missing	missing	missing	metadata_not_found,resource_inventory_not_found,subscription_inventory_not_found	"{""acquisition"":""advisor.recommendations"",""api_version"":""2025-01-01"",""fields"":{""description"":"""",""resource_id"":""properties.resourceMetadata.resourceId""},""lookup_keys"":{""metadata"":""00dbcc9d-50d4-44ef-bc21-c15785cddf42\u0000/subscriptions/b9fc9419-6097-45fe-9f74-ba0641c91912/resourcegroups/pagopa-p-weu-prod-aks-rg/providers/microsoft.containerservice/managedclusters/pagopa-p-weu-prod-aks"",""resource"":""/subscriptions/b9fc9419-6097-45fe-9f74-ba0641c91912/resourcegroups/pagopa-p-weu-prod-aks-rg/providers/microsoft.containerservice/managedclusters/pagopa-p-weu-prod-aks"",""subscription"":""b9fc9419-6097-45fe-9f74-ba0641c91912""},""match_status"":{""metadata"":""missing"",""resource"":""missing"",""subscription"":""missing""},""recommendation_id"":""/subscriptions/b9fc9419-6097-45fe-9f74-ba0641c91912/resourcegroups/pagopa-p-weu-prod-aks-rg/providers/microsoft.containerservice/managedclusters/pagopa-p-weu-prod-aks/providers/Microsoft.Advisor/recommendations/8edfdd003e127ad0037aab547cc690918e8179677b1f5f6f6fb9287b4c537128"",""resource_linkage"":""resource_id""}"	9e0c165465897f986e2c453f5f53bf1741e06037255a79eee890f08f8fe936ae
1	72a34e2b-f26c-4bd9-b778-6118966cf94b	2026-07-31	resolved	advisor_retirement_recommendation	azure_advisor	/subscriptions/b9fc9419-6097-45fe-9f74-ba0641c91912/resourcegroups/pagopa-p-weu-prod-aks-rg/providers/microsoft.containerservice/managedclusters/pagopa-p-weu-prod-aks/providers/Microsoft.Advisor/recommendations/a028f062c25479648475c48d7482bd993966d067d91280fb680b6b4fec266894	b005ecf0-23e2-4279-9ca2-718d1518c9fb	New	b9fc9419-6097-45fe-9f74-ba0641c91912		resource_id	/subscriptions/b9fc9419-6097-45fe-9f74-ba0641c91912/resourcegroups/pagopa-p-weu-prod-aks-rg/providers/microsoft.containerservice/managedclusters/pagopa-p-weu-prod-aks	/subscriptions/b9fc9419-6097-45fe-9f74-ba0641c91912/resourcegroups/pagopa-p-weu-prod-aks-rg/providers/microsoft.containerservice/managedclusters/pagopa-p-weu-prod-aks	pagopa-p-weu-prod-aks	pagopa-p-weu-prod-aks-rg	microsoft.containerservice/managedclusters		{}			Legacy authentication for Container Insights - Azure Monitor	2026-09-30	2026-09-30	properties.extendedProperties.retirementDate	exact	Medium		HighAvailability		2026-04-16T16:00:29.799320Z		Migrate to Container insights managed identity authentication	Migrate to Container insights managed identity authentication				[]	missing	missing	missing	metadata_not_found,resource_inventory_not_found,subscription_inventory_not_found	"{""acquisition"":""advisor.recommendations"",""api_version"":""2025-01-01"",""fields"":{""description"":"""",""resource_id"":""properties.resourceMetadata.resourceId""},""lookup_keys"":{""metadata"":""b005ecf0-23e2-4279-9ca2-718d1518c9fb\u0000/subscriptions/b9fc9419-6097-45fe-9f74-ba0641c91912/resourcegroups/pagopa-p-weu-prod-aks-rg/providers/microsoft.containerservice/managedclusters/pagopa-p-weu-prod-aks"",""resource"":""/subscriptions/b9fc9419-6097-45fe-9f74-ba0641c91912/resourcegroups/pagopa-p-weu-prod-aks-rg/providers/microsoft.containerservice/managedclusters/pagopa-p-weu-prod-aks"",""subscription"":""b9fc9419-6097-45fe-9f74-ba0641c91912""},""match_status"":{""metadata"":""missing"",""resource"":""missing"",""subscription"":""missing""},""recommendation_id"":""/subscriptions/b9fc9419-6097-45fe-9f74-ba0641c91912/resourcegroups/pagopa-p-weu-prod-aks-rg/providers/microsoft.containerservice/managedclusters/pagopa-p-weu-prod-aks/providers/Microsoft.Advisor/recommendations/a028f062c25479648475c48d7482bd993966d067d91280fb680b6b4fec266894"",""resource_linkage"":""resource_id""}"	b923f82d8386ad7ea7de437c2b0dd12e434626316ae31fc14dd7e4013d98b344
1	72a34e2b-f26c-4bd9-b778-6118966cf94b	2026-07-31	resolved	advisor_retirement_recommendation	azure_advisor	/subscriptions/b9fc9419-6097-45fe-9f74-ba0641c91912/resourcegroups/pagopa-p-weu-receipts-rg/providers/microsoft.documentdb/databaseaccounts/pagopa-p-weu-receipts-ds-cosmos-account/providers/Microsoft.Advisor/recommendations/54f38c090ac4fb98325663d7a2e5c4024194340edaa3435cafbd47d91ec9ff86	51a4e6bd-5a95-4a41-8309-40f5640fdb8b	New	b9fc9419-6097-45fe-9f74-ba0641c91912		resource_id	/subscriptions/b9fc9419-6097-45fe-9f74-ba0641c91912/resourcegroups/pagopa-p-weu-receipts-rg/providers/microsoft.documentdb/databaseaccounts/pagopa-p-weu-receipts-ds-cosmos-account	/subscriptions/b9fc9419-6097-45fe-9f74-ba0641c91912/resourcegroups/pagopa-p-weu-receipts-rg/providers/microsoft.documentdb/databaseaccounts/pagopa-p-weu-receipts-ds-cosmos-account	pagopa-p-weu-receipts-ds-cosmos-account	pagopa-p-weu-receipts-rg	microsoft.documentdb/databaseaccounts		{}							missing	Medium		HighAvailability		2026-07-26T08:32:37.153378Z		Upgrade old Azure Cosmos DB SDK to the latest version	Upgrade old Azure Cosmos DB SDK to the latest version				[]	missing	missing	missing	metadata_not_found,missing_retirement_date,resource_inventory_not_found,subscription_inventory_not_found	"{""acquisition"":""advisor.recommendations"",""api_version"":""2025-01-01"",""fields"":{""description"":"""",""resource_id"":""properties.resourceMetadata.resourceId""},""lookup_keys"":{""metadata"":""51a4e6bd-5a95-4a41-8309-40f5640fdb8b\u0000/subscriptions/b9fc9419-6097-45fe-9f74-ba0641c91912/resourcegroups/pagopa-p-weu-receipts-rg/providers/microsoft.documentdb/databaseaccounts/pagopa-p-weu-receipts-ds-cosmos-account"",""resource"":""/subscriptions/b9fc9419-6097-45fe-9f74-ba0641c91912/resourcegroups/pagopa-p-weu-receipts-rg/providers/microsoft.documentdb/databaseaccounts/pagopa-p-weu-receipts-ds-cosmos-account"",""subscription"":""b9fc9419-6097-45fe-9f74-ba0641c91912""},""match_status"":{""metadata"":""missing"",""resource"":""missing"",""subscription"":""missing""},""recommendation_id"":""/subscriptions/b9fc9419-6097-45fe-9f74-ba0641c91912/resourcegroups/pagopa-p-weu-receipts-rg/providers/microsoft.documentdb/databaseaccounts/pagopa-p-weu-receipts-ds-cosmos-account/providers/Microsoft.Advisor/recommendations/54f38c090ac4fb98325663d7a2e5c4024194340edaa3435cafbd47d91ec9ff86"",""resource_linkage"":""resource_id""}"	0cdb23859aa2cbadbd4f19035c4a013f648c365b6c28b939275d4d67be27ca42
1	72a34e2b-f26c-4bd9-b778-6118966cf94b	2026-07-31	resolved	advisor_retirement_recommendation	azure_advisor	/subscriptions/b9fc9419-6097-45fe-9f74-ba0641c91912/resourcegroups/pagopa-p-weu-receipts-rg/providers/microsoft.documentdb/databaseaccounts/pagopa-p-weu-receipts-ds-cosmos-account/providers/Microsoft.Advisor/recommendations/dfe3e3fd89b59c55a61249019b86d0c4527da8e0c0452a869cf46dc24bb29a04	51a4e6bd-5a95-4a41-8309-40f5640fdb8b	New	b9fc9419-6097-45fe-9f74-ba0641c91912		resource_id	/subscriptions/b9fc9419-6097-45fe-9f74-ba0641c91912/resourcegroups/pagopa-p-weu-receipts-rg/providers/microsoft.documentdb/databaseaccounts/pagopa-p-weu-receipts-ds-cosmos-account	/subscriptions/b9fc9419-6097-45fe-9f74-ba0641c91912/resourcegroups/pagopa-p-weu-receipts-rg/providers/microsoft.documentdb/databaseaccounts/pagopa-p-weu-receipts-ds-cosmos-account	pagopa-p-weu-receipts-ds-cosmos-account	pagopa-p-weu-receipts-rg	microsoft.documentdb/databaseaccounts		{}							missing	Medium		HighAvailability		2026-07-22T20:27:36.470373Z		Upgrade old Azure Cosmos DB SDK to the latest version	Upgrade old Azure Cosmos DB SDK to the latest version				[]	missing	missing	missing	metadata_not_found,missing_retirement_date,resource_inventory_not_found,subscription_inventory_not_found	"{""acquisition"":""advisor.recommendations"",""api_version"":""2025-01-01"",""fields"":{""description"":"""",""resource_id"":""properties.resourceMetadata.resourceId""},""lookup_keys"":{""metadata"":""51a4e6bd-5a95-4a41-8309-40f5640fdb8b\u0000/subscriptions/b9fc9419-6097-45fe-9f74-ba0641c91912/resourcegroups/pagopa-p-weu-receipts-rg/providers/microsoft.documentdb/databaseaccounts/pagopa-p-weu-receipts-ds-cosmos-account"",""resource"":""/subscriptions/b9fc9419-6097-45fe-9f74-ba0641c91912/resourcegroups/pagopa-p-weu-receipts-rg/providers/microsoft.documentdb/databaseaccounts/pagopa-p-weu-receipts-ds-cosmos-account"",""subscription"":""b9fc9419-6097-45fe-9f74-ba0641c91912""},""match_status"":{""metadata"":""missing"",""resource"":""missing"",""subscription"":""missing""},""recommendation_id"":""/subscriptions/b9fc9419-6097-45fe-9f74-ba0641c91912/resourcegroups/pagopa-p-weu-receipts-rg/providers/microsoft.documentdb/databaseaccounts/pagopa-p-weu-receipts-ds-cosmos-account/providers/Microsoft.Advisor/recommendations/dfe3e3fd89b59c55a61249019b86d0c4527da8e0c0452a869cf46dc24bb29a04"",""resource_linkage"":""resource_id""}"	3659d78349472fcee64953b2570b039917396249946db44e08f193f35d29aa4e
1	72a34e2b-f26c-4bd9-b778-6118966cf94b	2026-07-31	resolved	advisor_retirement_recommendation	azure_advisor	/subscriptions/b9fc9419-6097-45fe-9f74-ba0641c91912/resourcegroups/test-pm/providers/microsoft.compute/virtualmachines/test-pm-conn/providers/Microsoft.Advisor/recommendations/073f4286b0b3ba5768f710675a98fc59a00fb378cf1125e7a9fdf8021a7f6a2a	5f2613df-629f-4b07-9425-2a47ea0dfad3	New	b9fc9419-6097-45fe-9f74-ba0641c91912		resource_id	/subscriptions/b9fc9419-6097-45fe-9f74-ba0641c91912/resourcegroups/test-pm/providers/microsoft.compute/virtualmachines/test-pm-conn	/subscriptions/b9fc9419-6097-45fe-9f74-ba0641c91912/resourcegroups/test-pm/providers/microsoft.compute/virtualmachines/test-pm-conn	test-pm-conn	test-pm	microsoft.compute/virtualmachines		{}							missing	Medium		HighAvailability		2026-04-22T06:59:33.141664Z		Migrate workload to Virtual Machine Scale Sets Flex	Migrate workload to Virtual Machine Scale Sets Flex				[]	missing	missing	missing	metadata_not_found,missing_retirement_date,resource_inventory_not_found,subscription_inventory_not_found	"{""acquisition"":""advisor.recommendations"",""api_version"":""2025-01-01"",""fields"":{""description"":"""",""resource_id"":""properties.resourceMetadata.resourceId""},""lookup_keys"":{""metadata"":""5f2613df-629f-4b07-9425-2a47ea0dfad3\u0000/subscriptions/b9fc9419-6097-45fe-9f74-ba0641c91912/resourcegroups/test-pm/providers/microsoft.compute/virtualmachines/test-pm-conn"",""resource"":""/subscriptions/b9fc9419-6097-45fe-9f74-ba0641c91912/resourcegroups/test-pm/providers/microsoft.compute/virtualmachines/test-pm-conn"",""subscription"":""b9fc9419-6097-45fe-9f74-ba0641c91912""},""match_status"":{""metadata"":""missing"",""resource"":""missing"",""subscription"":""missing""},""recommendation_id"":""/subscriptions/b9fc9419-6097-45fe-9f74-ba0641c91912/resourcegroups/test-pm/providers/microsoft.compute/virtualmachines/test-pm-conn/providers/Microsoft.Advisor/recommendations/073f4286b0b3ba5768f710675a98fc59a00fb378cf1125e7a9fdf8021a7f6a2a"",""resource_linkage"":""resource_id""}"	898760bba8e5d393b75d44f0c408619c145254a54975dee91f3d059db7a8f074
1	72a34e2b-f26c-4bd9-b778-6118966cf94b	2026-07-31	resolved	advisor_retirement_recommendation	azure_advisor	/subscriptions/b9fc9419-6097-45fe-9f74-ba0641c91912/resourcegroups/test-pm/providers/microsoft.compute/virtualmachines/test-pm-conn/providers/Microsoft.Advisor/recommendations/44bb35153ee3a990a21962ac13fcb9fbb45bb29d6f889f09bb168fe1a1d0cf7e	13cea0f1-c3f7-4c66-8b3b-9928a0f07cea	New	b9fc9419-6097-45fe-9f74-ba0641c91912		resource_id	/subscriptions/b9fc9419-6097-45fe-9f74-ba0641c91912/resourcegroups/test-pm/providers/microsoft.compute/virtualmachines/test-pm-conn	/subscriptions/b9fc9419-6097-45fe-9f74-ba0641c91912/resourcegroups/test-pm/providers/microsoft.compute/virtualmachines/test-pm-conn	test-pm-conn	test-pm	microsoft.compute/virtualmachines		{}			LSv2, G, GS, F, FS, Fsv2, B, Av2 - Series	2028-11-15	2028-11-15	properties.extendedProperties.retirementDate	exact	High		HighAvailability		2026-06-25T13:59:36.690035Z		Review and migrate virtual machine workloads	Review and migrate virtual machine workloads				[]	missing	missing	missing	metadata_not_found,resource_inventory_not_found,subscription_inventory_not_found	"{""acquisition"":""advisor.recommendations"",""api_version"":""2025-01-01"",""fields"":{""description"":"""",""resource_id"":""properties.resourceMetadata.resourceId""},""lookup_keys"":{""metadata"":""13cea0f1-c3f7-4c66-8b3b-9928a0f07cea\u0000/subscriptions/b9fc9419-6097-45fe-9f74-ba0641c91912/resourcegroups/test-pm/providers/microsoft.compute/virtualmachines/test-pm-conn"",""resource"":""/subscriptions/b9fc9419-6097-45fe-9f74-ba0641c91912/resourcegroups/test-pm/providers/microsoft.compute/virtualmachines/test-pm-conn"",""subscription"":""b9fc9419-6097-45fe-9f74-ba0641c91912""},""match_status"":{""metadata"":""missing"",""resource"":""missing"",""subscription"":""missing""},""recommendation_id"":""/subscriptions/b9fc9419-6097-45fe-9f74-ba0641c91912/resourcegroups/test-pm/providers/microsoft.compute/virtualmachines/test-pm-conn/providers/Microsoft.Advisor/recommendations/44bb35153ee3a990a21962ac13fcb9fbb45bb29d6f889f09bb168fe1a1d0cf7e"",""resource_linkage"":""resource_id""}"	4b0c1910c92f4c61cf6328adc3d26b51bbbd235b321535630c7fbfe54febf7af
1	72a34e2b-f26c-4bd9-b778-6118966cf94b	2026-07-31	resolved	advisor_retirement_recommendation	azure_advisor	/subscriptions/b9fc9419-6097-45fe-9f74-ba0641c91912/resourcegroups/test-pm/providers/microsoft.compute/virtualmachines/test-pm-conn/providers/Microsoft.Advisor/recommendations/77b663074c020fe15b8c225c65d64fb03d5f331c2718d7e8f9ac1a5b05619900	7f71b153-c0b7-4e99-a23e-db8179183ec9	New	b9fc9419-6097-45fe-9f74-ba0641c91912		resource_id	/subscriptions/b9fc9419-6097-45fe-9f74-ba0641c91912/resourcegroups/test-pm/providers/microsoft.compute/virtualmachines/test-pm-conn	/subscriptions/b9fc9419-6097-45fe-9f74-ba0641c91912/resourcegroups/test-pm/providers/microsoft.compute/virtualmachines/test-pm-conn	test-pm-conn	test-pm	microsoft.compute/virtualmachines		{}							missing	High		HighAvailability		2026-06-08T14:49:41.492726Z		Migrate workload to D-series or better virtual machine	Migrate workload to D-series or better virtual machine				[]	missing	missing	missing	metadata_not_found,missing_retirement_date,resource_inventory_not_found,subscription_inventory_not_found	"{""acquisition"":""advisor.recommendations"",""api_version"":""2025-01-01"",""fields"":{""description"":"""",""resource_id"":""properties.resourceMetadata.resourceId""},""lookup_keys"":{""metadata"":""7f71b153-c0b7-4e99-a23e-db8179183ec9\u0000/subscriptions/b9fc9419-6097-45fe-9f74-ba0641c91912/resourcegroups/test-pm/providers/microsoft.compute/virtualmachines/test-pm-conn"",""resource"":""/subscriptions/b9fc9419-6097-45fe-9f74-ba0641c91912/resourcegroups/test-pm/providers/microsoft.compute/virtualmachines/test-pm-conn"",""subscription"":""b9fc9419-6097-45fe-9f74-ba0641c91912""},""match_status"":{""metadata"":""missing"",""resource"":""missing"",""subscription"":""missing""},""recommendation_id"":""/subscriptions/b9fc9419-6097-45fe-9f74-ba0641c91912/resourcegroups/test-pm/providers/microsoft.compute/virtualmachines/test-pm-conn/providers/Microsoft.Advisor/recommendations/77b663074c020fe15b8c225c65d64fb03d5f331c2718d7e8f9ac1a5b05619900"",""resource_linkage"":""resource_id""}"	46425c41ec001f969a65d26d22ea240662eab45b113e03603384c0b26e08b1a8
1	72a34e2b-f26c-4bd9-b778-6118966cf94b	2026-07-31	resolved	advisor_retirement_recommendation	azure_advisor	/subscriptions/bbe47ad4-08b3-4925-94c5-1278e5819b86/resourcegroups/networkwatcherrg/providers/microsoft.network/networkwatchers/networkwatcher_westeurope/flowlogs/aks-agentpool-47130090-nsg-mc_pagopa-d-weu-dev-aks-rg_pa-flowlog/providers/Microsoft.Advisor/recommendations/5f5d76e7748683ec89a9aaae96e448220bb06f23685bfeefaab33ca7e433dd25	954daefb-e247-4e27-85c6-a212f9df5a53	New	bbe47ad4-08b3-4925-94c5-1278e5819b86		resource_id	/subscriptions/bbe47ad4-08b3-4925-94c5-1278e5819b86/resourcegroups/networkwatcherrg/providers/microsoft.network/networkwatchers/networkwatcher_westeurope/flowlogs/aks-agentpool-47130090-nsg-mc_pagopa-d-weu-dev-aks-rg_pa-flowlog	/subscriptions/bbe47ad4-08b3-4925-94c5-1278e5819b86/resourcegroups/networkwatcherrg/providers/microsoft.network/networkwatchers/networkwatcher_westeurope/flowlogs/aks-agentpool-47130090-nsg-mc_pagopa-d-weu-dev-aks-rg_pa-flowlog	networkwatcher_westeurope	networkwatcherrg	microsoft.network/networkwatchers		{}			NSG Flow Logs	2027-09-30	2027-09-30	properties.extendedProperties.retirementDate	exact	Medium		HighAvailability		2026-04-16T20:08:26.215606Z		Migrate to virtual network flow logs	Migrate to virtual network flow logs				[]	missing	missing	missing	metadata_not_found,resource_inventory_not_found,subscription_inventory_not_found	"{""acquisition"":""advisor.recommendations"",""api_version"":""2025-01-01"",""fields"":{""description"":"""",""resource_id"":""properties.resourceMetadata.resourceId""},""lookup_keys"":{""metadata"":""954daefb-e247-4e27-85c6-a212f9df5a53\u0000/subscriptions/bbe47ad4-08b3-4925-94c5-1278e5819b86/resourcegroups/networkwatcherrg/providers/microsoft.network/networkwatchers/networkwatcher_westeurope/flowlogs/aks-agentpool-47130090-nsg-mc_pagopa-d-weu-dev-aks-rg_pa-flowlog"",""resource"":""/subscriptions/bbe47ad4-08b3-4925-94c5-1278e5819b86/resourcegroups/networkwatcherrg/providers/microsoft.network/networkwatchers/networkwatcher_westeurope/flowlogs/aks-agentpool-47130090-nsg-mc_pagopa-d-weu-dev-aks-rg_pa-flowlog"",""subscription"":""bbe47ad4-08b3-4925-94c5-1278e5819b86""},""match_status"":{""metadata"":""missing"",""resource"":""missing"",""subscription"":""missing""},""recommendation_id"":""/subscriptions/bbe47ad4-08b3-4925-94c5-1278e5819b86/resourcegroups/networkwatcherrg/providers/microsoft.network/networkwatchers/networkwatcher_westeurope/flowlogs/aks-agentpool-47130090-nsg-mc_pagopa-d-weu-dev-aks-rg_pa-flowlog/providers/Microsoft.Advisor/recommendations/5f5d76e7748683ec89a9aaae96e448220bb06f23685bfeefaab33ca7e433dd25"",""resource_linkage"":""resource_id""}"	1a85a58bae11da830b7abc450f5e5e7dcd63a2d304ce551c752f3103132510eb
1	72a34e2b-f26c-4bd9-b778-6118966cf94b	2026-07-31	resolved	advisor_retirement_recommendation	azure_advisor	/subscriptions/bbe47ad4-08b3-4925-94c5-1278e5819b86/resourcegroups/networkwatcherrg/providers/microsoft.network/networkwatchers/networkwatcher_westeurope/flowlogs/pagopa-d-weu-core-apimv2-snet-nsg-pagopa-d-vnet-rg-flowlog/providers/Microsoft.Advisor/recommendations/2026af9a348a11fc4379be6a73ed0a7d7a24345446707de5242d8dfe79559168	954daefb-e247-4e27-85c6-a212f9df5a53	New	bbe47ad4-08b3-4925-94c5-1278e5819b86		resource_id	/subscriptions/bbe47ad4-08b3-4925-94c5-1278e5819b86/resourcegroups/networkwatcherrg/providers/microsoft.network/networkwatchers/networkwatcher_westeurope/flowlogs/pagopa-d-weu-core-apimv2-snet-nsg-pagopa-d-vnet-rg-flowlog	/subscriptions/bbe47ad4-08b3-4925-94c5-1278e5819b86/resourcegroups/networkwatcherrg/providers/microsoft.network/networkwatchers/networkwatcher_westeurope/flowlogs/pagopa-d-weu-core-apimv2-snet-nsg-pagopa-d-vnet-rg-flowlog	networkwatcher_westeurope	networkwatcherrg	microsoft.network/networkwatchers		{}			NSG Flow Logs	2027-09-30	2027-09-30	properties.extendedProperties.retirementDate	exact	Medium		HighAvailability		2026-04-16T20:08:23.065152Z		Migrate to virtual network flow logs	Migrate to virtual network flow logs				[]	missing	missing	missing	metadata_not_found,resource_inventory_not_found,subscription_inventory_not_found	"{""acquisition"":""advisor.recommendations"",""api_version"":""2025-01-01"",""fields"":{""description"":"""",""resource_id"":""properties.resourceMetadata.resourceId""},""lookup_keys"":{""metadata"":""954daefb-e247-4e27-85c6-a212f9df5a53\u0000/subscriptions/bbe47ad4-08b3-4925-94c5-1278e5819b86/resourcegroups/networkwatcherrg/providers/microsoft.network/networkwatchers/networkwatcher_westeurope/flowlogs/pagopa-d-weu-core-apimv2-snet-nsg-pagopa-d-vnet-rg-flowlog"",""resource"":""/subscriptions/bbe47ad4-08b3-4925-94c5-1278e5819b86/resourcegroups/networkwatcherrg/providers/microsoft.network/networkwatchers/networkwatcher_westeurope/flowlogs/pagopa-d-weu-core-apimv2-snet-nsg-pagopa-d-vnet-rg-flowlog"",""subscription"":""bbe47ad4-08b3-4925-94c5-1278e5819b86""},""match_status"":{""metadata"":""missing"",""resource"":""missing"",""subscription"":""missing""},""recommendation_id"":""/subscriptions/bbe47ad4-08b3-4925-94c5-1278e5819b86/resourcegroups/networkwatcherrg/providers/microsoft.network/networkwatchers/networkwatcher_westeurope/flowlogs/pagopa-d-weu-core-apimv2-snet-nsg-pagopa-d-vnet-rg-flowlog/providers/Microsoft.Advisor/recommendations/2026af9a348a11fc4379be6a73ed0a7d7a24345446707de5242d8dfe79559168"",""resource_linkage"":""resource_id""}"	3cc6ce01d2aae6b6248cd21aba8b6793de0d623ad1a4b690b457caa2f290ff30
1	72a34e2b-f26c-4bd9-b778-6118966cf94b	2026-07-31	resolved	advisor_retirement_recommendation	azure_advisor	/subscriptions/bbe47ad4-08b3-4925-94c5-1278e5819b86/resourcegroups/pagopa-d-aca-sec-rg/providers/microsoft.keyvault/vaults/pagopa-d-aca-kv/providers/Microsoft.Advisor/recommendations/66c30ac7862bd6d784733aafdb6ec6460964ea6fdd8c61113441932bfbfe070b	7ff06874-39e9-41be-9552-fa1ae2a83c88	New	bbe47ad4-08b3-4925-94c5-1278e5819b86		resource_id	/subscriptions/bbe47ad4-08b3-4925-94c5-1278e5819b86/resourcegroups/pagopa-d-aca-sec-rg/providers/microsoft.keyvault/vaults/pagopa-d-aca-kv	/subscriptions/bbe47ad4-08b3-4925-94c5-1278e5819b86/resourcegroups/pagopa-d-aca-sec-rg/providers/microsoft.keyvault/vaults/pagopa-d-aca-kv	pagopa-d-aca-kv	pagopa-d-aca-sec-rg	microsoft.keyvault/vaults		{}			API versions prior to 2026-02-01	2027-02-27	2027-02-27	properties.extendedProperties.retirementDate	exact	High		HighAvailability		2026-07-24T18:35:16.958398Z		Azure Key Vault API versions prior to 2026-02-01 are being retired	Azure Key Vault API versions prior to 2026-02-01 are being retired				[]	missing	missing	missing	metadata_not_found,resource_inventory_not_found,subscription_inventory_not_found	"{""acquisition"":""advisor.recommendations"",""api_version"":""2025-01-01"",""fields"":{""description"":"""",""resource_id"":""properties.resourceMetadata.resourceId""},""lookup_keys"":{""metadata"":""7ff06874-39e9-41be-9552-fa1ae2a83c88\u0000/subscriptions/bbe47ad4-08b3-4925-94c5-1278e5819b86/resourcegroups/pagopa-d-aca-sec-rg/providers/microsoft.keyvault/vaults/pagopa-d-aca-kv"",""resource"":""/subscriptions/bbe47ad4-08b3-4925-94c5-1278e5819b86/resourcegroups/pagopa-d-aca-sec-rg/providers/microsoft.keyvault/vaults/pagopa-d-aca-kv"",""subscription"":""bbe47ad4-08b3-4925-94c5-1278e5819b86""},""match_status"":{""metadata"":""missing"",""resource"":""missing"",""subscription"":""missing""},""recommendation_id"":""/subscriptions/bbe47ad4-08b3-4925-94c5-1278e5819b86/resourcegroups/pagopa-d-aca-sec-rg/providers/microsoft.keyvault/vaults/pagopa-d-aca-kv/providers/Microsoft.Advisor/recommendations/66c30ac7862bd6d784733aafdb6ec6460964ea6fdd8c61113441932bfbfe070b"",""resource_linkage"":""resource_id""}"	140645dbce1d815c2dbbdd7e587c507b3f18075fcf987f827f2725fd738d0902
1	72a34e2b-f26c-4bd9-b778-6118966cf94b	2026-07-31	resolved	advisor_retirement_recommendation	azure_advisor	/subscriptions/bbe47ad4-08b3-4925-94c5-1278e5819b86/resourcegroups/pagopa-d-afm-sec-rg/providers/microsoft.keyvault/vaults/pagopa-d-afm-kv/providers/Microsoft.Advisor/recommendations/e6db0143b997906f5fb861ce53f754e34fac85211cf80c84113a474ac8a7966a	7ff06874-39e9-41be-9552-fa1ae2a83c88	New	bbe47ad4-08b3-4925-94c5-1278e5819b86		resource_id	/subscriptions/bbe47ad4-08b3-4925-94c5-1278e5819b86/resourcegroups/pagopa-d-afm-sec-rg/providers/microsoft.keyvault/vaults/pagopa-d-afm-kv	/subscriptions/bbe47ad4-08b3-4925-94c5-1278e5819b86/resourcegroups/pagopa-d-afm-sec-rg/providers/microsoft.keyvault/vaults/pagopa-d-afm-kv	pagopa-d-afm-kv	pagopa-d-afm-sec-rg	microsoft.keyvault/vaults		{}			API versions prior to 2026-02-01	2027-02-27	2027-02-27	properties.extendedProperties.retirementDate	exact	High		HighAvailability		2026-07-28T21:58:00.867211Z		Azure Key Vault API versions prior to 2026-02-01 are being retired	Azure Key Vault API versions prior to 2026-02-01 are being retired				[]	missing	missing	missing	metadata_not_found,resource_inventory_not_found,subscription_inventory_not_found	"{""acquisition"":""advisor.recommendations"",""api_version"":""2025-01-01"",""fields"":{""description"":"""",""resource_id"":""properties.resourceMetadata.resourceId""},""lookup_keys"":{""metadata"":""7ff06874-39e9-41be-9552-fa1ae2a83c88\u0000/subscriptions/bbe47ad4-08b3-4925-94c5-1278e5819b86/resourcegroups/pagopa-d-afm-sec-rg/providers/microsoft.keyvault/vaults/pagopa-d-afm-kv"",""resource"":""/subscriptions/bbe47ad4-08b3-4925-94c5-1278e5819b86/resourcegroups/pagopa-d-afm-sec-rg/providers/microsoft.keyvault/vaults/pagopa-d-afm-kv"",""subscription"":""bbe47ad4-08b3-4925-94c5-1278e5819b86""},""match_status"":{""metadata"":""missing"",""resource"":""missing"",""subscription"":""missing""},""recommendation_id"":""/subscriptions/bbe47ad4-08b3-4925-94c5-1278e5819b86/resourcegroups/pagopa-d-afm-sec-rg/providers/microsoft.keyvault/vaults/pagopa-d-afm-kv/providers/Microsoft.Advisor/recommendations/e6db0143b997906f5fb861ce53f754e34fac85211cf80c84113a474ac8a7966a"",""resource_linkage"":""resource_id""}"	e63cbfe8593c11df6fc2feff55ed101536a7c75873cb821c425da4f07a9c92eb
1	72a34e2b-f26c-4bd9-b778-6118966cf94b	2026-07-31	resolved	advisor_retirement_recommendation	azure_advisor	/subscriptions/bbe47ad4-08b3-4925-94c5-1278e5819b86/resourcegroups/pagopa-d-apiconfig-sec-rg/providers/microsoft.keyvault/vaults/pagopa-d-apiconfig-kv/providers/Microsoft.Advisor/recommendations/bc0311c6783853d948440bcc1690c76f0506ac3d9be9ee140b41c431244c8a8e	7ff06874-39e9-41be-9552-fa1ae2a83c88	New	bbe47ad4-08b3-4925-94c5-1278e5819b86		resource_id	/subscriptions/bbe47ad4-08b3-4925-94c5-1278e5819b86/resourcegroups/pagopa-d-apiconfig-sec-rg/providers/microsoft.keyvault/vaults/pagopa-d-apiconfig-kv	/subscriptions/bbe47ad4-08b3-4925-94c5-1278e5819b86/resourcegroups/pagopa-d-apiconfig-sec-rg/providers/microsoft.keyvault/vaults/pagopa-d-apiconfig-kv	pagopa-d-apiconfig-kv	pagopa-d-apiconfig-sec-rg	microsoft.keyvault/vaults		{}			API versions prior to 2026-02-01	2027-02-27	2027-02-27	properties.extendedProperties.retirementDate	exact	High		HighAvailability		2026-07-24T18:36:11.561182Z		Azure Key Vault API versions prior to 2026-02-01 are being retired	Azure Key Vault API versions prior to 2026-02-01 are being retired				[]	missing	missing	missing	metadata_not_found,resource_inventory_not_found,subscription_inventory_not_found	"{""acquisition"":""advisor.recommendations"",""api_version"":""2025-01-01"",""fields"":{""description"":"""",""resource_id"":""properties.resourceMetadata.resourceId""},""lookup_keys"":{""metadata"":""7ff06874-39e9-41be-9552-fa1ae2a83c88\u0000/subscriptions/bbe47ad4-08b3-4925-94c5-1278e5819b86/resourcegroups/pagopa-d-apiconfig-sec-rg/providers/microsoft.keyvault/vaults/pagopa-d-apiconfig-kv"",""resource"":""/subscriptions/bbe47ad4-08b3-4925-94c5-1278e5819b86/resourcegroups/pagopa-d-apiconfig-sec-rg/providers/microsoft.keyvault/vaults/pagopa-d-apiconfig-kv"",""subscription"":""bbe47ad4-08b3-4925-94c5-1278e5819b86""},""match_status"":{""metadata"":""missing"",""resource"":""missing"",""subscription"":""missing""},""recommendation_id"":""/subscriptions/bbe47ad4-08b3-4925-94c5-1278e5819b86/resourcegroups/pagopa-d-apiconfig-sec-rg/providers/microsoft.keyvault/vaults/pagopa-d-apiconfig-kv/providers/Microsoft.Advisor/recommendations/bc0311c6783853d948440bcc1690c76f0506ac3d9be9ee140b41c431244c8a8e"",""resource_linkage"":""resource_id""}"	7556f96ca4ebfbc5de87aabd0db02831bd821797dac02cc46d18b5f5e67df650
1	72a34e2b-f26c-4bd9-b778-6118966cf94b	2026-07-31	resolved	advisor_retirement_recommendation	azure_advisor	/subscriptions/bbe47ad4-08b3-4925-94c5-1278e5819b86/resourcegroups/pagopa-d-bizevents-sec-rg/providers/microsoft.keyvault/vaults/pagopa-d-bizevents-kv/providers/Microsoft.Advisor/recommendations/e96887369bf5242eb010d5a5ae613a23424812e06a43d27e4c25b4615207e7ab	7ff06874-39e9-41be-9552-fa1ae2a83c88	New	bbe47ad4-08b3-4925-94c5-1278e5819b86		resource_id	/subscriptions/bbe47ad4-08b3-4925-94c5-1278e5819b86/resourcegroups/pagopa-d-bizevents-sec-rg/providers/microsoft.keyvault/vaults/pagopa-d-bizevents-kv	/subscriptions/bbe47ad4-08b3-4925-94c5-1278e5819b86/resourcegroups/pagopa-d-bizevents-sec-rg/providers/microsoft.keyvault/vaults/pagopa-d-bizevents-kv	pagopa-d-bizevents-kv	pagopa-d-bizevents-sec-rg	microsoft.keyvault/vaults		{}			API versions prior to 2026-02-01	2027-02-27	2027-02-27	properties.extendedProperties.retirementDate	exact	High		HighAvailability		2026-07-23T11:57:50.755788Z		Azure Key Vault API versions prior to 2026-02-01 are being retired	Azure Key Vault API versions prior to 2026-02-01 are being retired				[]	missing	missing	missing	metadata_not_found,resource_inventory_not_found,subscription_inventory_not_found	"{""acquisition"":""advisor.recommendations"",""api_version"":""2025-01-01"",""fields"":{""description"":"""",""resource_id"":""properties.resourceMetadata.resourceId""},""lookup_keys"":{""metadata"":""7ff06874-39e9-41be-9552-fa1ae2a83c88\u0000/subscriptions/bbe47ad4-08b3-4925-94c5-1278e5819b86/resourcegroups/pagopa-d-bizevents-sec-rg/providers/microsoft.keyvault/vaults/pagopa-d-bizevents-kv"",""resource"":""/subscriptions/bbe47ad4-08b3-4925-94c5-1278e5819b86/resourcegroups/pagopa-d-bizevents-sec-rg/providers/microsoft.keyvault/vaults/pagopa-d-bizevents-kv"",""subscription"":""bbe47ad4-08b3-4925-94c5-1278e5819b86""},""match_status"":{""metadata"":""missing"",""resource"":""missing"",""subscription"":""missing""},""recommendation_id"":""/subscriptions/bbe47ad4-08b3-4925-94c5-1278e5819b86/resourcegroups/pagopa-d-bizevents-sec-rg/providers/microsoft.keyvault/vaults/pagopa-d-bizevents-kv/providers/Microsoft.Advisor/recommendations/e96887369bf5242eb010d5a5ae613a23424812e06a43d27e4c25b4615207e7ab"",""resource_linkage"":""resource_id""}"	4eaf2eb41fa92c0e03f14442c2cc40c318b463eb52efe59242729c960116afff
1	72a34e2b-f26c-4bd9-b778-6118966cf94b	2026-07-31	resolved	advisor_retirement_recommendation	azure_advisor	/subscriptions/bbe47ad4-08b3-4925-94c5-1278e5819b86/resourcegroups/pagopa-d-checkout-sec-rg/providers/microsoft.keyvault/vaults/pagopa-d-checkout-kv/providers/Microsoft.Advisor/recommendations/38cdbf16b8ad2b4101bcc2e628dac1bd25ee5e5e76d69c1171b4a01f2201b413	7ff06874-39e9-41be-9552-fa1ae2a83c88	New	bbe47ad4-08b3-4925-94c5-1278e5819b86		resource_id	/subscriptions/bbe47ad4-08b3-4925-94c5-1278e5819b86/resourcegroups/pagopa-d-checkout-sec-rg/providers/microsoft.keyvault/vaults/pagopa-d-checkout-kv	/subscriptions/bbe47ad4-08b3-4925-94c5-1278e5819b86/resourcegroups/pagopa-d-checkout-sec-rg/providers/microsoft.keyvault/vaults/pagopa-d-checkout-kv	pagopa-d-checkout-kv	pagopa-d-checkout-sec-rg	microsoft.keyvault/vaults		{}			API versions prior to 2026-02-01	2027-02-27	2027-02-27	properties.extendedProperties.retirementDate	exact	High		HighAvailability		2026-07-29T21:19:50.118240Z		Azure Key Vault API versions prior to 2026-02-01 are being retired	Azure Key Vault API versions prior to 2026-02-01 are being retired				[]	missing	missing	missing	metadata_not_found,resource_inventory_not_found,subscription_inventory_not_found	"{""acquisition"":""advisor.recommendations"",""api_version"":""2025-01-01"",""fields"":{""description"":"""",""resource_id"":""properties.resourceMetadata.resourceId""},""lookup_keys"":{""metadata"":""7ff06874-39e9-41be-9552-fa1ae2a83c88\u0000/subscriptions/bbe47ad4-08b3-4925-94c5-1278e5819b86/resourcegroups/pagopa-d-checkout-sec-rg/providers/microsoft.keyvault/vaults/pagopa-d-checkout-kv"",""resource"":""/subscriptions/bbe47ad4-08b3-4925-94c5-1278e5819b86/resourcegroups/pagopa-d-checkout-sec-rg/providers/microsoft.keyvault/vaults/pagopa-d-checkout-kv"",""subscription"":""bbe47ad4-08b3-4925-94c5-1278e5819b86""},""match_status"":{""metadata"":""missing"",""resource"":""missing"",""subscription"":""missing""},""recommendation_id"":""/subscriptions/bbe47ad4-08b3-4925-94c5-1278e5819b86/resourcegroups/pagopa-d-checkout-sec-rg/providers/microsoft.keyvault/vaults/pagopa-d-checkout-kv/providers/Microsoft.Advisor/recommendations/38cdbf16b8ad2b4101bcc2e628dac1bd25ee5e5e76d69c1171b4a01f2201b413"",""resource_linkage"":""resource_id""}"	7c7a4a375d3fa3d6805c8a056be2662a4ff19a35f0d4d77997aeaca383947bd7
1	72a34e2b-f26c-4bd9-b778-6118966cf94b	2026-07-31	resolved	advisor_retirement_recommendation	azure_advisor	/subscriptions/bbe47ad4-08b3-4925-94c5-1278e5819b86/resourcegroups/pagopa-d-data-rg/providers/microsoft.cache/redis/pagopa-d-redis/providers/Microsoft.Advisor/recommendations/c2d0866565cfc261334142cc7861905ffd44812d1a1a00559d5ec70ed58df213	f3aded79-f9ff-4ce4-99e3-2ffcf11161a4	New	bbe47ad4-08b3-4925-94c5-1278e5819b86		resource_id	/subscriptions/bbe47ad4-08b3-4925-94c5-1278e5819b86/resourcegroups/pagopa-d-data-rg/providers/microsoft.cache/redis/pagopa-d-redis	/subscriptions/bbe47ad4-08b3-4925-94c5-1278e5819b86/resourcegroups/pagopa-d-data-rg/providers/microsoft.cache/redis/pagopa-d-redis	pagopa-d-redis	pagopa-d-data-rg	microsoft.cache/redis		{}			Redis Cache	2028-09-30	2028-09-30	properties.extendedProperties.retirementDate	exact	Medium		HighAvailability		2026-05-10T21:55:56.434468Z		Migrate to Azure Managed Redis from Azure Cache for Redis	Migrate to Azure Managed Redis from Azure Cache for Redis				[]	missing	missing	missing	metadata_not_found,resource_inventory_not_found,subscription_inventory_not_found	"{""acquisition"":""advisor.recommendations"",""api_version"":""2025-01-01"",""fields"":{""description"":"""",""resource_id"":""properties.resourceMetadata.resourceId""},""lookup_keys"":{""metadata"":""f3aded79-f9ff-4ce4-99e3-2ffcf11161a4\u0000/subscriptions/bbe47ad4-08b3-4925-94c5-1278e5819b86/resourcegroups/pagopa-d-data-rg/providers/microsoft.cache/redis/pagopa-d-redis"",""resource"":""/subscriptions/bbe47ad4-08b3-4925-94c5-1278e5819b86/resourcegroups/pagopa-d-data-rg/providers/microsoft.cache/redis/pagopa-d-redis"",""subscription"":""bbe47ad4-08b3-4925-94c5-1278e5819b86""},""match_status"":{""metadata"":""missing"",""resource"":""missing"",""subscription"":""missing""},""recommendation_id"":""/subscriptions/bbe47ad4-08b3-4925-94c5-1278e5819b86/resourcegroups/pagopa-d-data-rg/providers/microsoft.cache/redis/pagopa-d-redis/providers/Microsoft.Advisor/recommendations/c2d0866565cfc261334142cc7861905ffd44812d1a1a00559d5ec70ed58df213"",""resource_linkage"":""resource_id""}"	5c769ef9cb63fe8d976fee72e15ae5d4e4bc8d63d76577bb822a543ce67e2fbb
1	72a34e2b-f26c-4bd9-b778-6118966cf94b	2026-07-31	resolved	advisor_retirement_recommendation	azure_advisor	/subscriptions/bbe47ad4-08b3-4925-94c5-1278e5819b86/resourcegroups/pagopa-d-ecommerce-sec-rg/providers/microsoft.keyvault/vaults/pagopa-d-ecommerce-kv/providers/Microsoft.Advisor/recommendations/21cb56b6bc804ac11e43acb9218a0ba42471bdc3f3d923240dd24551ea823dcd	7ff06874-39e9-41be-9552-fa1ae2a83c88	New	bbe47ad4-08b3-4925-94c5-1278e5819b86		resource_id	/subscriptions/bbe47ad4-08b3-4925-94c5-1278e5819b86/resourcegroups/pagopa-d-ecommerce-sec-rg/providers/microsoft.keyvault/vaults/pagopa-d-ecommerce-kv	/subscriptions/bbe47ad4-08b3-4925-94c5-1278e5819b86/resourcegroups/pagopa-d-ecommerce-sec-rg/providers/microsoft.keyvault/vaults/pagopa-d-ecommerce-kv	pagopa-d-ecommerce-kv	pagopa-d-ecommerce-sec-rg	microsoft.keyvault/vaults		{}			API versions prior to 2026-02-01	2027-02-27	2027-02-27	properties.extendedProperties.retirementDate	exact	High		HighAvailability		2026-07-30T20:08:29.390397Z		Azure Key Vault API versions prior to 2026-02-01 are being retired	Azure Key Vault API versions prior to 2026-02-01 are being retired				[]	missing	missing	missing	metadata_not_found,resource_inventory_not_found,subscription_inventory_not_found	"{""acquisition"":""advisor.recommendations"",""api_version"":""2025-01-01"",""fields"":{""description"":"""",""resource_id"":""properties.resourceMetadata.resourceId""},""lookup_keys"":{""metadata"":""7ff06874-39e9-41be-9552-fa1ae2a83c88\u0000/subscriptions/bbe47ad4-08b3-4925-94c5-1278e5819b86/resourcegroups/pagopa-d-ecommerce-sec-rg/providers/microsoft.keyvault/vaults/pagopa-d-ecommerce-kv"",""resource"":""/subscriptions/bbe47ad4-08b3-4925-94c5-1278e5819b86/resourcegroups/pagopa-d-ecommerce-sec-rg/providers/microsoft.keyvault/vaults/pagopa-d-ecommerce-kv"",""subscription"":""bbe47ad4-08b3-4925-94c5-1278e5819b86""},""match_status"":{""metadata"":""missing"",""resource"":""missing"",""subscription"":""missing""},""recommendation_id"":""/subscriptions/bbe47ad4-08b3-4925-94c5-1278e5819b86/resourcegroups/pagopa-d-ecommerce-sec-rg/providers/microsoft.keyvault/vaults/pagopa-d-ecommerce-kv/providers/Microsoft.Advisor/recommendations/21cb56b6bc804ac11e43acb9218a0ba42471bdc3f3d923240dd24551ea823dcd"",""resource_linkage"":""resource_id""}"	96bc2945c14673d2af784ed049ec7e3028bb4e2acd3e1711d76de4ab960b910a
1	72a34e2b-f26c-4bd9-b778-6118966cf94b	2026-07-31	resolved	advisor_retirement_recommendation	azure_advisor	/subscriptions/bbe47ad4-08b3-4925-94c5-1278e5819b86/resourcegroups/pagopa-d-fdr-sec-rg/providers/microsoft.keyvault/vaults/pagopa-d-fdr-kv/providers/Microsoft.Advisor/recommendations/d0409dfc5c0ea8966b123c25128a6f173df96ecdcb752e3542063ae2ad3db652	7ff06874-39e9-41be-9552-fa1ae2a83c88	New	bbe47ad4-08b3-4925-94c5-1278e5819b86		resource_id	/subscriptions/bbe47ad4-08b3-4925-94c5-1278e5819b86/resourcegroups/pagopa-d-fdr-sec-rg/providers/microsoft.keyvault/vaults/pagopa-d-fdr-kv	/subscriptions/bbe47ad4-08b3-4925-94c5-1278e5819b86/resourcegroups/pagopa-d-fdr-sec-rg/providers/microsoft.keyvault/vaults/pagopa-d-fdr-kv	pagopa-d-fdr-kv	pagopa-d-fdr-sec-rg	microsoft.keyvault/vaults		{}			API versions prior to 2026-02-01	2027-02-27	2027-02-27	properties.extendedProperties.retirementDate	exact	High		HighAvailability		2026-07-30T20:09:28.109213Z		Azure Key Vault API versions prior to 2026-02-01 are being retired	Azure Key Vault API versions prior to 2026-02-01 are being retired				[]	missing	missing	missing	metadata_not_found,resource_inventory_not_found,subscription_inventory_not_found	"{""acquisition"":""advisor.recommendations"",""api_version"":""2025-01-01"",""fields"":{""description"":"""",""resource_id"":""properties.resourceMetadata.resourceId""},""lookup_keys"":{""metadata"":""7ff06874-39e9-41be-9552-fa1ae2a83c88\u0000/subscriptions/bbe47ad4-08b3-4925-94c5-1278e5819b86/resourcegroups/pagopa-d-fdr-sec-rg/providers/microsoft.keyvault/vaults/pagopa-d-fdr-kv"",""resource"":""/subscriptions/bbe47ad4-08b3-4925-94c5-1278e5819b86/resourcegroups/pagopa-d-fdr-sec-rg/providers/microsoft.keyvault/vaults/pagopa-d-fdr-kv"",""subscription"":""bbe47ad4-08b3-4925-94c5-1278e5819b86""},""match_status"":{""metadata"":""missing"",""resource"":""missing"",""subscription"":""missing""},""recommendation_id"":""/subscriptions/bbe47ad4-08b3-4925-94c5-1278e5819b86/resourcegroups/pagopa-d-fdr-sec-rg/providers/microsoft.keyvault/vaults/pagopa-d-fdr-kv/providers/Microsoft.Advisor/recommendations/d0409dfc5c0ea8966b123c25128a6f173df96ecdcb752e3542063ae2ad3db652"",""resource_linkage"":""resource_id""}"	d956dcce5dfb8bdb002d62a2120250ec999134938bc9de4a26c749756d4f0d36
1	72a34e2b-f26c-4bd9-b778-6118966cf94b	2026-07-31	resolved	advisor_retirement_recommendation	azure_advisor	/subscriptions/bbe47ad4-08b3-4925-94c5-1278e5819b86/resourcegroups/pagopa-d-gps-sec-rg/providers/microsoft.keyvault/vaults/pagopa-d-gps-kv/providers/Microsoft.Advisor/recommendations/00b291d4148f917b9bf9ca55ab2d0d0e5a4a71a16d5803dcd38d54028e622bc0	7ff06874-39e9-41be-9552-fa1ae2a83c88	New	bbe47ad4-08b3-4925-94c5-1278e5819b86		resource_id	/subscriptions/bbe47ad4-08b3-4925-94c5-1278e5819b86/resourcegroups/pagopa-d-gps-sec-rg/providers/microsoft.keyvault/vaults/pagopa-d-gps-kv	/subscriptions/bbe47ad4-08b3-4925-94c5-1278e5819b86/resourcegroups/pagopa-d-gps-sec-rg/providers/microsoft.keyvault/vaults/pagopa-d-gps-kv	pagopa-d-gps-kv	pagopa-d-gps-sec-rg	microsoft.keyvault/vaults		{}			API versions prior to 2026-02-01	2027-02-27	2027-02-27	properties.extendedProperties.retirementDate	exact	High		HighAvailability		2026-07-30T20:08:01.494915Z		Azure Key Vault API versions prior to 2026-02-01 are being retired	Azure Key Vault API versions prior to 2026-02-01 are being retired				[]	missing	missing	missing	metadata_not_found,resource_inventory_not_found,subscription_inventory_not_found	"{""acquisition"":""advisor.recommendations"",""api_version"":""2025-01-01"",""fields"":{""description"":"""",""resource_id"":""properties.resourceMetadata.resourceId""},""lookup_keys"":{""metadata"":""7ff06874-39e9-41be-9552-fa1ae2a83c88\u0000/subscriptions/bbe47ad4-08b3-4925-94c5-1278e5819b86/resourcegroups/pagopa-d-gps-sec-rg/providers/microsoft.keyvault/vaults/pagopa-d-gps-kv"",""resource"":""/subscriptions/bbe47ad4-08b3-4925-94c5-1278e5819b86/resourcegroups/pagopa-d-gps-sec-rg/providers/microsoft.keyvault/vaults/pagopa-d-gps-kv"",""subscription"":""bbe47ad4-08b3-4925-94c5-1278e5819b86""},""match_status"":{""metadata"":""missing"",""resource"":""missing"",""subscription"":""missing""},""recommendation_id"":""/subscriptions/bbe47ad4-08b3-4925-94c5-1278e5819b86/resourcegroups/pagopa-d-gps-sec-rg/providers/microsoft.keyvault/vaults/pagopa-d-gps-kv/providers/Microsoft.Advisor/recommendations/00b291d4148f917b9bf9ca55ab2d0d0e5a4a71a16d5803dcd38d54028e622bc0"",""resource_linkage"":""resource_id""}"	d6e614a71967dff07e0726552abcc8174da0f1e2b9f95dd6ff7f488f4274e954
1	72a34e2b-f26c-4bd9-b778-6118966cf94b	2026-07-31	resolved	advisor_retirement_recommendation	azure_advisor	/subscriptions/bbe47ad4-08b3-4925-94c5-1278e5819b86/resourcegroups/pagopa-d-itn-cloudo-sec-rg/providers/microsoft.keyvault/vaults/pagopa-d-itn-cloudo-kv/providers/Microsoft.Advisor/recommendations/a9da078438e11b57767dfcd593ba3c2b81a1bb760b5779bb304636b712c4d28f	7ff06874-39e9-41be-9552-fa1ae2a83c88	New	bbe47ad4-08b3-4925-94c5-1278e5819b86		resource_id	/subscriptions/bbe47ad4-08b3-4925-94c5-1278e5819b86/resourcegroups/pagopa-d-itn-cloudo-sec-rg/providers/microsoft.keyvault/vaults/pagopa-d-itn-cloudo-kv	/subscriptions/bbe47ad4-08b3-4925-94c5-1278e5819b86/resourcegroups/pagopa-d-itn-cloudo-sec-rg/providers/microsoft.keyvault/vaults/pagopa-d-itn-cloudo-kv	pagopa-d-itn-cloudo-kv	pagopa-d-itn-cloudo-sec-rg	microsoft.keyvault/vaults		{}			API versions prior to 2026-02-01	2027-02-27	2027-02-27	properties.extendedProperties.retirementDate	exact	High		HighAvailability		2026-07-29T21:13:43.544054Z		Azure Key Vault API versions prior to 2026-02-01 are being retired	Azure Key Vault API versions prior to 2026-02-01 are being retired				[]	missing	missing	missing	metadata_not_found,resource_inventory_not_found,subscription_inventory_not_found	"{""acquisition"":""advisor.recommendations"",""api_version"":""2025-01-01"",""fields"":{""description"":"""",""resource_id"":""properties.resourceMetadata.resourceId""},""lookup_keys"":{""metadata"":""7ff06874-39e9-41be-9552-fa1ae2a83c88\u0000/subscriptions/bbe47ad4-08b3-4925-94c5-1278e5819b86/resourcegroups/pagopa-d-itn-cloudo-sec-rg/providers/microsoft.keyvault/vaults/pagopa-d-itn-cloudo-kv"",""resource"":""/subscriptions/bbe47ad4-08b3-4925-94c5-1278e5819b86/resourcegroups/pagopa-d-itn-cloudo-sec-rg/providers/microsoft.keyvault/vaults/pagopa-d-itn-cloudo-kv"",""subscription"":""bbe47ad4-08b3-4925-94c5-1278e5819b86""},""match_status"":{""metadata"":""missing"",""resource"":""missing"",""subscription"":""missing""},""recommendation_id"":""/subscriptions/bbe47ad4-08b3-4925-94c5-1278e5819b86/resourcegroups/pagopa-d-itn-cloudo-sec-rg/providers/microsoft.keyvault/vaults/pagopa-d-itn-cloudo-kv/providers/Microsoft.Advisor/recommendations/a9da078438e11b57767dfcd593ba3c2b81a1bb760b5779bb304636b712c4d28f"",""resource_linkage"":""resource_id""}"	155709fb0f9b1195eace842ac48aedb1437f50d45251d3d4a611ce47701a6d3d
1	72a34e2b-f26c-4bd9-b778-6118966cf94b	2026-07-31	resolved	advisor_retirement_recommendation	azure_advisor	/subscriptions/bbe47ad4-08b3-4925-94c5-1278e5819b86/resourcegroups/pagopa-d-itn-core-sec-rg/providers/microsoft.keyvault/vaults/pagopa-d-itn-core-kv/providers/Microsoft.Advisor/recommendations/a1c05e0325eee4630da7ef57fd297d4122a5b02034a19c3391e62a8d34ef5b7d	7ff06874-39e9-41be-9552-fa1ae2a83c88	New	bbe47ad4-08b3-4925-94c5-1278e5819b86		resource_id	/subscriptions/bbe47ad4-08b3-4925-94c5-1278e5819b86/resourcegroups/pagopa-d-itn-core-sec-rg/providers/microsoft.keyvault/vaults/pagopa-d-itn-core-kv	/subscriptions/bbe47ad4-08b3-4925-94c5-1278e5819b86/resourcegroups/pagopa-d-itn-core-sec-rg/providers/microsoft.keyvault/vaults/pagopa-d-itn-core-kv	pagopa-d-itn-core-kv	pagopa-d-itn-core-sec-rg	microsoft.keyvault/vaults		{}			API versions prior to 2026-02-01	2027-02-27	2027-02-27	properties.extendedProperties.retirementDate	exact	High		HighAvailability		2026-07-28T21:56:56.932741Z		Azure Key Vault API versions prior to 2026-02-01 are being retired	Azure Key Vault API versions prior to 2026-02-01 are being retired				[]	missing	missing	missing	metadata_not_found,resource_inventory_not_found,subscription_inventory_not_found	"{""acquisition"":""advisor.recommendations"",""api_version"":""2025-01-01"",""fields"":{""description"":"""",""resource_id"":""properties.resourceMetadata.resourceId""},""lookup_keys"":{""metadata"":""7ff06874-39e9-41be-9552-fa1ae2a83c88\u0000/subscriptions/bbe47ad4-08b3-4925-94c5-1278e5819b86/resourcegroups/pagopa-d-itn-core-sec-rg/providers/microsoft.keyvault/vaults/pagopa-d-itn-core-kv"",""resource"":""/subscriptions/bbe47ad4-08b3-4925-94c5-1278e5819b86/resourcegroups/pagopa-d-itn-core-sec-rg/providers/microsoft.keyvault/vaults/pagopa-d-itn-core-kv"",""subscription"":""bbe47ad4-08b3-4925-94c5-1278e5819b86""},""match_status"":{""metadata"":""missing"",""resource"":""missing"",""subscription"":""missing""},""recommendation_id"":""/subscriptions/bbe47ad4-08b3-4925-94c5-1278e5819b86/resourcegroups/pagopa-d-itn-core-sec-rg/providers/microsoft.keyvault/vaults/pagopa-d-itn-core-kv/providers/Microsoft.Advisor/recommendations/a1c05e0325eee4630da7ef57fd297d4122a5b02034a19c3391e62a8d34ef5b7d"",""resource_linkage"":""resource_id""}"	c53d6f7f74ee21a615d23c79ca3212b8be2502439ae98e1c26ea40dd3672bdeb
1	72a34e2b-f26c-4bd9-b778-6118966cf94b	2026-07-31	resolved	advisor_retirement_recommendation	azure_advisor	/subscriptions/bbe47ad4-08b3-4925-94c5-1278e5819b86/resourcegroups/pagopa-d-itn-crusc8-sec-rg/providers/microsoft.keyvault/vaults/pagopa-d-itn-crusc8-kv/providers/Microsoft.Advisor/recommendations/ab031a36b038dac1947f35311b04a2a5eff0a33ae6b7c35e8cacf7176b966f6a	7ff06874-39e9-41be-9552-fa1ae2a83c88	New	bbe47ad4-08b3-4925-94c5-1278e5819b86		resource_id	/subscriptions/bbe47ad4-08b3-4925-94c5-1278e5819b86/resourcegroups/pagopa-d-itn-crusc8-sec-rg/providers/microsoft.keyvault/vaults/pagopa-d-itn-crusc8-kv	/subscriptions/bbe47ad4-08b3-4925-94c5-1278e5819b86/resourcegroups/pagopa-d-itn-crusc8-sec-rg/providers/microsoft.keyvault/vaults/pagopa-d-itn-crusc8-kv	pagopa-d-itn-crusc8-kv	pagopa-d-itn-crusc8-sec-rg	microsoft.keyvault/vaults		{}			API versions prior to 2026-02-01	2027-02-27	2027-02-27	properties.extendedProperties.retirementDate	exact	High		HighAvailability		2026-07-30T20:09:15.375056Z		Azure Key Vault API versions prior to 2026-02-01 are being retired	Azure Key Vault API versions prior to 2026-02-01 are being retired				[]	missing	missing	missing	metadata_not_found,resource_inventory_not_found,subscription_inventory_not_found	"{""acquisition"":""advisor.recommendations"",""api_version"":""2025-01-01"",""fields"":{""description"":"""",""resource_id"":""properties.resourceMetadata.resourceId""},""lookup_keys"":{""metadata"":""7ff06874-39e9-41be-9552-fa1ae2a83c88\u0000/subscriptions/bbe47ad4-08b3-4925-94c5-1278e5819b86/resourcegroups/pagopa-d-itn-crusc8-sec-rg/providers/microsoft.keyvault/vaults/pagopa-d-itn-crusc8-kv"",""resource"":""/subscriptions/bbe47ad4-08b3-4925-94c5-1278e5819b86/resourcegroups/pagopa-d-itn-crusc8-sec-rg/providers/microsoft.keyvault/vaults/pagopa-d-itn-crusc8-kv"",""subscription"":""bbe47ad4-08b3-4925-94c5-1278e5819b86""},""match_status"":{""metadata"":""missing"",""resource"":""missing"",""subscription"":""missing""},""recommendation_id"":""/subscriptions/bbe47ad4-08b3-4925-94c5-1278e5819b86/resourcegroups/pagopa-d-itn-crusc8-sec-rg/providers/microsoft.keyvault/vaults/pagopa-d-itn-crusc8-kv/providers/Microsoft.Advisor/recommendations/ab031a36b038dac1947f35311b04a2a5eff0a33ae6b7c35e8cacf7176b966f6a"",""resource_linkage"":""resource_id""}"	82077d18fe5e62228fffed64415633c0dc058c6861a0cc23fc7b5d547212bb7f
1	72a34e2b-f26c-4bd9-b778-6118966cf94b	2026-07-31	resolved	advisor_retirement_recommendation	azure_advisor	/subscriptions/bbe47ad4-08b3-4925-94c5-1278e5819b86/resourcegroups/pagopa-d-itn-dev-aks-rg/providers/microsoft.compute/virtualmachines/pagopa-d-itn-dev-vm-debug-italy/providers/Microsoft.Advisor/recommendations/15c901cc1848b555a63b0e073ea08c98ac0709bb2f3ab84aa1fd4b1486307f43	13cea0f1-c3f7-4c66-8b3b-9928a0f07cea	New	bbe47ad4-08b3-4925-94c5-1278e5819b86		resource_id	/subscriptions/bbe47ad4-08b3-4925-94c5-1278e5819b86/resourcegroups/pagopa-d-itn-dev-aks-rg/providers/microsoft.compute/virtualmachines/pagopa-d-itn-dev-vm-debug-italy	/subscriptions/bbe47ad4-08b3-4925-94c5-1278e5819b86/resourcegroups/pagopa-d-itn-dev-aks-rg/providers/microsoft.compute/virtualmachines/pagopa-d-itn-dev-vm-debug-italy	pagopa-d-itn-dev-vm-debug-italy	pagopa-d-itn-dev-aks-rg	microsoft.compute/virtualmachines		{}			LSv2, G, GS, F, FS, Fsv2, B, Av2 - Series	2028-11-15	2028-11-15	properties.extendedProperties.retirementDate	exact	High		HighAvailability		2026-05-19T21:46:29.373716Z		Review and migrate virtual machine workloads	Review and migrate virtual machine workloads				[]	missing	missing	missing	metadata_not_found,resource_inventory_not_found,subscription_inventory_not_found	"{""acquisition"":""advisor.recommendations"",""api_version"":""2025-01-01"",""fields"":{""description"":"""",""resource_id"":""properties.resourceMetadata.resourceId""},""lookup_keys"":{""metadata"":""13cea0f1-c3f7-4c66-8b3b-9928a0f07cea\u0000/subscriptions/bbe47ad4-08b3-4925-94c5-1278e5819b86/resourcegroups/pagopa-d-itn-dev-aks-rg/providers/microsoft.compute/virtualmachines/pagopa-d-itn-dev-vm-debug-italy"",""resource"":""/subscriptions/bbe47ad4-08b3-4925-94c5-1278e5819b86/resourcegroups/pagopa-d-itn-dev-aks-rg/providers/microsoft.compute/virtualmachines/pagopa-d-itn-dev-vm-debug-italy"",""subscription"":""bbe47ad4-08b3-4925-94c5-1278e5819b86""},""match_status"":{""metadata"":""missing"",""resource"":""missing"",""subscription"":""missing""},""recommendation_id"":""/subscriptions/bbe47ad4-08b3-4925-94c5-1278e5819b86/resourcegroups/pagopa-d-itn-dev-aks-rg/providers/microsoft.compute/virtualmachines/pagopa-d-itn-dev-vm-debug-italy/providers/Microsoft.Advisor/recommendations/15c901cc1848b555a63b0e073ea08c98ac0709bb2f3ab84aa1fd4b1486307f43"",""resource_linkage"":""resource_id""}"	c2bdc23f3e86f61253c44e368655bf685618d5cb29d160cccd11d30eaca897e8
1	72a34e2b-f26c-4bd9-b778-6118966cf94b	2026-07-31	resolved	advisor_retirement_recommendation	azure_advisor	/subscriptions/bbe47ad4-08b3-4925-94c5-1278e5819b86/resourcegroups/pagopa-d-itn-dev-aks-rg/providers/microsoft.compute/virtualmachines/pagopa-d-itn-dev-vm-debug-italy/providers/Microsoft.Advisor/recommendations/a89df994866c59dd38c2252028778336cdb8793e7694c2064ab2539cd38e484c	7f71b153-c0b7-4e99-a23e-db8179183ec9	New	bbe47ad4-08b3-4925-94c5-1278e5819b86		resource_id	/subscriptions/bbe47ad4-08b3-4925-94c5-1278e5819b86/resourcegroups/pagopa-d-itn-dev-aks-rg/providers/microsoft.compute/virtualmachines/pagopa-d-itn-dev-vm-debug-italy	/subscriptions/bbe47ad4-08b3-4925-94c5-1278e5819b86/resourcegroups/pagopa-d-itn-dev-aks-rg/providers/microsoft.compute/virtualmachines/pagopa-d-itn-dev-vm-debug-italy	pagopa-d-itn-dev-vm-debug-italy	pagopa-d-itn-dev-aks-rg	microsoft.compute/virtualmachines		{}							missing	High		HighAvailability		2026-05-13T03:36:40.830485Z		Migrate workload to D-series or better virtual machine	Migrate workload to D-series or better virtual machine				[]	missing	missing	missing	metadata_not_found,missing_retirement_date,resource_inventory_not_found,subscription_inventory_not_found	"{""acquisition"":""advisor.recommendations"",""api_version"":""2025-01-01"",""fields"":{""description"":"""",""resource_id"":""properties.resourceMetadata.resourceId""},""lookup_keys"":{""metadata"":""7f71b153-c0b7-4e99-a23e-db8179183ec9\u0000/subscriptions/bbe47ad4-08b3-4925-94c5-1278e5819b86/resourcegroups/pagopa-d-itn-dev-aks-rg/providers/microsoft.compute/virtualmachines/pagopa-d-itn-dev-vm-debug-italy"",""resource"":""/subscriptions/bbe47ad4-08b3-4925-94c5-1278e5819b86/resourcegroups/pagopa-d-itn-dev-aks-rg/providers/microsoft.compute/virtualmachines/pagopa-d-itn-dev-vm-debug-italy"",""subscription"":""bbe47ad4-08b3-4925-94c5-1278e5819b86""},""match_status"":{""metadata"":""missing"",""resource"":""missing"",""subscription"":""missing""},""recommendation_id"":""/subscriptions/bbe47ad4-08b3-4925-94c5-1278e5819b86/resourcegroups/pagopa-d-itn-dev-aks-rg/providers/microsoft.compute/virtualmachines/pagopa-d-itn-dev-vm-debug-italy/providers/Microsoft.Advisor/recommendations/a89df994866c59dd38c2252028778336cdb8793e7694c2064ab2539cd38e484c"",""resource_linkage"":""resource_id""}"	9f31de6fa8570e23cbe333eed384a5d2fdcbf6c058a21013d626e1c9da6f9fc0
1	72a34e2b-f26c-4bd9-b778-6118966cf94b	2026-07-31	resolved	advisor_retirement_recommendation	azure_advisor	/subscriptions/bbe47ad4-08b3-4925-94c5-1278e5819b86/resourcegroups/pagopa-d-itn-dev-aks-rg/providers/microsoft.compute/virtualmachines/pagopa-d-itn-dev-vm-debug-italy/providers/Microsoft.Advisor/recommendations/d2c10a407b7645ceceebc4c7858138072b89592c1348dc38b6ce37d84d47b42a	5f2613df-629f-4b07-9425-2a47ea0dfad3	New	bbe47ad4-08b3-4925-94c5-1278e5819b86		resource_id	/subscriptions/bbe47ad4-08b3-4925-94c5-1278e5819b86/resourcegroups/pagopa-d-itn-dev-aks-rg/providers/microsoft.compute/virtualmachines/pagopa-d-itn-dev-vm-debug-italy	/subscriptions/bbe47ad4-08b3-4925-94c5-1278e5819b86/resourcegroups/pagopa-d-itn-dev-aks-rg/providers/microsoft.compute/virtualmachines/pagopa-d-itn-dev-vm-debug-italy	pagopa-d-itn-dev-vm-debug-italy	pagopa-d-itn-dev-aks-rg	microsoft.compute/virtualmachines		{}							missing	Medium		HighAvailability		2026-05-22T21:13:07.809000Z		Migrate workload to Virtual Machine Scale Sets Flex	Migrate workload to Virtual Machine Scale Sets Flex				[]	missing	missing	missing	metadata_not_found,missing_retirement_date,resource_inventory_not_found,subscription_inventory_not_found	"{""acquisition"":""advisor.recommendations"",""api_version"":""2025-01-01"",""fields"":{""description"":"""",""resource_id"":""properties.resourceMetadata.resourceId""},""lookup_keys"":{""metadata"":""5f2613df-629f-4b07-9425-2a47ea0dfad3\u0000/subscriptions/bbe47ad4-08b3-4925-94c5-1278e5819b86/resourcegroups/pagopa-d-itn-dev-aks-rg/providers/microsoft.compute/virtualmachines/pagopa-d-itn-dev-vm-debug-italy"",""resource"":""/subscriptions/bbe47ad4-08b3-4925-94c5-1278e5819b86/resourcegroups/pagopa-d-itn-dev-aks-rg/providers/microsoft.compute/virtualmachines/pagopa-d-itn-dev-vm-debug-italy"",""subscription"":""bbe47ad4-08b3-4925-94c5-1278e5819b86""},""match_status"":{""metadata"":""missing"",""resource"":""missing"",""subscription"":""missing""},""recommendation_id"":""/subscriptions/bbe47ad4-08b3-4925-94c5-1278e5819b86/resourcegroups/pagopa-d-itn-dev-aks-rg/providers/microsoft.compute/virtualmachines/pagopa-d-itn-dev-vm-debug-italy/providers/Microsoft.Advisor/recommendations/d2c10a407b7645ceceebc4c7858138072b89592c1348dc38b6ce37d84d47b42a"",""resource_linkage"":""resource_id""}"	d87bc52190128376e6a0138cd5939901d181f60c9bbffa7401588b9b6142b45c
1	72a34e2b-f26c-4bd9-b778-6118966cf94b	2026-07-31	resolved	advisor_retirement_recommendation	azure_advisor	/subscriptions/bbe47ad4-08b3-4925-94c5-1278e5819b86/resourcegroups/pagopa-d-itn-dev-aks-rg/providers/microsoft.containerservice/managedclusters/pagopa-d-itn-dev-aks/providers/Microsoft.Advisor/recommendations/d5771b235e7bd8f279daa1ec754c0c5f75aae4346873c7206796f55ef2233ea2	00dbcc9d-50d4-44ef-bc21-c15785cddf42	New	bbe47ad4-08b3-4925-94c5-1278e5819b86		resource_id	/subscriptions/bbe47ad4-08b3-4925-94c5-1278e5819b86/resourcegroups/pagopa-d-itn-dev-aks-rg/providers/microsoft.containerservice/managedclusters/pagopa-d-itn-dev-aks	/subscriptions/bbe47ad4-08b3-4925-94c5-1278e5819b86/resourcegroups/pagopa-d-itn-dev-aks-rg/providers/microsoft.containerservice/managedclusters/pagopa-d-itn-dev-aks	pagopa-d-itn-dev-aks	pagopa-d-itn-dev-aks-rg	microsoft.containerservice/managedclusters		{}			Azure Kubernetes Service support for Ubuntu 22.04	2027-06-30	2027-06-30	properties.extendedProperties.retirementDate	exact	Medium		HighAvailability		2026-05-07T15:05:08.060435Z		Migrate to Ubuntu 24.04 or later versions	Migrate to Ubuntu 24.04 or later versions				[]	missing	missing	missing	metadata_not_found,resource_inventory_not_found,subscription_inventory_not_found	"{""acquisition"":""advisor.recommendations"",""api_version"":""2025-01-01"",""fields"":{""description"":"""",""resource_id"":""properties.resourceMetadata.resourceId""},""lookup_keys"":{""metadata"":""00dbcc9d-50d4-44ef-bc21-c15785cddf42\u0000/subscriptions/bbe47ad4-08b3-4925-94c5-1278e5819b86/resourcegroups/pagopa-d-itn-dev-aks-rg/providers/microsoft.containerservice/managedclusters/pagopa-d-itn-dev-aks"",""resource"":""/subscriptions/bbe47ad4-08b3-4925-94c5-1278e5819b86/resourcegroups/pagopa-d-itn-dev-aks-rg/providers/microsoft.containerservice/managedclusters/pagopa-d-itn-dev-aks"",""subscription"":""bbe47ad4-08b3-4925-94c5-1278e5819b86""},""match_status"":{""metadata"":""missing"",""resource"":""missing"",""subscription"":""missing""},""recommendation_id"":""/subscriptions/bbe47ad4-08b3-4925-94c5-1278e5819b86/resourcegroups/pagopa-d-itn-dev-aks-rg/providers/microsoft.containerservice/managedclusters/pagopa-d-itn-dev-aks/providers/Microsoft.Advisor/recommendations/d5771b235e7bd8f279daa1ec754c0c5f75aae4346873c7206796f55ef2233ea2"",""resource_linkage"":""resource_id""}"	1304f65c7da7c7a57aa6afebba4bcc8cda53c3a3b57b54a7998d74adea42bab6
1	72a34e2b-f26c-4bd9-b778-6118966cf94b	2026-07-31	resolved	advisor_retirement_recommendation	azure_advisor	/subscriptions/bbe47ad4-08b3-4925-94c5-1278e5819b86/resourcegroups/pagopa-d-itn-ebollo-sec-rg/providers/microsoft.keyvault/vaults/pagopa-d-itn-ebollo-kv/providers/Microsoft.Advisor/recommendations/7061687ccde0bd39ca8a4169be735b853e43f0c8072bad09dc7c14d716b3b61c	7ff06874-39e9-41be-9552-fa1ae2a83c88	New	bbe47ad4-08b3-4925-94c5-1278e5819b86		resource_id	/subscriptions/bbe47ad4-08b3-4925-94c5-1278e5819b86/resourcegroups/pagopa-d-itn-ebollo-sec-rg/providers/microsoft.keyvault/vaults/pagopa-d-itn-ebollo-kv	/subscriptions/bbe47ad4-08b3-4925-94c5-1278e5819b86/resourcegroups/pagopa-d-itn-ebollo-sec-rg/providers/microsoft.keyvault/vaults/pagopa-d-itn-ebollo-kv	pagopa-d-itn-ebollo-kv	pagopa-d-itn-ebollo-sec-rg	microsoft.keyvault/vaults		{}			API versions prior to 2026-02-01	2027-02-27	2027-02-27	properties.extendedProperties.retirementDate	exact	High		HighAvailability		2026-07-30T20:08:51.684335Z		Azure Key Vault API versions prior to 2026-02-01 are being retired	Azure Key Vault API versions prior to 2026-02-01 are being retired				[]	missing	missing	missing	metadata_not_found,resource_inventory_not_found,subscription_inventory_not_found	"{""acquisition"":""advisor.recommendations"",""api_version"":""2025-01-01"",""fields"":{""description"":"""",""resource_id"":""properties.resourceMetadata.resourceId""},""lookup_keys"":{""metadata"":""7ff06874-39e9-41be-9552-fa1ae2a83c88\u0000/subscriptions/bbe47ad4-08b3-4925-94c5-1278e5819b86/resourcegroups/pagopa-d-itn-ebollo-sec-rg/providers/microsoft.keyvault/vaults/pagopa-d-itn-ebollo-kv"",""resource"":""/subscriptions/bbe47ad4-08b3-4925-94c5-1278e5819b86/resourcegroups/pagopa-d-itn-ebollo-sec-rg/providers/microsoft.keyvault/vaults/pagopa-d-itn-ebollo-kv"",""subscription"":""bbe47ad4-08b3-4925-94c5-1278e5819b86""},""match_status"":{""metadata"":""missing"",""resource"":""missing"",""subscription"":""missing""},""recommendation_id"":""/subscriptions/bbe47ad4-08b3-4925-94c5-1278e5819b86/resourcegroups/pagopa-d-itn-ebollo-sec-rg/providers/microsoft.keyvault/vaults/pagopa-d-itn-ebollo-kv/providers/Microsoft.Advisor/recommendations/7061687ccde0bd39ca8a4169be735b853e43f0c8072bad09dc7c14d716b3b61c"",""resource_linkage"":""resource_id""}"	4ad2a608c9a72add658cf8a55715211a35272503b7d6b0d8a9e3264db5f424f0
1	72a34e2b-f26c-4bd9-b778-6118966cf94b	2026-07-31	resolved	advisor_retirement_recommendation	azure_advisor	/subscriptions/bbe47ad4-08b3-4925-94c5-1278e5819b86/resourcegroups/pagopa-d-itn-pay-wallet-redis-std-rg/providers/microsoft.cache/redis/pagopa-d-itn-pay-wallet-redis-std/providers/Microsoft.Advisor/recommendations/799fa4d046bfbc703871484160d2fde8d5957496d995e710b0b2a9669c8d744c	f3aded79-f9ff-4ce4-99e3-2ffcf11161a4	New	bbe47ad4-08b3-4925-94c5-1278e5819b86		resource_id	/subscriptions/bbe47ad4-08b3-4925-94c5-1278e5819b86/resourcegroups/pagopa-d-itn-pay-wallet-redis-std-rg/providers/microsoft.cache/redis/pagopa-d-itn-pay-wallet-redis-std	/subscriptions/bbe47ad4-08b3-4925-94c5-1278e5819b86/resourcegroups/pagopa-d-itn-pay-wallet-redis-std-rg/providers/microsoft.cache/redis/pagopa-d-itn-pay-wallet-redis-std	pagopa-d-itn-pay-wallet-redis-std	pagopa-d-itn-pay-wallet-redis-std-rg	microsoft.cache/redis		{}			Redis Cache	2028-09-30	2028-09-30	properties.extendedProperties.retirementDate	exact	Medium		HighAvailability		2026-05-11T04:41:44.760115Z		Migrate to Azure Managed Redis from Azure Cache for Redis	Migrate to Azure Managed Redis from Azure Cache for Redis				[]	missing	missing	missing	metadata_not_found,resource_inventory_not_found,subscription_inventory_not_found	"{""acquisition"":""advisor.recommendations"",""api_version"":""2025-01-01"",""fields"":{""description"":"""",""resource_id"":""properties.resourceMetadata.resourceId""},""lookup_keys"":{""metadata"":""f3aded79-f9ff-4ce4-99e3-2ffcf11161a4\u0000/subscriptions/bbe47ad4-08b3-4925-94c5-1278e5819b86/resourcegroups/pagopa-d-itn-pay-wallet-redis-std-rg/providers/microsoft.cache/redis/pagopa-d-itn-pay-wallet-redis-std"",""resource"":""/subscriptions/bbe47ad4-08b3-4925-94c5-1278e5819b86/resourcegroups/pagopa-d-itn-pay-wallet-redis-std-rg/providers/microsoft.cache/redis/pagopa-d-itn-pay-wallet-redis-std"",""subscription"":""bbe47ad4-08b3-4925-94c5-1278e5819b86""},""match_status"":{""metadata"":""missing"",""resource"":""missing"",""subscription"":""missing""},""recommendation_id"":""/subscriptions/bbe47ad4-08b3-4925-94c5-1278e5819b86/resourcegroups/pagopa-d-itn-pay-wallet-redis-std-rg/providers/microsoft.cache/redis/pagopa-d-itn-pay-wallet-redis-std/providers/Microsoft.Advisor/recommendations/799fa4d046bfbc703871484160d2fde8d5957496d995e710b0b2a9669c8d744c"",""resource_linkage"":""resource_id""}"	07d4231b0425420021885052ebf06177d1f60c2a1ed1f848447adcfbad861d81
1	72a34e2b-f26c-4bd9-b778-6118966cf94b	2026-07-31	resolved	advisor_retirement_recommendation	azure_advisor	/subscriptions/bbe47ad4-08b3-4925-94c5-1278e5819b86/resourcegroups/pagopa-d-itn-portalpa-sec-rg/providers/microsoft.keyvault/vaults/pagopa-d-itn-portalpa-kv/providers/Microsoft.Advisor/recommendations/5a239d1902accd0c5ca05f35a1ef43b3188b5ded713e06e3dd85a26089d1cd71	7ff06874-39e9-41be-9552-fa1ae2a83c88	New	bbe47ad4-08b3-4925-94c5-1278e5819b86		resource_id	/subscriptions/bbe47ad4-08b3-4925-94c5-1278e5819b86/resourcegroups/pagopa-d-itn-portalpa-sec-rg/providers/microsoft.keyvault/vaults/pagopa-d-itn-portalpa-kv	/subscriptions/bbe47ad4-08b3-4925-94c5-1278e5819b86/resourcegroups/pagopa-d-itn-portalpa-sec-rg/providers/microsoft.keyvault/vaults/pagopa-d-itn-portalpa-kv	pagopa-d-itn-portalpa-kv	pagopa-d-itn-portalpa-sec-rg	microsoft.keyvault/vaults		{}			API versions prior to 2026-02-01	2027-02-27	2027-02-27	properties.extendedProperties.retirementDate	exact	High		HighAvailability		2026-07-28T21:56:55.929335Z		Azure Key Vault API versions prior to 2026-02-01 are being retired	Azure Key Vault API versions prior to 2026-02-01 are being retired				[]	missing	missing	missing	metadata_not_found,resource_inventory_not_found,subscription_inventory_not_found	"{""acquisition"":""advisor.recommendations"",""api_version"":""2025-01-01"",""fields"":{""description"":"""",""resource_id"":""properties.resourceMetadata.resourceId""},""lookup_keys"":{""metadata"":""7ff06874-39e9-41be-9552-fa1ae2a83c88\u0000/subscriptions/bbe47ad4-08b3-4925-94c5-1278e5819b86/resourcegroups/pagopa-d-itn-portalpa-sec-rg/providers/microsoft.keyvault/vaults/pagopa-d-itn-portalpa-kv"",""resource"":""/subscriptions/bbe47ad4-08b3-4925-94c5-1278e5819b86/resourcegroups/pagopa-d-itn-portalpa-sec-rg/providers/microsoft.keyvault/vaults/pagopa-d-itn-portalpa-kv"",""subscription"":""bbe47ad4-08b3-4925-94c5-1278e5819b86""},""match_status"":{""metadata"":""missing"",""resource"":""missing"",""subscription"":""missing""},""recommendation_id"":""/subscriptions/bbe47ad4-08b3-4925-94c5-1278e5819b86/resourcegroups/pagopa-d-itn-portalpa-sec-rg/providers/microsoft.keyvault/vaults/pagopa-d-itn-portalpa-kv/providers/Microsoft.Advisor/recommendations/5a239d1902accd0c5ca05f35a1ef43b3188b5ded713e06e3dd85a26089d1cd71"",""resource_linkage"":""resource_id""}"	2adb57912baaa6a0e2a3f3c844223d08389804c29a3af335e69ed862a3e20cf4
1	72a34e2b-f26c-4bd9-b778-6118966cf94b	2026-07-31	resolved	advisor_retirement_recommendation	azure_advisor	/subscriptions/bbe47ad4-08b3-4925-94c5-1278e5819b86/resourcegroups/pagopa-d-itn-printit-sec-rg/providers/microsoft.keyvault/vaults/pagopa-d-itn-printit-kv/providers/Microsoft.Advisor/recommendations/ce35444eb5b185368e6a9b0c636d6360b3cd2d94bf21e5f69957a8115f4e1c59	7ff06874-39e9-41be-9552-fa1ae2a83c88	New	bbe47ad4-08b3-4925-94c5-1278e5819b86		resource_id	/subscriptions/bbe47ad4-08b3-4925-94c5-1278e5819b86/resourcegroups/pagopa-d-itn-printit-sec-rg/providers/microsoft.keyvault/vaults/pagopa-d-itn-printit-kv	/subscriptions/bbe47ad4-08b3-4925-94c5-1278e5819b86/resourcegroups/pagopa-d-itn-printit-sec-rg/providers/microsoft.keyvault/vaults/pagopa-d-itn-printit-kv	pagopa-d-itn-printit-kv	pagopa-d-itn-printit-sec-rg	microsoft.keyvault/vaults		{}			API versions prior to 2026-02-01	2027-02-27	2027-02-27	properties.extendedProperties.retirementDate	exact	High		HighAvailability		2026-07-29T21:16:16.303329Z		Azure Key Vault API versions prior to 2026-02-01 are being retired	Azure Key Vault API versions prior to 2026-02-01 are being retired				[]	missing	missing	missing	metadata_not_found,resource_inventory_not_found,subscription_inventory_not_found	"{""acquisition"":""advisor.recommendations"",""api_version"":""2025-01-01"",""fields"":{""description"":"""",""resource_id"":""properties.resourceMetadata.resourceId""},""lookup_keys"":{""metadata"":""7ff06874-39e9-41be-9552-fa1ae2a83c88\u0000/subscriptions/bbe47ad4-08b3-4925-94c5-1278e5819b86/resourcegroups/pagopa-d-itn-printit-sec-rg/providers/microsoft.keyvault/vaults/pagopa-d-itn-printit-kv"",""resource"":""/subscriptions/bbe47ad4-08b3-4925-94c5-1278e5819b86/resourcegroups/pagopa-d-itn-printit-sec-rg/providers/microsoft.keyvault/vaults/pagopa-d-itn-printit-kv"",""subscription"":""bbe47ad4-08b3-4925-94c5-1278e5819b86""},""match_status"":{""metadata"":""missing"",""resource"":""missing"",""subscription"":""missing""},""recommendation_id"":""/subscriptions/bbe47ad4-08b3-4925-94c5-1278e5819b86/resourcegroups/pagopa-d-itn-printit-sec-rg/providers/microsoft.keyvault/vaults/pagopa-d-itn-printit-kv/providers/Microsoft.Advisor/recommendations/ce35444eb5b185368e6a9b0c636d6360b3cd2d94bf21e5f69957a8115f4e1c59"",""resource_linkage"":""resource_id""}"	524a95ccf2994f0b934122c76c62067e3a1b20ae84206df5346a76a3fbff46dc
1	72a34e2b-f26c-4bd9-b778-6118966cf94b	2026-07-31	resolved	advisor_retirement_recommendation	azure_advisor	/subscriptions/bbe47ad4-08b3-4925-94c5-1278e5819b86/resourcegroups/pagopa-d-itn-qa-redis-rg/providers/microsoft.cache/redis/pagopa-d-itn-qa-redis/providers/Microsoft.Advisor/recommendations/a235fa02e18f9b9ebf52aa99e1990fc047fcf463cb0e74c2f8b25d97e17a0e81	f3aded79-f9ff-4ce4-99e3-2ffcf11161a4	New	bbe47ad4-08b3-4925-94c5-1278e5819b86		resource_id	/subscriptions/bbe47ad4-08b3-4925-94c5-1278e5819b86/resourcegroups/pagopa-d-itn-qa-redis-rg/providers/microsoft.cache/redis/pagopa-d-itn-qa-redis	/subscriptions/bbe47ad4-08b3-4925-94c5-1278e5819b86/resourcegroups/pagopa-d-itn-qa-redis-rg/providers/microsoft.cache/redis/pagopa-d-itn-qa-redis	pagopa-d-itn-qa-redis	pagopa-d-itn-qa-redis-rg	microsoft.cache/redis		{}			Redis Cache	2028-09-30	2028-09-30	properties.extendedProperties.retirementDate	exact	Medium		HighAvailability		2026-06-16T12:34:59.837713Z		Migrate to Azure Managed Redis from Azure Cache for Redis	Migrate to Azure Managed Redis from Azure Cache for Redis				[]	missing	missing	missing	metadata_not_found,resource_inventory_not_found,subscription_inventory_not_found	"{""acquisition"":""advisor.recommendations"",""api_version"":""2025-01-01"",""fields"":{""description"":"""",""resource_id"":""properties.resourceMetadata.resourceId""},""lookup_keys"":{""metadata"":""f3aded79-f9ff-4ce4-99e3-2ffcf11161a4\u0000/subscriptions/bbe47ad4-08b3-4925-94c5-1278e5819b86/resourcegroups/pagopa-d-itn-qa-redis-rg/providers/microsoft.cache/redis/pagopa-d-itn-qa-redis"",""resource"":""/subscriptions/bbe47ad4-08b3-4925-94c5-1278e5819b86/resourcegroups/pagopa-d-itn-qa-redis-rg/providers/microsoft.cache/redis/pagopa-d-itn-qa-redis"",""subscription"":""bbe47ad4-08b3-4925-94c5-1278e5819b86""},""match_status"":{""metadata"":""missing"",""resource"":""missing"",""subscription"":""missing""},""recommendation_id"":""/subscriptions/bbe47ad4-08b3-4925-94c5-1278e5819b86/resourcegroups/pagopa-d-itn-qa-redis-rg/providers/microsoft.cache/redis/pagopa-d-itn-qa-redis/providers/Microsoft.Advisor/recommendations/a235fa02e18f9b9ebf52aa99e1990fc047fcf463cb0e74c2f8b25d97e17a0e81"",""resource_linkage"":""resource_id""}"	4480550fd8b23afbdae8da622612906c85193119eaf155f12e35aa14fea7a02a
1	72a34e2b-f26c-4bd9-b778-6118966cf94b	2026-07-31	resolved	advisor_retirement_recommendation	azure_advisor	/subscriptions/bbe47ad4-08b3-4925-94c5-1278e5819b86/resourcegroups/pagopa-d-itn-qa-sec-rg/providers/microsoft.keyvault/vaults/pagopa-d-itn-qa-kv/providers/Microsoft.Advisor/recommendations/d8a8021dde31be9885d1ad3ffbe69e95b558a697ccd71ad99a1b2b24e345e40d	7ff06874-39e9-41be-9552-fa1ae2a83c88	New	bbe47ad4-08b3-4925-94c5-1278e5819b86		resource_id	/subscriptions/bbe47ad4-08b3-4925-94c5-1278e5819b86/resourcegroups/pagopa-d-itn-qa-sec-rg/providers/microsoft.keyvault/vaults/pagopa-d-itn-qa-kv	/subscriptions/bbe47ad4-08b3-4925-94c5-1278e5819b86/resourcegroups/pagopa-d-itn-qa-sec-rg/providers/microsoft.keyvault/vaults/pagopa-d-itn-qa-kv	pagopa-d-itn-qa-kv	pagopa-d-itn-qa-sec-rg	microsoft.keyvault/vaults		{}			API versions prior to 2026-02-01	2027-02-27	2027-02-27	properties.extendedProperties.retirementDate	exact	High		HighAvailability		2026-07-30T20:08:25.957686Z		Azure Key Vault API versions prior to 2026-02-01 are being retired	Azure Key Vault API versions prior to 2026-02-01 are being retired				[]	missing	missing	missing	metadata_not_found,resource_inventory_not_found,subscription_inventory_not_found	"{""acquisition"":""advisor.recommendations"",""api_version"":""2025-01-01"",""fields"":{""description"":"""",""resource_id"":""properties.resourceMetadata.resourceId""},""lookup_keys"":{""metadata"":""7ff06874-39e9-41be-9552-fa1ae2a83c88\u0000/subscriptions/bbe47ad4-08b3-4925-94c5-1278e5819b86/resourcegroups/pagopa-d-itn-qa-sec-rg/providers/microsoft.keyvault/vaults/pagopa-d-itn-qa-kv"",""resource"":""/subscriptions/bbe47ad4-08b3-4925-94c5-1278e5819b86/resourcegroups/pagopa-d-itn-qa-sec-rg/providers/microsoft.keyvault/vaults/pagopa-d-itn-qa-kv"",""subscription"":""bbe47ad4-08b3-4925-94c5-1278e5819b86""},""match_status"":{""metadata"":""missing"",""resource"":""missing"",""subscription"":""missing""},""recommendation_id"":""/subscriptions/bbe47ad4-08b3-4925-94c5-1278e5819b86/resourcegroups/pagopa-d-itn-qa-sec-rg/providers/microsoft.keyvault/vaults/pagopa-d-itn-qa-kv/providers/Microsoft.Advisor/recommendations/d8a8021dde31be9885d1ad3ffbe69e95b558a697ccd71ad99a1b2b24e345e40d"",""resource_linkage"":""resource_id""}"	2fd1438a5b291db814accb21dbedbde3437826387c4ac407a34b57caf34148c6
1	72a34e2b-f26c-4bd9-b778-6118966cf94b	2026-07-31	resolved	advisor_retirement_recommendation	azure_advisor	/subscriptions/bbe47ad4-08b3-4925-94c5-1278e5819b86/resourcegroups/pagopa-d-itn-rn-agent-sec-rg/providers/microsoft.keyvault/vaults/pagopa-d-itn-rn-agent-kv/providers/Microsoft.Advisor/recommendations/586fe7d68d6dc42bb3f9056da77b3de3cb83f20561303b45df4fc3b2b585a670	7ff06874-39e9-41be-9552-fa1ae2a83c88	New	bbe47ad4-08b3-4925-94c5-1278e5819b86		resource_id	/subscriptions/bbe47ad4-08b3-4925-94c5-1278e5819b86/resourcegroups/pagopa-d-itn-rn-agent-sec-rg/providers/microsoft.keyvault/vaults/pagopa-d-itn-rn-agent-kv	/subscriptions/bbe47ad4-08b3-4925-94c5-1278e5819b86/resourcegroups/pagopa-d-itn-rn-agent-sec-rg/providers/microsoft.keyvault/vaults/pagopa-d-itn-rn-agent-kv	pagopa-d-itn-rn-agent-kv	pagopa-d-itn-rn-agent-sec-rg	microsoft.keyvault/vaults		{}			API versions prior to 2026-02-01	2027-02-27	2027-02-27	properties.extendedProperties.retirementDate	exact	High		HighAvailability		2026-07-29T21:20:11.850305Z		Azure Key Vault API versions prior to 2026-02-01 are being retired	Azure Key Vault API versions prior to 2026-02-01 are being retired				[]	missing	missing	missing	metadata_not_found,resource_inventory_not_found,subscription_inventory_not_found	"{""acquisition"":""advisor.recommendations"",""api_version"":""2025-01-01"",""fields"":{""description"":"""",""resource_id"":""properties.resourceMetadata.resourceId""},""lookup_keys"":{""metadata"":""7ff06874-39e9-41be-9552-fa1ae2a83c88\u0000/subscriptions/bbe47ad4-08b3-4925-94c5-1278e5819b86/resourcegroups/pagopa-d-itn-rn-agent-sec-rg/providers/microsoft.keyvault/vaults/pagopa-d-itn-rn-agent-kv"",""resource"":""/subscriptions/bbe47ad4-08b3-4925-94c5-1278e5819b86/resourcegroups/pagopa-d-itn-rn-agent-sec-rg/providers/microsoft.keyvault/vaults/pagopa-d-itn-rn-agent-kv"",""subscription"":""bbe47ad4-08b3-4925-94c5-1278e5819b86""},""match_status"":{""metadata"":""missing"",""resource"":""missing"",""subscription"":""missing""},""recommendation_id"":""/subscriptions/bbe47ad4-08b3-4925-94c5-1278e5819b86/resourcegroups/pagopa-d-itn-rn-agent-sec-rg/providers/microsoft.keyvault/vaults/pagopa-d-itn-rn-agent-kv/providers/Microsoft.Advisor/recommendations/586fe7d68d6dc42bb3f9056da77b3de3cb83f20561303b45df4fc3b2b585a670"",""resource_linkage"":""resource_id""}"	8b6fba066bb842933b5b570e416b99eb49431e0a4fc15f6c8fbee50f06cae108
1	72a34e2b-f26c-4bd9-b778-6118966cf94b	2026-07-31	resolved	advisor_retirement_recommendation	azure_advisor	/subscriptions/bbe47ad4-08b3-4925-94c5-1278e5819b86/resourcegroups/pagopa-d-itn-tstdmo-sec-rg/providers/microsoft.keyvault/vaults/pagopa-d-itn-tstdmo-kv/providers/Microsoft.Advisor/recommendations/afecf9f481af89e7ae7245b63c6e6863de2a77c798c96b516f08c4e380cef6bb	7ff06874-39e9-41be-9552-fa1ae2a83c88	New	bbe47ad4-08b3-4925-94c5-1278e5819b86		resource_id	/subscriptions/bbe47ad4-08b3-4925-94c5-1278e5819b86/resourcegroups/pagopa-d-itn-tstdmo-sec-rg/providers/microsoft.keyvault/vaults/pagopa-d-itn-tstdmo-kv	/subscriptions/bbe47ad4-08b3-4925-94c5-1278e5819b86/resourcegroups/pagopa-d-itn-tstdmo-sec-rg/providers/microsoft.keyvault/vaults/pagopa-d-itn-tstdmo-kv	pagopa-d-itn-tstdmo-kv	pagopa-d-itn-tstdmo-sec-rg	microsoft.keyvault/vaults		{}			API versions prior to 2026-02-01	2027-02-27	2027-02-27	properties.extendedProperties.retirementDate	exact	High		HighAvailability		2026-07-28T21:56:02.315026Z		Azure Key Vault API versions prior to 2026-02-01 are being retired	Azure Key Vault API versions prior to 2026-02-01 are being retired				[]	missing	missing	missing	metadata_not_found,resource_inventory_not_found,subscription_inventory_not_found	"{""acquisition"":""advisor.recommendations"",""api_version"":""2025-01-01"",""fields"":{""description"":"""",""resource_id"":""properties.resourceMetadata.resourceId""},""lookup_keys"":{""metadata"":""7ff06874-39e9-41be-9552-fa1ae2a83c88\u0000/subscriptions/bbe47ad4-08b3-4925-94c5-1278e5819b86/resourcegroups/pagopa-d-itn-tstdmo-sec-rg/providers/microsoft.keyvault/vaults/pagopa-d-itn-tstdmo-kv"",""resource"":""/subscriptions/bbe47ad4-08b3-4925-94c5-1278e5819b86/resourcegroups/pagopa-d-itn-tstdmo-sec-rg/providers/microsoft.keyvault/vaults/pagopa-d-itn-tstdmo-kv"",""subscription"":""bbe47ad4-08b3-4925-94c5-1278e5819b86""},""match_status"":{""metadata"":""missing"",""resource"":""missing"",""subscription"":""missing""},""recommendation_id"":""/subscriptions/bbe47ad4-08b3-4925-94c5-1278e5819b86/resourcegroups/pagopa-d-itn-tstdmo-sec-rg/providers/microsoft.keyvault/vaults/pagopa-d-itn-tstdmo-kv/providers/Microsoft.Advisor/recommendations/afecf9f481af89e7ae7245b63c6e6863de2a77c798c96b516f08c4e380cef6bb"",""resource_linkage"":""resource_id""}"	4c439e2e6800b9d9efc673ee8a303a5e6f612883562736ebcfec9dfa7eb40557
1	72a34e2b-f26c-4bd9-b778-6118966cf94b	2026-07-31	resolved	advisor_retirement_recommendation	azure_advisor	/subscriptions/bbe47ad4-08b3-4925-94c5-1278e5819b86/resourcegroups/pagopa-d-mock-sec-rg/providers/microsoft.keyvault/vaults/pagopa-d-mock-kv/providers/Microsoft.Advisor/recommendations/0f3d2b8fa149e892e60a5e2c8cd2a667475e9a6145899d2b59ff1d934bfa24a3	7ff06874-39e9-41be-9552-fa1ae2a83c88	New	bbe47ad4-08b3-4925-94c5-1278e5819b86		resource_id	/subscriptions/bbe47ad4-08b3-4925-94c5-1278e5819b86/resourcegroups/pagopa-d-mock-sec-rg/providers/microsoft.keyvault/vaults/pagopa-d-mock-kv	/subscriptions/bbe47ad4-08b3-4925-94c5-1278e5819b86/resourcegroups/pagopa-d-mock-sec-rg/providers/microsoft.keyvault/vaults/pagopa-d-mock-kv	pagopa-d-mock-kv	pagopa-d-mock-sec-rg	microsoft.keyvault/vaults		{}			API versions prior to 2026-02-01	2027-02-27	2027-02-27	properties.extendedProperties.retirementDate	exact	High		HighAvailability		2026-07-30T20:10:36.622582Z		Azure Key Vault API versions prior to 2026-02-01 are being retired	Azure Key Vault API versions prior to 2026-02-01 are being retired				[]	missing	missing	missing	metadata_not_found,resource_inventory_not_found,subscription_inventory_not_found	"{""acquisition"":""advisor.recommendations"",""api_version"":""2025-01-01"",""fields"":{""description"":"""",""resource_id"":""properties.resourceMetadata.resourceId""},""lookup_keys"":{""metadata"":""7ff06874-39e9-41be-9552-fa1ae2a83c88\u0000/subscriptions/bbe47ad4-08b3-4925-94c5-1278e5819b86/resourcegroups/pagopa-d-mock-sec-rg/providers/microsoft.keyvault/vaults/pagopa-d-mock-kv"",""resource"":""/subscriptions/bbe47ad4-08b3-4925-94c5-1278e5819b86/resourcegroups/pagopa-d-mock-sec-rg/providers/microsoft.keyvault/vaults/pagopa-d-mock-kv"",""subscription"":""bbe47ad4-08b3-4925-94c5-1278e5819b86""},""match_status"":{""metadata"":""missing"",""resource"":""missing"",""subscription"":""missing""},""recommendation_id"":""/subscriptions/bbe47ad4-08b3-4925-94c5-1278e5819b86/resourcegroups/pagopa-d-mock-sec-rg/providers/microsoft.keyvault/vaults/pagopa-d-mock-kv/providers/Microsoft.Advisor/recommendations/0f3d2b8fa149e892e60a5e2c8cd2a667475e9a6145899d2b59ff1d934bfa24a3"",""resource_linkage"":""resource_id""}"	3fe21787035810a81827ae41e765c376935c51cc73cbefb17ee6cc525b8775ed
1	72a34e2b-f26c-4bd9-b778-6118966cf94b	2026-07-31	resolved	advisor_retirement_recommendation	azure_advisor	/subscriptions/bbe47ad4-08b3-4925-94c5-1278e5819b86/resourcegroups/pagopa-d-nodo-sec-rg/providers/microsoft.keyvault/vaults/pagopa-d-nodo-kv/providers/Microsoft.Advisor/recommendations/b33122aac749bd79aa9e9526fce94a8e84cb2332fed895035520a204c770bbdf	7ff06874-39e9-41be-9552-fa1ae2a83c88	New	bbe47ad4-08b3-4925-94c5-1278e5819b86		resource_id	/subscriptions/bbe47ad4-08b3-4925-94c5-1278e5819b86/resourcegroups/pagopa-d-nodo-sec-rg/providers/microsoft.keyvault/vaults/pagopa-d-nodo-kv	/subscriptions/bbe47ad4-08b3-4925-94c5-1278e5819b86/resourcegroups/pagopa-d-nodo-sec-rg/providers/microsoft.keyvault/vaults/pagopa-d-nodo-kv	pagopa-d-nodo-kv	pagopa-d-nodo-sec-rg	microsoft.keyvault/vaults		{}			API versions prior to 2026-02-01	2027-02-27	2027-02-27	properties.extendedProperties.retirementDate	exact	High		HighAvailability		2026-07-30T20:08:25.957367Z		Azure Key Vault API versions prior to 2026-02-01 are being retired	Azure Key Vault API versions prior to 2026-02-01 are being retired				[]	missing	missing	missing	metadata_not_found,resource_inventory_not_found,subscription_inventory_not_found	"{""acquisition"":""advisor.recommendations"",""api_version"":""2025-01-01"",""fields"":{""description"":"""",""resource_id"":""properties.resourceMetadata.resourceId""},""lookup_keys"":{""metadata"":""7ff06874-39e9-41be-9552-fa1ae2a83c88\u0000/subscriptions/bbe47ad4-08b3-4925-94c5-1278e5819b86/resourcegroups/pagopa-d-nodo-sec-rg/providers/microsoft.keyvault/vaults/pagopa-d-nodo-kv"",""resource"":""/subscriptions/bbe47ad4-08b3-4925-94c5-1278e5819b86/resourcegroups/pagopa-d-nodo-sec-rg/providers/microsoft.keyvault/vaults/pagopa-d-nodo-kv"",""subscription"":""bbe47ad4-08b3-4925-94c5-1278e5819b86""},""match_status"":{""metadata"":""missing"",""resource"":""missing"",""subscription"":""missing""},""recommendation_id"":""/subscriptions/bbe47ad4-08b3-4925-94c5-1278e5819b86/resourcegroups/pagopa-d-nodo-sec-rg/providers/microsoft.keyvault/vaults/pagopa-d-nodo-kv/providers/Microsoft.Advisor/recommendations/b33122aac749bd79aa9e9526fce94a8e84cb2332fed895035520a204c770bbdf"",""resource_linkage"":""resource_id""}"	039f86a2e10154f0c2104204caa8ac2f8cf0e0ef9d14f370c02dd31bdf9e9231
1	72a34e2b-f26c-4bd9-b778-6118966cf94b	2026-07-31	resolved	advisor_retirement_recommendation	azure_advisor	/subscriptions/bbe47ad4-08b3-4925-94c5-1278e5819b86/resourcegroups/pagopa-d-observ-sec-rg/providers/microsoft.keyvault/vaults/pagopa-d-observ-kv/providers/Microsoft.Advisor/recommendations/74b1a7b1f39a7aa7ce8f7c15f75c1c4cbced0d871ae922f369d190237307da1b	7ff06874-39e9-41be-9552-fa1ae2a83c88	New	bbe47ad4-08b3-4925-94c5-1278e5819b86		resource_id	/subscriptions/bbe47ad4-08b3-4925-94c5-1278e5819b86/resourcegroups/pagopa-d-observ-sec-rg/providers/microsoft.keyvault/vaults/pagopa-d-observ-kv	/subscriptions/bbe47ad4-08b3-4925-94c5-1278e5819b86/resourcegroups/pagopa-d-observ-sec-rg/providers/microsoft.keyvault/vaults/pagopa-d-observ-kv	pagopa-d-observ-kv	pagopa-d-observ-sec-rg	microsoft.keyvault/vaults		{}			API versions prior to 2026-02-01	2027-02-27	2027-02-27	properties.extendedProperties.retirementDate	exact	High		HighAvailability		2026-07-28T21:57:25.905616Z		Azure Key Vault API versions prior to 2026-02-01 are being retired	Azure Key Vault API versions prior to 2026-02-01 are being retired				[]	missing	missing	missing	metadata_not_found,resource_inventory_not_found,subscription_inventory_not_found	"{""acquisition"":""advisor.recommendations"",""api_version"":""2025-01-01"",""fields"":{""description"":"""",""resource_id"":""properties.resourceMetadata.resourceId""},""lookup_keys"":{""metadata"":""7ff06874-39e9-41be-9552-fa1ae2a83c88\u0000/subscriptions/bbe47ad4-08b3-4925-94c5-1278e5819b86/resourcegroups/pagopa-d-observ-sec-rg/providers/microsoft.keyvault/vaults/pagopa-d-observ-kv"",""resource"":""/subscriptions/bbe47ad4-08b3-4925-94c5-1278e5819b86/resourcegroups/pagopa-d-observ-sec-rg/providers/microsoft.keyvault/vaults/pagopa-d-observ-kv"",""subscription"":""bbe47ad4-08b3-4925-94c5-1278e5819b86""},""match_status"":{""metadata"":""missing"",""resource"":""missing"",""subscription"":""missing""},""recommendation_id"":""/subscriptions/bbe47ad4-08b3-4925-94c5-1278e5819b86/resourcegroups/pagopa-d-observ-sec-rg/providers/microsoft.keyvault/vaults/pagopa-d-observ-kv/providers/Microsoft.Advisor/recommendations/74b1a7b1f39a7aa7ce8f7c15f75c1c4cbced0d871ae922f369d190237307da1b"",""resource_linkage"":""resource_id""}"	6c6accef6b54e294606e6d1d5864c11bc19a401185ca655d6b8152a5b22d2c16
1	72a34e2b-f26c-4bd9-b778-6118966cf94b	2026-07-31	resolved	advisor_retirement_recommendation	azure_advisor	/subscriptions/bbe47ad4-08b3-4925-94c5-1278e5819b86/resourcegroups/pagopa-d-pay-wallet-sec-rg/providers/microsoft.keyvault/vaults/pagopa-d-pay-wallet-kv/providers/Microsoft.Advisor/recommendations/1d36f24c738fcd295fde325bc18deba019a1fa5ad843a163c09858e84baf88d0	7ff06874-39e9-41be-9552-fa1ae2a83c88	New	bbe47ad4-08b3-4925-94c5-1278e5819b86		resource_id	/subscriptions/bbe47ad4-08b3-4925-94c5-1278e5819b86/resourcegroups/pagopa-d-pay-wallet-sec-rg/providers/microsoft.keyvault/vaults/pagopa-d-pay-wallet-kv	/subscriptions/bbe47ad4-08b3-4925-94c5-1278e5819b86/resourcegroups/pagopa-d-pay-wallet-sec-rg/providers/microsoft.keyvault/vaults/pagopa-d-pay-wallet-kv	pagopa-d-pay-wallet-kv	pagopa-d-pay-wallet-sec-rg	microsoft.keyvault/vaults		{}			API versions prior to 2026-02-01	2027-02-27	2027-02-27	properties.extendedProperties.retirementDate	exact	High		HighAvailability		2026-07-29T21:16:17.516959Z		Azure Key Vault API versions prior to 2026-02-01 are being retired	Azure Key Vault API versions prior to 2026-02-01 are being retired				[]	missing	missing	missing	metadata_not_found,resource_inventory_not_found,subscription_inventory_not_found	"{""acquisition"":""advisor.recommendations"",""api_version"":""2025-01-01"",""fields"":{""description"":"""",""resource_id"":""properties.resourceMetadata.resourceId""},""lookup_keys"":{""metadata"":""7ff06874-39e9-41be-9552-fa1ae2a83c88\u0000/subscriptions/bbe47ad4-08b3-4925-94c5-1278e5819b86/resourcegroups/pagopa-d-pay-wallet-sec-rg/providers/microsoft.keyvault/vaults/pagopa-d-pay-wallet-kv"",""resource"":""/subscriptions/bbe47ad4-08b3-4925-94c5-1278e5819b86/resourcegroups/pagopa-d-pay-wallet-sec-rg/providers/microsoft.keyvault/vaults/pagopa-d-pay-wallet-kv"",""subscription"":""bbe47ad4-08b3-4925-94c5-1278e5819b86""},""match_status"":{""metadata"":""missing"",""resource"":""missing"",""subscription"":""missing""},""recommendation_id"":""/subscriptions/bbe47ad4-08b3-4925-94c5-1278e5819b86/resourcegroups/pagopa-d-pay-wallet-sec-rg/providers/microsoft.keyvault/vaults/pagopa-d-pay-wallet-kv/providers/Microsoft.Advisor/recommendations/1d36f24c738fcd295fde325bc18deba019a1fa5ad843a163c09858e84baf88d0"",""resource_linkage"":""resource_id""}"	8f4957477f8a7d39d85dbb7484d0a8b39ed4b6abd212962fd91b299351eaf0fd
1	72a34e2b-f26c-4bd9-b778-6118966cf94b	2026-07-31	resolved	advisor_retirement_recommendation	azure_advisor	/subscriptions/bbe47ad4-08b3-4925-94c5-1278e5819b86/resourcegroups/pagopa-d-qi-sec-rg/providers/microsoft.keyvault/vaults/pagopa-d-qi-kv/providers/Microsoft.Advisor/recommendations/26230c900e7943fe57f9765575058db7582781fdfd26381557fcd6c0a91658bb	7ff06874-39e9-41be-9552-fa1ae2a83c88	New	bbe47ad4-08b3-4925-94c5-1278e5819b86		resource_id	/subscriptions/bbe47ad4-08b3-4925-94c5-1278e5819b86/resourcegroups/pagopa-d-qi-sec-rg/providers/microsoft.keyvault/vaults/pagopa-d-qi-kv	/subscriptions/bbe47ad4-08b3-4925-94c5-1278e5819b86/resourcegroups/pagopa-d-qi-sec-rg/providers/microsoft.keyvault/vaults/pagopa-d-qi-kv	pagopa-d-qi-kv	pagopa-d-qi-sec-rg	microsoft.keyvault/vaults		{}			API versions prior to 2026-02-01	2027-02-27	2027-02-27	properties.extendedProperties.retirementDate	exact	High		HighAvailability		2026-07-29T21:20:38.298322Z		Azure Key Vault API versions prior to 2026-02-01 are being retired	Azure Key Vault API versions prior to 2026-02-01 are being retired				[]	missing	missing	missing	metadata_not_found,resource_inventory_not_found,subscription_inventory_not_found	"{""acquisition"":""advisor.recommendations"",""api_version"":""2025-01-01"",""fields"":{""description"":"""",""resource_id"":""properties.resourceMetadata.resourceId""},""lookup_keys"":{""metadata"":""7ff06874-39e9-41be-9552-fa1ae2a83c88\u0000/subscriptions/bbe47ad4-08b3-4925-94c5-1278e5819b86/resourcegroups/pagopa-d-qi-sec-rg/providers/microsoft.keyvault/vaults/pagopa-d-qi-kv"",""resource"":""/subscriptions/bbe47ad4-08b3-4925-94c5-1278e5819b86/resourcegroups/pagopa-d-qi-sec-rg/providers/microsoft.keyvault/vaults/pagopa-d-qi-kv"",""subscription"":""bbe47ad4-08b3-4925-94c5-1278e5819b86""},""match_status"":{""metadata"":""missing"",""resource"":""missing"",""subscription"":""missing""},""recommendation_id"":""/subscriptions/bbe47ad4-08b3-4925-94c5-1278e5819b86/resourcegroups/pagopa-d-qi-sec-rg/providers/microsoft.keyvault/vaults/pagopa-d-qi-kv/providers/Microsoft.Advisor/recommendations/26230c900e7943fe57f9765575058db7582781fdfd26381557fcd6c0a91658bb"",""resource_linkage"":""resource_id""}"	33efa175f276dd5242d5d91393faca666d7e6f43ac8d1fbd26477b2c725fa7ce
1	72a34e2b-f26c-4bd9-b778-6118966cf94b	2026-07-31	resolved	advisor_retirement_recommendation	azure_advisor	/subscriptions/bbe47ad4-08b3-4925-94c5-1278e5819b86/resourcegroups/pagopa-d-receipts-sec-rg/providers/microsoft.keyvault/vaults/pagopa-d-receipts-kv/providers/Microsoft.Advisor/recommendations/99277bcf0beeeb3591b695ca41e330e22239bff0149aa96ebd8c52764c0519a5	7ff06874-39e9-41be-9552-fa1ae2a83c88	New	bbe47ad4-08b3-4925-94c5-1278e5819b86		resource_id	/subscriptions/bbe47ad4-08b3-4925-94c5-1278e5819b86/resourcegroups/pagopa-d-receipts-sec-rg/providers/microsoft.keyvault/vaults/pagopa-d-receipts-kv	/subscriptions/bbe47ad4-08b3-4925-94c5-1278e5819b86/resourcegroups/pagopa-d-receipts-sec-rg/providers/microsoft.keyvault/vaults/pagopa-d-receipts-kv	pagopa-d-receipts-kv	pagopa-d-receipts-sec-rg	microsoft.keyvault/vaults		{}			API versions prior to 2026-02-01	2027-02-27	2027-02-27	properties.extendedProperties.retirementDate	exact	High		HighAvailability		2026-07-29T21:20:12.607588Z		Azure Key Vault API versions prior to 2026-02-01 are being retired	Azure Key Vault API versions prior to 2026-02-01 are being retired				[]	missing	missing	missing	metadata_not_found,resource_inventory_not_found,subscription_inventory_not_found	"{""acquisition"":""advisor.recommendations"",""api_version"":""2025-01-01"",""fields"":{""description"":"""",""resource_id"":""properties.resourceMetadata.resourceId""},""lookup_keys"":{""metadata"":""7ff06874-39e9-41be-9552-fa1ae2a83c88\u0000/subscriptions/bbe47ad4-08b3-4925-94c5-1278e5819b86/resourcegroups/pagopa-d-receipts-sec-rg/providers/microsoft.keyvault/vaults/pagopa-d-receipts-kv"",""resource"":""/subscriptions/bbe47ad4-08b3-4925-94c5-1278e5819b86/resourcegroups/pagopa-d-receipts-sec-rg/providers/microsoft.keyvault/vaults/pagopa-d-receipts-kv"",""subscription"":""bbe47ad4-08b3-4925-94c5-1278e5819b86""},""match_status"":{""metadata"":""missing"",""resource"":""missing"",""subscription"":""missing""},""recommendation_id"":""/subscriptions/bbe47ad4-08b3-4925-94c5-1278e5819b86/resourcegroups/pagopa-d-receipts-sec-rg/providers/microsoft.keyvault/vaults/pagopa-d-receipts-kv/providers/Microsoft.Advisor/recommendations/99277bcf0beeeb3591b695ca41e330e22239bff0149aa96ebd8c52764c0519a5"",""resource_linkage"":""resource_id""}"	b9d286fddfe5c878237dd3f589fbe5fa98bbc9dc07891dafdce6e31e0b1eaa54
1	72a34e2b-f26c-4bd9-b778-6118966cf94b	2026-07-31	resolved	advisor_retirement_recommendation	azure_advisor	/subscriptions/bbe47ad4-08b3-4925-94c5-1278e5819b86/resourcegroups/pagopa-d-sec-rg/providers/microsoft.keyvault/vaults/pagopa-d-azdo-weu-kv/providers/Microsoft.Advisor/recommendations/c5cbbf93efaa002f2034c0f71ba3ca3f5de1495524f759ab35cd996583a95fd6	7ff06874-39e9-41be-9552-fa1ae2a83c88	New	bbe47ad4-08b3-4925-94c5-1278e5819b86		resource_id	/subscriptions/bbe47ad4-08b3-4925-94c5-1278e5819b86/resourcegroups/pagopa-d-sec-rg/providers/microsoft.keyvault/vaults/pagopa-d-azdo-weu-kv	/subscriptions/bbe47ad4-08b3-4925-94c5-1278e5819b86/resourcegroups/pagopa-d-sec-rg/providers/microsoft.keyvault/vaults/pagopa-d-azdo-weu-kv	pagopa-d-azdo-weu-kv	pagopa-d-sec-rg	microsoft.keyvault/vaults		{}			API versions prior to 2026-02-01	2027-02-27	2027-02-27	properties.extendedProperties.retirementDate	exact	High		HighAvailability		2026-07-30T20:08:49.698408Z		Azure Key Vault API versions prior to 2026-02-01 are being retired	Azure Key Vault API versions prior to 2026-02-01 are being retired				[]	missing	missing	missing	metadata_not_found,resource_inventory_not_found,subscription_inventory_not_found	"{""acquisition"":""advisor.recommendations"",""api_version"":""2025-01-01"",""fields"":{""description"":"""",""resource_id"":""properties.resourceMetadata.resourceId""},""lookup_keys"":{""metadata"":""7ff06874-39e9-41be-9552-fa1ae2a83c88\u0000/subscriptions/bbe47ad4-08b3-4925-94c5-1278e5819b86/resourcegroups/pagopa-d-sec-rg/providers/microsoft.keyvault/vaults/pagopa-d-azdo-weu-kv"",""resource"":""/subscriptions/bbe47ad4-08b3-4925-94c5-1278e5819b86/resourcegroups/pagopa-d-sec-rg/providers/microsoft.keyvault/vaults/pagopa-d-azdo-weu-kv"",""subscription"":""bbe47ad4-08b3-4925-94c5-1278e5819b86""},""match_status"":{""metadata"":""missing"",""resource"":""missing"",""subscription"":""missing""},""recommendation_id"":""/subscriptions/bbe47ad4-08b3-4925-94c5-1278e5819b86/resourcegroups/pagopa-d-sec-rg/providers/microsoft.keyvault/vaults/pagopa-d-azdo-weu-kv/providers/Microsoft.Advisor/recommendations/c5cbbf93efaa002f2034c0f71ba3ca3f5de1495524f759ab35cd996583a95fd6"",""resource_linkage"":""resource_id""}"	04d220c193fb00777a775ddb5ebd84be05b90423d85f1bab5d3986cba91ef069
1	72a34e2b-f26c-4bd9-b778-6118966cf94b	2026-07-31	resolved	advisor_retirement_recommendation	azure_advisor	/subscriptions/bbe47ad4-08b3-4925-94c5-1278e5819b86/resourcegroups/pagopa-d-sec-rg/providers/microsoft.keyvault/vaults/pagopa-d-kv/providers/Microsoft.Advisor/recommendations/635c545c1d80401e2a5d1c0bc194484fa6b376307ffae25ebe334a36ec527509	7ff06874-39e9-41be-9552-fa1ae2a83c88	New	bbe47ad4-08b3-4925-94c5-1278e5819b86		resource_id	/subscriptions/bbe47ad4-08b3-4925-94c5-1278e5819b86/resourcegroups/pagopa-d-sec-rg/providers/microsoft.keyvault/vaults/pagopa-d-kv	/subscriptions/bbe47ad4-08b3-4925-94c5-1278e5819b86/resourcegroups/pagopa-d-sec-rg/providers/microsoft.keyvault/vaults/pagopa-d-kv	pagopa-d-kv	pagopa-d-sec-rg	microsoft.keyvault/vaults		{}			API versions prior to 2026-02-01	2027-02-27	2027-02-27	properties.extendedProperties.retirementDate	exact	High		HighAvailability		2026-07-30T20:09:39.226678Z		Azure Key Vault API versions prior to 2026-02-01 are being retired	Azure Key Vault API versions prior to 2026-02-01 are being retired				[]	missing	missing	missing	metadata_not_found,resource_inventory_not_found,subscription_inventory_not_found	"{""acquisition"":""advisor.recommendations"",""api_version"":""2025-01-01"",""fields"":{""description"":"""",""resource_id"":""properties.resourceMetadata.resourceId""},""lookup_keys"":{""metadata"":""7ff06874-39e9-41be-9552-fa1ae2a83c88\u0000/subscriptions/bbe47ad4-08b3-4925-94c5-1278e5819b86/resourcegroups/pagopa-d-sec-rg/providers/microsoft.keyvault/vaults/pagopa-d-kv"",""resource"":""/subscriptions/bbe47ad4-08b3-4925-94c5-1278e5819b86/resourcegroups/pagopa-d-sec-rg/providers/microsoft.keyvault/vaults/pagopa-d-kv"",""subscription"":""bbe47ad4-08b3-4925-94c5-1278e5819b86""},""match_status"":{""metadata"":""missing"",""resource"":""missing"",""subscription"":""missing""},""recommendation_id"":""/subscriptions/bbe47ad4-08b3-4925-94c5-1278e5819b86/resourcegroups/pagopa-d-sec-rg/providers/microsoft.keyvault/vaults/pagopa-d-kv/providers/Microsoft.Advisor/recommendations/635c545c1d80401e2a5d1c0bc194484fa6b376307ffae25ebe334a36ec527509"",""resource_linkage"":""resource_id""}"	406e5f70f4d156e53158b0e3ef64e59e2c2a611f9439e65b4dbd82afcc97cb0e
1	72a34e2b-f26c-4bd9-b778-6118966cf94b	2026-07-31	resolved	advisor_retirement_recommendation	azure_advisor	/subscriptions/bbe47ad4-08b3-4925-94c5-1278e5819b86/resourcegroups/pagopa-d-selfcare-sec-rg/providers/microsoft.keyvault/vaults/pagopa-d-selfcare-kv/providers/Microsoft.Advisor/recommendations/d6411a9daba36dc52d4de0bdd81bff9af1c37d162aa86fb7ccd6550b337c2343	7ff06874-39e9-41be-9552-fa1ae2a83c88	New	bbe47ad4-08b3-4925-94c5-1278e5819b86		resource_id	/subscriptions/bbe47ad4-08b3-4925-94c5-1278e5819b86/resourcegroups/pagopa-d-selfcare-sec-rg/providers/microsoft.keyvault/vaults/pagopa-d-selfcare-kv	/subscriptions/bbe47ad4-08b3-4925-94c5-1278e5819b86/resourcegroups/pagopa-d-selfcare-sec-rg/providers/microsoft.keyvault/vaults/pagopa-d-selfcare-kv	pagopa-d-selfcare-kv	pagopa-d-selfcare-sec-rg	microsoft.keyvault/vaults		{}			API versions prior to 2026-02-01	2027-02-27	2027-02-27	properties.extendedProperties.retirementDate	exact	High		HighAvailability		2026-07-29T21:02:55.153791Z		Azure Key Vault API versions prior to 2026-02-01 are being retired	Azure Key Vault API versions prior to 2026-02-01 are being retired				[]	missing	missing	missing	metadata_not_found,resource_inventory_not_found,subscription_inventory_not_found	"{""acquisition"":""advisor.recommendations"",""api_version"":""2025-01-01"",""fields"":{""description"":"""",""resource_id"":""properties.resourceMetadata.resourceId""},""lookup_keys"":{""metadata"":""7ff06874-39e9-41be-9552-fa1ae2a83c88\u0000/subscriptions/bbe47ad4-08b3-4925-94c5-1278e5819b86/resourcegroups/pagopa-d-selfcare-sec-rg/providers/microsoft.keyvault/vaults/pagopa-d-selfcare-kv"",""resource"":""/subscriptions/bbe47ad4-08b3-4925-94c5-1278e5819b86/resourcegroups/pagopa-d-selfcare-sec-rg/providers/microsoft.keyvault/vaults/pagopa-d-selfcare-kv"",""subscription"":""bbe47ad4-08b3-4925-94c5-1278e5819b86""},""match_status"":{""metadata"":""missing"",""resource"":""missing"",""subscription"":""missing""},""recommendation_id"":""/subscriptions/bbe47ad4-08b3-4925-94c5-1278e5819b86/resourcegroups/pagopa-d-selfcare-sec-rg/providers/microsoft.keyvault/vaults/pagopa-d-selfcare-kv/providers/Microsoft.Advisor/recommendations/d6411a9daba36dc52d4de0bdd81bff9af1c37d162aa86fb7ccd6550b337c2343"",""resource_linkage"":""resource_id""}"	e8395ba010d4fad2cef16811f838663f70f0f7e55dc849071946968bba2c4237
1	72a34e2b-f26c-4bd9-b778-6118966cf94b	2026-07-31	resolved	advisor_retirement_recommendation	azure_advisor	/subscriptions/bbe47ad4-08b3-4925-94c5-1278e5819b86/resourcegroups/pagopa-d-shared-sec-rg/providers/microsoft.keyvault/vaults/pagopa-d-shared-kv/providers/Microsoft.Advisor/recommendations/f0b9ad20123e64228a8fc8dce7325928a85117aa9f74c7e33e562ab557add5f0	7ff06874-39e9-41be-9552-fa1ae2a83c88	New	bbe47ad4-08b3-4925-94c5-1278e5819b86		resource_id	/subscriptions/bbe47ad4-08b3-4925-94c5-1278e5819b86/resourcegroups/pagopa-d-shared-sec-rg/providers/microsoft.keyvault/vaults/pagopa-d-shared-kv	/subscriptions/bbe47ad4-08b3-4925-94c5-1278e5819b86/resourcegroups/pagopa-d-shared-sec-rg/providers/microsoft.keyvault/vaults/pagopa-d-shared-kv	pagopa-d-shared-kv	pagopa-d-shared-sec-rg	microsoft.keyvault/vaults		{}			API versions prior to 2026-02-01	2027-02-27	2027-02-27	properties.extendedProperties.retirementDate	exact	High		HighAvailability		2026-07-30T20:08:40.931508Z		Azure Key Vault API versions prior to 2026-02-01 are being retired	Azure Key Vault API versions prior to 2026-02-01 are being retired				[]	missing	missing	missing	metadata_not_found,resource_inventory_not_found,subscription_inventory_not_found	"{""acquisition"":""advisor.recommendations"",""api_version"":""2025-01-01"",""fields"":{""description"":"""",""resource_id"":""properties.resourceMetadata.resourceId""},""lookup_keys"":{""metadata"":""7ff06874-39e9-41be-9552-fa1ae2a83c88\u0000/subscriptions/bbe47ad4-08b3-4925-94c5-1278e5819b86/resourcegroups/pagopa-d-shared-sec-rg/providers/microsoft.keyvault/vaults/pagopa-d-shared-kv"",""resource"":""/subscriptions/bbe47ad4-08b3-4925-94c5-1278e5819b86/resourcegroups/pagopa-d-shared-sec-rg/providers/microsoft.keyvault/vaults/pagopa-d-shared-kv"",""subscription"":""bbe47ad4-08b3-4925-94c5-1278e5819b86""},""match_status"":{""metadata"":""missing"",""resource"":""missing"",""subscription"":""missing""},""recommendation_id"":""/subscriptions/bbe47ad4-08b3-4925-94c5-1278e5819b86/resourcegroups/pagopa-d-shared-sec-rg/providers/microsoft.keyvault/vaults/pagopa-d-shared-kv/providers/Microsoft.Advisor/recommendations/f0b9ad20123e64228a8fc8dce7325928a85117aa9f74c7e33e562ab557add5f0"",""resource_linkage"":""resource_id""}"	6085811f71147f97291576e43da3ea9dbffd884d338dcd623938b2a9bcd00183
1	72a34e2b-f26c-4bd9-b778-6118966cf94b	2026-07-31	resolved	advisor_retirement_recommendation	azure_advisor	/subscriptions/bbe47ad4-08b3-4925-94c5-1278e5819b86/resourcegroups/pagopa-d-weu-afm-rg/providers/microsoft.documentdb/databaseaccounts/pagopa-d-weu-afm-marketplace-cosmos-account/providers/Microsoft.Advisor/recommendations/294a3bc3f7a805f2314b2c7233be8ec9afed328f9d122122b57974a63f9f5fd1	0082c3b0-5b9c-4157-bb43-29307b6f882e	New	bbe47ad4-08b3-4925-94c5-1278e5819b86		resource_id	/subscriptions/bbe47ad4-08b3-4925-94c5-1278e5819b86/resourcegroups/pagopa-d-weu-afm-rg/providers/microsoft.documentdb/databaseaccounts/pagopa-d-weu-afm-marketplace-cosmos-account	/subscriptions/bbe47ad4-08b3-4925-94c5-1278e5819b86/resourcegroups/pagopa-d-weu-afm-rg/providers/microsoft.documentdb/databaseaccounts/pagopa-d-weu-afm-marketplace-cosmos-account	pagopa-d-weu-afm-marketplace-cosmos-account	pagopa-d-weu-afm-rg	microsoft.documentdb/databaseaccounts		{}			Azure Synapse Link for Azure Cosmos DB NoSQL	2029-03-31	2029-03-31	properties.extendedProperties.retirementDate	exact	Medium		HighAvailability		2026-07-26T08:36:09.930091Z		Migrate Cosmos DB Synapse Link (NoSQL) to Fabric Mirroring	Migrate Cosmos DB Synapse Link (NoSQL) to Fabric Mirroring				[]	missing	missing	missing	metadata_not_found,resource_inventory_not_found,subscription_inventory_not_found	"{""acquisition"":""advisor.recommendations"",""api_version"":""2025-01-01"",""fields"":{""description"":"""",""resource_id"":""properties.resourceMetadata.resourceId""},""lookup_keys"":{""metadata"":""0082c3b0-5b9c-4157-bb43-29307b6f882e\u0000/subscriptions/bbe47ad4-08b3-4925-94c5-1278e5819b86/resourcegroups/pagopa-d-weu-afm-rg/providers/microsoft.documentdb/databaseaccounts/pagopa-d-weu-afm-marketplace-cosmos-account"",""resource"":""/subscriptions/bbe47ad4-08b3-4925-94c5-1278e5819b86/resourcegroups/pagopa-d-weu-afm-rg/providers/microsoft.documentdb/databaseaccounts/pagopa-d-weu-afm-marketplace-cosmos-account"",""subscription"":""bbe47ad4-08b3-4925-94c5-1278e5819b86""},""match_status"":{""metadata"":""missing"",""resource"":""missing"",""subscription"":""missing""},""recommendation_id"":""/subscriptions/bbe47ad4-08b3-4925-94c5-1278e5819b86/resourcegroups/pagopa-d-weu-afm-rg/providers/microsoft.documentdb/databaseaccounts/pagopa-d-weu-afm-marketplace-cosmos-account/providers/Microsoft.Advisor/recommendations/294a3bc3f7a805f2314b2c7233be8ec9afed328f9d122122b57974a63f9f5fd1"",""resource_linkage"":""resource_id""}"	bc909d785764f62850361c6c7dd6faf7513b493b75e03521648fb2d64951a329
1	72a34e2b-f26c-4bd9-b778-6118966cf94b	2026-07-31	resolved	advisor_retirement_recommendation	azure_advisor	/subscriptions/bbe47ad4-08b3-4925-94c5-1278e5819b86/resourcegroups/pagopa-d-weu-checkout-redis-rg/providers/microsoft.cache/redis/pagopa-d-weu-checkout-redis/providers/Microsoft.Advisor/recommendations/11cc13f66f4f1fcced1950dba7ef9432f2b50228e27e143ef5c368a1eb446961	f3aded79-f9ff-4ce4-99e3-2ffcf11161a4	New	bbe47ad4-08b3-4925-94c5-1278e5819b86		resource_id	/subscriptions/bbe47ad4-08b3-4925-94c5-1278e5819b86/resourcegroups/pagopa-d-weu-checkout-redis-rg/providers/microsoft.cache/redis/pagopa-d-weu-checkout-redis	/subscriptions/bbe47ad4-08b3-4925-94c5-1278e5819b86/resourcegroups/pagopa-d-weu-checkout-redis-rg/providers/microsoft.cache/redis/pagopa-d-weu-checkout-redis	pagopa-d-weu-checkout-redis	pagopa-d-weu-checkout-redis-rg	microsoft.cache/redis		{}			Redis Cache	2028-09-30	2028-09-30	properties.extendedProperties.retirementDate	exact	Medium		HighAvailability		2026-05-10T21:55:56.434437Z		Migrate to Azure Managed Redis from Azure Cache for Redis	Migrate to Azure Managed Redis from Azure Cache for Redis				[]	missing	missing	missing	metadata_not_found,resource_inventory_not_found,subscription_inventory_not_found	"{""acquisition"":""advisor.recommendations"",""api_version"":""2025-01-01"",""fields"":{""description"":"""",""resource_id"":""properties.resourceMetadata.resourceId""},""lookup_keys"":{""metadata"":""f3aded79-f9ff-4ce4-99e3-2ffcf11161a4\u0000/subscriptions/bbe47ad4-08b3-4925-94c5-1278e5819b86/resourcegroups/pagopa-d-weu-checkout-redis-rg/providers/microsoft.cache/redis/pagopa-d-weu-checkout-redis"",""resource"":""/subscriptions/bbe47ad4-08b3-4925-94c5-1278e5819b86/resourcegroups/pagopa-d-weu-checkout-redis-rg/providers/microsoft.cache/redis/pagopa-d-weu-checkout-redis"",""subscription"":""bbe47ad4-08b3-4925-94c5-1278e5819b86""},""match_status"":{""metadata"":""missing"",""resource"":""missing"",""subscription"":""missing""},""recommendation_id"":""/subscriptions/bbe47ad4-08b3-4925-94c5-1278e5819b86/resourcegroups/pagopa-d-weu-checkout-redis-rg/providers/microsoft.cache/redis/pagopa-d-weu-checkout-redis/providers/Microsoft.Advisor/recommendations/11cc13f66f4f1fcced1950dba7ef9432f2b50228e27e143ef5c368a1eb446961"",""resource_linkage"":""resource_id""}"	95e98ee325d1e918060fdff831942ad91dcb1f5824832a8513629ae8ccaa5e09
1	72a34e2b-f26c-4bd9-b778-6118966cf94b	2026-07-31	resolved	advisor_retirement_recommendation	azure_advisor	/subscriptions/bbe47ad4-08b3-4925-94c5-1278e5819b86/resourcegroups/pagopa-d-weu-checkout-redis-std-rg/providers/microsoft.cache/redis/pagopa-d-weu-checkout-redis-std/providers/Microsoft.Advisor/recommendations/2b41d8fa771c702bc2bd82e2c500bd6877e7046ed16c68007028849e4637e61d	f3aded79-f9ff-4ce4-99e3-2ffcf11161a4	New	bbe47ad4-08b3-4925-94c5-1278e5819b86		resource_id	/subscriptions/bbe47ad4-08b3-4925-94c5-1278e5819b86/resourcegroups/pagopa-d-weu-checkout-redis-std-rg/providers/microsoft.cache/redis/pagopa-d-weu-checkout-redis-std	/subscriptions/bbe47ad4-08b3-4925-94c5-1278e5819b86/resourcegroups/pagopa-d-weu-checkout-redis-std-rg/providers/microsoft.cache/redis/pagopa-d-weu-checkout-redis-std	pagopa-d-weu-checkout-redis-std	pagopa-d-weu-checkout-redis-std-rg	microsoft.cache/redis		{}			Redis Cache	2028-09-30	2028-09-30	properties.extendedProperties.retirementDate	exact	Medium		HighAvailability		2026-04-30T02:36:47.030013Z		Migrate to Azure Managed Redis from Azure Cache for Redis	Migrate to Azure Managed Redis from Azure Cache for Redis				[]	missing	missing	missing	metadata_not_found,resource_inventory_not_found,subscription_inventory_not_found	"{""acquisition"":""advisor.recommendations"",""api_version"":""2025-01-01"",""fields"":{""description"":"""",""resource_id"":""properties.resourceMetadata.resourceId""},""lookup_keys"":{""metadata"":""f3aded79-f9ff-4ce4-99e3-2ffcf11161a4\u0000/subscriptions/bbe47ad4-08b3-4925-94c5-1278e5819b86/resourcegroups/pagopa-d-weu-checkout-redis-std-rg/providers/microsoft.cache/redis/pagopa-d-weu-checkout-redis-std"",""resource"":""/subscriptions/bbe47ad4-08b3-4925-94c5-1278e5819b86/resourcegroups/pagopa-d-weu-checkout-redis-std-rg/providers/microsoft.cache/redis/pagopa-d-weu-checkout-redis-std"",""subscription"":""bbe47ad4-08b3-4925-94c5-1278e5819b86""},""match_status"":{""metadata"":""missing"",""resource"":""missing"",""subscription"":""missing""},""recommendation_id"":""/subscriptions/bbe47ad4-08b3-4925-94c5-1278e5819b86/resourcegroups/pagopa-d-weu-checkout-redis-std-rg/providers/microsoft.cache/redis/pagopa-d-weu-checkout-redis-std/providers/Microsoft.Advisor/recommendations/2b41d8fa771c702bc2bd82e2c500bd6877e7046ed16c68007028849e4637e61d"",""resource_linkage"":""resource_id""}"	f8e586c5ff077d0ccdeb4d4f291d3b420d2a5bc8133221a0cab97bc2adc02b67
1	72a34e2b-f26c-4bd9-b778-6118966cf94b	2026-07-31	resolved	advisor_retirement_recommendation	azure_advisor	/subscriptions/bbe47ad4-08b3-4925-94c5-1278e5819b86/resourcegroups/pagopa-d-weu-core-ca-rg/providers/microsoft.keyvault/vaults/pagopa-d-weu-core-ca-kv/providers/Microsoft.Advisor/recommendations/402f79a91d9403c2574eb09fbb2cb8f03e07b6e54d323c1b09f46c1b90bd07ad	7ff06874-39e9-41be-9552-fa1ae2a83c88	New	bbe47ad4-08b3-4925-94c5-1278e5819b86		resource_id	/subscriptions/bbe47ad4-08b3-4925-94c5-1278e5819b86/resourcegroups/pagopa-d-weu-core-ca-rg/providers/microsoft.keyvault/vaults/pagopa-d-weu-core-ca-kv	/subscriptions/bbe47ad4-08b3-4925-94c5-1278e5819b86/resourcegroups/pagopa-d-weu-core-ca-rg/providers/microsoft.keyvault/vaults/pagopa-d-weu-core-ca-kv	pagopa-d-weu-core-ca-kv	pagopa-d-weu-core-ca-rg	microsoft.keyvault/vaults		{}			API versions prior to 2026-02-01	2027-02-27	2027-02-27	properties.extendedProperties.retirementDate	exact	High		HighAvailability		2026-07-29T21:15:44.003225Z		Azure Key Vault API versions prior to 2026-02-01 are being retired	Azure Key Vault API versions prior to 2026-02-01 are being retired				[]	missing	missing	missing	metadata_not_found,resource_inventory_not_found,subscription_inventory_not_found	"{""acquisition"":""advisor.recommendations"",""api_version"":""2025-01-01"",""fields"":{""description"":"""",""resource_id"":""properties.resourceMetadata.resourceId""},""lookup_keys"":{""metadata"":""7ff06874-39e9-41be-9552-fa1ae2a83c88\u0000/subscriptions/bbe47ad4-08b3-4925-94c5-1278e5819b86/resourcegroups/pagopa-d-weu-core-ca-rg/providers/microsoft.keyvault/vaults/pagopa-d-weu-core-ca-kv"",""resource"":""/subscriptions/bbe47ad4-08b3-4925-94c5-1278e5819b86/resourcegroups/pagopa-d-weu-core-ca-rg/providers/microsoft.keyvault/vaults/pagopa-d-weu-core-ca-kv"",""subscription"":""bbe47ad4-08b3-4925-94c5-1278e5819b86""},""match_status"":{""metadata"":""missing"",""resource"":""missing"",""subscription"":""missing""},""recommendation_id"":""/subscriptions/bbe47ad4-08b3-4925-94c5-1278e5819b86/resourcegroups/pagopa-d-weu-core-ca-rg/providers/microsoft.keyvault/vaults/pagopa-d-weu-core-ca-kv/providers/Microsoft.Advisor/recommendations/402f79a91d9403c2574eb09fbb2cb8f03e07b6e54d323c1b09f46c1b90bd07ad"",""resource_linkage"":""resource_id""}"	dba28cb6fe0e6967729884710762b3ac4fe414752975d46080c8e2c602987b94
1	72a34e2b-f26c-4bd9-b778-6118966cf94b	2026-07-31	resolved	advisor_retirement_recommendation	azure_advisor	/subscriptions/bbe47ad4-08b3-4925-94c5-1278e5819b86/resourcegroups/pagopa-d-weu-dev-aks-rg/providers/microsoft.containerservice/managedclusters/pagopa-d-weu-dev-aks/providers/Microsoft.Advisor/recommendations/193ecb944afdccd6fec13b4ce95ad9093b0721cd73caec8b922005db71c610f7	00dbcc9d-50d4-44ef-bc21-c15785cddf42	New	bbe47ad4-08b3-4925-94c5-1278e5819b86		resource_id	/subscriptions/bbe47ad4-08b3-4925-94c5-1278e5819b86/resourcegroups/pagopa-d-weu-dev-aks-rg/providers/microsoft.containerservice/managedclusters/pagopa-d-weu-dev-aks	/subscriptions/bbe47ad4-08b3-4925-94c5-1278e5819b86/resourcegroups/pagopa-d-weu-dev-aks-rg/providers/microsoft.containerservice/managedclusters/pagopa-d-weu-dev-aks	pagopa-d-weu-dev-aks	pagopa-d-weu-dev-aks-rg	microsoft.containerservice/managedclusters		{}			Azure Kubernetes Service support for Ubuntu 22.04	2027-06-30	2027-06-30	properties.extendedProperties.retirementDate	exact	Medium		HighAvailability		2026-05-07T15:05:10.210132Z		Migrate to Ubuntu 24.04 or later versions	Migrate to Ubuntu 24.04 or later versions				[]	missing	missing	missing	metadata_not_found,resource_inventory_not_found,subscription_inventory_not_found	"{""acquisition"":""advisor.recommendations"",""api_version"":""2025-01-01"",""fields"":{""description"":"""",""resource_id"":""properties.resourceMetadata.resourceId""},""lookup_keys"":{""metadata"":""00dbcc9d-50d4-44ef-bc21-c15785cddf42\u0000/subscriptions/bbe47ad4-08b3-4925-94c5-1278e5819b86/resourcegroups/pagopa-d-weu-dev-aks-rg/providers/microsoft.containerservice/managedclusters/pagopa-d-weu-dev-aks"",""resource"":""/subscriptions/bbe47ad4-08b3-4925-94c5-1278e5819b86/resourcegroups/pagopa-d-weu-dev-aks-rg/providers/microsoft.containerservice/managedclusters/pagopa-d-weu-dev-aks"",""subscription"":""bbe47ad4-08b3-4925-94c5-1278e5819b86""},""match_status"":{""metadata"":""missing"",""resource"":""missing"",""subscription"":""missing""},""recommendation_id"":""/subscriptions/bbe47ad4-08b3-4925-94c5-1278e5819b86/resourcegroups/pagopa-d-weu-dev-aks-rg/providers/microsoft.containerservice/managedclusters/pagopa-d-weu-dev-aks/providers/Microsoft.Advisor/recommendations/193ecb944afdccd6fec13b4ce95ad9093b0721cd73caec8b922005db71c610f7"",""resource_linkage"":""resource_id""}"	13e5c502198da725984412ddebcdeb2f8df40ca32c745363b596226d1b9b8666
1	72a34e2b-f26c-4bd9-b778-6118966cf94b	2026-07-31	resolved	advisor_retirement_recommendation	azure_advisor	/subscriptions/bbe47ad4-08b3-4925-94c5-1278e5819b86/resourcegroups/pagopa-d-weu-dev-aks-rg/providers/microsoft.containerservice/managedclusters/pagopa-d-weu-dev-aks/providers/Microsoft.Advisor/recommendations/b64200885200c5586950becada18399376b4d513e1d811925ea33f8d8388b9e8	b005ecf0-23e2-4279-9ca2-718d1518c9fb	New	bbe47ad4-08b3-4925-94c5-1278e5819b86		resource_id	/subscriptions/bbe47ad4-08b3-4925-94c5-1278e5819b86/resourcegroups/pagopa-d-weu-dev-aks-rg/providers/microsoft.containerservice/managedclusters/pagopa-d-weu-dev-aks	/subscriptions/bbe47ad4-08b3-4925-94c5-1278e5819b86/resourcegroups/pagopa-d-weu-dev-aks-rg/providers/microsoft.containerservice/managedclusters/pagopa-d-weu-dev-aks	pagopa-d-weu-dev-aks	pagopa-d-weu-dev-aks-rg	microsoft.containerservice/managedclusters		{}			Legacy authentication for Container Insights - Azure Monitor	2026-09-30	2026-09-30	properties.extendedProperties.retirementDate	exact	Medium		HighAvailability		2026-04-16T16:00:25.995646Z		Migrate to Container insights managed identity authentication	Migrate to Container insights managed identity authentication				[]	missing	missing	missing	metadata_not_found,resource_inventory_not_found,subscription_inventory_not_found	"{""acquisition"":""advisor.recommendations"",""api_version"":""2025-01-01"",""fields"":{""description"":"""",""resource_id"":""properties.resourceMetadata.resourceId""},""lookup_keys"":{""metadata"":""b005ecf0-23e2-4279-9ca2-718d1518c9fb\u0000/subscriptions/bbe47ad4-08b3-4925-94c5-1278e5819b86/resourcegroups/pagopa-d-weu-dev-aks-rg/providers/microsoft.containerservice/managedclusters/pagopa-d-weu-dev-aks"",""resource"":""/subscriptions/bbe47ad4-08b3-4925-94c5-1278e5819b86/resourcegroups/pagopa-d-weu-dev-aks-rg/providers/microsoft.containerservice/managedclusters/pagopa-d-weu-dev-aks"",""subscription"":""bbe47ad4-08b3-4925-94c5-1278e5819b86""},""match_status"":{""metadata"":""missing"",""resource"":""missing"",""subscription"":""missing""},""recommendation_id"":""/subscriptions/bbe47ad4-08b3-4925-94c5-1278e5819b86/resourcegroups/pagopa-d-weu-dev-aks-rg/providers/microsoft.containerservice/managedclusters/pagopa-d-weu-dev-aks/providers/Microsoft.Advisor/recommendations/b64200885200c5586950becada18399376b4d513e1d811925ea33f8d8388b9e8"",""resource_linkage"":""resource_id""}"	79083aecc0628abba579504e7f902fec0d61d133079190cc735ff4c7b5ecf123
1	72a34e2b-f26c-4bd9-b778-6118966cf94b	2026-07-31	resolved	advisor_retirement_recommendation	azure_advisor	/subscriptions/bbe47ad4-08b3-4925-94c5-1278e5819b86/resourcegroups/pagopa-d-weu-ecommerce-redis-rg/providers/microsoft.cache/redis/pagopa-d-weu-ecommerce-redis/providers/Microsoft.Advisor/recommendations/2f500b101eddceac5348b2a129ca942dc8dfbd3365b841dd0b551b5e1c7868fa	f3aded79-f9ff-4ce4-99e3-2ffcf11161a4	New	bbe47ad4-08b3-4925-94c5-1278e5819b86		resource_id	/subscriptions/bbe47ad4-08b3-4925-94c5-1278e5819b86/resourcegroups/pagopa-d-weu-ecommerce-redis-rg/providers/microsoft.cache/redis/pagopa-d-weu-ecommerce-redis	/subscriptions/bbe47ad4-08b3-4925-94c5-1278e5819b86/resourcegroups/pagopa-d-weu-ecommerce-redis-rg/providers/microsoft.cache/redis/pagopa-d-weu-ecommerce-redis	pagopa-d-weu-ecommerce-redis	pagopa-d-weu-ecommerce-redis-rg	microsoft.cache/redis		{}			Redis Cache	2028-09-30	2028-09-30	properties.extendedProperties.retirementDate	exact	Medium		HighAvailability		2026-04-30T06:41:46.020357Z		Migrate to Azure Managed Redis from Azure Cache for Redis	Migrate to Azure Managed Redis from Azure Cache for Redis				[]	missing	missing	missing	metadata_not_found,resource_inventory_not_found,subscription_inventory_not_found	"{""acquisition"":""advisor.recommendations"",""api_version"":""2025-01-01"",""fields"":{""description"":"""",""resource_id"":""properties.resourceMetadata.resourceId""},""lookup_keys"":{""metadata"":""f3aded79-f9ff-4ce4-99e3-2ffcf11161a4\u0000/subscriptions/bbe47ad4-08b3-4925-94c5-1278e5819b86/resourcegroups/pagopa-d-weu-ecommerce-redis-rg/providers/microsoft.cache/redis/pagopa-d-weu-ecommerce-redis"",""resource"":""/subscriptions/bbe47ad4-08b3-4925-94c5-1278e5819b86/resourcegroups/pagopa-d-weu-ecommerce-redis-rg/providers/microsoft.cache/redis/pagopa-d-weu-ecommerce-redis"",""subscription"":""bbe47ad4-08b3-4925-94c5-1278e5819b86""},""match_status"":{""metadata"":""missing"",""resource"":""missing"",""subscription"":""missing""},""recommendation_id"":""/subscriptions/bbe47ad4-08b3-4925-94c5-1278e5819b86/resourcegroups/pagopa-d-weu-ecommerce-redis-rg/providers/microsoft.cache/redis/pagopa-d-weu-ecommerce-redis/providers/Microsoft.Advisor/recommendations/2f500b101eddceac5348b2a129ca942dc8dfbd3365b841dd0b551b5e1c7868fa"",""resource_linkage"":""resource_id""}"	07b1e56d4f4374a8daa4096cfc2db93b1c5ab4ceabddb9388f32f289146b51dd
1	72a34e2b-f26c-4bd9-b778-6118966cf94b	2026-07-31	resolved	advisor_retirement_recommendation	azure_advisor	/subscriptions/bbe47ad4-08b3-4925-94c5-1278e5819b86/resourcegroups/pagopa-d-weu-network-sec-rg/providers/microsoft.keyvault/vaults/pagopa-d-weu-network-kv/providers/Microsoft.Advisor/recommendations/39388ae92f2cb3e298b102ad856a1db6e0dd85f78f93bbfba29faff3acbdf08a	7ff06874-39e9-41be-9552-fa1ae2a83c88	New	bbe47ad4-08b3-4925-94c5-1278e5819b86		resource_id	/subscriptions/bbe47ad4-08b3-4925-94c5-1278e5819b86/resourcegroups/pagopa-d-weu-network-sec-rg/providers/microsoft.keyvault/vaults/pagopa-d-weu-network-kv	/subscriptions/bbe47ad4-08b3-4925-94c5-1278e5819b86/resourcegroups/pagopa-d-weu-network-sec-rg/providers/microsoft.keyvault/vaults/pagopa-d-weu-network-kv	pagopa-d-weu-network-kv	pagopa-d-weu-network-sec-rg	microsoft.keyvault/vaults		{}			API versions prior to 2026-02-01	2027-02-27	2027-02-27	properties.extendedProperties.retirementDate	exact	High		HighAvailability		2026-07-29T21:16:16.303760Z		Azure Key Vault API versions prior to 2026-02-01 are being retired	Azure Key Vault API versions prior to 2026-02-01 are being retired				[]	missing	missing	missing	metadata_not_found,resource_inventory_not_found,subscription_inventory_not_found	"{""acquisition"":""advisor.recommendations"",""api_version"":""2025-01-01"",""fields"":{""description"":"""",""resource_id"":""properties.resourceMetadata.resourceId""},""lookup_keys"":{""metadata"":""7ff06874-39e9-41be-9552-fa1ae2a83c88\u0000/subscriptions/bbe47ad4-08b3-4925-94c5-1278e5819b86/resourcegroups/pagopa-d-weu-network-sec-rg/providers/microsoft.keyvault/vaults/pagopa-d-weu-network-kv"",""resource"":""/subscriptions/bbe47ad4-08b3-4925-94c5-1278e5819b86/resourcegroups/pagopa-d-weu-network-sec-rg/providers/microsoft.keyvault/vaults/pagopa-d-weu-network-kv"",""subscription"":""bbe47ad4-08b3-4925-94c5-1278e5819b86""},""match_status"":{""metadata"":""missing"",""resource"":""missing"",""subscription"":""missing""},""recommendation_id"":""/subscriptions/bbe47ad4-08b3-4925-94c5-1278e5819b86/resourcegroups/pagopa-d-weu-network-sec-rg/providers/microsoft.keyvault/vaults/pagopa-d-weu-network-kv/providers/Microsoft.Advisor/recommendations/39388ae92f2cb3e298b102ad856a1db6e0dd85f78f93bbfba29faff3acbdf08a"",""resource_linkage"":""resource_id""}"	d4cd1d66e92eb4059984a99e3fb02bab552e2ba89ce667b0a241a650e237a1e0
1	72a34e2b-f26c-4bd9-b778-6118966cf94b	2026-07-31	resolved	advisor_retirement_recommendation	azure_advisor	/subscriptions/bbe47ad4-08b3-4925-94c5-1278e5819b86/resourcegroups/pagopa-d-weu-nodo-verifyko-to-datastore-rg/providers/microsoft.documentdb/databaseaccounts/pagopa-d-weu-nodo-verifyko-cosmos-account/providers/Microsoft.Advisor/recommendations/58c25ceee60896394795b84714c5f296f36565a8bf2ba6b92b2b31dcc84ff492	51a4e6bd-5a95-4a41-8309-40f5640fdb8b	New	bbe47ad4-08b3-4925-94c5-1278e5819b86		resource_id	/subscriptions/bbe47ad4-08b3-4925-94c5-1278e5819b86/resourcegroups/pagopa-d-weu-nodo-verifyko-to-datastore-rg/providers/microsoft.documentdb/databaseaccounts/pagopa-d-weu-nodo-verifyko-cosmos-account	/subscriptions/bbe47ad4-08b3-4925-94c5-1278e5819b86/resourcegroups/pagopa-d-weu-nodo-verifyko-to-datastore-rg/providers/microsoft.documentdb/databaseaccounts/pagopa-d-weu-nodo-verifyko-cosmos-account	pagopa-d-weu-nodo-verifyko-cosmos-account	pagopa-d-weu-nodo-verifyko-to-datastore-rg	microsoft.documentdb/databaseaccounts		{}							missing	Medium		HighAvailability		2026-05-13T09:07:37.384420Z		Upgrade old Azure Cosmos DB SDK to the latest version	Upgrade old Azure Cosmos DB SDK to the latest version				[]	missing	missing	missing	metadata_not_found,missing_retirement_date,resource_inventory_not_found,subscription_inventory_not_found	"{""acquisition"":""advisor.recommendations"",""api_version"":""2025-01-01"",""fields"":{""description"":"""",""resource_id"":""properties.resourceMetadata.resourceId""},""lookup_keys"":{""metadata"":""51a4e6bd-5a95-4a41-8309-40f5640fdb8b\u0000/subscriptions/bbe47ad4-08b3-4925-94c5-1278e5819b86/resourcegroups/pagopa-d-weu-nodo-verifyko-to-datastore-rg/providers/microsoft.documentdb/databaseaccounts/pagopa-d-weu-nodo-verifyko-cosmos-account"",""resource"":""/subscriptions/bbe47ad4-08b3-4925-94c5-1278e5819b86/resourcegroups/pagopa-d-weu-nodo-verifyko-to-datastore-rg/providers/microsoft.documentdb/databaseaccounts/pagopa-d-weu-nodo-verifyko-cosmos-account"",""subscription"":""bbe47ad4-08b3-4925-94c5-1278e5819b86""},""match_status"":{""metadata"":""missing"",""resource"":""missing"",""subscription"":""missing""},""recommendation_id"":""/subscriptions/bbe47ad4-08b3-4925-94c5-1278e5819b86/resourcegroups/pagopa-d-weu-nodo-verifyko-to-datastore-rg/providers/microsoft.documentdb/databaseaccounts/pagopa-d-weu-nodo-verifyko-cosmos-account/providers/Microsoft.Advisor/recommendations/58c25ceee60896394795b84714c5f296f36565a8bf2ba6b92b2b31dcc84ff492"",""resource_linkage"":""resource_id""}"	4cf724d193ebbe76b9dcc1b803e2f276f264638f6faa1f648b017548df106e8c
1	72a34e2b-f26c-4bd9-b778-6118966cf94b	2026-07-31	resolved	advisor_retirement_recommendation	azure_advisor	/subscriptions/bbe47ad4-08b3-4925-94c5-1278e5819b86/resourcegroups/pagopa-d-weu-nodo-vmss-rg/providers/microsoft.compute/virtualmachinescalesets/pagopa-d-weu-nodo-vmss/providers/Microsoft.Advisor/recommendations/22202f6b3581d6aa4f494f1d30337f9fd36e0058f7417fcfc1030aae91ef988e	3b739bd1-c193-4bb6-a953-1362ee3b03b2	New	bbe47ad4-08b3-4925-94c5-1278e5819b86		resource_id	/subscriptions/bbe47ad4-08b3-4925-94c5-1278e5819b86/resourcegroups/pagopa-d-weu-nodo-vmss-rg/providers/microsoft.compute/virtualmachinescalesets/pagopa-d-weu-nodo-vmss	/subscriptions/bbe47ad4-08b3-4925-94c5-1278e5819b86/resourcegroups/pagopa-d-weu-nodo-vmss-rg/providers/microsoft.compute/virtualmachinescalesets/pagopa-d-weu-nodo-vmss	pagopa-d-weu-nodo-vmss	pagopa-d-weu-nodo-vmss-rg	microsoft.compute/virtualmachinescalesets		{}							missing	High		HighAvailability		2026-04-22T15:34:58.890851Z		Upgrade your VMSS to alternative image version	Upgrade your VMSS to alternative image version				[]	missing	missing	missing	metadata_not_found,missing_retirement_date,resource_inventory_not_found,subscription_inventory_not_found	"{""acquisition"":""advisor.recommendations"",""api_version"":""2025-01-01"",""fields"":{""description"":"""",""resource_id"":""properties.resourceMetadata.resourceId""},""lookup_keys"":{""metadata"":""3b739bd1-c193-4bb6-a953-1362ee3b03b2\u0000/subscriptions/bbe47ad4-08b3-4925-94c5-1278e5819b86/resourcegroups/pagopa-d-weu-nodo-vmss-rg/providers/microsoft.compute/virtualmachinescalesets/pagopa-d-weu-nodo-vmss"",""resource"":""/subscriptions/bbe47ad4-08b3-4925-94c5-1278e5819b86/resourcegroups/pagopa-d-weu-nodo-vmss-rg/providers/microsoft.compute/virtualmachinescalesets/pagopa-d-weu-nodo-vmss"",""subscription"":""bbe47ad4-08b3-4925-94c5-1278e5819b86""},""match_status"":{""metadata"":""missing"",""resource"":""missing"",""subscription"":""missing""},""recommendation_id"":""/subscriptions/bbe47ad4-08b3-4925-94c5-1278e5819b86/resourcegroups/pagopa-d-weu-nodo-vmss-rg/providers/microsoft.compute/virtualmachinescalesets/pagopa-d-weu-nodo-vmss/providers/Microsoft.Advisor/recommendations/22202f6b3581d6aa4f494f1d30337f9fd36e0058f7417fcfc1030aae91ef988e"",""resource_linkage"":""resource_id""}"	466b2ceac199646c6c6e1bb6b0ed9f797a656d12be72ec0cdc8dead241f36034
1	72a34e2b-f26c-4bd9-b778-6118966cf94b	2026-07-31	resolved	advisor_retirement_recommendation	azure_advisor	/subscriptions/bbe47ad4-08b3-4925-94c5-1278e5819b86/resourcegroups/test-caccuri/providers/microsoft.storage/storageaccounts/testcaccurib8d1/providers/Microsoft.Advisor/recommendations/b0802cd014f2855e6e0b4feee6d9cfe71b52e67ec0124d20cc03dc26272a8ac7	1d70919c-1a4a-4f79-8300-bb576c291e9d	New	bbe47ad4-08b3-4925-94c5-1278e5819b86		resource_id	/subscriptions/bbe47ad4-08b3-4925-94c5-1278e5819b86/resourcegroups/test-caccuri/providers/microsoft.storage/storageaccounts/testcaccurib8d1	/subscriptions/bbe47ad4-08b3-4925-94c5-1278e5819b86/resourcegroups/test-caccuri/providers/microsoft.storage/storageaccounts/testcaccurib8d1	testcaccurib8d1	test-caccuri	microsoft.storage/storageaccounts		{}			Legacy Blob and General-Purpose v1 storage accounts	2026-10-13	2026-10-13	properties.extendedProperties.retirementDate	exact	Medium		HighAvailability		2026-05-21T10:03:20.652369Z		Upgrade general-purpose v1 storage accounts	Upgrade general-purpose v1 storage accounts				[]	missing	missing	missing	metadata_not_found,resource_inventory_not_found,subscription_inventory_not_found	"{""acquisition"":""advisor.recommendations"",""api_version"":""2025-01-01"",""fields"":{""description"":"""",""resource_id"":""properties.resourceMetadata.resourceId""},""lookup_keys"":{""metadata"":""1d70919c-1a4a-4f79-8300-bb576c291e9d\u0000/subscriptions/bbe47ad4-08b3-4925-94c5-1278e5819b86/resourcegroups/test-caccuri/providers/microsoft.storage/storageaccounts/testcaccurib8d1"",""resource"":""/subscriptions/bbe47ad4-08b3-4925-94c5-1278e5819b86/resourcegroups/test-caccuri/providers/microsoft.storage/storageaccounts/testcaccurib8d1"",""subscription"":""bbe47ad4-08b3-4925-94c5-1278e5819b86""},""match_status"":{""metadata"":""missing"",""resource"":""missing"",""subscription"":""missing""},""recommendation_id"":""/subscriptions/bbe47ad4-08b3-4925-94c5-1278e5819b86/resourcegroups/test-caccuri/providers/microsoft.storage/storageaccounts/testcaccurib8d1/providers/Microsoft.Advisor/recommendations/b0802cd014f2855e6e0b4feee6d9cfe71b52e67ec0124d20cc03dc26272a8ac7"",""resource_linkage"":""resource_id""}"	9467919dc66c7b23d3c0d929b627f2e68eca6473d34ba0e3f83af5ed807f94ef
1	72a34e2b-f26c-4bd9-b778-6118966cf94b	2026-07-31	resolved	advisor_retirement_recommendation	azure_advisor	/subscriptions/bbe47ad4-08b3-4925-94c5-1278e5819b86/resourcegroups/test-matteo/providers/microsoft.compute/virtualmachines/payment-superset/providers/Microsoft.Advisor/recommendations/5ee792028a778c7f42da6784cf39ef36ca9e1e2b4a162b8eaa92e4a2152082e3	13cea0f1-c3f7-4c66-8b3b-9928a0f07cea	New	bbe47ad4-08b3-4925-94c5-1278e5819b86		resource_id	/subscriptions/bbe47ad4-08b3-4925-94c5-1278e5819b86/resourcegroups/test-matteo/providers/microsoft.compute/virtualmachines/payment-superset	/subscriptions/bbe47ad4-08b3-4925-94c5-1278e5819b86/resourcegroups/test-matteo/providers/microsoft.compute/virtualmachines/payment-superset	payment-superset	test-matteo	microsoft.compute/virtualmachines		{}			LSv2, G, GS, F, FS, Fsv2, B, Av2 - Series	2028-11-15	2028-11-15	properties.extendedProperties.retirementDate	exact	High		HighAvailability		2026-04-24T20:01:55.398531Z		Review and migrate virtual machine workloads	Review and migrate virtual machine workloads				[]	missing	missing	missing	metadata_not_found,resource_inventory_not_found,subscription_inventory_not_found	"{""acquisition"":""advisor.recommendations"",""api_version"":""2025-01-01"",""fields"":{""description"":"""",""resource_id"":""properties.resourceMetadata.resourceId""},""lookup_keys"":{""metadata"":""13cea0f1-c3f7-4c66-8b3b-9928a0f07cea\u0000/subscriptions/bbe47ad4-08b3-4925-94c5-1278e5819b86/resourcegroups/test-matteo/providers/microsoft.compute/virtualmachines/payment-superset"",""resource"":""/subscriptions/bbe47ad4-08b3-4925-94c5-1278e5819b86/resourcegroups/test-matteo/providers/microsoft.compute/virtualmachines/payment-superset"",""subscription"":""bbe47ad4-08b3-4925-94c5-1278e5819b86""},""match_status"":{""metadata"":""missing"",""resource"":""missing"",""subscription"":""missing""},""recommendation_id"":""/subscriptions/bbe47ad4-08b3-4925-94c5-1278e5819b86/resourcegroups/test-matteo/providers/microsoft.compute/virtualmachines/payment-superset/providers/Microsoft.Advisor/recommendations/5ee792028a778c7f42da6784cf39ef36ca9e1e2b4a162b8eaa92e4a2152082e3"",""resource_linkage"":""resource_id""}"	cfb5239e9a2b11384342f09eecc77573f4475322d18d1f18553bf024b354aa5b
1	72a34e2b-f26c-4bd9-b778-6118966cf94b	2026-07-31	resolved	advisor_retirement_recommendation	azure_advisor	/subscriptions/bbe47ad4-08b3-4925-94c5-1278e5819b86/resourcegroups/test-matteo/providers/microsoft.compute/virtualmachines/payment-superset/providers/Microsoft.Advisor/recommendations/ccae93698c5ab89afabf30c8a224a30d581a0cc31898f737b4ddb6e6ca2983e7	7f71b153-c0b7-4e99-a23e-db8179183ec9	New	bbe47ad4-08b3-4925-94c5-1278e5819b86		resource_id	/subscriptions/bbe47ad4-08b3-4925-94c5-1278e5819b86/resourcegroups/test-matteo/providers/microsoft.compute/virtualmachines/payment-superset	/subscriptions/bbe47ad4-08b3-4925-94c5-1278e5819b86/resourcegroups/test-matteo/providers/microsoft.compute/virtualmachines/payment-superset	payment-superset	test-matteo	microsoft.compute/virtualmachines		{}							missing	High		HighAvailability		2026-05-21T03:47:17.945664Z		Migrate workload to D-series or better virtual machine	Migrate workload to D-series or better virtual machine				[]	missing	missing	missing	metadata_not_found,missing_retirement_date,resource_inventory_not_found,subscription_inventory_not_found	"{""acquisition"":""advisor.recommendations"",""api_version"":""2025-01-01"",""fields"":{""description"":"""",""resource_id"":""properties.resourceMetadata.resourceId""},""lookup_keys"":{""metadata"":""7f71b153-c0b7-4e99-a23e-db8179183ec9\u0000/subscriptions/bbe47ad4-08b3-4925-94c5-1278e5819b86/resourcegroups/test-matteo/providers/microsoft.compute/virtualmachines/payment-superset"",""resource"":""/subscriptions/bbe47ad4-08b3-4925-94c5-1278e5819b86/resourcegroups/test-matteo/providers/microsoft.compute/virtualmachines/payment-superset"",""subscription"":""bbe47ad4-08b3-4925-94c5-1278e5819b86""},""match_status"":{""metadata"":""missing"",""resource"":""missing"",""subscription"":""missing""},""recommendation_id"":""/subscriptions/bbe47ad4-08b3-4925-94c5-1278e5819b86/resourcegroups/test-matteo/providers/microsoft.compute/virtualmachines/payment-superset/providers/Microsoft.Advisor/recommendations/ccae93698c5ab89afabf30c8a224a30d581a0cc31898f737b4ddb6e6ca2983e7"",""resource_linkage"":""resource_id""}"	074abec5100b2ea546137af3d28aa5071d389da0cf4008090ad52a9f102eb36c
1	72a34e2b-f26c-4bd9-b778-6118966cf94b	2026-07-31	resolved	advisor_retirement_recommendation	azure_advisor	/subscriptions/bbe47ad4-08b3-4925-94c5-1278e5819b86/resourcegroups/test-matteo/providers/microsoft.compute/virtualmachines/test-matteo-vm/providers/Microsoft.Advisor/recommendations/01200f6879924a354c0393a87aeb315420f02cebda94c8de20571909da672e24	7f71b153-c0b7-4e99-a23e-db8179183ec9	New	bbe47ad4-08b3-4925-94c5-1278e5819b86		resource_id	/subscriptions/bbe47ad4-08b3-4925-94c5-1278e5819b86/resourcegroups/test-matteo/providers/microsoft.compute/virtualmachines/test-matteo-vm	/subscriptions/bbe47ad4-08b3-4925-94c5-1278e5819b86/resourcegroups/test-matteo/providers/microsoft.compute/virtualmachines/test-matteo-vm	test-matteo-vm	test-matteo	microsoft.compute/virtualmachines		{}							missing	High		HighAvailability		2026-05-22T08:10:40.919450Z		Migrate workload to D-series or better virtual machine	Migrate workload to D-series or better virtual machine				[]	missing	missing	missing	metadata_not_found,missing_retirement_date,resource_inventory_not_found,subscription_inventory_not_found	"{""acquisition"":""advisor.recommendations"",""api_version"":""2025-01-01"",""fields"":{""description"":"""",""resource_id"":""properties.resourceMetadata.resourceId""},""lookup_keys"":{""metadata"":""7f71b153-c0b7-4e99-a23e-db8179183ec9\u0000/subscriptions/bbe47ad4-08b3-4925-94c5-1278e5819b86/resourcegroups/test-matteo/providers/microsoft.compute/virtualmachines/test-matteo-vm"",""resource"":""/subscriptions/bbe47ad4-08b3-4925-94c5-1278e5819b86/resourcegroups/test-matteo/providers/microsoft.compute/virtualmachines/test-matteo-vm"",""subscription"":""bbe47ad4-08b3-4925-94c5-1278e5819b86""},""match_status"":{""metadata"":""missing"",""resource"":""missing"",""subscription"":""missing""},""recommendation_id"":""/subscriptions/bbe47ad4-08b3-4925-94c5-1278e5819b86/resourcegroups/test-matteo/providers/microsoft.compute/virtualmachines/test-matteo-vm/providers/Microsoft.Advisor/recommendations/01200f6879924a354c0393a87aeb315420f02cebda94c8de20571909da672e24"",""resource_linkage"":""resource_id""}"	94b0b70546e95ea238972db8b9217fe2ba1f0d33068a4c8f49bb44ba0689904a
1	72a34e2b-f26c-4bd9-b778-6118966cf94b	2026-07-31	resolved	advisor_retirement_recommendation	azure_advisor	/subscriptions/bbe47ad4-08b3-4925-94c5-1278e5819b86/resourcegroups/test-matteo/providers/microsoft.compute/virtualmachines/test-matteo-vm/providers/Microsoft.Advisor/recommendations/6f5633b3e3e3bfecb7122cd118aee3085fc8e7729856ba30c562752a2a2649f2	5f2613df-629f-4b07-9425-2a47ea0dfad3	New	bbe47ad4-08b3-4925-94c5-1278e5819b86		resource_id	/subscriptions/bbe47ad4-08b3-4925-94c5-1278e5819b86/resourcegroups/test-matteo/providers/microsoft.compute/virtualmachines/test-matteo-vm	/subscriptions/bbe47ad4-08b3-4925-94c5-1278e5819b86/resourcegroups/test-matteo/providers/microsoft.compute/virtualmachines/test-matteo-vm	test-matteo-vm	test-matteo	microsoft.compute/virtualmachines		{}							missing	Medium		HighAvailability		2026-05-13T12:09:02.120334Z		Migrate workload to Virtual Machine Scale Sets Flex	Migrate workload to Virtual Machine Scale Sets Flex				[]	missing	missing	missing	metadata_not_found,missing_retirement_date,resource_inventory_not_found,subscription_inventory_not_found	"{""acquisition"":""advisor.recommendations"",""api_version"":""2025-01-01"",""fields"":{""description"":"""",""resource_id"":""properties.resourceMetadata.resourceId""},""lookup_keys"":{""metadata"":""5f2613df-629f-4b07-9425-2a47ea0dfad3\u0000/subscriptions/bbe47ad4-08b3-4925-94c5-1278e5819b86/resourcegroups/test-matteo/providers/microsoft.compute/virtualmachines/test-matteo-vm"",""resource"":""/subscriptions/bbe47ad4-08b3-4925-94c5-1278e5819b86/resourcegroups/test-matteo/providers/microsoft.compute/virtualmachines/test-matteo-vm"",""subscription"":""bbe47ad4-08b3-4925-94c5-1278e5819b86""},""match_status"":{""metadata"":""missing"",""resource"":""missing"",""subscription"":""missing""},""recommendation_id"":""/subscriptions/bbe47ad4-08b3-4925-94c5-1278e5819b86/resourcegroups/test-matteo/providers/microsoft.compute/virtualmachines/test-matteo-vm/providers/Microsoft.Advisor/recommendations/6f5633b3e3e3bfecb7122cd118aee3085fc8e7729856ba30c562752a2a2649f2"",""resource_linkage"":""resource_id""}"	ff24f4d776d944322ca15676bf77f9ce398c254b8672bcc7934259669838f4ff
1	72a34e2b-f26c-4bd9-b778-6118966cf94b	2026-07-31	resolved	advisor_retirement_recommendation	azure_advisor	/subscriptions/bbe47ad4-08b3-4925-94c5-1278e5819b86/resourcegroups/test-matteo/providers/microsoft.compute/virtualmachines/test-matteo-vm/providers/Microsoft.Advisor/recommendations/9fb5ee6ec1909ccbefbca000999a6a6cb4360015e70916765360dc5d1e313882	13cea0f1-c3f7-4c66-8b3b-9928a0f07cea	New	bbe47ad4-08b3-4925-94c5-1278e5819b86		resource_id	/subscriptions/bbe47ad4-08b3-4925-94c5-1278e5819b86/resourcegroups/test-matteo/providers/microsoft.compute/virtualmachines/test-matteo-vm	/subscriptions/bbe47ad4-08b3-4925-94c5-1278e5819b86/resourcegroups/test-matteo/providers/microsoft.compute/virtualmachines/test-matteo-vm	test-matteo-vm	test-matteo	microsoft.compute/virtualmachines		{}			LSv2, G, GS, F, FS, Fsv2, B, Av2 - Series	2028-11-15	2028-11-15	properties.extendedProperties.retirementDate	exact	High		HighAvailability		2026-05-09T10:07:15.382926Z		Review and migrate virtual machine workloads	Review and migrate virtual machine workloads				[]	missing	missing	missing	metadata_not_found,resource_inventory_not_found,subscription_inventory_not_found	"{""acquisition"":""advisor.recommendations"",""api_version"":""2025-01-01"",""fields"":{""description"":"""",""resource_id"":""properties.resourceMetadata.resourceId""},""lookup_keys"":{""metadata"":""13cea0f1-c3f7-4c66-8b3b-9928a0f07cea\u0000/subscriptions/bbe47ad4-08b3-4925-94c5-1278e5819b86/resourcegroups/test-matteo/providers/microsoft.compute/virtualmachines/test-matteo-vm"",""resource"":""/subscriptions/bbe47ad4-08b3-4925-94c5-1278e5819b86/resourcegroups/test-matteo/providers/microsoft.compute/virtualmachines/test-matteo-vm"",""subscription"":""bbe47ad4-08b3-4925-94c5-1278e5819b86""},""match_status"":{""metadata"":""missing"",""resource"":""missing"",""subscription"":""missing""},""recommendation_id"":""/subscriptions/bbe47ad4-08b3-4925-94c5-1278e5819b86/resourcegroups/test-matteo/providers/microsoft.compute/virtualmachines/test-matteo-vm/providers/Microsoft.Advisor/recommendations/9fb5ee6ec1909ccbefbca000999a6a6cb4360015e70916765360dc5d1e313882"",""resource_linkage"":""resource_id""}"	d050e46a8bec8271c73bfc041ffec3d12d5490d573dd07de44ab4c787d91519e
1	72a34e2b-f26c-4bd9-b778-6118966cf94b	2026-07-31	resolved	advisor_retirement_recommendation	azure_advisor	/subscriptions/bbe47ad4-08b3-4925-94c5-1278e5819b86/resourcegroups/test-peering-rg/providers/microsoft.compute/virtualmachines/test-peering-vm/providers/Microsoft.Advisor/recommendations/24dd027f157e6464fc04987a86f4bede362be0cd8c192a1dd04333ee1aab8909	7f71b153-c0b7-4e99-a23e-db8179183ec9	New	bbe47ad4-08b3-4925-94c5-1278e5819b86		resource_id	/subscriptions/bbe47ad4-08b3-4925-94c5-1278e5819b86/resourcegroups/test-peering-rg/providers/microsoft.compute/virtualmachines/test-peering-vm	/subscriptions/bbe47ad4-08b3-4925-94c5-1278e5819b86/resourcegroups/test-peering-rg/providers/microsoft.compute/virtualmachines/test-peering-vm	test-peering-vm	test-peering-rg	microsoft.compute/virtualmachines		{}							missing	High		HighAvailability		2026-04-20T11:47:14.024849Z		Migrate workload to D-series or better virtual machine	Migrate workload to D-series or better virtual machine				[]	missing	missing	missing	metadata_not_found,missing_retirement_date,resource_inventory_not_found,subscription_inventory_not_found	"{""acquisition"":""advisor.recommendations"",""api_version"":""2025-01-01"",""fields"":{""description"":"""",""resource_id"":""properties.resourceMetadata.resourceId""},""lookup_keys"":{""metadata"":""7f71b153-c0b7-4e99-a23e-db8179183ec9\u0000/subscriptions/bbe47ad4-08b3-4925-94c5-1278e5819b86/resourcegroups/test-peering-rg/providers/microsoft.compute/virtualmachines/test-peering-vm"",""resource"":""/subscriptions/bbe47ad4-08b3-4925-94c5-1278e5819b86/resourcegroups/test-peering-rg/providers/microsoft.compute/virtualmachines/test-peering-vm"",""subscription"":""bbe47ad4-08b3-4925-94c5-1278e5819b86""},""match_status"":{""metadata"":""missing"",""resource"":""missing"",""subscription"":""missing""},""recommendation_id"":""/subscriptions/bbe47ad4-08b3-4925-94c5-1278e5819b86/resourcegroups/test-peering-rg/providers/microsoft.compute/virtualmachines/test-peering-vm/providers/Microsoft.Advisor/recommendations/24dd027f157e6464fc04987a86f4bede362be0cd8c192a1dd04333ee1aab8909"",""resource_linkage"":""resource_id""}"	390e2f4d4467a7a4e3d8218dc6cb8097215ce2d2504a67cf80e86bbaa8e7187d
1	72a34e2b-f26c-4bd9-b778-6118966cf94b	2026-07-31	resolved	advisor_retirement_recommendation	azure_advisor	/subscriptions/bbe47ad4-08b3-4925-94c5-1278e5819b86/resourcegroups/test-peering-rg/providers/microsoft.compute/virtualmachines/test-peering-vm/providers/Microsoft.Advisor/recommendations/6302f02e3397b757770dcebb11fd0e6c15c46afde12e58a3d26ae7faf1902486	5f2613df-629f-4b07-9425-2a47ea0dfad3	New	bbe47ad4-08b3-4925-94c5-1278e5819b86		resource_id	/subscriptions/bbe47ad4-08b3-4925-94c5-1278e5819b86/resourcegroups/test-peering-rg/providers/microsoft.compute/virtualmachines/test-peering-vm	/subscriptions/bbe47ad4-08b3-4925-94c5-1278e5819b86/resourcegroups/test-peering-rg/providers/microsoft.compute/virtualmachines/test-peering-vm	test-peering-vm	test-peering-rg	microsoft.compute/virtualmachines		{}							missing	Medium		HighAvailability		2026-04-28T12:18:58.051254Z		Migrate workload to Virtual Machine Scale Sets Flex	Migrate workload to Virtual Machine Scale Sets Flex				[]	missing	missing	missing	metadata_not_found,missing_retirement_date,resource_inventory_not_found,subscription_inventory_not_found	"{""acquisition"":""advisor.recommendations"",""api_version"":""2025-01-01"",""fields"":{""description"":"""",""resource_id"":""properties.resourceMetadata.resourceId""},""lookup_keys"":{""metadata"":""5f2613df-629f-4b07-9425-2a47ea0dfad3\u0000/subscriptions/bbe47ad4-08b3-4925-94c5-1278e5819b86/resourcegroups/test-peering-rg/providers/microsoft.compute/virtualmachines/test-peering-vm"",""resource"":""/subscriptions/bbe47ad4-08b3-4925-94c5-1278e5819b86/resourcegroups/test-peering-rg/providers/microsoft.compute/virtualmachines/test-peering-vm"",""subscription"":""bbe47ad4-08b3-4925-94c5-1278e5819b86""},""match_status"":{""metadata"":""missing"",""resource"":""missing"",""subscription"":""missing""},""recommendation_id"":""/subscriptions/bbe47ad4-08b3-4925-94c5-1278e5819b86/resourcegroups/test-peering-rg/providers/microsoft.compute/virtualmachines/test-peering-vm/providers/Microsoft.Advisor/recommendations/6302f02e3397b757770dcebb11fd0e6c15c46afde12e58a3d26ae7faf1902486"",""resource_linkage"":""resource_id""}"	860c8ccd3a245b498d5fe9f81d6933570e33eb6fda210bb4ab46646619948d1a
1	72a34e2b-f26c-4bd9-b778-6118966cf94b	2026-07-31	resolved	advisor_retirement_recommendation	azure_advisor	/subscriptions/bbe47ad4-08b3-4925-94c5-1278e5819b86/resourcegroups/test-peering-rg/providers/microsoft.compute/virtualmachines/test-peering-vm/providers/Microsoft.Advisor/recommendations/729d7dd4e6e0923ceda0699034ca652ec2743b854e21c9a36c616b3f9f8a8605	13cea0f1-c3f7-4c66-8b3b-9928a0f07cea	New	bbe47ad4-08b3-4925-94c5-1278e5819b86		resource_id	/subscriptions/bbe47ad4-08b3-4925-94c5-1278e5819b86/resourcegroups/test-peering-rg/providers/microsoft.compute/virtualmachines/test-peering-vm	/subscriptions/bbe47ad4-08b3-4925-94c5-1278e5819b86/resourcegroups/test-peering-rg/providers/microsoft.compute/virtualmachines/test-peering-vm	test-peering-vm	test-peering-rg	microsoft.compute/virtualmachines		{}			LSv2, G, GS, F, FS, Fsv2, B, Av2 - Series	2028-11-15	2028-11-15	properties.extendedProperties.retirementDate	exact	High		HighAvailability		2026-05-13T09:45:41.945554Z		Review and migrate virtual machine workloads	Review and migrate virtual machine workloads				[]	missing	missing	missing	metadata_not_found,resource_inventory_not_found,subscription_inventory_not_found	"{""acquisition"":""advisor.recommendations"",""api_version"":""2025-01-01"",""fields"":{""description"":"""",""resource_id"":""properties.resourceMetadata.resourceId""},""lookup_keys"":{""metadata"":""13cea0f1-c3f7-4c66-8b3b-9928a0f07cea\u0000/subscriptions/bbe47ad4-08b3-4925-94c5-1278e5819b86/resourcegroups/test-peering-rg/providers/microsoft.compute/virtualmachines/test-peering-vm"",""resource"":""/subscriptions/bbe47ad4-08b3-4925-94c5-1278e5819b86/resourcegroups/test-peering-rg/providers/microsoft.compute/virtualmachines/test-peering-vm"",""subscription"":""bbe47ad4-08b3-4925-94c5-1278e5819b86""},""match_status"":{""metadata"":""missing"",""resource"":""missing"",""subscription"":""missing""},""recommendation_id"":""/subscriptions/bbe47ad4-08b3-4925-94c5-1278e5819b86/resourcegroups/test-peering-rg/providers/microsoft.compute/virtualmachines/test-peering-vm/providers/Microsoft.Advisor/recommendations/729d7dd4e6e0923ceda0699034ca652ec2743b854e21c9a36c616b3f9f8a8605"",""resource_linkage"":""resource_id""}"	692c89c7b5983c223fed81a754bc0d89fa4550ed7780aba0da48cde065ade386
1	72a34e2b-f26c-4bd9-b778-6118966cf94b	2026-07-31	resolved	advisor_retirement_recommendation	azure_advisor	/subscriptions/bbe47ad4-08b3-4925-94c5-1278e5819b86/resourcegroups/test-peering-rg/providers/microsoft.network/publicipaddresses/test-peering-vm-ip/providers/Microsoft.Advisor/recommendations/f695768a66575ecbaa68dc07355184541a0fe2b08420dcec4793a5d8b8737878	557fc33a-46a3-4688-9f09-0aa6ae3d38d7	New	bbe47ad4-08b3-4925-94c5-1278e5819b86		resource_id	/subscriptions/bbe47ad4-08b3-4925-94c5-1278e5819b86/resourcegroups/test-peering-rg/providers/microsoft.network/publicipaddresses/test-peering-vm-ip	/subscriptions/bbe47ad4-08b3-4925-94c5-1278e5819b86/resourcegroups/test-peering-rg/providers/microsoft.network/publicipaddresses/test-peering-vm-ip	test-peering-vm-ip	test-peering-rg	microsoft.network/publicipaddresses		{}			Basic SKU	2025-09-30	2025-09-30	properties.extendedProperties.retirementDate	exact	Medium		HighAvailability		2026-05-13T02:52:05.812055Z		Basic SKU is being retired	Basic SKU is being retired				[]	missing	missing	missing	metadata_not_found,resource_inventory_not_found,subscription_inventory_not_found	"{""acquisition"":""advisor.recommendations"",""api_version"":""2025-01-01"",""fields"":{""description"":"""",""resource_id"":""properties.resourceMetadata.resourceId""},""lookup_keys"":{""metadata"":""557fc33a-46a3-4688-9f09-0aa6ae3d38d7\u0000/subscriptions/bbe47ad4-08b3-4925-94c5-1278e5819b86/resourcegroups/test-peering-rg/providers/microsoft.network/publicipaddresses/test-peering-vm-ip"",""resource"":""/subscriptions/bbe47ad4-08b3-4925-94c5-1278e5819b86/resourcegroups/test-peering-rg/providers/microsoft.network/publicipaddresses/test-peering-vm-ip"",""subscription"":""bbe47ad4-08b3-4925-94c5-1278e5819b86""},""match_status"":{""metadata"":""missing"",""resource"":""missing"",""subscription"":""missing""},""recommendation_id"":""/subscriptions/bbe47ad4-08b3-4925-94c5-1278e5819b86/resourcegroups/test-peering-rg/providers/microsoft.network/publicipaddresses/test-peering-vm-ip/providers/Microsoft.Advisor/recommendations/f695768a66575ecbaa68dc07355184541a0fe2b08420dcec4793a5d8b8737878"",""resource_linkage"":""resource_id""}"	5cbc200697e21b02c442eb6f4bfbf9a3ffd597999b497dc08591a2035c8aef7e
1	72a34e2b-f26c-4bd9-b778-6118966cf94b	2026-07-31	resolved	advisor_retirement_recommendation	azure_advisor	/subscriptions/bbe47ad4-08b3-4925-94c5-1278e5819b86/resourcegroups/test-smo-rg/providers/microsoft.storage/storageaccounts/testsmorg88ce/providers/Microsoft.Advisor/recommendations/0a1d63756ecaa6d05283ff3acfc25252ee386429af2f55513b74de2b0870dacf	1d70919c-1a4a-4f79-8300-bb576c291e9d	New	bbe47ad4-08b3-4925-94c5-1278e5819b86		resource_id	/subscriptions/bbe47ad4-08b3-4925-94c5-1278e5819b86/resourcegroups/test-smo-rg/providers/microsoft.storage/storageaccounts/testsmorg88ce	/subscriptions/bbe47ad4-08b3-4925-94c5-1278e5819b86/resourcegroups/test-smo-rg/providers/microsoft.storage/storageaccounts/testsmorg88ce	testsmorg88ce	test-smo-rg	microsoft.storage/storageaccounts		{}			Legacy Blob and General-Purpose v1 storage accounts	2026-10-13	2026-10-13	properties.extendedProperties.retirementDate	exact	Medium		HighAvailability		2026-04-30T03:34:57.685627Z		Upgrade general-purpose v1 storage accounts	Upgrade general-purpose v1 storage accounts				[]	missing	missing	missing	metadata_not_found,resource_inventory_not_found,subscription_inventory_not_found	"{""acquisition"":""advisor.recommendations"",""api_version"":""2025-01-01"",""fields"":{""description"":"""",""resource_id"":""properties.resourceMetadata.resourceId""},""lookup_keys"":{""metadata"":""1d70919c-1a4a-4f79-8300-bb576c291e9d\u0000/subscriptions/bbe47ad4-08b3-4925-94c5-1278e5819b86/resourcegroups/test-smo-rg/providers/microsoft.storage/storageaccounts/testsmorg88ce"",""resource"":""/subscriptions/bbe47ad4-08b3-4925-94c5-1278e5819b86/resourcegroups/test-smo-rg/providers/microsoft.storage/storageaccounts/testsmorg88ce"",""subscription"":""bbe47ad4-08b3-4925-94c5-1278e5819b86""},""match_status"":{""metadata"":""missing"",""resource"":""missing"",""subscription"":""missing""},""recommendation_id"":""/subscriptions/bbe47ad4-08b3-4925-94c5-1278e5819b86/resourcegroups/test-smo-rg/providers/microsoft.storage/storageaccounts/testsmorg88ce/providers/Microsoft.Advisor/recommendations/0a1d63756ecaa6d05283ff3acfc25252ee386429af2f55513b74de2b0870dacf"",""resource_linkage"":""resource_id""}"	80f3515634b04fbbe114fc03e95e00ec6a640b3721783967130eb8e2387fae9c
1	72a34e2b-f26c-4bd9-b778-6118966cf94b	2026-07-31	resolved	advisor_retirement_recommendation	azure_advisor	/subscriptions/c703d239-22b7-4d1a-9433-145daa884c10/resourcegroups/plsm-p-itn-common-rg-01/providers/microsoft.keyvault/vaults/plsm-p-itn-common-kv-01/providers/Microsoft.Advisor/recommendations/7269938d41ce840de1acc942d621bedb759d4922c5feff5e495decae940006f8	7ff06874-39e9-41be-9552-fa1ae2a83c88	New	c703d239-22b7-4d1a-9433-145daa884c10		resource_id	/subscriptions/c703d239-22b7-4d1a-9433-145daa884c10/resourcegroups/plsm-p-itn-common-rg-01/providers/microsoft.keyvault/vaults/plsm-p-itn-common-kv-01	/subscriptions/c703d239-22b7-4d1a-9433-145daa884c10/resourcegroups/plsm-p-itn-common-rg-01/providers/microsoft.keyvault/vaults/plsm-p-itn-common-kv-01	plsm-p-itn-common-kv-01	plsm-p-itn-common-rg-01	microsoft.keyvault/vaults		{}			API versions prior to 2026-02-01	2027-02-27	2027-02-27	properties.extendedProperties.retirementDate	exact	High		HighAvailability		2026-07-29T21:19:14.312392Z		Azure Key Vault API versions prior to 2026-02-01 are being retired	Azure Key Vault API versions prior to 2026-02-01 are being retired				[]	missing	missing	missing	metadata_not_found,resource_inventory_not_found,subscription_inventory_not_found	"{""acquisition"":""advisor.recommendations"",""api_version"":""2025-01-01"",""fields"":{""description"":"""",""resource_id"":""properties.resourceMetadata.resourceId""},""lookup_keys"":{""metadata"":""7ff06874-39e9-41be-9552-fa1ae2a83c88\u0000/subscriptions/c703d239-22b7-4d1a-9433-145daa884c10/resourcegroups/plsm-p-itn-common-rg-01/providers/microsoft.keyvault/vaults/plsm-p-itn-common-kv-01"",""resource"":""/subscriptions/c703d239-22b7-4d1a-9433-145daa884c10/resourcegroups/plsm-p-itn-common-rg-01/providers/microsoft.keyvault/vaults/plsm-p-itn-common-kv-01"",""subscription"":""c703d239-22b7-4d1a-9433-145daa884c10""},""match_status"":{""metadata"":""missing"",""resource"":""missing"",""subscription"":""missing""},""recommendation_id"":""/subscriptions/c703d239-22b7-4d1a-9433-145daa884c10/resourcegroups/plsm-p-itn-common-rg-01/providers/microsoft.keyvault/vaults/plsm-p-itn-common-kv-01/providers/Microsoft.Advisor/recommendations/7269938d41ce840de1acc942d621bedb759d4922c5feff5e495decae940006f8"",""resource_linkage"":""resource_id""}"	5f909922c04d4ab9a841f3dc09ac8192c18ce024721381f4a2b5abfe85a103d9
1	72a34e2b-f26c-4bd9-b778-6118966cf94b	2026-07-31	resolved	advisor_retirement_recommendation	azure_advisor	/subscriptions/c703d239-22b7-4d1a-9433-145daa884c10/resourcegroups/plsm-p-itn-network-rg-01/providers/microsoft.network/virtualnetworkgateways/plsm-p-itn-vpn-vgw-01/providers/Microsoft.Advisor/recommendations/e82b50b70152a6df315b5c1f11f05a593bbdf4d6b29584f3036b57e608ddf8c1	4d9ee0c5-6fbd-41d3-864f-b9251c92eebc	New	c703d239-22b7-4d1a-9433-145daa884c10		resource_id	/subscriptions/c703d239-22b7-4d1a-9433-145daa884c10/resourcegroups/plsm-p-itn-network-rg-01/providers/microsoft.network/virtualnetworkgateways/plsm-p-itn-vpn-vgw-01	/subscriptions/c703d239-22b7-4d1a-9433-145daa884c10/resourcegroups/plsm-p-itn-network-rg-01/providers/microsoft.network/virtualnetworkgateways/plsm-p-itn-vpn-vgw-01	plsm-p-itn-vpn-vgw-01	plsm-p-itn-network-rg-01	microsoft.network/virtualnetworkgateways		{}			Non-AZ VPNs	2026-09-30	2026-09-30	properties.extendedProperties.retirementDate	exact	Medium		HighAvailability		2026-05-15T16:52:04.426547Z		VpnGw1-5 (Non-Availability Zones SKUs) is being retired.	VpnGw1-5 (Non-Availability Zones SKUs) is being retired.				[]	missing	missing	missing	metadata_not_found,resource_inventory_not_found,subscription_inventory_not_found	"{""acquisition"":""advisor.recommendations"",""api_version"":""2025-01-01"",""fields"":{""description"":"""",""resource_id"":""properties.resourceMetadata.resourceId""},""lookup_keys"":{""metadata"":""4d9ee0c5-6fbd-41d3-864f-b9251c92eebc\u0000/subscriptions/c703d239-22b7-4d1a-9433-145daa884c10/resourcegroups/plsm-p-itn-network-rg-01/providers/microsoft.network/virtualnetworkgateways/plsm-p-itn-vpn-vgw-01"",""resource"":""/subscriptions/c703d239-22b7-4d1a-9433-145daa884c10/resourcegroups/plsm-p-itn-network-rg-01/providers/microsoft.network/virtualnetworkgateways/plsm-p-itn-vpn-vgw-01"",""subscription"":""c703d239-22b7-4d1a-9433-145daa884c10""},""match_status"":{""metadata"":""missing"",""resource"":""missing"",""subscription"":""missing""},""recommendation_id"":""/subscriptions/c703d239-22b7-4d1a-9433-145daa884c10/resourcegroups/plsm-p-itn-network-rg-01/providers/microsoft.network/virtualnetworkgateways/plsm-p-itn-vpn-vgw-01/providers/Microsoft.Advisor/recommendations/e82b50b70152a6df315b5c1f11f05a593bbdf4d6b29584f3036b57e608ddf8c1"",""resource_linkage"":""resource_id""}"	fd85eeec59654c86e721b671b74ad89e1321197636a52beb79db30b0814e41f1
1	72a34e2b-f26c-4bd9-b778-6118966cf94b	2026-07-31	resolved	advisor_retirement_recommendation	azure_advisor	/subscriptions/d1a90d9f-6ee1-4fb2-a149-7aedbf3ed49d/resourcegroups/io-u-itn-cgn-pe-rg-01/providers/microsoft.keyvault/vaults/io-u-itn-cgn-pe-kv-01/providers/Microsoft.Advisor/recommendations/c27edcb2fc2f1469010240db4d9e96079acdabcabeef38e819df24a0d986f54a	7ff06874-39e9-41be-9552-fa1ae2a83c88	New	d1a90d9f-6ee1-4fb2-a149-7aedbf3ed49d		resource_id	/subscriptions/d1a90d9f-6ee1-4fb2-a149-7aedbf3ed49d/resourcegroups/io-u-itn-cgn-pe-rg-01/providers/microsoft.keyvault/vaults/io-u-itn-cgn-pe-kv-01	/subscriptions/d1a90d9f-6ee1-4fb2-a149-7aedbf3ed49d/resourcegroups/io-u-itn-cgn-pe-rg-01/providers/microsoft.keyvault/vaults/io-u-itn-cgn-pe-kv-01	io-u-itn-cgn-pe-kv-01	io-u-itn-cgn-pe-rg-01	microsoft.keyvault/vaults		{}			API versions prior to 2026-02-01	2027-02-27	2027-02-27	properties.extendedProperties.retirementDate	exact	High		HighAvailability		2026-07-30T20:08:43.959532Z		Azure Key Vault API versions prior to 2026-02-01 are being retired	Azure Key Vault API versions prior to 2026-02-01 are being retired				[]	missing	missing	missing	metadata_not_found,resource_inventory_not_found,subscription_inventory_not_found	"{""acquisition"":""advisor.recommendations"",""api_version"":""2025-01-01"",""fields"":{""description"":"""",""resource_id"":""properties.resourceMetadata.resourceId""},""lookup_keys"":{""metadata"":""7ff06874-39e9-41be-9552-fa1ae2a83c88\u0000/subscriptions/d1a90d9f-6ee1-4fb2-a149-7aedbf3ed49d/resourcegroups/io-u-itn-cgn-pe-rg-01/providers/microsoft.keyvault/vaults/io-u-itn-cgn-pe-kv-01"",""resource"":""/subscriptions/d1a90d9f-6ee1-4fb2-a149-7aedbf3ed49d/resourcegroups/io-u-itn-cgn-pe-rg-01/providers/microsoft.keyvault/vaults/io-u-itn-cgn-pe-kv-01"",""subscription"":""d1a90d9f-6ee1-4fb2-a149-7aedbf3ed49d""},""match_status"":{""metadata"":""missing"",""resource"":""missing"",""subscription"":""missing""},""recommendation_id"":""/subscriptions/d1a90d9f-6ee1-4fb2-a149-7aedbf3ed49d/resourcegroups/io-u-itn-cgn-pe-rg-01/providers/microsoft.keyvault/vaults/io-u-itn-cgn-pe-kv-01/providers/Microsoft.Advisor/recommendations/c27edcb2fc2f1469010240db4d9e96079acdabcabeef38e819df24a0d986f54a"",""resource_linkage"":""resource_id""}"	2fc01f93364830873c8d278626ccb8bd505406a4fa9c602fac03b042e9c5d07b
1	72a34e2b-f26c-4bd9-b778-6118966cf94b	2026-07-31	resolved	advisor_retirement_recommendation	azure_advisor	/subscriptions/d1a90d9f-6ee1-4fb2-a149-7aedbf3ed49d/resourcegroups/io-u-itn-cgn-pe-rg-01/providers/microsoft.network/applicationgateways/io-u-itn-cgn-pe-agw-01/providers/Microsoft.Advisor/recommendations/eb4927850564990ab0e4d359a471541274618811dd8624d03161ae03ab69dd41	13d4b9e9-e144-4fa6-8d03-38b1c9f2b4a3	New	d1a90d9f-6ee1-4fb2-a149-7aedbf3ed49d		resource_id	/subscriptions/d1a90d9f-6ee1-4fb2-a149-7aedbf3ed49d/resourcegroups/io-u-itn-cgn-pe-rg-01/providers/microsoft.network/applicationgateways/io-u-itn-cgn-pe-agw-01	/subscriptions/d1a90d9f-6ee1-4fb2-a149-7aedbf3ed49d/resourcegroups/io-u-itn-cgn-pe-rg-01/providers/microsoft.network/applicationgateways/io-u-itn-cgn-pe-agw-01	io-u-itn-cgn-pe-agw-01	io-u-itn-cgn-pe-rg-01	microsoft.network/applicationgateways		{}			WAF v2 Config	2027-03-31	2027-03-31	properties.extendedProperties.retirementDate	exact	Medium		HighAvailability		2026-04-16T08:47:05.808792Z		Application Gateway Web Application Firewall v2 configuration is retiring	Application Gateway Web Application Firewall v2 configuration is retiring				[]	missing	missing	missing	metadata_not_found,resource_inventory_not_found,subscription_inventory_not_found	"{""acquisition"":""advisor.recommendations"",""api_version"":""2025-01-01"",""fields"":{""description"":"""",""resource_id"":""properties.resourceMetadata.resourceId""},""lookup_keys"":{""metadata"":""13d4b9e9-e144-4fa6-8d03-38b1c9f2b4a3\u0000/subscriptions/d1a90d9f-6ee1-4fb2-a149-7aedbf3ed49d/resourcegroups/io-u-itn-cgn-pe-rg-01/providers/microsoft.network/applicationgateways/io-u-itn-cgn-pe-agw-01"",""resource"":""/subscriptions/d1a90d9f-6ee1-4fb2-a149-7aedbf3ed49d/resourcegroups/io-u-itn-cgn-pe-rg-01/providers/microsoft.network/applicationgateways/io-u-itn-cgn-pe-agw-01"",""subscription"":""d1a90d9f-6ee1-4fb2-a149-7aedbf3ed49d""},""match_status"":{""metadata"":""missing"",""resource"":""missing"",""subscription"":""missing""},""recommendation_id"":""/subscriptions/d1a90d9f-6ee1-4fb2-a149-7aedbf3ed49d/resourcegroups/io-u-itn-cgn-pe-rg-01/providers/microsoft.network/applicationgateways/io-u-itn-cgn-pe-agw-01/providers/Microsoft.Advisor/recommendations/eb4927850564990ab0e4d359a471541274618811dd8624d03161ae03ab69dd41"",""resource_linkage"":""resource_id""}"	7539ead083c6a4b64893f35543a6beaab85ea38a30b23c1a36ed66accfc8607b
1	72a34e2b-f26c-4bd9-b778-6118966cf94b	2026-07-31	resolved	advisor_retirement_recommendation	azure_advisor	/subscriptions/d1a90d9f-6ee1-4fb2-a149-7aedbf3ed49d/resourcegroups/io-u-itn-cgn-pe-rg-01/providers/microsoft.network/virtualnetworkgateways/io-u-itn-vgw-01-gw/providers/Microsoft.Advisor/recommendations/c10eca8be2bf08796cb8f810e3224923035e0f5011014f5f09e5759542f7b543	4d9ee0c5-6fbd-41d3-864f-b9251c92eebc	New	d1a90d9f-6ee1-4fb2-a149-7aedbf3ed49d		resource_id	/subscriptions/d1a90d9f-6ee1-4fb2-a149-7aedbf3ed49d/resourcegroups/io-u-itn-cgn-pe-rg-01/providers/microsoft.network/virtualnetworkgateways/io-u-itn-vgw-01-gw	/subscriptions/d1a90d9f-6ee1-4fb2-a149-7aedbf3ed49d/resourcegroups/io-u-itn-cgn-pe-rg-01/providers/microsoft.network/virtualnetworkgateways/io-u-itn-vgw-01-gw	io-u-itn-vgw-01-gw	io-u-itn-cgn-pe-rg-01	microsoft.network/virtualnetworkgateways		{}			Non-AZ VPNs	2026-09-30	2026-09-30	properties.extendedProperties.retirementDate	exact	Medium		HighAvailability		2026-04-28T14:15:02.096439Z		VpnGw1-5 (Non-Availability Zones SKUs) is being retired.	VpnGw1-5 (Non-Availability Zones SKUs) is being retired.				[]	missing	missing	missing	metadata_not_found,resource_inventory_not_found,subscription_inventory_not_found	"{""acquisition"":""advisor.recommendations"",""api_version"":""2025-01-01"",""fields"":{""description"":"""",""resource_id"":""properties.resourceMetadata.resourceId""},""lookup_keys"":{""metadata"":""4d9ee0c5-6fbd-41d3-864f-b9251c92eebc\u0000/subscriptions/d1a90d9f-6ee1-4fb2-a149-7aedbf3ed49d/resourcegroups/io-u-itn-cgn-pe-rg-01/providers/microsoft.network/virtualnetworkgateways/io-u-itn-vgw-01-gw"",""resource"":""/subscriptions/d1a90d9f-6ee1-4fb2-a149-7aedbf3ed49d/resourcegroups/io-u-itn-cgn-pe-rg-01/providers/microsoft.network/virtualnetworkgateways/io-u-itn-vgw-01-gw"",""subscription"":""d1a90d9f-6ee1-4fb2-a149-7aedbf3ed49d""},""match_status"":{""metadata"":""missing"",""resource"":""missing"",""subscription"":""missing""},""recommendation_id"":""/subscriptions/d1a90d9f-6ee1-4fb2-a149-7aedbf3ed49d/resourcegroups/io-u-itn-cgn-pe-rg-01/providers/microsoft.network/virtualnetworkgateways/io-u-itn-vgw-01-gw/providers/Microsoft.Advisor/recommendations/c10eca8be2bf08796cb8f810e3224923035e0f5011014f5f09e5759542f7b543"",""resource_linkage"":""resource_id""}"	02274229e68329a698ca8f9444dc7d9553f19f789a9a6d0e10c63d209787ee7b
1	72a34e2b-f26c-4bd9-b778-6118966cf94b	2026-07-31	resolved	advisor_retirement_recommendation	azure_advisor	/subscriptions/d7de83e0-0571-40ad-b63a-64c942385eae/resourcegroups/cloudgaap-test-iac/providers/microsoft.storage/storageaccounts/cloudgaaptestiac/providers/Microsoft.Advisor/recommendations/f55213b27452d585e8ce632c95bd7cf1b4743c2f7f008f1db0e240786f89c8ea	ced5fa9f-b5bf-4982-9f25-8190fb36dfca	New	d7de83e0-0571-40ad-b63a-64c942385eae		resource_id	/subscriptions/d7de83e0-0571-40ad-b63a-64c942385eae/resourcegroups/cloudgaap-test-iac/providers/microsoft.storage/storageaccounts/cloudgaaptestiac	/subscriptions/d7de83e0-0571-40ad-b63a-64c942385eae/resourcegroups/cloudgaap-test-iac/providers/microsoft.storage/storageaccounts/cloudgaaptestiac	cloudgaaptestiac	cloudgaap-test-iac	microsoft.storage/storageaccounts		{}			Support for TLS 1.0 and 1.1	2026-02-03	2026-02-03	properties.extendedProperties.retirementDate	exact	High		HighAvailability		2026-04-18T13:09:18.893114Z		Support for TLS 1.0 and TLS 1.1 in Azure storage accounts is ending	Support for TLS 1.0 and TLS 1.1 in Azure storage accounts is ending				[]	missing	missing	missing	metadata_not_found,resource_inventory_not_found,subscription_inventory_not_found	"{""acquisition"":""advisor.recommendations"",""api_version"":""2025-01-01"",""fields"":{""description"":"""",""resource_id"":""properties.resourceMetadata.resourceId""},""lookup_keys"":{""metadata"":""ced5fa9f-b5bf-4982-9f25-8190fb36dfca\u0000/subscriptions/d7de83e0-0571-40ad-b63a-64c942385eae/resourcegroups/cloudgaap-test-iac/providers/microsoft.storage/storageaccounts/cloudgaaptestiac"",""resource"":""/subscriptions/d7de83e0-0571-40ad-b63a-64c942385eae/resourcegroups/cloudgaap-test-iac/providers/microsoft.storage/storageaccounts/cloudgaaptestiac"",""subscription"":""d7de83e0-0571-40ad-b63a-64c942385eae""},""match_status"":{""metadata"":""missing"",""resource"":""missing"",""subscription"":""missing""},""recommendation_id"":""/subscriptions/d7de83e0-0571-40ad-b63a-64c942385eae/resourcegroups/cloudgaap-test-iac/providers/microsoft.storage/storageaccounts/cloudgaaptestiac/providers/Microsoft.Advisor/recommendations/f55213b27452d585e8ce632c95bd7cf1b4743c2f7f008f1db0e240786f89c8ea"",""resource_linkage"":""resource_id""}"	067d5e870698f7c1ae02f20cf0f5eb5fc55940fec12a2cd05839fea88bf29358
1	72a34e2b-f26c-4bd9-b778-6118966cf94b	2026-07-31	resolved	advisor_retirement_recommendation	azure_advisor	/subscriptions/d7de83e0-0571-40ad-b63a-64c942385eae/resourcegroups/dev/providers/microsoft.documentdb/databaseaccounts/dev-innovation-cosmosdb-test/providers/Microsoft.Advisor/recommendations/039d84da1d4e3c37dec711d3f5889970ea18b6d89d29ff428b4727ef237dd905	0082c3b0-5b9c-4157-bb43-29307b6f882e	New	d7de83e0-0571-40ad-b63a-64c942385eae		resource_id	/subscriptions/d7de83e0-0571-40ad-b63a-64c942385eae/resourcegroups/dev/providers/microsoft.documentdb/databaseaccounts/dev-innovation-cosmosdb-test	/subscriptions/d7de83e0-0571-40ad-b63a-64c942385eae/resourcegroups/dev/providers/microsoft.documentdb/databaseaccounts/dev-innovation-cosmosdb-test	dev-innovation-cosmosdb-test	dev	microsoft.documentdb/databaseaccounts		{}			Azure Synapse Link for Azure Cosmos DB NoSQL	2029-03-31	2029-03-31	properties.extendedProperties.retirementDate	exact	Medium		HighAvailability		2026-07-26T08:36:10.011819Z		Migrate Cosmos DB Synapse Link (NoSQL) to Fabric Mirroring	Migrate Cosmos DB Synapse Link (NoSQL) to Fabric Mirroring				[]	missing	missing	missing	metadata_not_found,resource_inventory_not_found,subscription_inventory_not_found	"{""acquisition"":""advisor.recommendations"",""api_version"":""2025-01-01"",""fields"":{""description"":"""",""resource_id"":""properties.resourceMetadata.resourceId""},""lookup_keys"":{""metadata"":""0082c3b0-5b9c-4157-bb43-29307b6f882e\u0000/subscriptions/d7de83e0-0571-40ad-b63a-64c942385eae/resourcegroups/dev/providers/microsoft.documentdb/databaseaccounts/dev-innovation-cosmosdb-test"",""resource"":""/subscriptions/d7de83e0-0571-40ad-b63a-64c942385eae/resourcegroups/dev/providers/microsoft.documentdb/databaseaccounts/dev-innovation-cosmosdb-test"",""subscription"":""d7de83e0-0571-40ad-b63a-64c942385eae""},""match_status"":{""metadata"":""missing"",""resource"":""missing"",""subscription"":""missing""},""recommendation_id"":""/subscriptions/d7de83e0-0571-40ad-b63a-64c942385eae/resourcegroups/dev/providers/microsoft.documentdb/databaseaccounts/dev-innovation-cosmosdb-test/providers/Microsoft.Advisor/recommendations/039d84da1d4e3c37dec711d3f5889970ea18b6d89d29ff428b4727ef237dd905"",""resource_linkage"":""resource_id""}"	de7b3b13961ff6d2d058b18431c92977b1a228e6461fca907ed30e935d749e17
1	72a34e2b-f26c-4bd9-b778-6118966cf94b	2026-07-31	resolved	advisor_retirement_recommendation	azure_advisor	/subscriptions/d7de83e0-0571-40ad-b63a-64c942385eae/resourcegroups/dev/providers/microsoft.storage/storageaccounts/dev8454/providers/Microsoft.Advisor/recommendations/6bf071d098d72c2b216f32e09f0cb6c30419fdbe2e85fe771f6a8fa92326b7ed	1d70919c-1a4a-4f79-8300-bb576c291e9d	New	d7de83e0-0571-40ad-b63a-64c942385eae		resource_id	/subscriptions/d7de83e0-0571-40ad-b63a-64c942385eae/resourcegroups/dev/providers/microsoft.storage/storageaccounts/dev8454	/subscriptions/d7de83e0-0571-40ad-b63a-64c942385eae/resourcegroups/dev/providers/microsoft.storage/storageaccounts/dev8454	dev8454	dev	microsoft.storage/storageaccounts		{}			Legacy Blob and General-Purpose v1 storage accounts	2026-10-13	2026-10-13	properties.extendedProperties.retirementDate	exact	Medium		HighAvailability		2026-05-13T12:10:25.597096Z		Upgrade general-purpose v1 storage accounts	Upgrade general-purpose v1 storage accounts				[]	missing	missing	missing	metadata_not_found,resource_inventory_not_found,subscription_inventory_not_found	"{""acquisition"":""advisor.recommendations"",""api_version"":""2025-01-01"",""fields"":{""description"":"""",""resource_id"":""properties.resourceMetadata.resourceId""},""lookup_keys"":{""metadata"":""1d70919c-1a4a-4f79-8300-bb576c291e9d\u0000/subscriptions/d7de83e0-0571-40ad-b63a-64c942385eae/resourcegroups/dev/providers/microsoft.storage/storageaccounts/dev8454"",""resource"":""/subscriptions/d7de83e0-0571-40ad-b63a-64c942385eae/resourcegroups/dev/providers/microsoft.storage/storageaccounts/dev8454"",""subscription"":""d7de83e0-0571-40ad-b63a-64c942385eae""},""match_status"":{""metadata"":""missing"",""resource"":""missing"",""subscription"":""missing""},""recommendation_id"":""/subscriptions/d7de83e0-0571-40ad-b63a-64c942385eae/resourcegroups/dev/providers/microsoft.storage/storageaccounts/dev8454/providers/Microsoft.Advisor/recommendations/6bf071d098d72c2b216f32e09f0cb6c30419fdbe2e85fe771f6a8fa92326b7ed"",""resource_linkage"":""resource_id""}"	6163d632904f5c1606bbf93d127f77b8ece3890921252e86e50be592dbbe8926
1	72a34e2b-f26c-4bd9-b778-6118966cf94b	2026-07-31	resolved	advisor_retirement_recommendation	azure_advisor	/subscriptions/d7de83e0-0571-40ad-b63a-64c942385eae/resourcegroups/dev/providers/microsoft.storage/storageaccounts/deva1ac/providers/Microsoft.Advisor/recommendations/c4521967f258df074c8bef4d2866c57fbf3e73e638035f06cdf1f9aed5886947	1d70919c-1a4a-4f79-8300-bb576c291e9d	New	d7de83e0-0571-40ad-b63a-64c942385eae		resource_id	/subscriptions/d7de83e0-0571-40ad-b63a-64c942385eae/resourcegroups/dev/providers/microsoft.storage/storageaccounts/deva1ac	/subscriptions/d7de83e0-0571-40ad-b63a-64c942385eae/resourcegroups/dev/providers/microsoft.storage/storageaccounts/deva1ac	deva1ac	dev	microsoft.storage/storageaccounts		{}			Legacy Blob and General-Purpose v1 storage accounts	2026-10-13	2026-10-13	properties.extendedProperties.retirementDate	exact	Medium		HighAvailability		2026-04-28T11:33:59.297392Z		Upgrade general-purpose v1 storage accounts	Upgrade general-purpose v1 storage accounts				[]	missing	missing	missing	metadata_not_found,resource_inventory_not_found,subscription_inventory_not_found	"{""acquisition"":""advisor.recommendations"",""api_version"":""2025-01-01"",""fields"":{""description"":"""",""resource_id"":""properties.resourceMetadata.resourceId""},""lookup_keys"":{""metadata"":""1d70919c-1a4a-4f79-8300-bb576c291e9d\u0000/subscriptions/d7de83e0-0571-40ad-b63a-64c942385eae/resourcegroups/dev/providers/microsoft.storage/storageaccounts/deva1ac"",""resource"":""/subscriptions/d7de83e0-0571-40ad-b63a-64c942385eae/resourcegroups/dev/providers/microsoft.storage/storageaccounts/deva1ac"",""subscription"":""d7de83e0-0571-40ad-b63a-64c942385eae""},""match_status"":{""metadata"":""missing"",""resource"":""missing"",""subscription"":""missing""},""recommendation_id"":""/subscriptions/d7de83e0-0571-40ad-b63a-64c942385eae/resourcegroups/dev/providers/microsoft.storage/storageaccounts/deva1ac/providers/Microsoft.Advisor/recommendations/c4521967f258df074c8bef4d2866c57fbf3e73e638035f06cdf1f9aed5886947"",""resource_linkage"":""resource_id""}"	5916e1c64875f18e8ea8ac41177b34e84a7a6c518e07379691cd26c0e39490d3
1	72a34e2b-f26c-4bd9-b778-6118966cf94b	2026-07-31	resolved	advisor_retirement_recommendation	azure_advisor	/subscriptions/d7de83e0-0571-40ad-b63a-64c942385eae/resourcegroups/dev/providers/microsoft.storage/storageaccounts/iofunctiondeploy/providers/Microsoft.Advisor/recommendations/0558a579a5e090558b0f1402307debfb65a8d6605fcc2178029e9aca6688b89f	1d70919c-1a4a-4f79-8300-bb576c291e9d	New	d7de83e0-0571-40ad-b63a-64c942385eae		resource_id	/subscriptions/d7de83e0-0571-40ad-b63a-64c942385eae/resourcegroups/dev/providers/microsoft.storage/storageaccounts/iofunctiondeploy	/subscriptions/d7de83e0-0571-40ad-b63a-64c942385eae/resourcegroups/dev/providers/microsoft.storage/storageaccounts/iofunctiondeploy	iofunctiondeploy	dev	microsoft.storage/storageaccounts		{}			Legacy Blob and General-Purpose v1 storage accounts	2026-10-13	2026-10-13	properties.extendedProperties.retirementDate	exact	Medium		HighAvailability		2026-05-20T05:57:37.331365Z		Upgrade general-purpose v1 storage accounts	Upgrade general-purpose v1 storage accounts				[]	missing	missing	missing	metadata_not_found,resource_inventory_not_found,subscription_inventory_not_found	"{""acquisition"":""advisor.recommendations"",""api_version"":""2025-01-01"",""fields"":{""description"":"""",""resource_id"":""properties.resourceMetadata.resourceId""},""lookup_keys"":{""metadata"":""1d70919c-1a4a-4f79-8300-bb576c291e9d\u0000/subscriptions/d7de83e0-0571-40ad-b63a-64c942385eae/resourcegroups/dev/providers/microsoft.storage/storageaccounts/iofunctiondeploy"",""resource"":""/subscriptions/d7de83e0-0571-40ad-b63a-64c942385eae/resourcegroups/dev/providers/microsoft.storage/storageaccounts/iofunctiondeploy"",""subscription"":""d7de83e0-0571-40ad-b63a-64c942385eae""},""match_status"":{""metadata"":""missing"",""resource"":""missing"",""subscription"":""missing""},""recommendation_id"":""/subscriptions/d7de83e0-0571-40ad-b63a-64c942385eae/resourcegroups/dev/providers/microsoft.storage/storageaccounts/iofunctiondeploy/providers/Microsoft.Advisor/recommendations/0558a579a5e090558b0f1402307debfb65a8d6605fcc2178029e9aca6688b89f"",""resource_linkage"":""resource_id""}"	348c377b72f857eb81f4dc193c81197206e7614ced6f75a648583473c404efea
1	72a34e2b-f26c-4bd9-b778-6118966cf94b	2026-07-31	resolved	advisor_retirement_recommendation	azure_advisor	/subscriptions/d7de83e0-0571-40ad-b63a-64c942385eae/resourcegroups/dx-metrics/providers/microsoft.compute/virtualmachines/dx-d-itn-metrics-vm-01/providers/Microsoft.Advisor/recommendations/ac2ff29120abae58ae02bf0c9410d49025033b12ff691834b7747c589178c2c1	5f2613df-629f-4b07-9425-2a47ea0dfad3	New	d7de83e0-0571-40ad-b63a-64c942385eae		resource_id	/subscriptions/d7de83e0-0571-40ad-b63a-64c942385eae/resourcegroups/dx-metrics/providers/microsoft.compute/virtualmachines/dx-d-itn-metrics-vm-01	/subscriptions/d7de83e0-0571-40ad-b63a-64c942385eae/resourcegroups/dx-metrics/providers/microsoft.compute/virtualmachines/dx-d-itn-metrics-vm-01	dx-d-itn-metrics-vm-01	dx-metrics	microsoft.compute/virtualmachines		{}							missing	Medium		HighAvailability		2026-05-12T06:12:30.718875Z		Migrate workload to Virtual Machine Scale Sets Flex	Migrate workload to Virtual Machine Scale Sets Flex				[]	missing	missing	missing	metadata_not_found,missing_retirement_date,resource_inventory_not_found,subscription_inventory_not_found	"{""acquisition"":""advisor.recommendations"",""api_version"":""2025-01-01"",""fields"":{""description"":"""",""resource_id"":""properties.resourceMetadata.resourceId""},""lookup_keys"":{""metadata"":""5f2613df-629f-4b07-9425-2a47ea0dfad3\u0000/subscriptions/d7de83e0-0571-40ad-b63a-64c942385eae/resourcegroups/dx-metrics/providers/microsoft.compute/virtualmachines/dx-d-itn-metrics-vm-01"",""resource"":""/subscriptions/d7de83e0-0571-40ad-b63a-64c942385eae/resourcegroups/dx-metrics/providers/microsoft.compute/virtualmachines/dx-d-itn-metrics-vm-01"",""subscription"":""d7de83e0-0571-40ad-b63a-64c942385eae""},""match_status"":{""metadata"":""missing"",""resource"":""missing"",""subscription"":""missing""},""recommendation_id"":""/subscriptions/d7de83e0-0571-40ad-b63a-64c942385eae/resourcegroups/dx-metrics/providers/microsoft.compute/virtualmachines/dx-d-itn-metrics-vm-01/providers/Microsoft.Advisor/recommendations/ac2ff29120abae58ae02bf0c9410d49025033b12ff691834b7747c589178c2c1"",""resource_linkage"":""resource_id""}"	fd9cb8700511a35a7010a153e28101e14a51609b2fc525e1a1d7ab7cbc107db5
1	72a34e2b-f26c-4bd9-b778-6118966cf94b	2026-07-31	resolved	advisor_retirement_recommendation	azure_advisor	/subscriptions/d7de83e0-0571-40ad-b63a-64c942385eae/resourcegroups/io-d-link_group/providers/microsoft.web/sites/io-d-link/providers/Microsoft.Advisor/recommendations/08466876c097f695b8fc13146b4756fbee380489461f8b574c0761d66d95c8a2	060218a1-bf04-43a9-a967-2a507b69904b	New	d7de83e0-0571-40ad-b63a-64c942385eae		resource_id	/subscriptions/d7de83e0-0571-40ad-b63a-64c942385eae/resourcegroups/io-d-link_group/providers/microsoft.web/sites/io-d-link	/subscriptions/d7de83e0-0571-40ad-b63a-64c942385eae/resourcegroups/io-d-link_group/providers/microsoft.web/sites/io-d-link	io-d-link	io-d-link_group	microsoft.web/sites		{}			Node 18 LTS	2025-04-30	2025-04-30	properties.extendedProperties.retirementDate	exact	Medium		HighAvailability		2026-05-01T00:23:30.919277Z		Extended support for Node 18 LTS is ending	Extended support for Node 18 LTS is ending				[]	missing	missing	missing	metadata_not_found,resource_inventory_not_found,subscription_inventory_not_found	"{""acquisition"":""advisor.recommendations"",""api_version"":""2025-01-01"",""fields"":{""description"":"""",""resource_id"":""properties.resourceMetadata.resourceId""},""lookup_keys"":{""metadata"":""060218a1-bf04-43a9-a967-2a507b69904b\u0000/subscriptions/d7de83e0-0571-40ad-b63a-64c942385eae/resourcegroups/io-d-link_group/providers/microsoft.web/sites/io-d-link"",""resource"":""/subscriptions/d7de83e0-0571-40ad-b63a-64c942385eae/resourcegroups/io-d-link_group/providers/microsoft.web/sites/io-d-link"",""subscription"":""d7de83e0-0571-40ad-b63a-64c942385eae""},""match_status"":{""metadata"":""missing"",""resource"":""missing"",""subscription"":""missing""},""recommendation_id"":""/subscriptions/d7de83e0-0571-40ad-b63a-64c942385eae/resourcegroups/io-d-link_group/providers/microsoft.web/sites/io-d-link/providers/Microsoft.Advisor/recommendations/08466876c097f695b8fc13146b4756fbee380489461f8b574c0761d66d95c8a2"",""resource_linkage"":""resource_id""}"	ab39d8f37272ddd2af5df761f51e69b9b3d74c7b5d316f2d3437722e6f382848
1	72a34e2b-f26c-4bd9-b778-6118966cf94b	2026-07-31	resolved	advisor_retirement_recommendation	azure_advisor	/subscriptions/d7de83e0-0571-40ad-b63a-64c942385eae/resourcegroups/io-d-wallet-it_group/providers/microsoft.storage/storageaccounts/iodwalletit/providers/Microsoft.Advisor/recommendations/61ec5b46b3b01cb80f3b4cda9db1c1ed6607814ba24fc65c44f26226ef5511ca	1d70919c-1a4a-4f79-8300-bb576c291e9d	New	d7de83e0-0571-40ad-b63a-64c942385eae		resource_id	/subscriptions/d7de83e0-0571-40ad-b63a-64c942385eae/resourcegroups/io-d-wallet-it_group/providers/microsoft.storage/storageaccounts/iodwalletit	/subscriptions/d7de83e0-0571-40ad-b63a-64c942385eae/resourcegroups/io-d-wallet-it_group/providers/microsoft.storage/storageaccounts/iodwalletit	iodwalletit	io-d-wallet-it_group	microsoft.storage/storageaccounts		{}			Legacy Blob and General-Purpose v1 storage accounts	2026-10-13	2026-10-13	properties.extendedProperties.retirementDate	exact	Medium		HighAvailability		2026-04-29T10:29:11.719796Z		Upgrade general-purpose v1 storage accounts	Upgrade general-purpose v1 storage accounts				[]	missing	missing	missing	metadata_not_found,resource_inventory_not_found,subscription_inventory_not_found	"{""acquisition"":""advisor.recommendations"",""api_version"":""2025-01-01"",""fields"":{""description"":"""",""resource_id"":""properties.resourceMetadata.resourceId""},""lookup_keys"":{""metadata"":""1d70919c-1a4a-4f79-8300-bb576c291e9d\u0000/subscriptions/d7de83e0-0571-40ad-b63a-64c942385eae/resourcegroups/io-d-wallet-it_group/providers/microsoft.storage/storageaccounts/iodwalletit"",""resource"":""/subscriptions/d7de83e0-0571-40ad-b63a-64c942385eae/resourcegroups/io-d-wallet-it_group/providers/microsoft.storage/storageaccounts/iodwalletit"",""subscription"":""d7de83e0-0571-40ad-b63a-64c942385eae""},""match_status"":{""metadata"":""missing"",""resource"":""missing"",""subscription"":""missing""},""recommendation_id"":""/subscriptions/d7de83e0-0571-40ad-b63a-64c942385eae/resourcegroups/io-d-wallet-it_group/providers/microsoft.storage/storageaccounts/iodwalletit/providers/Microsoft.Advisor/recommendations/61ec5b46b3b01cb80f3b4cda9db1c1ed6607814ba24fc65c44f26226ef5511ca"",""resource_linkage"":""resource_id""}"	cfad948abbd13070a1ca1071a13d6cad12df6a2e2f9c0fa35c7e6a7a60d0a11a
1	72a34e2b-f26c-4bd9-b778-6118966cf94b	2026-07-31	resolved	advisor_retirement_recommendation	azure_advisor	/subscriptions/d7de83e0-0571-40ad-b63a-64c942385eae/resourcegroups/io-poc-d-rg/providers/microsoft.cache/redis/io-poc-d-redis/providers/Microsoft.Advisor/recommendations/416a1f84467446a5f94b215547a6359f04fe55427e6d8c3ccad88433f32a8d23	f3aded79-f9ff-4ce4-99e3-2ffcf11161a4	New	d7de83e0-0571-40ad-b63a-64c942385eae		resource_id	/subscriptions/d7de83e0-0571-40ad-b63a-64c942385eae/resourcegroups/io-poc-d-rg/providers/microsoft.cache/redis/io-poc-d-redis	/subscriptions/d7de83e0-0571-40ad-b63a-64c942385eae/resourcegroups/io-poc-d-rg/providers/microsoft.cache/redis/io-poc-d-redis	io-poc-d-redis	io-poc-d-rg	microsoft.cache/redis		{}			Redis Cache	2028-09-30	2028-09-30	properties.extendedProperties.retirementDate	exact	Medium		HighAvailability		2026-05-21T22:57:09.603658Z		Migrate to Azure Managed Redis from Azure Cache for Redis	Migrate to Azure Managed Redis from Azure Cache for Redis				[]	missing	missing	missing	metadata_not_found,resource_inventory_not_found,subscription_inventory_not_found	"{""acquisition"":""advisor.recommendations"",""api_version"":""2025-01-01"",""fields"":{""description"":"""",""resource_id"":""properties.resourceMetadata.resourceId""},""lookup_keys"":{""metadata"":""f3aded79-f9ff-4ce4-99e3-2ffcf11161a4\u0000/subscriptions/d7de83e0-0571-40ad-b63a-64c942385eae/resourcegroups/io-poc-d-rg/providers/microsoft.cache/redis/io-poc-d-redis"",""resource"":""/subscriptions/d7de83e0-0571-40ad-b63a-64c942385eae/resourcegroups/io-poc-d-rg/providers/microsoft.cache/redis/io-poc-d-redis"",""subscription"":""d7de83e0-0571-40ad-b63a-64c942385eae""},""match_status"":{""metadata"":""missing"",""resource"":""missing"",""subscription"":""missing""},""recommendation_id"":""/subscriptions/d7de83e0-0571-40ad-b63a-64c942385eae/resourcegroups/io-poc-d-rg/providers/microsoft.cache/redis/io-poc-d-redis/providers/Microsoft.Advisor/recommendations/416a1f84467446a5f94b215547a6359f04fe55427e6d8c3ccad88433f32a8d23"",""resource_linkage"":""resource_id""}"	3f3bf19a976b956e0f9b644f029b18af676a3b1dcff58f538df1a7c94ba0d254
1	72a34e2b-f26c-4bd9-b778-6118966cf94b	2026-07-31	resolved	advisor_retirement_recommendation	azure_advisor	/subscriptions/d7de83e0-0571-40ad-b63a-64c942385eae/resourcegroups/io-poc-d-rg/providers/microsoft.storage/storageaccounts/iopocdrg9d6c/providers/Microsoft.Advisor/recommendations/13de8fe48242d3a0fb4f73bcedf16cc6f2994156e603e070b583dedf24a42663	1d70919c-1a4a-4f79-8300-bb576c291e9d	New	d7de83e0-0571-40ad-b63a-64c942385eae		resource_id	/subscriptions/d7de83e0-0571-40ad-b63a-64c942385eae/resourcegroups/io-poc-d-rg/providers/microsoft.storage/storageaccounts/iopocdrg9d6c	/subscriptions/d7de83e0-0571-40ad-b63a-64c942385eae/resourcegroups/io-poc-d-rg/providers/microsoft.storage/storageaccounts/iopocdrg9d6c	iopocdrg9d6c	io-poc-d-rg	microsoft.storage/storageaccounts		{}			Legacy Blob and General-Purpose v1 storage accounts	2026-10-13	2026-10-13	properties.extendedProperties.retirementDate	exact	Medium		HighAvailability		2026-05-19T17:45:49.906078Z		Upgrade general-purpose v1 storage accounts	Upgrade general-purpose v1 storage accounts				[]	missing	missing	missing	metadata_not_found,resource_inventory_not_found,subscription_inventory_not_found	"{""acquisition"":""advisor.recommendations"",""api_version"":""2025-01-01"",""fields"":{""description"":"""",""resource_id"":""properties.resourceMetadata.resourceId""},""lookup_keys"":{""metadata"":""1d70919c-1a4a-4f79-8300-bb576c291e9d\u0000/subscriptions/d7de83e0-0571-40ad-b63a-64c942385eae/resourcegroups/io-poc-d-rg/providers/microsoft.storage/storageaccounts/iopocdrg9d6c"",""resource"":""/subscriptions/d7de83e0-0571-40ad-b63a-64c942385eae/resourcegroups/io-poc-d-rg/providers/microsoft.storage/storageaccounts/iopocdrg9d6c"",""subscription"":""d7de83e0-0571-40ad-b63a-64c942385eae""},""match_status"":{""metadata"":""missing"",""resource"":""missing"",""subscription"":""missing""},""recommendation_id"":""/subscriptions/d7de83e0-0571-40ad-b63a-64c942385eae/resourcegroups/io-poc-d-rg/providers/microsoft.storage/storageaccounts/iopocdrg9d6c/providers/Microsoft.Advisor/recommendations/13de8fe48242d3a0fb4f73bcedf16cc6f2994156e603e070b583dedf24a42663"",""resource_linkage"":""resource_id""}"	085db38791686df3251e38cd774ef8be839b2a22c26e71020cb4f1f3d77ee50b
1	72a34e2b-f26c-4bd9-b778-6118966cf94b	2026-07-31	resolved	advisor_retirement_recommendation	azure_advisor	/subscriptions/d7de83e0-0571-40ad-b63a-64c942385eae/resourcegroups/io-poc-lg-rg/providers/microsoft.insights/webtests/ping info-io-poc-lg/providers/Microsoft.Advisor/recommendations/b348b6c14dc6eb75be82662e73dde8cf3416f9667e0d00b9b4d13f8231365956	e877d6d4-e952-4f8a-a4c4-5f90e5ac1da9	New	d7de83e0-0571-40ad-b63a-64c942385eae		resource_id	/subscriptions/d7de83e0-0571-40ad-b63a-64c942385eae/resourcegroups/io-poc-lg-rg/providers/microsoft.insights/webtests/ping info-io-poc-lg	/subscriptions/d7de83e0-0571-40ad-b63a-64c942385eae/resourcegroups/io-poc-lg-rg/providers/microsoft.insights/webtests/ping info-io-poc-lg	ping info-io-poc-lg	io-poc-lg-rg	microsoft.insights/webtests		{}			Single URL Ping Test	2026-09-30	2026-09-30	properties.extendedProperties.retirementDate	exact	Medium		HighAvailability		2026-04-16T22:33:28.771019Z		The URL ping test capability of the application insights feature for Azure Monitor is being retired.	The URL ping test capability of the application insights feature for Azure Monitor is being retired.				[]	missing	missing	missing	metadata_not_found,resource_inventory_not_found,subscription_inventory_not_found	"{""acquisition"":""advisor.recommendations"",""api_version"":""2025-01-01"",""fields"":{""description"":"""",""resource_id"":""properties.resourceMetadata.resourceId""},""lookup_keys"":{""metadata"":""e877d6d4-e952-4f8a-a4c4-5f90e5ac1da9\u0000/subscriptions/d7de83e0-0571-40ad-b63a-64c942385eae/resourcegroups/io-poc-lg-rg/providers/microsoft.insights/webtests/ping info-io-poc-lg"",""resource"":""/subscriptions/d7de83e0-0571-40ad-b63a-64c942385eae/resourcegroups/io-poc-lg-rg/providers/microsoft.insights/webtests/ping info-io-poc-lg"",""subscription"":""d7de83e0-0571-40ad-b63a-64c942385eae""},""match_status"":{""metadata"":""missing"",""resource"":""missing"",""subscription"":""missing""},""recommendation_id"":""/subscriptions/d7de83e0-0571-40ad-b63a-64c942385eae/resourcegroups/io-poc-lg-rg/providers/microsoft.insights/webtests/ping info-io-poc-lg/providers/Microsoft.Advisor/recommendations/b348b6c14dc6eb75be82662e73dde8cf3416f9667e0d00b9b4d13f8231365956"",""resource_linkage"":""resource_id""}"	43aaa64a4861200c16e64e66b98196cec6d60a50b372130743b6e8cf7ca7bb39
1	72a34e2b-f26c-4bd9-b778-6118966cf94b	2026-07-31	resolved	advisor_retirement_recommendation	azure_advisor	/subscriptions/d7de83e0-0571-40ad-b63a-64c942385eae/resourcegroups/io-poc-lg-rg/providers/microsoft.insights/webtests/ping validator-io-poc-lg/providers/Microsoft.Advisor/recommendations/456cc0e00a00f4df378264334577bcaaa6a970534f853da145fcb63a76f59ebb	e877d6d4-e952-4f8a-a4c4-5f90e5ac1da9	New	d7de83e0-0571-40ad-b63a-64c942385eae		resource_id	/subscriptions/d7de83e0-0571-40ad-b63a-64c942385eae/resourcegroups/io-poc-lg-rg/providers/microsoft.insights/webtests/ping validator-io-poc-lg	/subscriptions/d7de83e0-0571-40ad-b63a-64c942385eae/resourcegroups/io-poc-lg-rg/providers/microsoft.insights/webtests/ping validator-io-poc-lg	ping validator-io-poc-lg	io-poc-lg-rg	microsoft.insights/webtests		{}			Single URL Ping Test	2026-09-30	2026-09-30	properties.extendedProperties.retirementDate	exact	Medium		HighAvailability		2026-04-16T22:33:28.771019Z		The URL ping test capability of the application insights feature for Azure Monitor is being retired.	The URL ping test capability of the application insights feature for Azure Monitor is being retired.				[]	missing	missing	missing	metadata_not_found,resource_inventory_not_found,subscription_inventory_not_found	"{""acquisition"":""advisor.recommendations"",""api_version"":""2025-01-01"",""fields"":{""description"":"""",""resource_id"":""properties.resourceMetadata.resourceId""},""lookup_keys"":{""metadata"":""e877d6d4-e952-4f8a-a4c4-5f90e5ac1da9\u0000/subscriptions/d7de83e0-0571-40ad-b63a-64c942385eae/resourcegroups/io-poc-lg-rg/providers/microsoft.insights/webtests/ping validator-io-poc-lg"",""resource"":""/subscriptions/d7de83e0-0571-40ad-b63a-64c942385eae/resourcegroups/io-poc-lg-rg/providers/microsoft.insights/webtests/ping validator-io-poc-lg"",""subscription"":""d7de83e0-0571-40ad-b63a-64c942385eae""},""match_status"":{""metadata"":""missing"",""resource"":""missing"",""subscription"":""missing""},""recommendation_id"":""/subscriptions/d7de83e0-0571-40ad-b63a-64c942385eae/resourcegroups/io-poc-lg-rg/providers/microsoft.insights/webtests/ping validator-io-poc-lg/providers/Microsoft.Advisor/recommendations/456cc0e00a00f4df378264334577bcaaa6a970534f853da145fcb63a76f59ebb"",""resource_linkage"":""resource_id""}"	2bf5bea3bec00b1e656a44f7a5e352b9c43c9ac592bfae95e7349fbc5e6ac7f0
1	72a34e2b-f26c-4bd9-b778-6118966cf94b	2026-07-31	resolved	advisor_retirement_recommendation	azure_advisor	/subscriptions/d7de83e0-0571-40ad-b63a-64c942385eae/resourcegroups/io-poc-lg-rg/providers/microsoft.storage/storageaccounts/iopoclgrg92c1/providers/Microsoft.Advisor/recommendations/30bfc1ab0ce6cbc466fd5a4657e6300bc31b6622a247a6416d856061aaa97aa0	1d70919c-1a4a-4f79-8300-bb576c291e9d	New	d7de83e0-0571-40ad-b63a-64c942385eae		resource_id	/subscriptions/d7de83e0-0571-40ad-b63a-64c942385eae/resourcegroups/io-poc-lg-rg/providers/microsoft.storage/storageaccounts/iopoclgrg92c1	/subscriptions/d7de83e0-0571-40ad-b63a-64c942385eae/resourcegroups/io-poc-lg-rg/providers/microsoft.storage/storageaccounts/iopoclgrg92c1	iopoclgrg92c1	io-poc-lg-rg	microsoft.storage/storageaccounts		{}			Legacy Blob and General-Purpose v1 storage accounts	2026-10-13	2026-10-13	properties.extendedProperties.retirementDate	exact	Medium		HighAvailability		2026-05-13T12:10:25.637305Z		Upgrade general-purpose v1 storage accounts	Upgrade general-purpose v1 storage accounts				[]	missing	missing	missing	metadata_not_found,resource_inventory_not_found,subscription_inventory_not_found	"{""acquisition"":""advisor.recommendations"",""api_version"":""2025-01-01"",""fields"":{""description"":"""",""resource_id"":""properties.resourceMetadata.resourceId""},""lookup_keys"":{""metadata"":""1d70919c-1a4a-4f79-8300-bb576c291e9d\u0000/subscriptions/d7de83e0-0571-40ad-b63a-64c942385eae/resourcegroups/io-poc-lg-rg/providers/microsoft.storage/storageaccounts/iopoclgrg92c1"",""resource"":""/subscriptions/d7de83e0-0571-40ad-b63a-64c942385eae/resourcegroups/io-poc-lg-rg/providers/microsoft.storage/storageaccounts/iopoclgrg92c1"",""subscription"":""d7de83e0-0571-40ad-b63a-64c942385eae""},""match_status"":{""metadata"":""missing"",""resource"":""missing"",""subscription"":""missing""},""recommendation_id"":""/subscriptions/d7de83e0-0571-40ad-b63a-64c942385eae/resourcegroups/io-poc-lg-rg/providers/microsoft.storage/storageaccounts/iopoclgrg92c1/providers/Microsoft.Advisor/recommendations/30bfc1ab0ce6cbc466fd5a4657e6300bc31b6622a247a6416d856061aaa97aa0"",""resource_linkage"":""resource_id""}"	bc4746a05bfc7bf2c78b7078e089fe829a1e7701eddda6fb37c7f4e5ee3dfee4
1	72a34e2b-f26c-4bd9-b778-6118966cf94b	2026-07-31	resolved	advisor_retirement_recommendation	azure_advisor	/subscriptions/d7de83e0-0571-40ad-b63a-64c942385eae/resourcegroups/io-poc-lg-rg/providers/microsoft.storage/storageaccounts/iopoclgrgb9b2/providers/Microsoft.Advisor/recommendations/1961b215b9ae91f1af57991c33b52c72ffe5b4e9513ec3174a84df1fb8c43f0c	1d70919c-1a4a-4f79-8300-bb576c291e9d	New	d7de83e0-0571-40ad-b63a-64c942385eae		resource_id	/subscriptions/d7de83e0-0571-40ad-b63a-64c942385eae/resourcegroups/io-poc-lg-rg/providers/microsoft.storage/storageaccounts/iopoclgrgb9b2	/subscriptions/d7de83e0-0571-40ad-b63a-64c942385eae/resourcegroups/io-poc-lg-rg/providers/microsoft.storage/storageaccounts/iopoclgrgb9b2	iopoclgrgb9b2	io-poc-lg-rg	microsoft.storage/storageaccounts		{}			Legacy Blob and General-Purpose v1 storage accounts	2026-10-13	2026-10-13	properties.extendedProperties.retirementDate	exact	Medium		HighAvailability		2026-05-19T01:53:39.989412Z		Upgrade general-purpose v1 storage accounts	Upgrade general-purpose v1 storage accounts				[]	missing	missing	missing	metadata_not_found,resource_inventory_not_found,subscription_inventory_not_found	"{""acquisition"":""advisor.recommendations"",""api_version"":""2025-01-01"",""fields"":{""description"":"""",""resource_id"":""properties.resourceMetadata.resourceId""},""lookup_keys"":{""metadata"":""1d70919c-1a4a-4f79-8300-bb576c291e9d\u0000/subscriptions/d7de83e0-0571-40ad-b63a-64c942385eae/resourcegroups/io-poc-lg-rg/providers/microsoft.storage/storageaccounts/iopoclgrgb9b2"",""resource"":""/subscriptions/d7de83e0-0571-40ad-b63a-64c942385eae/resourcegroups/io-poc-lg-rg/providers/microsoft.storage/storageaccounts/iopoclgrgb9b2"",""subscription"":""d7de83e0-0571-40ad-b63a-64c942385eae""},""match_status"":{""metadata"":""missing"",""resource"":""missing"",""subscription"":""missing""},""recommendation_id"":""/subscriptions/d7de83e0-0571-40ad-b63a-64c942385eae/resourcegroups/io-poc-lg-rg/providers/microsoft.storage/storageaccounts/iopoclgrgb9b2/providers/Microsoft.Advisor/recommendations/1961b215b9ae91f1af57991c33b52c72ffe5b4e9513ec3174a84df1fb8c43f0c"",""resource_linkage"":""resource_id""}"	265b5d753c3e97ce689de00d7e1c4f78c0d4a7a767991f139223a59be64fa74b
1	72a34e2b-f26c-4bd9-b778-6118966cf94b	2026-07-31	resolved	advisor_retirement_recommendation	azure_advisor	/subscriptions/d7de83e0-0571-40ad-b63a-64c942385eae/resourcegroups/io-poc-lg-rg/providers/microsoft.web/sites/io-poc-lg/providers/Microsoft.Advisor/recommendations/fc32408971eeffa92c298b58185ab5364da4bb636e0ed5b310059308a46c1f89	6f2c6ba6-3fd4-4786-af01-d10b127ee031	New	d7de83e0-0571-40ad-b63a-64c942385eae		resource_id	/subscriptions/d7de83e0-0571-40ad-b63a-64c942385eae/resourcegroups/io-poc-lg-rg/providers/microsoft.web/sites/io-poc-lg	/subscriptions/d7de83e0-0571-40ad-b63a-64c942385eae/resourcegroups/io-poc-lg-rg/providers/microsoft.web/sites/io-poc-lg	io-poc-lg	io-poc-lg-rg	microsoft.web/sites		{}			Linux Consumption hosting plan - Azure Functions	2028-09-30	2028-09-30	properties.extendedProperties.retirementDate	exact	Medium		HighAvailability		2026-05-21T22:25:32.715776Z		Migrate to Flex Consumption	Migrate to Flex Consumption				[]	missing	missing	missing	metadata_not_found,resource_inventory_not_found,subscription_inventory_not_found	"{""acquisition"":""advisor.recommendations"",""api_version"":""2025-01-01"",""fields"":{""description"":"""",""resource_id"":""properties.resourceMetadata.resourceId""},""lookup_keys"":{""metadata"":""6f2c6ba6-3fd4-4786-af01-d10b127ee031\u0000/subscriptions/d7de83e0-0571-40ad-b63a-64c942385eae/resourcegroups/io-poc-lg-rg/providers/microsoft.web/sites/io-poc-lg"",""resource"":""/subscriptions/d7de83e0-0571-40ad-b63a-64c942385eae/resourcegroups/io-poc-lg-rg/providers/microsoft.web/sites/io-poc-lg"",""subscription"":""d7de83e0-0571-40ad-b63a-64c942385eae""},""match_status"":{""metadata"":""missing"",""resource"":""missing"",""subscription"":""missing""},""recommendation_id"":""/subscriptions/d7de83e0-0571-40ad-b63a-64c942385eae/resourcegroups/io-poc-lg-rg/providers/microsoft.web/sites/io-poc-lg/providers/Microsoft.Advisor/recommendations/fc32408971eeffa92c298b58185ab5364da4bb636e0ed5b310059308a46c1f89"",""resource_linkage"":""resource_id""}"	485b315055d4232f7c9a9673a7b35b5ee8f22394129449c56831053cf31a1b26
1	72a34e2b-f26c-4bd9-b778-6118966cf94b	2026-07-31	resolved	advisor_retirement_recommendation	azure_advisor	/subscriptions/d7de83e0-0571-40ad-b63a-64c942385eae/resourcegroups/iosignbroken/providers/microsoft.storage/storageaccounts/iosignbroken4b1e10/providers/Microsoft.Advisor/recommendations/8596453fc75f8d74b43522211ff8f62c2a289b32a8d36834d969bd7ed9ec9389	1d70919c-1a4a-4f79-8300-bb576c291e9d	New	d7de83e0-0571-40ad-b63a-64c942385eae		resource_id	/subscriptions/d7de83e0-0571-40ad-b63a-64c942385eae/resourcegroups/iosignbroken/providers/microsoft.storage/storageaccounts/iosignbroken4b1e10	/subscriptions/d7de83e0-0571-40ad-b63a-64c942385eae/resourcegroups/iosignbroken/providers/microsoft.storage/storageaccounts/iosignbroken4b1e10	iosignbroken4b1e10	iosignbroken	microsoft.storage/storageaccounts		{}			Legacy Blob and General-Purpose v1 storage accounts	2026-10-13	2026-10-13	properties.extendedProperties.retirementDate	exact	Medium		HighAvailability		2026-05-12T17:32:27.685826Z		Upgrade general-purpose v1 storage accounts	Upgrade general-purpose v1 storage accounts				[]	missing	missing	missing	metadata_not_found,resource_inventory_not_found,subscription_inventory_not_found	"{""acquisition"":""advisor.recommendations"",""api_version"":""2025-01-01"",""fields"":{""description"":"""",""resource_id"":""properties.resourceMetadata.resourceId""},""lookup_keys"":{""metadata"":""1d70919c-1a4a-4f79-8300-bb576c291e9d\u0000/subscriptions/d7de83e0-0571-40ad-b63a-64c942385eae/resourcegroups/iosignbroken/providers/microsoft.storage/storageaccounts/iosignbroken4b1e10"",""resource"":""/subscriptions/d7de83e0-0571-40ad-b63a-64c942385eae/resourcegroups/iosignbroken/providers/microsoft.storage/storageaccounts/iosignbroken4b1e10"",""subscription"":""d7de83e0-0571-40ad-b63a-64c942385eae""},""match_status"":{""metadata"":""missing"",""resource"":""missing"",""subscription"":""missing""},""recommendation_id"":""/subscriptions/d7de83e0-0571-40ad-b63a-64c942385eae/resourcegroups/iosignbroken/providers/microsoft.storage/storageaccounts/iosignbroken4b1e10/providers/Microsoft.Advisor/recommendations/8596453fc75f8d74b43522211ff8f62c2a289b32a8d36834d969bd7ed9ec9389"",""resource_linkage"":""resource_id""}"	55bd55026c63fe57d8beb82fe570a7fb7d663abf99133a6b0a5349a122e1c9b4
1	72a34e2b-f26c-4bd9-b778-6118966cf94b	2026-07-31	resolved	advisor_retirement_recommendation	azure_advisor	/subscriptions/d7de83e0-0571-40ad-b63a-64c942385eae/resourcegroups/iosignbroken/providers/microsoft.storage/storageaccounts/iosignbroken4b1e10/providers/Microsoft.Advisor/recommendations/86a27666b5a707cfc58238c8b4ecca7811a8d6fbf41083a0755ad36f8afcf336	ced5fa9f-b5bf-4982-9f25-8190fb36dfca	New	d7de83e0-0571-40ad-b63a-64c942385eae		resource_id	/subscriptions/d7de83e0-0571-40ad-b63a-64c942385eae/resourcegroups/iosignbroken/providers/microsoft.storage/storageaccounts/iosignbroken4b1e10	/subscriptions/d7de83e0-0571-40ad-b63a-64c942385eae/resourcegroups/iosignbroken/providers/microsoft.storage/storageaccounts/iosignbroken4b1e10	iosignbroken4b1e10	iosignbroken	microsoft.storage/storageaccounts		{}			Support for TLS 1.0 and 1.1	2026-02-03	2026-02-03	properties.extendedProperties.retirementDate	exact	High		HighAvailability		2026-04-22T03:43:22.770353Z		Support for TLS 1.0 and TLS 1.1 in Azure storage accounts is ending	Support for TLS 1.0 and TLS 1.1 in Azure storage accounts is ending				[]	missing	missing	missing	metadata_not_found,resource_inventory_not_found,subscription_inventory_not_found	"{""acquisition"":""advisor.recommendations"",""api_version"":""2025-01-01"",""fields"":{""description"":"""",""resource_id"":""properties.resourceMetadata.resourceId""},""lookup_keys"":{""metadata"":""ced5fa9f-b5bf-4982-9f25-8190fb36dfca\u0000/subscriptions/d7de83e0-0571-40ad-b63a-64c942385eae/resourcegroups/iosignbroken/providers/microsoft.storage/storageaccounts/iosignbroken4b1e10"",""resource"":""/subscriptions/d7de83e0-0571-40ad-b63a-64c942385eae/resourcegroups/iosignbroken/providers/microsoft.storage/storageaccounts/iosignbroken4b1e10"",""subscription"":""d7de83e0-0571-40ad-b63a-64c942385eae""},""match_status"":{""metadata"":""missing"",""resource"":""missing"",""subscription"":""missing""},""recommendation_id"":""/subscriptions/d7de83e0-0571-40ad-b63a-64c942385eae/resourcegroups/iosignbroken/providers/microsoft.storage/storageaccounts/iosignbroken4b1e10/providers/Microsoft.Advisor/recommendations/86a27666b5a707cfc58238c8b4ecca7811a8d6fbf41083a0755ad36f8afcf336"",""resource_linkage"":""resource_id""}"	9a2913bd25355730263eb7c4cc03fc4021a2d8e4cbe1b936fe88dfb1f9c17f95
1	72a34e2b-f26c-4bd9-b778-6118966cf94b	2026-07-31	resolved	advisor_retirement_recommendation	azure_advisor	/subscriptions/d7de83e0-0571-40ad-b63a-64c942385eae/resourcegroups/lk-u-itn-tfstate-rg-01/providers/microsoft.storage/storageaccounts/lkuitntfstatest01/providers/Microsoft.Advisor/recommendations/89767b0fe7119283fe63c24cfb14d713cc7f7e978512fe399bf0789ffd0f2731	ced5fa9f-b5bf-4982-9f25-8190fb36dfca	New	d7de83e0-0571-40ad-b63a-64c942385eae		resource_id	/subscriptions/d7de83e0-0571-40ad-b63a-64c942385eae/resourcegroups/lk-u-itn-tfstate-rg-01/providers/microsoft.storage/storageaccounts/lkuitntfstatest01	/subscriptions/d7de83e0-0571-40ad-b63a-64c942385eae/resourcegroups/lk-u-itn-tfstate-rg-01/providers/microsoft.storage/storageaccounts/lkuitntfstatest01	lkuitntfstatest01	lk-u-itn-tfstate-rg-01	microsoft.storage/storageaccounts		{}			Support for TLS 1.0 and 1.1	2026-02-03	2026-02-03	properties.extendedProperties.retirementDate	exact	High		HighAvailability		2026-04-22T03:43:13.611152Z		Support for TLS 1.0 and TLS 1.1 in Azure storage accounts is ending	Support for TLS 1.0 and TLS 1.1 in Azure storage accounts is ending				[]	missing	missing	missing	metadata_not_found,resource_inventory_not_found,subscription_inventory_not_found	"{""acquisition"":""advisor.recommendations"",""api_version"":""2025-01-01"",""fields"":{""description"":"""",""resource_id"":""properties.resourceMetadata.resourceId""},""lookup_keys"":{""metadata"":""ced5fa9f-b5bf-4982-9f25-8190fb36dfca\u0000/subscriptions/d7de83e0-0571-40ad-b63a-64c942385eae/resourcegroups/lk-u-itn-tfstate-rg-01/providers/microsoft.storage/storageaccounts/lkuitntfstatest01"",""resource"":""/subscriptions/d7de83e0-0571-40ad-b63a-64c942385eae/resourcegroups/lk-u-itn-tfstate-rg-01/providers/microsoft.storage/storageaccounts/lkuitntfstatest01"",""subscription"":""d7de83e0-0571-40ad-b63a-64c942385eae""},""match_status"":{""metadata"":""missing"",""resource"":""missing"",""subscription"":""missing""},""recommendation_id"":""/subscriptions/d7de83e0-0571-40ad-b63a-64c942385eae/resourcegroups/lk-u-itn-tfstate-rg-01/providers/microsoft.storage/storageaccounts/lkuitntfstatest01/providers/Microsoft.Advisor/recommendations/89767b0fe7119283fe63c24cfb14d713cc7f7e978512fe399bf0789ffd0f2731"",""resource_linkage"":""resource_id""}"	5956ed589ff1eeeffb555f1bbc3df65e62831fca80cd0373de855301129f5020
1	72a34e2b-f26c-4bd9-b778-6118966cf94b	2026-07-31	resolved	advisor_retirement_recommendation	azure_advisor	/subscriptions/e94b082d-f723-4380-85ec-7998a33e8ad0/resourcegroups/fat-u-analytics-rg/providers/microsoft.synapse/workspaces/fat-u-synw/bigdatapools/sparkcls02/providers/Microsoft.Advisor/recommendations/09d52b5bd47e51565d8c7f4658e9780ca4921b366eee47300ae2985962d2322e	5202f09f-6886-4daf-a2e2-21fea2672973	New	e94b082d-f723-4380-85ec-7998a33e8ad0		resource_id	/subscriptions/e94b082d-f723-4380-85ec-7998a33e8ad0/resourcegroups/fat-u-analytics-rg/providers/microsoft.synapse/workspaces/fat-u-synw/bigdatapools/sparkcls02	/subscriptions/e94b082d-f723-4380-85ec-7998a33e8ad0/resourcegroups/fat-u-analytics-rg/providers/microsoft.synapse/workspaces/fat-u-synw/bigdatapools/sparkcls02	fat-u-synw	fat-u-analytics-rg	microsoft.synapse/workspaces		{}			Runtime for Apache Spark 3.4	2026-03-31	2026-03-31	properties.extendedProperties.retirementDate	exact	High		HighAvailability		2026-04-17T12:32:12.479379Z		Azure Synapse runtime for Apache Spark 3.4 is being retired.	Azure Synapse runtime for Apache Spark 3.4 is being retired.				[]	missing	missing	missing	metadata_not_found,resource_inventory_not_found,subscription_inventory_not_found	"{""acquisition"":""advisor.recommendations"",""api_version"":""2025-01-01"",""fields"":{""description"":"""",""resource_id"":""properties.resourceMetadata.resourceId""},""lookup_keys"":{""metadata"":""5202f09f-6886-4daf-a2e2-21fea2672973\u0000/subscriptions/e94b082d-f723-4380-85ec-7998a33e8ad0/resourcegroups/fat-u-analytics-rg/providers/microsoft.synapse/workspaces/fat-u-synw/bigdatapools/sparkcls02"",""resource"":""/subscriptions/e94b082d-f723-4380-85ec-7998a33e8ad0/resourcegroups/fat-u-analytics-rg/providers/microsoft.synapse/workspaces/fat-u-synw/bigdatapools/sparkcls02"",""subscription"":""e94b082d-f723-4380-85ec-7998a33e8ad0""},""match_status"":{""metadata"":""missing"",""resource"":""missing"",""subscription"":""missing""},""recommendation_id"":""/subscriptions/e94b082d-f723-4380-85ec-7998a33e8ad0/resourcegroups/fat-u-analytics-rg/providers/microsoft.synapse/workspaces/fat-u-synw/bigdatapools/sparkcls02/providers/Microsoft.Advisor/recommendations/09d52b5bd47e51565d8c7f4658e9780ca4921b366eee47300ae2985962d2322e"",""resource_linkage"":""resource_id""}"	3ea6d0b1712561769a4fa610b8edc2387fe71e9ae5e5ee8a6d7e12e2f4de069c
1	72a34e2b-f26c-4bd9-b778-6118966cf94b	2026-07-31	resolved	advisor_retirement_recommendation	azure_advisor	/subscriptions/eabd491e-e8ad-4104-88a6-91bde355e497/resourcegroups/app-daticalcolati-quotidiani_group/providers/microsoft.storage/storageaccounts/appdaticalcolatiquo9c07/providers/Microsoft.Advisor/recommendations/f53abe5a560cbdd6f3d902eee814debc9babccfd4626a1bbfdb8dd2db66504de	1d70919c-1a4a-4f79-8300-bb576c291e9d	New	eabd491e-e8ad-4104-88a6-91bde355e497		resource_id	/subscriptions/eabd491e-e8ad-4104-88a6-91bde355e497/resourcegroups/app-daticalcolati-quotidiani_group/providers/microsoft.storage/storageaccounts/appdaticalcolatiquo9c07	/subscriptions/eabd491e-e8ad-4104-88a6-91bde355e497/resourcegroups/app-daticalcolati-quotidiani_group/providers/microsoft.storage/storageaccounts/appdaticalcolatiquo9c07	appdaticalcolatiquo9c07	app-daticalcolati-quotidiani_group	microsoft.storage/storageaccounts		{}			Legacy Blob and General-Purpose v1 storage accounts	2026-10-13	2026-10-13	properties.extendedProperties.retirementDate	exact	Medium		HighAvailability		2026-05-20T05:57:08.158917Z		Upgrade general-purpose v1 storage accounts	Upgrade general-purpose v1 storage accounts				[]	missing	missing	missing	metadata_not_found,resource_inventory_not_found,subscription_inventory_not_found	"{""acquisition"":""advisor.recommendations"",""api_version"":""2025-01-01"",""fields"":{""description"":"""",""resource_id"":""properties.resourceMetadata.resourceId""},""lookup_keys"":{""metadata"":""1d70919c-1a4a-4f79-8300-bb576c291e9d\u0000/subscriptions/eabd491e-e8ad-4104-88a6-91bde355e497/resourcegroups/app-daticalcolati-quotidiani_group/providers/microsoft.storage/storageaccounts/appdaticalcolatiquo9c07"",""resource"":""/subscriptions/eabd491e-e8ad-4104-88a6-91bde355e497/resourcegroups/app-daticalcolati-quotidiani_group/providers/microsoft.storage/storageaccounts/appdaticalcolatiquo9c07"",""subscription"":""eabd491e-e8ad-4104-88a6-91bde355e497""},""match_status"":{""metadata"":""missing"",""resource"":""missing"",""subscription"":""missing""},""recommendation_id"":""/subscriptions/eabd491e-e8ad-4104-88a6-91bde355e497/resourcegroups/app-daticalcolati-quotidiani_group/providers/microsoft.storage/storageaccounts/appdaticalcolatiquo9c07/providers/Microsoft.Advisor/recommendations/f53abe5a560cbdd6f3d902eee814debc9babccfd4626a1bbfdb8dd2db66504de"",""resource_linkage"":""resource_id""}"	16607167d380b6d4b683b67b8a76b03c58c37cf9d120c08accffe825ad4f2d85
1	72a34e2b-f26c-4bd9-b778-6118966cf94b	2026-07-31	resolved	advisor_retirement_recommendation	azure_advisor	/subscriptions/eabd491e-e8ad-4104-88a6-91bde355e497/resourcegroups/crm-d-data-rg/providers/microsoft.storage/storageaccounts/samoncrmd/providers/Microsoft.Advisor/recommendations/146bdf68777c6c590e4cbf543635f46db0fadff5c51aaee63082d5008d8b90e5	ced5fa9f-b5bf-4982-9f25-8190fb36dfca	New	eabd491e-e8ad-4104-88a6-91bde355e497		resource_id	/subscriptions/eabd491e-e8ad-4104-88a6-91bde355e497/resourcegroups/crm-d-data-rg/providers/microsoft.storage/storageaccounts/samoncrmd	/subscriptions/eabd491e-e8ad-4104-88a6-91bde355e497/resourcegroups/crm-d-data-rg/providers/microsoft.storage/storageaccounts/samoncrmd	samoncrmd	crm-d-data-rg	microsoft.storage/storageaccounts		{}			Support for TLS 1.0 and 1.1	2026-02-03	2026-02-03	properties.extendedProperties.retirementDate	exact	High		HighAvailability		2026-04-18T13:08:40.996087Z		Support for TLS 1.0 and TLS 1.1 in Azure storage accounts is ending	Support for TLS 1.0 and TLS 1.1 in Azure storage accounts is ending				[]	missing	missing	missing	metadata_not_found,resource_inventory_not_found,subscription_inventory_not_found	"{""acquisition"":""advisor.recommendations"",""api_version"":""2025-01-01"",""fields"":{""description"":"""",""resource_id"":""properties.resourceMetadata.resourceId""},""lookup_keys"":{""metadata"":""ced5fa9f-b5bf-4982-9f25-8190fb36dfca\u0000/subscriptions/eabd491e-e8ad-4104-88a6-91bde355e497/resourcegroups/crm-d-data-rg/providers/microsoft.storage/storageaccounts/samoncrmd"",""resource"":""/subscriptions/eabd491e-e8ad-4104-88a6-91bde355e497/resourcegroups/crm-d-data-rg/providers/microsoft.storage/storageaccounts/samoncrmd"",""subscription"":""eabd491e-e8ad-4104-88a6-91bde355e497""},""match_status"":{""metadata"":""missing"",""resource"":""missing"",""subscription"":""missing""},""recommendation_id"":""/subscriptions/eabd491e-e8ad-4104-88a6-91bde355e497/resourcegroups/crm-d-data-rg/providers/microsoft.storage/storageaccounts/samoncrmd/providers/Microsoft.Advisor/recommendations/146bdf68777c6c590e4cbf543635f46db0fadff5c51aaee63082d5008d8b90e5"",""resource_linkage"":""resource_id""}"	d73644800ef1f0110ca39a42bd9562efcc26132b5c3719bbd6a3928a3964ac7d
1	72a34e2b-f26c-4bd9-b778-6118966cf94b	2026-07-31	resolved	advisor_retirement_recommendation	azure_advisor	/subscriptions/ec285037-c673-4f58-b594-d7c480da4e8b/resourcegroups/io-p-citizen-auth-sec-rg/providers/microsoft.keyvault/vaults/io-p-citizen-auth-kv/providers/Microsoft.Advisor/recommendations/614bf71b10677b0c0e653f366e741024510699f95e959364d7d790a7b6f90246	7ff06874-39e9-41be-9552-fa1ae2a83c88	New	ec285037-c673-4f58-b594-d7c480da4e8b		resource_id	/subscriptions/ec285037-c673-4f58-b594-d7c480da4e8b/resourcegroups/io-p-citizen-auth-sec-rg/providers/microsoft.keyvault/vaults/io-p-citizen-auth-kv	/subscriptions/ec285037-c673-4f58-b594-d7c480da4e8b/resourcegroups/io-p-citizen-auth-sec-rg/providers/microsoft.keyvault/vaults/io-p-citizen-auth-kv	io-p-citizen-auth-kv	io-p-citizen-auth-sec-rg	microsoft.keyvault/vaults		{}			API versions prior to 2026-02-01	2027-02-27	2027-02-27	properties.extendedProperties.retirementDate	exact	High		HighAvailability		2026-07-05T15:16:01.672865Z		Azure Key Vault API versions prior to 2026-02-01 are being retired	Azure Key Vault API versions prior to 2026-02-01 are being retired				[]	missing	missing	missing	metadata_not_found,resource_inventory_not_found,subscription_inventory_not_found	"{""acquisition"":""advisor.recommendations"",""api_version"":""2025-01-01"",""fields"":{""description"":"""",""resource_id"":""properties.resourceMetadata.resourceId""},""lookup_keys"":{""metadata"":""7ff06874-39e9-41be-9552-fa1ae2a83c88\u0000/subscriptions/ec285037-c673-4f58-b594-d7c480da4e8b/resourcegroups/io-p-citizen-auth-sec-rg/providers/microsoft.keyvault/vaults/io-p-citizen-auth-kv"",""resource"":""/subscriptions/ec285037-c673-4f58-b594-d7c480da4e8b/resourcegroups/io-p-citizen-auth-sec-rg/providers/microsoft.keyvault/vaults/io-p-citizen-auth-kv"",""subscription"":""ec285037-c673-4f58-b594-d7c480da4e8b""},""match_status"":{""metadata"":""missing"",""resource"":""missing"",""subscription"":""missing""},""recommendation_id"":""/subscriptions/ec285037-c673-4f58-b594-d7c480da4e8b/resourcegroups/io-p-citizen-auth-sec-rg/providers/microsoft.keyvault/vaults/io-p-citizen-auth-kv/providers/Microsoft.Advisor/recommendations/614bf71b10677b0c0e653f366e741024510699f95e959364d7d790a7b6f90246"",""resource_linkage"":""resource_id""}"	ee7389aaf5c7b32443c7bea3794f693dd0cfebc34a18e0728a305d1e881b2928
1	72a34e2b-f26c-4bd9-b778-6118966cf94b	2026-07-31	resolved	advisor_retirement_recommendation	azure_advisor	/subscriptions/ec285037-c673-4f58-b594-d7c480da4e8b/resourcegroups/io-p-ioweb-sec-rg/providers/microsoft.keyvault/vaults/io-p-ioweb-kv/providers/Microsoft.Advisor/recommendations/1b4c2651515cd2783c64a3dbd0f237996a8cdbedafe8e1dde8af9ea98bba0b87	7ff06874-39e9-41be-9552-fa1ae2a83c88	New	ec285037-c673-4f58-b594-d7c480da4e8b		resource_id	/subscriptions/ec285037-c673-4f58-b594-d7c480da4e8b/resourcegroups/io-p-ioweb-sec-rg/providers/microsoft.keyvault/vaults/io-p-ioweb-kv	/subscriptions/ec285037-c673-4f58-b594-d7c480da4e8b/resourcegroups/io-p-ioweb-sec-rg/providers/microsoft.keyvault/vaults/io-p-ioweb-kv	io-p-ioweb-kv	io-p-ioweb-sec-rg	microsoft.keyvault/vaults		{}			API versions prior to 2026-02-01	2027-02-27	2027-02-27	properties.extendedProperties.retirementDate	exact	High		HighAvailability		2026-07-30T20:08:56.875450Z		Azure Key Vault API versions prior to 2026-02-01 are being retired	Azure Key Vault API versions prior to 2026-02-01 are being retired				[]	missing	missing	missing	metadata_not_found,resource_inventory_not_found,subscription_inventory_not_found	"{""acquisition"":""advisor.recommendations"",""api_version"":""2025-01-01"",""fields"":{""description"":"""",""resource_id"":""properties.resourceMetadata.resourceId""},""lookup_keys"":{""metadata"":""7ff06874-39e9-41be-9552-fa1ae2a83c88\u0000/subscriptions/ec285037-c673-4f58-b594-d7c480da4e8b/resourcegroups/io-p-ioweb-sec-rg/providers/microsoft.keyvault/vaults/io-p-ioweb-kv"",""resource"":""/subscriptions/ec285037-c673-4f58-b594-d7c480da4e8b/resourcegroups/io-p-ioweb-sec-rg/providers/microsoft.keyvault/vaults/io-p-ioweb-kv"",""subscription"":""ec285037-c673-4f58-b594-d7c480da4e8b""},""match_status"":{""metadata"":""missing"",""resource"":""missing"",""subscription"":""missing""},""recommendation_id"":""/subscriptions/ec285037-c673-4f58-b594-d7c480da4e8b/resourcegroups/io-p-ioweb-sec-rg/providers/microsoft.keyvault/vaults/io-p-ioweb-kv/providers/Microsoft.Advisor/recommendations/1b4c2651515cd2783c64a3dbd0f237996a8cdbedafe8e1dde8af9ea98bba0b87"",""resource_linkage"":""resource_id""}"	1fd2e183087b0acecbe7cb4bad21716ae373542b4bc29742ee46f603d5346d47
1	72a34e2b-f26c-4bd9-b778-6118966cf94b	2026-07-31	resolved	advisor_retirement_recommendation	azure_advisor	/subscriptions/ec285037-c673-4f58-b594-d7c480da4e8b/resourcegroups/io-p-itn-auth-main-rg-01/providers/microsoft.keyvault/vaults/io-p-itn-auth-kv-01/providers/Microsoft.Advisor/recommendations/98f9b76bd1d2729dd9c24ce99d819e9eea6aa3ed343b20d74a33e8c2d66c7399	7ff06874-39e9-41be-9552-fa1ae2a83c88	New	ec285037-c673-4f58-b594-d7c480da4e8b		resource_id	/subscriptions/ec285037-c673-4f58-b594-d7c480da4e8b/resourcegroups/io-p-itn-auth-main-rg-01/providers/microsoft.keyvault/vaults/io-p-itn-auth-kv-01	/subscriptions/ec285037-c673-4f58-b594-d7c480da4e8b/resourcegroups/io-p-itn-auth-main-rg-01/providers/microsoft.keyvault/vaults/io-p-itn-auth-kv-01	io-p-itn-auth-kv-01	io-p-itn-auth-main-rg-01	microsoft.keyvault/vaults		{}			API versions prior to 2026-02-01	2027-02-27	2027-02-27	properties.extendedProperties.retirementDate	exact	High		HighAvailability		2026-07-16T06:51:02.876176Z		Azure Key Vault API versions prior to 2026-02-01 are being retired	Azure Key Vault API versions prior to 2026-02-01 are being retired				[]	missing	missing	missing	metadata_not_found,resource_inventory_not_found,subscription_inventory_not_found	"{""acquisition"":""advisor.recommendations"",""api_version"":""2025-01-01"",""fields"":{""description"":"""",""resource_id"":""properties.resourceMetadata.resourceId""},""lookup_keys"":{""metadata"":""7ff06874-39e9-41be-9552-fa1ae2a83c88\u0000/subscriptions/ec285037-c673-4f58-b594-d7c480da4e8b/resourcegroups/io-p-itn-auth-main-rg-01/providers/microsoft.keyvault/vaults/io-p-itn-auth-kv-01"",""resource"":""/subscriptions/ec285037-c673-4f58-b594-d7c480da4e8b/resourcegroups/io-p-itn-auth-main-rg-01/providers/microsoft.keyvault/vaults/io-p-itn-auth-kv-01"",""subscription"":""ec285037-c673-4f58-b594-d7c480da4e8b""},""match_status"":{""metadata"":""missing"",""resource"":""missing"",""subscription"":""missing""},""recommendation_id"":""/subscriptions/ec285037-c673-4f58-b594-d7c480da4e8b/resourcegroups/io-p-itn-auth-main-rg-01/providers/microsoft.keyvault/vaults/io-p-itn-auth-kv-01/providers/Microsoft.Advisor/recommendations/98f9b76bd1d2729dd9c24ce99d819e9eea6aa3ed343b20d74a33e8c2d66c7399"",""resource_linkage"":""resource_id""}"	b45a810a7175a451988a661fd99b72300041e7ab804cc055f7d761d22aeb9e2e
1	72a34e2b-f26c-4bd9-b778-6118966cf94b	2026-07-31	resolved	advisor_retirement_recommendation	azure_advisor	/subscriptions/ec285037-c673-4f58-b594-d7c480da4e8b/resourcegroups/io-p-itn-cdc-rg-01/providers/microsoft.cache/redis/io-p-itn-cdc-redis-01/providers/Microsoft.Advisor/recommendations/a819058b0ad1f9dc7daaff5536362c9709a60a7df606db577bf68d98a17bed1e	f3aded79-f9ff-4ce4-99e3-2ffcf11161a4	New	ec285037-c673-4f58-b594-d7c480da4e8b		resource_id	/subscriptions/ec285037-c673-4f58-b594-d7c480da4e8b/resourcegroups/io-p-itn-cdc-rg-01/providers/microsoft.cache/redis/io-p-itn-cdc-redis-01	/subscriptions/ec285037-c673-4f58-b594-d7c480da4e8b/resourcegroups/io-p-itn-cdc-rg-01/providers/microsoft.cache/redis/io-p-itn-cdc-redis-01	io-p-itn-cdc-redis-01	io-p-itn-cdc-rg-01	microsoft.cache/redis		{}			Redis Cache	2028-09-30	2028-09-30	properties.extendedProperties.retirementDate	exact	Medium		HighAvailability		2026-05-20T21:46:49.169325Z		Migrate to Azure Managed Redis from Azure Cache for Redis	Migrate to Azure Managed Redis from Azure Cache for Redis				[]	missing	missing	missing	metadata_not_found,resource_inventory_not_found,subscription_inventory_not_found	"{""acquisition"":""advisor.recommendations"",""api_version"":""2025-01-01"",""fields"":{""description"":"""",""resource_id"":""properties.resourceMetadata.resourceId""},""lookup_keys"":{""metadata"":""f3aded79-f9ff-4ce4-99e3-2ffcf11161a4\u0000/subscriptions/ec285037-c673-4f58-b594-d7c480da4e8b/resourcegroups/io-p-itn-cdc-rg-01/providers/microsoft.cache/redis/io-p-itn-cdc-redis-01"",""resource"":""/subscriptions/ec285037-c673-4f58-b594-d7c480da4e8b/resourcegroups/io-p-itn-cdc-rg-01/providers/microsoft.cache/redis/io-p-itn-cdc-redis-01"",""subscription"":""ec285037-c673-4f58-b594-d7c480da4e8b""},""match_status"":{""metadata"":""missing"",""resource"":""missing"",""subscription"":""missing""},""recommendation_id"":""/subscriptions/ec285037-c673-4f58-b594-d7c480da4e8b/resourcegroups/io-p-itn-cdc-rg-01/providers/microsoft.cache/redis/io-p-itn-cdc-redis-01/providers/Microsoft.Advisor/recommendations/a819058b0ad1f9dc7daaff5536362c9709a60a7df606db577bf68d98a17bed1e"",""resource_linkage"":""resource_id""}"	2eca6a121f26f2660ac6727c7cbb5552220847ec987a4d02c09317a405ea1cff
1	72a34e2b-f26c-4bd9-b778-6118966cf94b	2026-07-31	resolved	advisor_retirement_recommendation	azure_advisor	/subscriptions/ec285037-c673-4f58-b594-d7c480da4e8b/resourcegroups/io-p-itn-cdc-rg-01/providers/microsoft.keyvault/vaults/io-p-itn-cdc-kv-01/providers/Microsoft.Advisor/recommendations/92e51160c2930205a36924ead156fce02c70a43769e1965515557198c8997e52	7ff06874-39e9-41be-9552-fa1ae2a83c88	New	ec285037-c673-4f58-b594-d7c480da4e8b		resource_id	/subscriptions/ec285037-c673-4f58-b594-d7c480da4e8b/resourcegroups/io-p-itn-cdc-rg-01/providers/microsoft.keyvault/vaults/io-p-itn-cdc-kv-01	/subscriptions/ec285037-c673-4f58-b594-d7c480da4e8b/resourcegroups/io-p-itn-cdc-rg-01/providers/microsoft.keyvault/vaults/io-p-itn-cdc-kv-01	io-p-itn-cdc-kv-01	io-p-itn-cdc-rg-01	microsoft.keyvault/vaults		{}			API versions prior to 2026-02-01	2027-02-27	2027-02-27	properties.extendedProperties.retirementDate	exact	High		HighAvailability		2026-07-29T21:20:04.920572Z		Azure Key Vault API versions prior to 2026-02-01 are being retired	Azure Key Vault API versions prior to 2026-02-01 are being retired				[]	missing	missing	missing	metadata_not_found,resource_inventory_not_found,subscription_inventory_not_found	"{""acquisition"":""advisor.recommendations"",""api_version"":""2025-01-01"",""fields"":{""description"":"""",""resource_id"":""properties.resourceMetadata.resourceId""},""lookup_keys"":{""metadata"":""7ff06874-39e9-41be-9552-fa1ae2a83c88\u0000/subscriptions/ec285037-c673-4f58-b594-d7c480da4e8b/resourcegroups/io-p-itn-cdc-rg-01/providers/microsoft.keyvault/vaults/io-p-itn-cdc-kv-01"",""resource"":""/subscriptions/ec285037-c673-4f58-b594-d7c480da4e8b/resourcegroups/io-p-itn-cdc-rg-01/providers/microsoft.keyvault/vaults/io-p-itn-cdc-kv-01"",""subscription"":""ec285037-c673-4f58-b594-d7c480da4e8b""},""match_status"":{""metadata"":""missing"",""resource"":""missing"",""subscription"":""missing""},""recommendation_id"":""/subscriptions/ec285037-c673-4f58-b594-d7c480da4e8b/resourcegroups/io-p-itn-cdc-rg-01/providers/microsoft.keyvault/vaults/io-p-itn-cdc-kv-01/providers/Microsoft.Advisor/recommendations/92e51160c2930205a36924ead156fce02c70a43769e1965515557198c8997e52"",""resource_linkage"":""resource_id""}"	bd5e7cc521985e4efda7a94c688ddcb40c6d848a70dab49ace451c758205abd9
1	72a34e2b-f26c-4bd9-b778-6118966cf94b	2026-07-31	resolved	advisor_retirement_recommendation	azure_advisor	/subscriptions/ec285037-c673-4f58-b594-d7c480da4e8b/resourcegroups/io-p-itn-cgn-rg-01/providers/microsoft.cache/redis/io-p-itn-cgn-redis-02/providers/Microsoft.Advisor/recommendations/2493ede6d1f61cda471f189b29f43defcb847d0016ee0460a9606dcb291f1e7e	f3aded79-f9ff-4ce4-99e3-2ffcf11161a4	New	ec285037-c673-4f58-b594-d7c480da4e8b		resource_id	/subscriptions/ec285037-c673-4f58-b594-d7c480da4e8b/resourcegroups/io-p-itn-cgn-rg-01/providers/microsoft.cache/redis/io-p-itn-cgn-redis-02	/subscriptions/ec285037-c673-4f58-b594-d7c480da4e8b/resourcegroups/io-p-itn-cgn-rg-01/providers/microsoft.cache/redis/io-p-itn-cgn-redis-02	io-p-itn-cgn-redis-02	io-p-itn-cgn-rg-01	microsoft.cache/redis		{}			Redis Cache	2028-09-30	2028-09-30	properties.extendedProperties.retirementDate	exact	Medium		HighAvailability		2026-05-10T21:50:54.902939Z		Migrate to Azure Managed Redis from Azure Cache for Redis	Migrate to Azure Managed Redis from Azure Cache for Redis				[]	missing	missing	missing	metadata_not_found,resource_inventory_not_found,subscription_inventory_not_found	"{""acquisition"":""advisor.recommendations"",""api_version"":""2025-01-01"",""fields"":{""description"":"""",""resource_id"":""properties.resourceMetadata.resourceId""},""lookup_keys"":{""metadata"":""f3aded79-f9ff-4ce4-99e3-2ffcf11161a4\u0000/subscriptions/ec285037-c673-4f58-b594-d7c480da4e8b/resourcegroups/io-p-itn-cgn-rg-01/providers/microsoft.cache/redis/io-p-itn-cgn-redis-02"",""resource"":""/subscriptions/ec285037-c673-4f58-b594-d7c480da4e8b/resourcegroups/io-p-itn-cgn-rg-01/providers/microsoft.cache/redis/io-p-itn-cgn-redis-02"",""subscription"":""ec285037-c673-4f58-b594-d7c480da4e8b""},""match_status"":{""metadata"":""missing"",""resource"":""missing"",""subscription"":""missing""},""recommendation_id"":""/subscriptions/ec285037-c673-4f58-b594-d7c480da4e8b/resourcegroups/io-p-itn-cgn-rg-01/providers/microsoft.cache/redis/io-p-itn-cgn-redis-02/providers/Microsoft.Advisor/recommendations/2493ede6d1f61cda471f189b29f43defcb847d0016ee0460a9606dcb291f1e7e"",""resource_linkage"":""resource_id""}"	7c45544f8ccfeb82060a9d04aac01ced180f20c9a5ab54d1363683e3ea7b51c8
1	72a34e2b-f26c-4bd9-b778-6118966cf94b	2026-07-31	resolved	advisor_retirement_recommendation	azure_advisor	/subscriptions/ec285037-c673-4f58-b594-d7c480da4e8b/resourcegroups/io-p-itn-cgn-rg-01/providers/microsoft.keyvault/vaults/io-p-itn-cgn-kv-01/providers/Microsoft.Advisor/recommendations/e3ceaf2fd0c35658a2e9b0fe68c606a8eeda17a28fea3de7cfb780dad70dccb2	7ff06874-39e9-41be-9552-fa1ae2a83c88	New	ec285037-c673-4f58-b594-d7c480da4e8b		resource_id	/subscriptions/ec285037-c673-4f58-b594-d7c480da4e8b/resourcegroups/io-p-itn-cgn-rg-01/providers/microsoft.keyvault/vaults/io-p-itn-cgn-kv-01	/subscriptions/ec285037-c673-4f58-b594-d7c480da4e8b/resourcegroups/io-p-itn-cgn-rg-01/providers/microsoft.keyvault/vaults/io-p-itn-cgn-kv-01	io-p-itn-cgn-kv-01	io-p-itn-cgn-rg-01	microsoft.keyvault/vaults		{}			API versions prior to 2026-02-01	2027-02-27	2027-02-27	properties.extendedProperties.retirementDate	exact	High		HighAvailability		2026-07-29T21:20:09.598584Z		Azure Key Vault API versions prior to 2026-02-01 are being retired	Azure Key Vault API versions prior to 2026-02-01 are being retired				[]	missing	missing	missing	metadata_not_found,resource_inventory_not_found,subscription_inventory_not_found	"{""acquisition"":""advisor.recommendations"",""api_version"":""2025-01-01"",""fields"":{""description"":"""",""resource_id"":""properties.resourceMetadata.resourceId""},""lookup_keys"":{""metadata"":""7ff06874-39e9-41be-9552-fa1ae2a83c88\u0000/subscriptions/ec285037-c673-4f58-b594-d7c480da4e8b/resourcegroups/io-p-itn-cgn-rg-01/providers/microsoft.keyvault/vaults/io-p-itn-cgn-kv-01"",""resource"":""/subscriptions/ec285037-c673-4f58-b594-d7c480da4e8b/resourcegroups/io-p-itn-cgn-rg-01/providers/microsoft.keyvault/vaults/io-p-itn-cgn-kv-01"",""subscription"":""ec285037-c673-4f58-b594-d7c480da4e8b""},""match_status"":{""metadata"":""missing"",""resource"":""missing"",""subscription"":""missing""},""recommendation_id"":""/subscriptions/ec285037-c673-4f58-b594-d7c480da4e8b/resourcegroups/io-p-itn-cgn-rg-01/providers/microsoft.keyvault/vaults/io-p-itn-cgn-kv-01/providers/Microsoft.Advisor/recommendations/e3ceaf2fd0c35658a2e9b0fe68c606a8eeda17a28fea3de7cfb780dad70dccb2"",""resource_linkage"":""resource_id""}"	47f08b97760ae36a280c390d855b1694cd0ec3dfc19bb11088809eda4a585a24
1	72a34e2b-f26c-4bd9-b778-6118966cf94b	2026-07-31	resolved	advisor_retirement_recommendation	azure_advisor	/subscriptions/ec285037-c673-4f58-b594-d7c480da4e8b/resourcegroups/io-p-itn-citizen-auth-data-rg-01/providers/microsoft.cache/redis/io-p-itn-auth-redis-01/providers/Microsoft.Advisor/recommendations/3e8d18b4ed1356321ec3d4e4079a4a4b60344502a38ad8c7f571c5bfe03d6844	f3aded79-f9ff-4ce4-99e3-2ffcf11161a4	New	ec285037-c673-4f58-b594-d7c480da4e8b		resource_id	/subscriptions/ec285037-c673-4f58-b594-d7c480da4e8b/resourcegroups/io-p-itn-citizen-auth-data-rg-01/providers/microsoft.cache/redis/io-p-itn-auth-redis-01	/subscriptions/ec285037-c673-4f58-b594-d7c480da4e8b/resourcegroups/io-p-itn-citizen-auth-data-rg-01/providers/microsoft.cache/redis/io-p-itn-auth-redis-01	io-p-itn-auth-redis-01	io-p-itn-citizen-auth-data-rg-01	microsoft.cache/redis		{}			Redis Cache	2028-09-30	2028-09-30	properties.extendedProperties.retirementDate	exact	Medium		HighAvailability		2026-05-21T10:38:36.303452Z		Migrate to Azure Managed Redis from Azure Cache for Redis	Migrate to Azure Managed Redis from Azure Cache for Redis				[]	missing	missing	missing	metadata_not_found,resource_inventory_not_found,subscription_inventory_not_found	"{""acquisition"":""advisor.recommendations"",""api_version"":""2025-01-01"",""fields"":{""description"":"""",""resource_id"":""properties.resourceMetadata.resourceId""},""lookup_keys"":{""metadata"":""f3aded79-f9ff-4ce4-99e3-2ffcf11161a4\u0000/subscriptions/ec285037-c673-4f58-b594-d7c480da4e8b/resourcegroups/io-p-itn-citizen-auth-data-rg-01/providers/microsoft.cache/redis/io-p-itn-auth-redis-01"",""resource"":""/subscriptions/ec285037-c673-4f58-b594-d7c480da4e8b/resourcegroups/io-p-itn-citizen-auth-data-rg-01/providers/microsoft.cache/redis/io-p-itn-auth-redis-01"",""subscription"":""ec285037-c673-4f58-b594-d7c480da4e8b""},""match_status"":{""metadata"":""missing"",""resource"":""missing"",""subscription"":""missing""},""recommendation_id"":""/subscriptions/ec285037-c673-4f58-b594-d7c480da4e8b/resourcegroups/io-p-itn-citizen-auth-data-rg-01/providers/microsoft.cache/redis/io-p-itn-auth-redis-01/providers/Microsoft.Advisor/recommendations/3e8d18b4ed1356321ec3d4e4079a4a4b60344502a38ad8c7f571c5bfe03d6844"",""resource_linkage"":""resource_id""}"	efcfa029bb30f5b028eff15a18bd53df1e1b7bfbc6efc0a70c62faa999e3d8ef
1	72a34e2b-f26c-4bd9-b778-6118966cf94b	2026-07-31	resolved	advisor_retirement_recommendation	azure_advisor	/subscriptions/ec285037-c673-4f58-b594-d7c480da4e8b/resourcegroups/io-p-itn-com-rg-01/providers/microsoft.cache/redis/io-p-itn-com-redis-02/providers/Microsoft.Advisor/recommendations/ce5326ecbb79bbe3442e2664de3b0b1acfec8afbf26af51aa98b4791f35d2248	f3aded79-f9ff-4ce4-99e3-2ffcf11161a4	New	ec285037-c673-4f58-b594-d7c480da4e8b		resource_id	/subscriptions/ec285037-c673-4f58-b594-d7c480da4e8b/resourcegroups/io-p-itn-com-rg-01/providers/microsoft.cache/redis/io-p-itn-com-redis-02	/subscriptions/ec285037-c673-4f58-b594-d7c480da4e8b/resourcegroups/io-p-itn-com-rg-01/providers/microsoft.cache/redis/io-p-itn-com-redis-02	io-p-itn-com-redis-02	io-p-itn-com-rg-01	microsoft.cache/redis		{}			Redis Cache	2028-09-30	2028-09-30	properties.extendedProperties.retirementDate	exact	Medium		HighAvailability		2026-05-19T17:07:12.945273Z		Migrate to Azure Managed Redis from Azure Cache for Redis	Migrate to Azure Managed Redis from Azure Cache for Redis				[]	missing	missing	missing	metadata_not_found,resource_inventory_not_found,subscription_inventory_not_found	"{""acquisition"":""advisor.recommendations"",""api_version"":""2025-01-01"",""fields"":{""description"":"""",""resource_id"":""properties.resourceMetadata.resourceId""},""lookup_keys"":{""metadata"":""f3aded79-f9ff-4ce4-99e3-2ffcf11161a4\u0000/subscriptions/ec285037-c673-4f58-b594-d7c480da4e8b/resourcegroups/io-p-itn-com-rg-01/providers/microsoft.cache/redis/io-p-itn-com-redis-02"",""resource"":""/subscriptions/ec285037-c673-4f58-b594-d7c480da4e8b/resourcegroups/io-p-itn-com-rg-01/providers/microsoft.cache/redis/io-p-itn-com-redis-02"",""subscription"":""ec285037-c673-4f58-b594-d7c480da4e8b""},""match_status"":{""metadata"":""missing"",""resource"":""missing"",""subscription"":""missing""},""recommendation_id"":""/subscriptions/ec285037-c673-4f58-b594-d7c480da4e8b/resourcegroups/io-p-itn-com-rg-01/providers/microsoft.cache/redis/io-p-itn-com-redis-02/providers/Microsoft.Advisor/recommendations/ce5326ecbb79bbe3442e2664de3b0b1acfec8afbf26af51aa98b4791f35d2248"",""resource_linkage"":""resource_id""}"	e189ae788db9e4fbbaecd46d853e17d04ea618081335ffb90807b429490976b6
1	72a34e2b-f26c-4bd9-b778-6118966cf94b	2026-07-31	resolved	advisor_retirement_recommendation	azure_advisor	/subscriptions/ec285037-c673-4f58-b594-d7c480da4e8b/resourcegroups/io-p-itn-com-rg-01/providers/microsoft.keyvault/vaults/io-p-itn-com-kv-01/providers/Microsoft.Advisor/recommendations/521c06883e48e16b295d3f5c19f38e361501181ffbc5faf587441ec1be4fac23	7ff06874-39e9-41be-9552-fa1ae2a83c88	New	ec285037-c673-4f58-b594-d7c480da4e8b		resource_id	/subscriptions/ec285037-c673-4f58-b594-d7c480da4e8b/resourcegroups/io-p-itn-com-rg-01/providers/microsoft.keyvault/vaults/io-p-itn-com-kv-01	/subscriptions/ec285037-c673-4f58-b594-d7c480da4e8b/resourcegroups/io-p-itn-com-rg-01/providers/microsoft.keyvault/vaults/io-p-itn-com-kv-01	io-p-itn-com-kv-01	io-p-itn-com-rg-01	microsoft.keyvault/vaults		{}			API versions prior to 2026-02-01	2027-02-27	2027-02-27	properties.extendedProperties.retirementDate	exact	High		HighAvailability		2026-07-17T10:07:22.190605Z		Azure Key Vault API versions prior to 2026-02-01 are being retired	Azure Key Vault API versions prior to 2026-02-01 are being retired				[]	missing	missing	missing	metadata_not_found,resource_inventory_not_found,subscription_inventory_not_found	"{""acquisition"":""advisor.recommendations"",""api_version"":""2025-01-01"",""fields"":{""description"":"""",""resource_id"":""properties.resourceMetadata.resourceId""},""lookup_keys"":{""metadata"":""7ff06874-39e9-41be-9552-fa1ae2a83c88\u0000/subscriptions/ec285037-c673-4f58-b594-d7c480da4e8b/resourcegroups/io-p-itn-com-rg-01/providers/microsoft.keyvault/vaults/io-p-itn-com-kv-01"",""resource"":""/subscriptions/ec285037-c673-4f58-b594-d7c480da4e8b/resourcegroups/io-p-itn-com-rg-01/providers/microsoft.keyvault/vaults/io-p-itn-com-kv-01"",""subscription"":""ec285037-c673-4f58-b594-d7c480da4e8b""},""match_status"":{""metadata"":""missing"",""resource"":""missing"",""subscription"":""missing""},""recommendation_id"":""/subscriptions/ec285037-c673-4f58-b594-d7c480da4e8b/resourcegroups/io-p-itn-com-rg-01/providers/microsoft.keyvault/vaults/io-p-itn-com-kv-01/providers/Microsoft.Advisor/recommendations/521c06883e48e16b295d3f5c19f38e361501181ffbc5faf587441ec1be4fac23"",""resource_linkage"":""resource_id""}"	9c9532f82aeaa93e854dcf730ef2f964956e4b6834741dba9415032fc8895e60
1	72a34e2b-f26c-4bd9-b778-6118966cf94b	2026-07-31	resolved	advisor_retirement_recommendation	azure_advisor	/subscriptions/ec285037-c673-4f58-b594-d7c480da4e8b/resourcegroups/io-p-itn-common-rg-01/providers/microsoft.keyvault/vaults/io-p-itn-platform-kv-01/providers/Microsoft.Advisor/recommendations/f6b5be0889ef2dd6641b451ba95b3d4f52a3ce7033a069ad0785efdefb5f6a73	7ff06874-39e9-41be-9552-fa1ae2a83c88	New	ec285037-c673-4f58-b594-d7c480da4e8b		resource_id	/subscriptions/ec285037-c673-4f58-b594-d7c480da4e8b/resourcegroups/io-p-itn-common-rg-01/providers/microsoft.keyvault/vaults/io-p-itn-platform-kv-01	/subscriptions/ec285037-c673-4f58-b594-d7c480da4e8b/resourcegroups/io-p-itn-common-rg-01/providers/microsoft.keyvault/vaults/io-p-itn-platform-kv-01	io-p-itn-platform-kv-01	io-p-itn-common-rg-01	microsoft.keyvault/vaults		{}			API versions prior to 2026-02-01	2027-02-27	2027-02-27	properties.extendedProperties.retirementDate	exact	High		HighAvailability		2026-07-27T18:42:25.478671Z		Azure Key Vault API versions prior to 2026-02-01 are being retired	Azure Key Vault API versions prior to 2026-02-01 are being retired				[]	missing	missing	missing	metadata_not_found,resource_inventory_not_found,subscription_inventory_not_found	"{""acquisition"":""advisor.recommendations"",""api_version"":""2025-01-01"",""fields"":{""description"":"""",""resource_id"":""properties.resourceMetadata.resourceId""},""lookup_keys"":{""metadata"":""7ff06874-39e9-41be-9552-fa1ae2a83c88\u0000/subscriptions/ec285037-c673-4f58-b594-d7c480da4e8b/resourcegroups/io-p-itn-common-rg-01/providers/microsoft.keyvault/vaults/io-p-itn-platform-kv-01"",""resource"":""/subscriptions/ec285037-c673-4f58-b594-d7c480da4e8b/resourcegroups/io-p-itn-common-rg-01/providers/microsoft.keyvault/vaults/io-p-itn-platform-kv-01"",""subscription"":""ec285037-c673-4f58-b594-d7c480da4e8b""},""match_status"":{""metadata"":""missing"",""resource"":""missing"",""subscription"":""missing""},""recommendation_id"":""/subscriptions/ec285037-c673-4f58-b594-d7c480da4e8b/resourcegroups/io-p-itn-common-rg-01/providers/microsoft.keyvault/vaults/io-p-itn-platform-kv-01/providers/Microsoft.Advisor/recommendations/f6b5be0889ef2dd6641b451ba95b3d4f52a3ce7033a069ad0785efdefb5f6a73"",""resource_linkage"":""resource_id""}"	422fbea02f1aedf8d32200cfa78ab3f1239314f291f93e16720522a47bb253b1
1	72a34e2b-f26c-4bd9-b778-6118966cf94b	2026-07-31	resolved	advisor_retirement_recommendation	azure_advisor	/subscriptions/ec285037-c673-4f58-b594-d7c480da4e8b/resourcegroups/io-p-itn-common-rg-01/providers/microsoft.keyvault/vaults/io-p-itn-tlscert-kv-01/providers/Microsoft.Advisor/recommendations/e233fe1f24c5b23cecc181df8f1ea830df36eec77a6c7a81444d950e06226371	7ff06874-39e9-41be-9552-fa1ae2a83c88	New	ec285037-c673-4f58-b594-d7c480da4e8b		resource_id	/subscriptions/ec285037-c673-4f58-b594-d7c480da4e8b/resourcegroups/io-p-itn-common-rg-01/providers/microsoft.keyvault/vaults/io-p-itn-tlscert-kv-01	/subscriptions/ec285037-c673-4f58-b594-d7c480da4e8b/resourcegroups/io-p-itn-common-rg-01/providers/microsoft.keyvault/vaults/io-p-itn-tlscert-kv-01	io-p-itn-tlscert-kv-01	io-p-itn-common-rg-01	microsoft.keyvault/vaults		{}			API versions prior to 2026-02-01	2027-02-27	2027-02-27	properties.extendedProperties.retirementDate	exact	High		HighAvailability		2026-07-22T12:42:38.513828Z		Azure Key Vault API versions prior to 2026-02-01 are being retired	Azure Key Vault API versions prior to 2026-02-01 are being retired				[]	missing	missing	missing	metadata_not_found,resource_inventory_not_found,subscription_inventory_not_found	"{""acquisition"":""advisor.recommendations"",""api_version"":""2025-01-01"",""fields"":{""description"":"""",""resource_id"":""properties.resourceMetadata.resourceId""},""lookup_keys"":{""metadata"":""7ff06874-39e9-41be-9552-fa1ae2a83c88\u0000/subscriptions/ec285037-c673-4f58-b594-d7c480da4e8b/resourcegroups/io-p-itn-common-rg-01/providers/microsoft.keyvault/vaults/io-p-itn-tlscert-kv-01"",""resource"":""/subscriptions/ec285037-c673-4f58-b594-d7c480da4e8b/resourcegroups/io-p-itn-common-rg-01/providers/microsoft.keyvault/vaults/io-p-itn-tlscert-kv-01"",""subscription"":""ec285037-c673-4f58-b594-d7c480da4e8b""},""match_status"":{""metadata"":""missing"",""resource"":""missing"",""subscription"":""missing""},""recommendation_id"":""/subscriptions/ec285037-c673-4f58-b594-d7c480da4e8b/resourcegroups/io-p-itn-common-rg-01/providers/microsoft.keyvault/vaults/io-p-itn-tlscert-kv-01/providers/Microsoft.Advisor/recommendations/e233fe1f24c5b23cecc181df8f1ea830df36eec77a6c7a81444d950e06226371"",""resource_linkage"":""resource_id""}"	3a3585a658a7ad35f2a153aeec4c45590fc43c06b0431b5c733f1951df26409f
1	72a34e2b-f26c-4bd9-b778-6118966cf94b	2026-07-31	resolved	advisor_retirement_recommendation	azure_advisor	/subscriptions/ec285037-c673-4f58-b594-d7c480da4e8b/resourcegroups/io-p-itn-fims-rg-01/providers/microsoft.cache/redis/io-p-itn-fims-redis-01/providers/Microsoft.Advisor/recommendations/db25760ea5abc0779e6ae120f1a5181acd86ebc54caec3fba43d4fb4c8cab969	f3aded79-f9ff-4ce4-99e3-2ffcf11161a4	New	ec285037-c673-4f58-b594-d7c480da4e8b		resource_id	/subscriptions/ec285037-c673-4f58-b594-d7c480da4e8b/resourcegroups/io-p-itn-fims-rg-01/providers/microsoft.cache/redis/io-p-itn-fims-redis-01	/subscriptions/ec285037-c673-4f58-b594-d7c480da4e8b/resourcegroups/io-p-itn-fims-rg-01/providers/microsoft.cache/redis/io-p-itn-fims-redis-01	io-p-itn-fims-redis-01	io-p-itn-fims-rg-01	microsoft.cache/redis		{}			Redis Cache	2028-09-30	2028-09-30	properties.extendedProperties.retirementDate	exact	Medium		HighAvailability		2026-05-19T17:05:55.886682Z		Migrate to Azure Managed Redis from Azure Cache for Redis	Migrate to Azure Managed Redis from Azure Cache for Redis				[]	missing	missing	missing	metadata_not_found,resource_inventory_not_found,subscription_inventory_not_found	"{""acquisition"":""advisor.recommendations"",""api_version"":""2025-01-01"",""fields"":{""description"":"""",""resource_id"":""properties.resourceMetadata.resourceId""},""lookup_keys"":{""metadata"":""f3aded79-f9ff-4ce4-99e3-2ffcf11161a4\u0000/subscriptions/ec285037-c673-4f58-b594-d7c480da4e8b/resourcegroups/io-p-itn-fims-rg-01/providers/microsoft.cache/redis/io-p-itn-fims-redis-01"",""resource"":""/subscriptions/ec285037-c673-4f58-b594-d7c480da4e8b/resourcegroups/io-p-itn-fims-rg-01/providers/microsoft.cache/redis/io-p-itn-fims-redis-01"",""subscription"":""ec285037-c673-4f58-b594-d7c480da4e8b""},""match_status"":{""metadata"":""missing"",""resource"":""missing"",""subscription"":""missing""},""recommendation_id"":""/subscriptions/ec285037-c673-4f58-b594-d7c480da4e8b/resourcegroups/io-p-itn-fims-rg-01/providers/microsoft.cache/redis/io-p-itn-fims-redis-01/providers/Microsoft.Advisor/recommendations/db25760ea5abc0779e6ae120f1a5181acd86ebc54caec3fba43d4fb4c8cab969"",""resource_linkage"":""resource_id""}"	ca8c5ccfc69b0f03459eed610d21634f72a215cc4cb339a639c901e8dd48aa9e
1	72a34e2b-f26c-4bd9-b778-6118966cf94b	2026-07-31	resolved	advisor_retirement_recommendation	azure_advisor	/subscriptions/ec285037-c673-4f58-b594-d7c480da4e8b/resourcegroups/io-p-itn-fims-rg-01/providers/microsoft.keyvault/vaults/io-p-itn-fims-kv-01/providers/Microsoft.Advisor/recommendations/c3c6a1720aef9fd7d28c9114a43fda656d6099d177b6b9dc02d76655bdd7b272	7ff06874-39e9-41be-9552-fa1ae2a83c88	New	ec285037-c673-4f58-b594-d7c480da4e8b		resource_id	/subscriptions/ec285037-c673-4f58-b594-d7c480da4e8b/resourcegroups/io-p-itn-fims-rg-01/providers/microsoft.keyvault/vaults/io-p-itn-fims-kv-01	/subscriptions/ec285037-c673-4f58-b594-d7c480da4e8b/resourcegroups/io-p-itn-fims-rg-01/providers/microsoft.keyvault/vaults/io-p-itn-fims-kv-01	io-p-itn-fims-kv-01	io-p-itn-fims-rg-01	microsoft.keyvault/vaults		{}			API versions prior to 2026-02-01	2027-02-27	2027-02-27	properties.extendedProperties.retirementDate	exact	High		HighAvailability		2026-07-29T21:20:18.207888Z		Azure Key Vault API versions prior to 2026-02-01 are being retired	Azure Key Vault API versions prior to 2026-02-01 are being retired				[]	missing	missing	missing	metadata_not_found,resource_inventory_not_found,subscription_inventory_not_found	"{""acquisition"":""advisor.recommendations"",""api_version"":""2025-01-01"",""fields"":{""description"":"""",""resource_id"":""properties.resourceMetadata.resourceId""},""lookup_keys"":{""metadata"":""7ff06874-39e9-41be-9552-fa1ae2a83c88\u0000/subscriptions/ec285037-c673-4f58-b594-d7c480da4e8b/resourcegroups/io-p-itn-fims-rg-01/providers/microsoft.keyvault/vaults/io-p-itn-fims-kv-01"",""resource"":""/subscriptions/ec285037-c673-4f58-b594-d7c480da4e8b/resourcegroups/io-p-itn-fims-rg-01/providers/microsoft.keyvault/vaults/io-p-itn-fims-kv-01"",""subscription"":""ec285037-c673-4f58-b594-d7c480da4e8b""},""match_status"":{""metadata"":""missing"",""resource"":""missing"",""subscription"":""missing""},""recommendation_id"":""/subscriptions/ec285037-c673-4f58-b594-d7c480da4e8b/resourcegroups/io-p-itn-fims-rg-01/providers/microsoft.keyvault/vaults/io-p-itn-fims-kv-01/providers/Microsoft.Advisor/recommendations/c3c6a1720aef9fd7d28c9114a43fda656d6099d177b6b9dc02d76655bdd7b272"",""resource_linkage"":""resource_id""}"	f9d16c4886a237afa32f43286df3d76bc648aa2b6dcfd0b965c89817dacbdfda
1	72a34e2b-f26c-4bd9-b778-6118966cf94b	2026-07-31	resolved	advisor_retirement_recommendation	azure_advisor	/subscriptions/ec285037-c673-4f58-b594-d7c480da4e8b/resourcegroups/io-p-itn-ioweb-rg-01/providers/microsoft.keyvault/vaults/io-p-itn-ioweb-kv-01/providers/Microsoft.Advisor/recommendations/2af00d336050195be3fd6ad222fe0cb193840fb4c7a7121f5f85355188ad3bb2	7ff06874-39e9-41be-9552-fa1ae2a83c88	New	ec285037-c673-4f58-b594-d7c480da4e8b		resource_id	/subscriptions/ec285037-c673-4f58-b594-d7c480da4e8b/resourcegroups/io-p-itn-ioweb-rg-01/providers/microsoft.keyvault/vaults/io-p-itn-ioweb-kv-01	/subscriptions/ec285037-c673-4f58-b594-d7c480da4e8b/resourcegroups/io-p-itn-ioweb-rg-01/providers/microsoft.keyvault/vaults/io-p-itn-ioweb-kv-01	io-p-itn-ioweb-kv-01	io-p-itn-ioweb-rg-01	microsoft.keyvault/vaults		{}			API versions prior to 2026-02-01	2027-02-27	2027-02-27	properties.extendedProperties.retirementDate	exact	High		HighAvailability		2026-07-10T17:11:53.028128Z		Azure Key Vault API versions prior to 2026-02-01 are being retired	Azure Key Vault API versions prior to 2026-02-01 are being retired				[]	missing	missing	missing	metadata_not_found,resource_inventory_not_found,subscription_inventory_not_found	"{""acquisition"":""advisor.recommendations"",""api_version"":""2025-01-01"",""fields"":{""description"":"""",""resource_id"":""properties.resourceMetadata.resourceId""},""lookup_keys"":{""metadata"":""7ff06874-39e9-41be-9552-fa1ae2a83c88\u0000/subscriptions/ec285037-c673-4f58-b594-d7c480da4e8b/resourcegroups/io-p-itn-ioweb-rg-01/providers/microsoft.keyvault/vaults/io-p-itn-ioweb-kv-01"",""resource"":""/subscriptions/ec285037-c673-4f58-b594-d7c480da4e8b/resourcegroups/io-p-itn-ioweb-rg-01/providers/microsoft.keyvault/vaults/io-p-itn-ioweb-kv-01"",""subscription"":""ec285037-c673-4f58-b594-d7c480da4e8b""},""match_status"":{""metadata"":""missing"",""resource"":""missing"",""subscription"":""missing""},""recommendation_id"":""/subscriptions/ec285037-c673-4f58-b594-d7c480da4e8b/resourcegroups/io-p-itn-ioweb-rg-01/providers/microsoft.keyvault/vaults/io-p-itn-ioweb-kv-01/providers/Microsoft.Advisor/recommendations/2af00d336050195be3fd6ad222fe0cb193840fb4c7a7121f5f85355188ad3bb2"",""resource_linkage"":""resource_id""}"	342a6d812e50dcebb2676c37710e0b9fd376e7803ab4abf64ab4764e753c3beb
1	72a34e2b-f26c-4bd9-b778-6118966cf94b	2026-07-31	resolved	advisor_retirement_recommendation	azure_advisor	/subscriptions/ec285037-c673-4f58-b594-d7c480da4e8b/resourcegroups/io-p-itn-sign-rg-01/providers/microsoft.keyvault/vaults/io-p-itn-sign-kv-01/providers/Microsoft.Advisor/recommendations/b9a1544eb4e3c8c9beae882605e30ea949c04849e214fe4234cc0e40bfacf416	7ff06874-39e9-41be-9552-fa1ae2a83c88	New	ec285037-c673-4f58-b594-d7c480da4e8b		resource_id	/subscriptions/ec285037-c673-4f58-b594-d7c480da4e8b/resourcegroups/io-p-itn-sign-rg-01/providers/microsoft.keyvault/vaults/io-p-itn-sign-kv-01	/subscriptions/ec285037-c673-4f58-b594-d7c480da4e8b/resourcegroups/io-p-itn-sign-rg-01/providers/microsoft.keyvault/vaults/io-p-itn-sign-kv-01	io-p-itn-sign-kv-01	io-p-itn-sign-rg-01	microsoft.keyvault/vaults		{}			API versions prior to 2026-02-01	2027-02-27	2027-02-27	properties.extendedProperties.retirementDate	exact	High		HighAvailability		2026-07-18T09:03:03.214181Z		Azure Key Vault API versions prior to 2026-02-01 are being retired	Azure Key Vault API versions prior to 2026-02-01 are being retired				[]	missing	missing	missing	metadata_not_found,resource_inventory_not_found,subscription_inventory_not_found	"{""acquisition"":""advisor.recommendations"",""api_version"":""2025-01-01"",""fields"":{""description"":"""",""resource_id"":""properties.resourceMetadata.resourceId""},""lookup_keys"":{""metadata"":""7ff06874-39e9-41be-9552-fa1ae2a83c88\u0000/subscriptions/ec285037-c673-4f58-b594-d7c480da4e8b/resourcegroups/io-p-itn-sign-rg-01/providers/microsoft.keyvault/vaults/io-p-itn-sign-kv-01"",""resource"":""/subscriptions/ec285037-c673-4f58-b594-d7c480da4e8b/resourcegroups/io-p-itn-sign-rg-01/providers/microsoft.keyvault/vaults/io-p-itn-sign-kv-01"",""subscription"":""ec285037-c673-4f58-b594-d7c480da4e8b""},""match_status"":{""metadata"":""missing"",""resource"":""missing"",""subscription"":""missing""},""recommendation_id"":""/subscriptions/ec285037-c673-4f58-b594-d7c480da4e8b/resourcegroups/io-p-itn-sign-rg-01/providers/microsoft.keyvault/vaults/io-p-itn-sign-kv-01/providers/Microsoft.Advisor/recommendations/b9a1544eb4e3c8c9beae882605e30ea949c04849e214fe4234cc0e40bfacf416"",""resource_linkage"":""resource_id""}"	3cc28a6758d8c99d7be8730d9ea92bbcb6cb0a1794e2f467b4d2cf1bfb5a0c6c
1	72a34e2b-f26c-4bd9-b778-6118966cf94b	2026-07-31	resolved	advisor_retirement_recommendation	azure_advisor	/subscriptions/ec285037-c673-4f58-b594-d7c480da4e8b/resourcegroups/io-p-itn-svc-rg-01/providers/microsoft.keyvault/vaults/io-p-itn-svc-kv/providers/Microsoft.Advisor/recommendations/79407e2c43c31f1c6a24343eb9963a41aeaa68509331822e703e577b0fdb04ab	7ff06874-39e9-41be-9552-fa1ae2a83c88	New	ec285037-c673-4f58-b594-d7c480da4e8b		resource_id	/subscriptions/ec285037-c673-4f58-b594-d7c480da4e8b/resourcegroups/io-p-itn-svc-rg-01/providers/microsoft.keyvault/vaults/io-p-itn-svc-kv	/subscriptions/ec285037-c673-4f58-b594-d7c480da4e8b/resourcegroups/io-p-itn-svc-rg-01/providers/microsoft.keyvault/vaults/io-p-itn-svc-kv	io-p-itn-svc-kv	io-p-itn-svc-rg-01	microsoft.keyvault/vaults		{}			API versions prior to 2026-02-01	2027-02-27	2027-02-27	properties.extendedProperties.retirementDate	exact	High		HighAvailability		2026-07-23T11:58:47.300388Z		Azure Key Vault API versions prior to 2026-02-01 are being retired	Azure Key Vault API versions prior to 2026-02-01 are being retired				[]	missing	missing	missing	metadata_not_found,resource_inventory_not_found,subscription_inventory_not_found	"{""acquisition"":""advisor.recommendations"",""api_version"":""2025-01-01"",""fields"":{""description"":"""",""resource_id"":""properties.resourceMetadata.resourceId""},""lookup_keys"":{""metadata"":""7ff06874-39e9-41be-9552-fa1ae2a83c88\u0000/subscriptions/ec285037-c673-4f58-b594-d7c480da4e8b/resourcegroups/io-p-itn-svc-rg-01/providers/microsoft.keyvault/vaults/io-p-itn-svc-kv"",""resource"":""/subscriptions/ec285037-c673-4f58-b594-d7c480da4e8b/resourcegroups/io-p-itn-svc-rg-01/providers/microsoft.keyvault/vaults/io-p-itn-svc-kv"",""subscription"":""ec285037-c673-4f58-b594-d7c480da4e8b""},""match_status"":{""metadata"":""missing"",""resource"":""missing"",""subscription"":""missing""},""recommendation_id"":""/subscriptions/ec285037-c673-4f58-b594-d7c480da4e8b/resourcegroups/io-p-itn-svc-rg-01/providers/microsoft.keyvault/vaults/io-p-itn-svc-kv/providers/Microsoft.Advisor/recommendations/79407e2c43c31f1c6a24343eb9963a41aeaa68509331822e703e577b0fdb04ab"",""resource_linkage"":""resource_id""}"	c9200d32d4d2ecefea5bc1db49af5c398fc48b5e742cabe6d0d5ede22b62ef29
1	72a34e2b-f26c-4bd9-b778-6118966cf94b	2026-07-31	resolved	advisor_retirement_recommendation	azure_advisor	/subscriptions/ec285037-c673-4f58-b594-d7c480da4e8b/resourcegroups/io-p-itn-tfstate-rg-01/providers/microsoft.storage/storageaccounts/iopitntfstatest01/providers/Microsoft.Advisor/recommendations/23d6d05dace93dafa8b777caf7d49eaac5fa7fc9bdb866751dad1491ea899594	ced5fa9f-b5bf-4982-9f25-8190fb36dfca	New	ec285037-c673-4f58-b594-d7c480da4e8b		resource_id	/subscriptions/ec285037-c673-4f58-b594-d7c480da4e8b/resourcegroups/io-p-itn-tfstate-rg-01/providers/microsoft.storage/storageaccounts/iopitntfstatest01	/subscriptions/ec285037-c673-4f58-b594-d7c480da4e8b/resourcegroups/io-p-itn-tfstate-rg-01/providers/microsoft.storage/storageaccounts/iopitntfstatest01	iopitntfstatest01	io-p-itn-tfstate-rg-01	microsoft.storage/storageaccounts		{}			Support for TLS 1.0 and 1.1	2026-02-03	2026-02-03	properties.extendedProperties.retirementDate	exact	High		HighAvailability		2026-04-18T13:06:58.983032Z		Support for TLS 1.0 and TLS 1.1 in Azure storage accounts is ending	Support for TLS 1.0 and TLS 1.1 in Azure storage accounts is ending				[]	missing	missing	missing	metadata_not_found,resource_inventory_not_found,subscription_inventory_not_found	"{""acquisition"":""advisor.recommendations"",""api_version"":""2025-01-01"",""fields"":{""description"":"""",""resource_id"":""properties.resourceMetadata.resourceId""},""lookup_keys"":{""metadata"":""ced5fa9f-b5bf-4982-9f25-8190fb36dfca\u0000/subscriptions/ec285037-c673-4f58-b594-d7c480da4e8b/resourcegroups/io-p-itn-tfstate-rg-01/providers/microsoft.storage/storageaccounts/iopitntfstatest01"",""resource"":""/subscriptions/ec285037-c673-4f58-b594-d7c480da4e8b/resourcegroups/io-p-itn-tfstate-rg-01/providers/microsoft.storage/storageaccounts/iopitntfstatest01"",""subscription"":""ec285037-c673-4f58-b594-d7c480da4e8b""},""match_status"":{""metadata"":""missing"",""resource"":""missing"",""subscription"":""missing""},""recommendation_id"":""/subscriptions/ec285037-c673-4f58-b594-d7c480da4e8b/resourcegroups/io-p-itn-tfstate-rg-01/providers/microsoft.storage/storageaccounts/iopitntfstatest01/providers/Microsoft.Advisor/recommendations/23d6d05dace93dafa8b777caf7d49eaac5fa7fc9bdb866751dad1491ea899594"",""resource_linkage"":""resource_id""}"	a519d97a326384ccb1650b6787bd7e6c019837e5239f517194b15a52fb04f4bc
1	72a34e2b-f26c-4bd9-b778-6118966cf94b	2026-07-31	resolved	advisor_retirement_recommendation	azure_advisor	/subscriptions/ec285037-c673-4f58-b594-d7c480da4e8b/resourcegroups/io-p-itn-wallet-rg-01/providers/microsoft.keyvault/vaults/io-p-itn-wallet-kv-01/providers/Microsoft.Advisor/recommendations/f8f1fff7844a82fc3d5b7208915c3d955fc82f5a1f17f16d6e1ec6fd6775fee3	7ff06874-39e9-41be-9552-fa1ae2a83c88	New	ec285037-c673-4f58-b594-d7c480da4e8b		resource_id	/subscriptions/ec285037-c673-4f58-b594-d7c480da4e8b/resourcegroups/io-p-itn-wallet-rg-01/providers/microsoft.keyvault/vaults/io-p-itn-wallet-kv-01	/subscriptions/ec285037-c673-4f58-b594-d7c480da4e8b/resourcegroups/io-p-itn-wallet-rg-01/providers/microsoft.keyvault/vaults/io-p-itn-wallet-kv-01	io-p-itn-wallet-kv-01	io-p-itn-wallet-rg-01	microsoft.keyvault/vaults		{}			API versions prior to 2026-02-01	2027-02-27	2027-02-27	properties.extendedProperties.retirementDate	exact	High		HighAvailability		2026-07-27T18:42:31.686262Z		Azure Key Vault API versions prior to 2026-02-01 are being retired	Azure Key Vault API versions prior to 2026-02-01 are being retired				[]	missing	missing	missing	metadata_not_found,resource_inventory_not_found,subscription_inventory_not_found	"{""acquisition"":""advisor.recommendations"",""api_version"":""2025-01-01"",""fields"":{""description"":"""",""resource_id"":""properties.resourceMetadata.resourceId""},""lookup_keys"":{""metadata"":""7ff06874-39e9-41be-9552-fa1ae2a83c88\u0000/subscriptions/ec285037-c673-4f58-b594-d7c480da4e8b/resourcegroups/io-p-itn-wallet-rg-01/providers/microsoft.keyvault/vaults/io-p-itn-wallet-kv-01"",""resource"":""/subscriptions/ec285037-c673-4f58-b594-d7c480da4e8b/resourcegroups/io-p-itn-wallet-rg-01/providers/microsoft.keyvault/vaults/io-p-itn-wallet-kv-01"",""subscription"":""ec285037-c673-4f58-b594-d7c480da4e8b""},""match_status"":{""metadata"":""missing"",""resource"":""missing"",""subscription"":""missing""},""recommendation_id"":""/subscriptions/ec285037-c673-4f58-b594-d7c480da4e8b/resourcegroups/io-p-itn-wallet-rg-01/providers/microsoft.keyvault/vaults/io-p-itn-wallet-kv-01/providers/Microsoft.Advisor/recommendations/f8f1fff7844a82fc3d5b7208915c3d955fc82f5a1f17f16d6e1ec6fd6775fee3"",""resource_linkage"":""resource_id""}"	3a7466764b73036753f3d33edf84a3357e8df063c4d40adc7eca6862e55621ab
1	72a34e2b-f26c-4bd9-b778-6118966cf94b	2026-07-31	resolved	advisor_retirement_recommendation	azure_advisor	/subscriptions/ec285037-c673-4f58-b594-d7c480da4e8b/resourcegroups/io-p-ops_group/providers/microsoft.compute/virtualmachines/io-p-ops/providers/Microsoft.Advisor/recommendations/190f538d5cb9bcea365f8511a2581934f577ae106572e647802b42d459c5243c	5f2613df-629f-4b07-9425-2a47ea0dfad3	New	ec285037-c673-4f58-b594-d7c480da4e8b		resource_id	/subscriptions/ec285037-c673-4f58-b594-d7c480da4e8b/resourcegroups/io-p-ops_group/providers/microsoft.compute/virtualmachines/io-p-ops	/subscriptions/ec285037-c673-4f58-b594-d7c480da4e8b/resourcegroups/io-p-ops_group/providers/microsoft.compute/virtualmachines/io-p-ops	io-p-ops	io-p-ops_group	microsoft.compute/virtualmachines		{}							missing	Medium		HighAvailability		2026-05-15T14:53:11.513308Z		Migrate workload to Virtual Machine Scale Sets Flex	Migrate workload to Virtual Machine Scale Sets Flex				[]	missing	missing	missing	metadata_not_found,missing_retirement_date,resource_inventory_not_found,subscription_inventory_not_found	"{""acquisition"":""advisor.recommendations"",""api_version"":""2025-01-01"",""fields"":{""description"":"""",""resource_id"":""properties.resourceMetadata.resourceId""},""lookup_keys"":{""metadata"":""5f2613df-629f-4b07-9425-2a47ea0dfad3\u0000/subscriptions/ec285037-c673-4f58-b594-d7c480da4e8b/resourcegroups/io-p-ops_group/providers/microsoft.compute/virtualmachines/io-p-ops"",""resource"":""/subscriptions/ec285037-c673-4f58-b594-d7c480da4e8b/resourcegroups/io-p-ops_group/providers/microsoft.compute/virtualmachines/io-p-ops"",""subscription"":""ec285037-c673-4f58-b594-d7c480da4e8b""},""match_status"":{""metadata"":""missing"",""resource"":""missing"",""subscription"":""missing""},""recommendation_id"":""/subscriptions/ec285037-c673-4f58-b594-d7c480da4e8b/resourcegroups/io-p-ops_group/providers/microsoft.compute/virtualmachines/io-p-ops/providers/Microsoft.Advisor/recommendations/190f538d5cb9bcea365f8511a2581934f577ae106572e647802b42d459c5243c"",""resource_linkage"":""resource_id""}"	5cfad217031b4b3f53ec25165cbe75111220632a68b64b96e4851daebf905d9c
1	72a34e2b-f26c-4bd9-b778-6118966cf94b	2026-07-31	resolved	advisor_retirement_recommendation	azure_advisor	/subscriptions/ec285037-c673-4f58-b594-d7c480da4e8b/resourcegroups/io-p-ops_group/providers/microsoft.compute/virtualmachines/io-p-ops/providers/Microsoft.Advisor/recommendations/6b3a3d6d86ddc7ddc0a271e3e5b83b19443be3be0e334389d75c35f28a5b3d77	13cea0f1-c3f7-4c66-8b3b-9928a0f07cea	New	ec285037-c673-4f58-b594-d7c480da4e8b		resource_id	/subscriptions/ec285037-c673-4f58-b594-d7c480da4e8b/resourcegroups/io-p-ops_group/providers/microsoft.compute/virtualmachines/io-p-ops	/subscriptions/ec285037-c673-4f58-b594-d7c480da4e8b/resourcegroups/io-p-ops_group/providers/microsoft.compute/virtualmachines/io-p-ops	io-p-ops	io-p-ops_group	microsoft.compute/virtualmachines		{}			LSv2, G, GS, F, FS, Fsv2, B, Av2 - Series	2028-11-15	2028-11-15	properties.extendedProperties.retirementDate	exact	High		HighAvailability		2026-05-09T10:07:48.625407Z		Review and migrate virtual machine workloads	Review and migrate virtual machine workloads				[]	missing	missing	missing	metadata_not_found,resource_inventory_not_found,subscription_inventory_not_found	"{""acquisition"":""advisor.recommendations"",""api_version"":""2025-01-01"",""fields"":{""description"":"""",""resource_id"":""properties.resourceMetadata.resourceId""},""lookup_keys"":{""metadata"":""13cea0f1-c3f7-4c66-8b3b-9928a0f07cea\u0000/subscriptions/ec285037-c673-4f58-b594-d7c480da4e8b/resourcegroups/io-p-ops_group/providers/microsoft.compute/virtualmachines/io-p-ops"",""resource"":""/subscriptions/ec285037-c673-4f58-b594-d7c480da4e8b/resourcegroups/io-p-ops_group/providers/microsoft.compute/virtualmachines/io-p-ops"",""subscription"":""ec285037-c673-4f58-b594-d7c480da4e8b""},""match_status"":{""metadata"":""missing"",""resource"":""missing"",""subscription"":""missing""},""recommendation_id"":""/subscriptions/ec285037-c673-4f58-b594-d7c480da4e8b/resourcegroups/io-p-ops_group/providers/microsoft.compute/virtualmachines/io-p-ops/providers/Microsoft.Advisor/recommendations/6b3a3d6d86ddc7ddc0a271e3e5b83b19443be3be0e334389d75c35f28a5b3d77"",""resource_linkage"":""resource_id""}"	333423798477dfd97980185bd125cf0b56a6ae228aa32684fab946c7f47f4215
1	72a34e2b-f26c-4bd9-b778-6118966cf94b	2026-07-31	resolved	advisor_retirement_recommendation	azure_advisor	/subscriptions/ec285037-c673-4f58-b594-d7c480da4e8b/resourcegroups/io-p-ops_group/providers/microsoft.compute/virtualmachines/io-p-ops/providers/Microsoft.Advisor/recommendations/e7e2151c6552bccfb32db8441b7867f0217c70fd25a03f28d3c73cf74f704493	7f71b153-c0b7-4e99-a23e-db8179183ec9	New	ec285037-c673-4f58-b594-d7c480da4e8b		resource_id	/subscriptions/ec285037-c673-4f58-b594-d7c480da4e8b/resourcegroups/io-p-ops_group/providers/microsoft.compute/virtualmachines/io-p-ops	/subscriptions/ec285037-c673-4f58-b594-d7c480da4e8b/resourcegroups/io-p-ops_group/providers/microsoft.compute/virtualmachines/io-p-ops	io-p-ops	io-p-ops_group	microsoft.compute/virtualmachines		{}							missing	High		HighAvailability		2026-04-25T17:03:01.448446Z		Migrate workload to D-series or better virtual machine	Migrate workload to D-series or better virtual machine				[]	missing	missing	missing	metadata_not_found,missing_retirement_date,resource_inventory_not_found,subscription_inventory_not_found	"{""acquisition"":""advisor.recommendations"",""api_version"":""2025-01-01"",""fields"":{""description"":"""",""resource_id"":""properties.resourceMetadata.resourceId""},""lookup_keys"":{""metadata"":""7f71b153-c0b7-4e99-a23e-db8179183ec9\u0000/subscriptions/ec285037-c673-4f58-b594-d7c480da4e8b/resourcegroups/io-p-ops_group/providers/microsoft.compute/virtualmachines/io-p-ops"",""resource"":""/subscriptions/ec285037-c673-4f58-b594-d7c480da4e8b/resourcegroups/io-p-ops_group/providers/microsoft.compute/virtualmachines/io-p-ops"",""subscription"":""ec285037-c673-4f58-b594-d7c480da4e8b""},""match_status"":{""metadata"":""missing"",""resource"":""missing"",""subscription"":""missing""},""recommendation_id"":""/subscriptions/ec285037-c673-4f58-b594-d7c480da4e8b/resourcegroups/io-p-ops_group/providers/microsoft.compute/virtualmachines/io-p-ops/providers/Microsoft.Advisor/recommendations/e7e2151c6552bccfb32db8441b7867f0217c70fd25a03f28d3c73cf74f704493"",""resource_linkage"":""resource_id""}"	6286e937ee68ecbce184e0b6333cfa00aa5902fcd8dbe73d3ee6b8680b3d4359
1	72a34e2b-f26c-4bd9-b778-6118966cf94b	2026-07-31	resolved	advisor_retirement_recommendation	azure_advisor	/subscriptions/ec285037-c673-4f58-b594-d7c480da4e8b/resourcegroups/io-p-rg-common/providers/microsoft.cache/redis/io-p-redis-common/providers/Microsoft.Advisor/recommendations/891223c44ecb57d26579bf7d14e62dca7fea7bf9f3a399aafe5c482e187782fb	f3aded79-f9ff-4ce4-99e3-2ffcf11161a4	New	ec285037-c673-4f58-b594-d7c480da4e8b		resource_id	/subscriptions/ec285037-c673-4f58-b594-d7c480da4e8b/resourcegroups/io-p-rg-common/providers/microsoft.cache/redis/io-p-redis-common	/subscriptions/ec285037-c673-4f58-b594-d7c480da4e8b/resourcegroups/io-p-rg-common/providers/microsoft.cache/redis/io-p-redis-common	io-p-redis-common	io-p-rg-common	microsoft.cache/redis		{}			Redis Cache	2028-09-30	2028-09-30	properties.extendedProperties.retirementDate	exact	Medium		HighAvailability		2026-05-19T17:07:12.945220Z		Migrate to Azure Managed Redis from Azure Cache for Redis	Migrate to Azure Managed Redis from Azure Cache for Redis				[]	missing	missing	missing	metadata_not_found,resource_inventory_not_found,subscription_inventory_not_found	"{""acquisition"":""advisor.recommendations"",""api_version"":""2025-01-01"",""fields"":{""description"":"""",""resource_id"":""properties.resourceMetadata.resourceId""},""lookup_keys"":{""metadata"":""f3aded79-f9ff-4ce4-99e3-2ffcf11161a4\u0000/subscriptions/ec285037-c673-4f58-b594-d7c480da4e8b/resourcegroups/io-p-rg-common/providers/microsoft.cache/redis/io-p-redis-common"",""resource"":""/subscriptions/ec285037-c673-4f58-b594-d7c480da4e8b/resourcegroups/io-p-rg-common/providers/microsoft.cache/redis/io-p-redis-common"",""subscription"":""ec285037-c673-4f58-b594-d7c480da4e8b""},""match_status"":{""metadata"":""missing"",""resource"":""missing"",""subscription"":""missing""},""recommendation_id"":""/subscriptions/ec285037-c673-4f58-b594-d7c480da4e8b/resourcegroups/io-p-rg-common/providers/microsoft.cache/redis/io-p-redis-common/providers/Microsoft.Advisor/recommendations/891223c44ecb57d26579bf7d14e62dca7fea7bf9f3a399aafe5c482e187782fb"",""resource_linkage"":""resource_id""}"	d0f98c88fdfc9d3f2b9b46137ad1bb1cd1373a663d3d4978b1a2e9bc6ea56d1c
1	72a34e2b-f26c-4bd9-b778-6118966cf94b	2026-07-31	resolved	advisor_retirement_recommendation	azure_advisor	/subscriptions/ec285037-c673-4f58-b594-d7c480da4e8b/resourcegroups/io-p-rg-common/providers/microsoft.insights/webtests/io-p-wt-func-iopayportal/providers/Microsoft.Advisor/recommendations/4d941cb074527d8c43e256085b912b8321856dd2f1a29c78235748dfc377e3a8	e877d6d4-e952-4f8a-a4c4-5f90e5ac1da9	New	ec285037-c673-4f58-b594-d7c480da4e8b		resource_id	/subscriptions/ec285037-c673-4f58-b594-d7c480da4e8b/resourcegroups/io-p-rg-common/providers/microsoft.insights/webtests/io-p-wt-func-iopayportal	/subscriptions/ec285037-c673-4f58-b594-d7c480da4e8b/resourcegroups/io-p-rg-common/providers/microsoft.insights/webtests/io-p-wt-func-iopayportal	io-p-wt-func-iopayportal	io-p-rg-common	microsoft.insights/webtests		{}			Single URL Ping Test	2026-09-30	2026-09-30	properties.extendedProperties.retirementDate	exact	Medium		HighAvailability		2026-04-23T03:11:30.406373Z		The URL ping test capability of the application insights feature for Azure Monitor is being retired.	The URL ping test capability of the application insights feature for Azure Monitor is being retired.				[]	missing	missing	missing	metadata_not_found,resource_inventory_not_found,subscription_inventory_not_found	"{""acquisition"":""advisor.recommendations"",""api_version"":""2025-01-01"",""fields"":{""description"":"""",""resource_id"":""properties.resourceMetadata.resourceId""},""lookup_keys"":{""metadata"":""e877d6d4-e952-4f8a-a4c4-5f90e5ac1da9\u0000/subscriptions/ec285037-c673-4f58-b594-d7c480da4e8b/resourcegroups/io-p-rg-common/providers/microsoft.insights/webtests/io-p-wt-func-iopayportal"",""resource"":""/subscriptions/ec285037-c673-4f58-b594-d7c480da4e8b/resourcegroups/io-p-rg-common/providers/microsoft.insights/webtests/io-p-wt-func-iopayportal"",""subscription"":""ec285037-c673-4f58-b594-d7c480da4e8b""},""match_status"":{""metadata"":""missing"",""resource"":""missing"",""subscription"":""missing""},""recommendation_id"":""/subscriptions/ec285037-c673-4f58-b594-d7c480da4e8b/resourcegroups/io-p-rg-common/providers/microsoft.insights/webtests/io-p-wt-func-iopayportal/providers/Microsoft.Advisor/recommendations/4d941cb074527d8c43e256085b912b8321856dd2f1a29c78235748dfc377e3a8"",""resource_linkage"":""resource_id""}"	8153f74140092a7658f23881bd54ba62361eb930285624c07766c2e94f9d3dca
1	72a34e2b-f26c-4bd9-b778-6118966cf94b	2026-07-31	resolved	advisor_retirement_recommendation	azure_advisor	/subscriptions/ec285037-c673-4f58-b594-d7c480da4e8b/resourcegroups/io-p-rg-common/providers/microsoft.insights/webtests/spidl2-xx-testenv2-io-p-ai-common/providers/Microsoft.Advisor/recommendations/2e4de9f065db49fccb126a2fbddfb5b58c7adc163b46745759a6f1162f8d1570	e877d6d4-e952-4f8a-a4c4-5f90e5ac1da9	New	ec285037-c673-4f58-b594-d7c480da4e8b		resource_id	/subscriptions/ec285037-c673-4f58-b594-d7c480da4e8b/resourcegroups/io-p-rg-common/providers/microsoft.insights/webtests/spidl2-xx-testenv2-io-p-ai-common	/subscriptions/ec285037-c673-4f58-b594-d7c480da4e8b/resourcegroups/io-p-rg-common/providers/microsoft.insights/webtests/spidl2-xx-testenv2-io-p-ai-common	spidl2-xx-testenv2-io-p-ai-common	io-p-rg-common	microsoft.insights/webtests		{}			Single URL Ping Test	2026-09-30	2026-09-30	properties.extendedProperties.retirementDate	exact	Medium		HighAvailability		2026-04-16T22:33:29.246630Z		The URL ping test capability of the application insights feature for Azure Monitor is being retired.	The URL ping test capability of the application insights feature for Azure Monitor is being retired.				[]	missing	missing	missing	metadata_not_found,resource_inventory_not_found,subscription_inventory_not_found	"{""acquisition"":""advisor.recommendations"",""api_version"":""2025-01-01"",""fields"":{""description"":"""",""resource_id"":""properties.resourceMetadata.resourceId""},""lookup_keys"":{""metadata"":""e877d6d4-e952-4f8a-a4c4-5f90e5ac1da9\u0000/subscriptions/ec285037-c673-4f58-b594-d7c480da4e8b/resourcegroups/io-p-rg-common/providers/microsoft.insights/webtests/spidl2-xx-testenv2-io-p-ai-common"",""resource"":""/subscriptions/ec285037-c673-4f58-b594-d7c480da4e8b/resourcegroups/io-p-rg-common/providers/microsoft.insights/webtests/spidl2-xx-testenv2-io-p-ai-common"",""subscription"":""ec285037-c673-4f58-b594-d7c480da4e8b""},""match_status"":{""metadata"":""missing"",""resource"":""missing"",""subscription"":""missing""},""recommendation_id"":""/subscriptions/ec285037-c673-4f58-b594-d7c480da4e8b/resourcegroups/io-p-rg-common/providers/microsoft.insights/webtests/spidl2-xx-testenv2-io-p-ai-common/providers/Microsoft.Advisor/recommendations/2e4de9f065db49fccb126a2fbddfb5b58c7adc163b46745759a6f1162f8d1570"",""resource_linkage"":""resource_id""}"	bcf1eac972cbd5c407c7825696f00a77c302329dcf550ced3cc72f30c7b275c4
1	72a34e2b-f26c-4bd9-b778-6118966cf94b	2026-07-31	resolved	advisor_retirement_recommendation	azure_advisor	/subscriptions/ec285037-c673-4f58-b594-d7c480da4e8b/resourcegroups/io-p-rg-common/providers/microsoft.keyvault/vaults/io-p-kv-common/providers/Microsoft.Advisor/recommendations/aec0d1cb9e544ac3a1303c450206c03933788ff1e6fe1a135a922335bd8a553d	7ff06874-39e9-41be-9552-fa1ae2a83c88	New	ec285037-c673-4f58-b594-d7c480da4e8b		resource_id	/subscriptions/ec285037-c673-4f58-b594-d7c480da4e8b/resourcegroups/io-p-rg-common/providers/microsoft.keyvault/vaults/io-p-kv-common	/subscriptions/ec285037-c673-4f58-b594-d7c480da4e8b/resourcegroups/io-p-rg-common/providers/microsoft.keyvault/vaults/io-p-kv-common	io-p-kv-common	io-p-rg-common	microsoft.keyvault/vaults		{}			API versions prior to 2026-02-01	2027-02-27	2027-02-27	properties.extendedProperties.retirementDate	exact	High		HighAvailability		2026-07-17T10:05:07.949273Z		Azure Key Vault API versions prior to 2026-02-01 are being retired	Azure Key Vault API versions prior to 2026-02-01 are being retired				[]	missing	missing	missing	metadata_not_found,resource_inventory_not_found,subscription_inventory_not_found	"{""acquisition"":""advisor.recommendations"",""api_version"":""2025-01-01"",""fields"":{""description"":"""",""resource_id"":""properties.resourceMetadata.resourceId""},""lookup_keys"":{""metadata"":""7ff06874-39e9-41be-9552-fa1ae2a83c88\u0000/subscriptions/ec285037-c673-4f58-b594-d7c480da4e8b/resourcegroups/io-p-rg-common/providers/microsoft.keyvault/vaults/io-p-kv-common"",""resource"":""/subscriptions/ec285037-c673-4f58-b594-d7c480da4e8b/resourcegroups/io-p-rg-common/providers/microsoft.keyvault/vaults/io-p-kv-common"",""subscription"":""ec285037-c673-4f58-b594-d7c480da4e8b""},""match_status"":{""metadata"":""missing"",""resource"":""missing"",""subscription"":""missing""},""recommendation_id"":""/subscriptions/ec285037-c673-4f58-b594-d7c480da4e8b/resourcegroups/io-p-rg-common/providers/microsoft.keyvault/vaults/io-p-kv-common/providers/Microsoft.Advisor/recommendations/aec0d1cb9e544ac3a1303c450206c03933788ff1e6fe1a135a922335bd8a553d"",""resource_linkage"":""resource_id""}"	a665812c1c918679fe27c9250e9bf8ed317b6f10f6c33be123c87f299841decd
1	72a34e2b-f26c-4bd9-b778-6118966cf94b	2026-07-31	resolved	advisor_retirement_recommendation	azure_advisor	/subscriptions/ec285037-c673-4f58-b594-d7c480da4e8b/resourcegroups/io-p-rg-internal/providers/microsoft.documentdb/databaseaccounts/io-p-cosmos-api/providers/Microsoft.Advisor/recommendations/90c43147dd497abb3bdff3177a84e8fe61c33855c04612bc7bc1b0b032fd4f6c	60a55165-9ccd-4536-81f6-e8dc6246d3d2	New	ec285037-c673-4f58-b594-d7c480da4e8b		resource_id	/subscriptions/ec285037-c673-4f58-b594-d7c480da4e8b/resourcegroups/io-p-rg-internal/providers/microsoft.documentdb/databaseaccounts/io-p-cosmos-api	/subscriptions/ec285037-c673-4f58-b594-d7c480da4e8b/resourcegroups/io-p-rg-internal/providers/microsoft.documentdb/databaseaccounts/io-p-cosmos-api	io-p-cosmos-api	io-p-rg-internal	microsoft.documentdb/databaseaccounts		{}			Outdated Azure Cosmos DB SDK	2024-10-01	2024-10-01	properties.extendedProperties.retirementDate	exact	High		HighAvailability		2026-05-11T17:14:01.597862Z		Upgrade outdated Azure Cosmos DB SDK to the latest version	Upgrade outdated Azure Cosmos DB SDK to the latest version				[]	missing	missing	missing	metadata_not_found,resource_inventory_not_found,subscription_inventory_not_found	"{""acquisition"":""advisor.recommendations"",""api_version"":""2025-01-01"",""fields"":{""description"":"""",""resource_id"":""properties.resourceMetadata.resourceId""},""lookup_keys"":{""metadata"":""60a55165-9ccd-4536-81f6-e8dc6246d3d2\u0000/subscriptions/ec285037-c673-4f58-b594-d7c480da4e8b/resourcegroups/io-p-rg-internal/providers/microsoft.documentdb/databaseaccounts/io-p-cosmos-api"",""resource"":""/subscriptions/ec285037-c673-4f58-b594-d7c480da4e8b/resourcegroups/io-p-rg-internal/providers/microsoft.documentdb/databaseaccounts/io-p-cosmos-api"",""subscription"":""ec285037-c673-4f58-b594-d7c480da4e8b""},""match_status"":{""metadata"":""missing"",""resource"":""missing"",""subscription"":""missing""},""recommendation_id"":""/subscriptions/ec285037-c673-4f58-b594-d7c480da4e8b/resourcegroups/io-p-rg-internal/providers/microsoft.documentdb/databaseaccounts/io-p-cosmos-api/providers/Microsoft.Advisor/recommendations/90c43147dd497abb3bdff3177a84e8fe61c33855c04612bc7bc1b0b032fd4f6c"",""resource_linkage"":""resource_id""}"	da62469cf8bec2729e24335b102ad8896252ddc723996a1dfa7fe6211dd687a4
1	72a34e2b-f26c-4bd9-b778-6118966cf94b	2026-07-31	resolved	advisor_retirement_recommendation	azure_advisor	/subscriptions/ec285037-c673-4f58-b594-d7c480da4e8b/resourcegroups/io-p-rg-internal/providers/microsoft.web/sites/io-p-func-iopayportal/providers/Microsoft.Advisor/recommendations/c8433406a0fab925993641a28610505c629751d8a36bb93285597542640b8728	de15ab5e-80bd-405f-a709-47cb3e8c7819	New	ec285037-c673-4f58-b594-d7c480da4e8b		resource_id	/subscriptions/ec285037-c673-4f58-b594-d7c480da4e8b/resourcegroups/io-p-rg-internal/providers/microsoft.web/sites/io-p-func-iopayportal	/subscriptions/ec285037-c673-4f58-b594-d7c480da4e8b/resourcegroups/io-p-rg-internal/providers/microsoft.web/sites/io-p-func-iopayportal	io-p-func-iopayportal	io-p-rg-internal	microsoft.web/sites		{}			TLS 1.0 and 1.1 support in Azure Functions	2027-05-31	2027-05-31	properties.extendedProperties.retirementDate	exact	Medium		HighAvailability		2026-07-13T17:05:06.405980Z		Migrate to TLS 1.2 or later for Functions	Migrate to TLS 1.2 or later for Functions				[]	missing	missing	missing	metadata_not_found,resource_inventory_not_found,subscription_inventory_not_found	"{""acquisition"":""advisor.recommendations"",""api_version"":""2025-01-01"",""fields"":{""description"":"""",""resource_id"":""properties.resourceMetadata.resourceId""},""lookup_keys"":{""metadata"":""de15ab5e-80bd-405f-a709-47cb3e8c7819\u0000/subscriptions/ec285037-c673-4f58-b594-d7c480da4e8b/resourcegroups/io-p-rg-internal/providers/microsoft.web/sites/io-p-func-iopayportal"",""resource"":""/subscriptions/ec285037-c673-4f58-b594-d7c480da4e8b/resourcegroups/io-p-rg-internal/providers/microsoft.web/sites/io-p-func-iopayportal"",""subscription"":""ec285037-c673-4f58-b594-d7c480da4e8b""},""match_status"":{""metadata"":""missing"",""resource"":""missing"",""subscription"":""missing""},""recommendation_id"":""/subscriptions/ec285037-c673-4f58-b594-d7c480da4e8b/resourcegroups/io-p-rg-internal/providers/microsoft.web/sites/io-p-func-iopayportal/providers/Microsoft.Advisor/recommendations/c8433406a0fab925993641a28610505c629751d8a36bb93285597542640b8728"",""resource_linkage"":""resource_id""}"	03802ca53e45032ffc29b4d736c0829ee3da28624fda4ad276025ae1c605bd26
1	72a34e2b-f26c-4bd9-b778-6118966cf94b	2026-07-31	resolved	advisor_retirement_recommendation	azure_advisor	/subscriptions/ec285037-c673-4f58-b594-d7c480da4e8b/resourcegroups/io-p-rg-internal/providers/microsoft.web/sites/io-p-func-iopayportal/slots/staging/providers/Microsoft.Advisor/recommendations/86daa08ef849eb1d23a8ba723c002a34a58e87acfefe4ca8a8b3671a9e21b84e	de15ab5e-80bd-405f-a709-47cb3e8c7819	New	ec285037-c673-4f58-b594-d7c480da4e8b		resource_id	/subscriptions/ec285037-c673-4f58-b594-d7c480da4e8b/resourcegroups/io-p-rg-internal/providers/microsoft.web/sites/io-p-func-iopayportal/slots/staging	/subscriptions/ec285037-c673-4f58-b594-d7c480da4e8b/resourcegroups/io-p-rg-internal/providers/microsoft.web/sites/io-p-func-iopayportal/slots/staging	io-p-func-iopayportal	io-p-rg-internal	microsoft.web/sites		{}			TLS 1.0 and 1.1 support in Azure Functions	2027-05-31	2027-05-31	properties.extendedProperties.retirementDate	exact	Medium		HighAvailability		2026-07-13T17:05:11.080336Z		Migrate to TLS 1.2 or later for Functions	Migrate to TLS 1.2 or later for Functions				[]	missing	missing	missing	metadata_not_found,resource_inventory_not_found,subscription_inventory_not_found	"{""acquisition"":""advisor.recommendations"",""api_version"":""2025-01-01"",""fields"":{""description"":"""",""resource_id"":""properties.resourceMetadata.resourceId""},""lookup_keys"":{""metadata"":""de15ab5e-80bd-405f-a709-47cb3e8c7819\u0000/subscriptions/ec285037-c673-4f58-b594-d7c480da4e8b/resourcegroups/io-p-rg-internal/providers/microsoft.web/sites/io-p-func-iopayportal/slots/staging"",""resource"":""/subscriptions/ec285037-c673-4f58-b594-d7c480da4e8b/resourcegroups/io-p-rg-internal/providers/microsoft.web/sites/io-p-func-iopayportal/slots/staging"",""subscription"":""ec285037-c673-4f58-b594-d7c480da4e8b""},""match_status"":{""metadata"":""missing"",""resource"":""missing"",""subscription"":""missing""},""recommendation_id"":""/subscriptions/ec285037-c673-4f58-b594-d7c480da4e8b/resourcegroups/io-p-rg-internal/providers/microsoft.web/sites/io-p-func-iopayportal/slots/staging/providers/Microsoft.Advisor/recommendations/86daa08ef849eb1d23a8ba723c002a34a58e87acfefe4ca8a8b3671a9e21b84e"",""resource_linkage"":""resource_id""}"	5ddd72085e531663b05edb4dc736fd3aed0e9be4bd45be5e16b2adc6d768c117
1	72a34e2b-f26c-4bd9-b778-6118966cf94b	2026-07-31	resolved	advisor_retirement_recommendation	azure_advisor	/subscriptions/ec285037-c673-4f58-b594-d7c480da4e8b/resourcegroups/io-p-rg-operations/providers/microsoft.storage/storageaccounts/iopstfn3slackbot/providers/Microsoft.Advisor/recommendations/b07bbbf415a51d82d95cf1b577bca6f20efb4885333413b53bd17c5f53788488	1d70919c-1a4a-4f79-8300-bb576c291e9d	New	ec285037-c673-4f58-b594-d7c480da4e8b		resource_id	/subscriptions/ec285037-c673-4f58-b594-d7c480da4e8b/resourcegroups/io-p-rg-operations/providers/microsoft.storage/storageaccounts/iopstfn3slackbot	/subscriptions/ec285037-c673-4f58-b594-d7c480da4e8b/resourcegroups/io-p-rg-operations/providers/microsoft.storage/storageaccounts/iopstfn3slackbot	iopstfn3slackbot	io-p-rg-operations	microsoft.storage/storageaccounts		{}			Legacy Blob and General-Purpose v1 storage accounts	2026-10-13	2026-10-13	properties.extendedProperties.retirementDate	exact	Medium		HighAvailability		2026-05-15T21:33:52.945114Z		Upgrade general-purpose v1 storage accounts	Upgrade general-purpose v1 storage accounts				[]	missing	missing	missing	metadata_not_found,resource_inventory_not_found,subscription_inventory_not_found	"{""acquisition"":""advisor.recommendations"",""api_version"":""2025-01-01"",""fields"":{""description"":"""",""resource_id"":""properties.resourceMetadata.resourceId""},""lookup_keys"":{""metadata"":""1d70919c-1a4a-4f79-8300-bb576c291e9d\u0000/subscriptions/ec285037-c673-4f58-b594-d7c480da4e8b/resourcegroups/io-p-rg-operations/providers/microsoft.storage/storageaccounts/iopstfn3slackbot"",""resource"":""/subscriptions/ec285037-c673-4f58-b594-d7c480da4e8b/resourcegroups/io-p-rg-operations/providers/microsoft.storage/storageaccounts/iopstfn3slackbot"",""subscription"":""ec285037-c673-4f58-b594-d7c480da4e8b""},""match_status"":{""metadata"":""missing"",""resource"":""missing"",""subscription"":""missing""},""recommendation_id"":""/subscriptions/ec285037-c673-4f58-b594-d7c480da4e8b/resourcegroups/io-p-rg-operations/providers/microsoft.storage/storageaccounts/iopstfn3slackbot/providers/Microsoft.Advisor/recommendations/b07bbbf415a51d82d95cf1b577bca6f20efb4885333413b53bd17c5f53788488"",""resource_linkage"":""resource_id""}"	1707c7cba26cfa0671dbe60161b66624c75b2c1a79993ac45c439c7b08b31630
1	72a34e2b-f26c-4bd9-b778-6118966cf94b	2026-07-31	resolved	advisor_retirement_recommendation	azure_advisor	/subscriptions/ec285037-c673-4f58-b594-d7c480da4e8b/resourcegroups/io-p-sec-rg/providers/microsoft.keyvault/vaults/io-p-kv/providers/Microsoft.Advisor/recommendations/d793a7ec9d415824818722bf3527fe7f09d5937e4c6b74a8fedb1e1145114e5d	7ff06874-39e9-41be-9552-fa1ae2a83c88	New	ec285037-c673-4f58-b594-d7c480da4e8b		resource_id	/subscriptions/ec285037-c673-4f58-b594-d7c480da4e8b/resourcegroups/io-p-sec-rg/providers/microsoft.keyvault/vaults/io-p-kv	/subscriptions/ec285037-c673-4f58-b594-d7c480da4e8b/resourcegroups/io-p-sec-rg/providers/microsoft.keyvault/vaults/io-p-kv	io-p-kv	io-p-sec-rg	microsoft.keyvault/vaults		{}			API versions prior to 2026-02-01	2027-02-27	2027-02-27	properties.extendedProperties.retirementDate	exact	High		HighAvailability		2026-07-27T18:41:59.087478Z		Azure Key Vault API versions prior to 2026-02-01 are being retired	Azure Key Vault API versions prior to 2026-02-01 are being retired				[]	missing	missing	missing	metadata_not_found,resource_inventory_not_found,subscription_inventory_not_found	"{""acquisition"":""advisor.recommendations"",""api_version"":""2025-01-01"",""fields"":{""description"":"""",""resource_id"":""properties.resourceMetadata.resourceId""},""lookup_keys"":{""metadata"":""7ff06874-39e9-41be-9552-fa1ae2a83c88\u0000/subscriptions/ec285037-c673-4f58-b594-d7c480da4e8b/resourcegroups/io-p-sec-rg/providers/microsoft.keyvault/vaults/io-p-kv"",""resource"":""/subscriptions/ec285037-c673-4f58-b594-d7c480da4e8b/resourcegroups/io-p-sec-rg/providers/microsoft.keyvault/vaults/io-p-kv"",""subscription"":""ec285037-c673-4f58-b594-d7c480da4e8b""},""match_status"":{""metadata"":""missing"",""resource"":""missing"",""subscription"":""missing""},""recommendation_id"":""/subscriptions/ec285037-c673-4f58-b594-d7c480da4e8b/resourcegroups/io-p-sec-rg/providers/microsoft.keyvault/vaults/io-p-kv/providers/Microsoft.Advisor/recommendations/d793a7ec9d415824818722bf3527fe7f09d5937e4c6b74a8fedb1e1145114e5d"",""resource_linkage"":""resource_id""}"	b2ca01583a4d8050f96a3e3fb2865bd4c85f40c42430780a0fde4bfbdc6f6cb1
1	72a34e2b-f26c-4bd9-b778-6118966cf94b	2026-07-31	resolved	advisor_retirement_recommendation	azure_advisor	/subscriptions/ec285037-c673-4f58-b594-d7c480da4e8b/resourcegroups/io-p-selfcare-be-rg/providers/microsoft.web/sites/io-p-app-devportal-be/providers/Microsoft.Advisor/recommendations/641089f70f784adcf1e2fefec4dbc7476ef3d3e2bcd3569dcbf2f9b856f40283	060218a1-bf04-43a9-a967-2a507b69904b	New	ec285037-c673-4f58-b594-d7c480da4e8b		resource_id	/subscriptions/ec285037-c673-4f58-b594-d7c480da4e8b/resourcegroups/io-p-selfcare-be-rg/providers/microsoft.web/sites/io-p-app-devportal-be	/subscriptions/ec285037-c673-4f58-b594-d7c480da4e8b/resourcegroups/io-p-selfcare-be-rg/providers/microsoft.web/sites/io-p-app-devportal-be	io-p-app-devportal-be	io-p-selfcare-be-rg	microsoft.web/sites		{}			Node 18 LTS	2025-04-30	2025-04-30	properties.extendedProperties.retirementDate	exact	Medium		HighAvailability		2026-05-01T00:23:25.112358Z		Extended support for Node 18 LTS is ending	Extended support for Node 18 LTS is ending				[]	missing	missing	missing	metadata_not_found,resource_inventory_not_found,subscription_inventory_not_found	"{""acquisition"":""advisor.recommendations"",""api_version"":""2025-01-01"",""fields"":{""description"":"""",""resource_id"":""properties.resourceMetadata.resourceId""},""lookup_keys"":{""metadata"":""060218a1-bf04-43a9-a967-2a507b69904b\u0000/subscriptions/ec285037-c673-4f58-b594-d7c480da4e8b/resourcegroups/io-p-selfcare-be-rg/providers/microsoft.web/sites/io-p-app-devportal-be"",""resource"":""/subscriptions/ec285037-c673-4f58-b594-d7c480da4e8b/resourcegroups/io-p-selfcare-be-rg/providers/microsoft.web/sites/io-p-app-devportal-be"",""subscription"":""ec285037-c673-4f58-b594-d7c480da4e8b""},""match_status"":{""metadata"":""missing"",""resource"":""missing"",""subscription"":""missing""},""recommendation_id"":""/subscriptions/ec285037-c673-4f58-b594-d7c480da4e8b/resourcegroups/io-p-selfcare-be-rg/providers/microsoft.web/sites/io-p-app-devportal-be/providers/Microsoft.Advisor/recommendations/641089f70f784adcf1e2fefec4dbc7476ef3d3e2bcd3569dcbf2f9b856f40283"",""resource_linkage"":""resource_id""}"	783297799cbbeceb5789373f0bd0211a4b7536e1519f00559896251fdc9b1f44
1	72a34e2b-f26c-4bd9-b778-6118966cf94b	2026-07-31	resolved	advisor_retirement_recommendation	azure_advisor	/subscriptions/ec285037-c673-4f58-b594-d7c480da4e8b/resourcegroups/io-p-selfcare-be-rg/providers/microsoft.web/sites/io-p-app-devportal-be/slots/staging/providers/Microsoft.Advisor/recommendations/9fdd50cf733a69bdd85cffe41e36dcb66a1ff1de14faff6c221b68bbfb649801	060218a1-bf04-43a9-a967-2a507b69904b	New	ec285037-c673-4f58-b594-d7c480da4e8b		resource_id	/subscriptions/ec285037-c673-4f58-b594-d7c480da4e8b/resourcegroups/io-p-selfcare-be-rg/providers/microsoft.web/sites/io-p-app-devportal-be/slots/staging	/subscriptions/ec285037-c673-4f58-b594-d7c480da4e8b/resourcegroups/io-p-selfcare-be-rg/providers/microsoft.web/sites/io-p-app-devportal-be/slots/staging	io-p-app-devportal-be	io-p-selfcare-be-rg	microsoft.web/sites		{}			Node 18 LTS	2025-04-30	2025-04-30	properties.extendedProperties.retirementDate	exact	Medium		HighAvailability		2026-05-01T00:23:24.160625Z		Extended support for Node 18 LTS is ending	Extended support for Node 18 LTS is ending				[]	missing	missing	missing	metadata_not_found,resource_inventory_not_found,subscription_inventory_not_found	"{""acquisition"":""advisor.recommendations"",""api_version"":""2025-01-01"",""fields"":{""description"":"""",""resource_id"":""properties.resourceMetadata.resourceId""},""lookup_keys"":{""metadata"":""060218a1-bf04-43a9-a967-2a507b69904b\u0000/subscriptions/ec285037-c673-4f58-b594-d7c480da4e8b/resourcegroups/io-p-selfcare-be-rg/providers/microsoft.web/sites/io-p-app-devportal-be/slots/staging"",""resource"":""/subscriptions/ec285037-c673-4f58-b594-d7c480da4e8b/resourcegroups/io-p-selfcare-be-rg/providers/microsoft.web/sites/io-p-app-devportal-be/slots/staging"",""subscription"":""ec285037-c673-4f58-b594-d7c480da4e8b""},""match_status"":{""metadata"":""missing"",""resource"":""missing"",""subscription"":""missing""},""recommendation_id"":""/subscriptions/ec285037-c673-4f58-b594-d7c480da4e8b/resourcegroups/io-p-selfcare-be-rg/providers/microsoft.web/sites/io-p-app-devportal-be/slots/staging/providers/Microsoft.Advisor/recommendations/9fdd50cf733a69bdd85cffe41e36dcb66a1ff1de14faff6c221b68bbfb649801"",""resource_linkage"":""resource_id""}"	5929e9ae98aba7daa07bcf6cd5ad93b3cca4673db00f34a052b8e5dd4293420b
1	72a34e2b-f26c-4bd9-b778-6118966cf94b	2026-07-31	resolved	advisor_retirement_recommendation	azure_advisor	/subscriptions/ec285037-c673-4f58-b594-d7c480da4e8b/resourcegroups/io-p-selfcare-importadesioni-rg/providers/microsoft.documentdb/databaseaccounts/io-p-cosmos-importadesioni/providers/Microsoft.Advisor/recommendations/1c900e023a18207917a1d1c2d4cb419f61c115ed0d9c15d2d4a9510ea6f32030	60a55165-9ccd-4536-81f6-e8dc6246d3d2	New	ec285037-c673-4f58-b594-d7c480da4e8b		resource_id	/subscriptions/ec285037-c673-4f58-b594-d7c480da4e8b/resourcegroups/io-p-selfcare-importadesioni-rg/providers/microsoft.documentdb/databaseaccounts/io-p-cosmos-importadesioni	/subscriptions/ec285037-c673-4f58-b594-d7c480da4e8b/resourcegroups/io-p-selfcare-importadesioni-rg/providers/microsoft.documentdb/databaseaccounts/io-p-cosmos-importadesioni	io-p-cosmos-importadesioni	io-p-selfcare-importadesioni-rg	microsoft.documentdb/databaseaccounts		{}			Outdated Azure Cosmos DB SDK	2024-10-01	2024-10-01	properties.extendedProperties.retirementDate	exact	High		HighAvailability		2026-05-11T17:14:00.586699Z		Upgrade outdated Azure Cosmos DB SDK to the latest version	Upgrade outdated Azure Cosmos DB SDK to the latest version				[]	missing	missing	missing	metadata_not_found,resource_inventory_not_found,subscription_inventory_not_found	"{""acquisition"":""advisor.recommendations"",""api_version"":""2025-01-01"",""fields"":{""description"":"""",""resource_id"":""properties.resourceMetadata.resourceId""},""lookup_keys"":{""metadata"":""60a55165-9ccd-4536-81f6-e8dc6246d3d2\u0000/subscriptions/ec285037-c673-4f58-b594-d7c480da4e8b/resourcegroups/io-p-selfcare-importadesioni-rg/providers/microsoft.documentdb/databaseaccounts/io-p-cosmos-importadesioni"",""resource"":""/subscriptions/ec285037-c673-4f58-b594-d7c480da4e8b/resourcegroups/io-p-selfcare-importadesioni-rg/providers/microsoft.documentdb/databaseaccounts/io-p-cosmos-importadesioni"",""subscription"":""ec285037-c673-4f58-b594-d7c480da4e8b""},""match_status"":{""metadata"":""missing"",""resource"":""missing"",""subscription"":""missing""},""recommendation_id"":""/subscriptions/ec285037-c673-4f58-b594-d7c480da4e8b/resourcegroups/io-p-selfcare-importadesioni-rg/providers/microsoft.documentdb/databaseaccounts/io-p-cosmos-importadesioni/providers/Microsoft.Advisor/recommendations/1c900e023a18207917a1d1c2d4cb419f61c115ed0d9c15d2d4a9510ea6f32030"",""resource_linkage"":""resource_id""}"	5eb27656c62bb0d2196fe6198acd93c79ca95d589b218c513bb052c0c91cb2f4
1	72a34e2b-f26c-4bd9-b778-6118966cf94b	2026-07-31	resolved	advisor_retirement_recommendation	azure_advisor	/subscriptions/ec285037-c673-4f58-b594-d7c480da4e8b/resourcegroups/io-p-weu-ioweb-common-rg/providers/microsoft.cache/redis/io-p-weu-ioweb-redis-std-v6/providers/Microsoft.Advisor/recommendations/cac0e5ce4fb39c655d7498e2f2a8e643d6a0eeb459ef16e3f493c897bd981a60	f3aded79-f9ff-4ce4-99e3-2ffcf11161a4	New	ec285037-c673-4f58-b594-d7c480da4e8b		resource_id	/subscriptions/ec285037-c673-4f58-b594-d7c480da4e8b/resourcegroups/io-p-weu-ioweb-common-rg/providers/microsoft.cache/redis/io-p-weu-ioweb-redis-std-v6	/subscriptions/ec285037-c673-4f58-b594-d7c480da4e8b/resourcegroups/io-p-weu-ioweb-common-rg/providers/microsoft.cache/redis/io-p-weu-ioweb-redis-std-v6	io-p-weu-ioweb-redis-std-v6	io-p-weu-ioweb-common-rg	microsoft.cache/redis		{}			Redis Cache	2028-09-30	2028-09-30	properties.extendedProperties.retirementDate	exact	Medium		HighAvailability		2026-05-21T22:57:24.389639Z		Migrate to Azure Managed Redis from Azure Cache for Redis	Migrate to Azure Managed Redis from Azure Cache for Redis				[]	missing	missing	missing	metadata_not_found,resource_inventory_not_found,subscription_inventory_not_found	"{""acquisition"":""advisor.recommendations"",""api_version"":""2025-01-01"",""fields"":{""description"":"""",""resource_id"":""properties.resourceMetadata.resourceId""},""lookup_keys"":{""metadata"":""f3aded79-f9ff-4ce4-99e3-2ffcf11161a4\u0000/subscriptions/ec285037-c673-4f58-b594-d7c480da4e8b/resourcegroups/io-p-weu-ioweb-common-rg/providers/microsoft.cache/redis/io-p-weu-ioweb-redis-std-v6"",""resource"":""/subscriptions/ec285037-c673-4f58-b594-d7c480da4e8b/resourcegroups/io-p-weu-ioweb-common-rg/providers/microsoft.cache/redis/io-p-weu-ioweb-redis-std-v6"",""subscription"":""ec285037-c673-4f58-b594-d7c480da4e8b""},""match_status"":{""metadata"":""missing"",""resource"":""missing"",""subscription"":""missing""},""recommendation_id"":""/subscriptions/ec285037-c673-4f58-b594-d7c480da4e8b/resourcegroups/io-p-weu-ioweb-common-rg/providers/microsoft.cache/redis/io-p-weu-ioweb-redis-std-v6/providers/Microsoft.Advisor/recommendations/cac0e5ce4fb39c655d7498e2f2a8e643d6a0eeb459ef16e3f493c897bd981a60"",""resource_linkage"":""resource_id""}"	8be544c7d6fc042b80a925a34e9a2577a48640f53b07d3531eef052ae5e9ece1
1	72a34e2b-f26c-4bd9-b778-6118966cf94b	2026-07-31	resolved	advisor_retirement_recommendation	azure_advisor	/subscriptions/f47d50dc-b874-4e04-9d5c-c27f5053a651/resourcegroups/selc-u-checkout-fe-rg/providers/microsoft.cdn/profiles/selc-u-checkout-cdn-profile/providers/Microsoft.Advisor/recommendations/d48052be5b68f6fea083c713c7e5bbe2df925123fbf4f090a4e8f7250a9c4673	52ff3019-62b0-4905-b016-da35fa6bbddc	New	f47d50dc-b874-4e04-9d5c-c27f5053a651		resource_id	/subscriptions/f47d50dc-b874-4e04-9d5c-c27f5053a651/resourcegroups/selc-u-checkout-fe-rg/providers/microsoft.cdn/profiles/selc-u-checkout-cdn-profile	/subscriptions/f47d50dc-b874-4e04-9d5c-c27f5053a651/resourcegroups/selc-u-checkout-fe-rg/providers/microsoft.cdn/profiles/selc-u-checkout-cdn-profile	selc-u-checkout-cdn-profile	selc-u-checkout-fe-rg	microsoft.cdn/profiles		{}			Standard from Microsoft (classic)	2027-09-30	2027-09-30	properties.extendedProperties.retirementDate	exact	Medium		HighAvailability		2026-04-16T08:33:11.709303Z		Azure CDN Standard from Microsoft (classic) is being retired.	Azure CDN Standard from Microsoft (classic) is being retired.				[]	missing	missing	missing	metadata_not_found,resource_inventory_not_found,subscription_inventory_not_found	"{""acquisition"":""advisor.recommendations"",""api_version"":""2025-01-01"",""fields"":{""description"":"""",""resource_id"":""properties.resourceMetadata.resourceId""},""lookup_keys"":{""metadata"":""52ff3019-62b0-4905-b016-da35fa6bbddc\u0000/subscriptions/f47d50dc-b874-4e04-9d5c-c27f5053a651/resourcegroups/selc-u-checkout-fe-rg/providers/microsoft.cdn/profiles/selc-u-checkout-cdn-profile"",""resource"":""/subscriptions/f47d50dc-b874-4e04-9d5c-c27f5053a651/resourcegroups/selc-u-checkout-fe-rg/providers/microsoft.cdn/profiles/selc-u-checkout-cdn-profile"",""subscription"":""f47d50dc-b874-4e04-9d5c-c27f5053a651""},""match_status"":{""metadata"":""missing"",""resource"":""missing"",""subscription"":""missing""},""recommendation_id"":""/subscriptions/f47d50dc-b874-4e04-9d5c-c27f5053a651/resourcegroups/selc-u-checkout-fe-rg/providers/microsoft.cdn/profiles/selc-u-checkout-cdn-profile/providers/Microsoft.Advisor/recommendations/d48052be5b68f6fea083c713c7e5bbe2df925123fbf4f090a4e8f7250a9c4673"",""resource_linkage"":""resource_id""}"	0f38c8a22d94bcaed84a1bd27440b3551aacd6c02afc80554b4d60bd2c2abec2
1	72a34e2b-f26c-4bd9-b778-6118966cf94b	2026-07-31	resolved	advisor_retirement_recommendation	azure_advisor	/subscriptions/f47d50dc-b874-4e04-9d5c-c27f5053a651/resourcegroups/selc-u-data-rg/providers/microsoft.cache/redis/selc-u-redis/providers/Microsoft.Advisor/recommendations/d01962877e187247102ab93c15af4e0da7e1f862d3efa472d81d394daf734320	f3aded79-f9ff-4ce4-99e3-2ffcf11161a4	New	f47d50dc-b874-4e04-9d5c-c27f5053a651		resource_id	/subscriptions/f47d50dc-b874-4e04-9d5c-c27f5053a651/resourcegroups/selc-u-data-rg/providers/microsoft.cache/redis/selc-u-redis	/subscriptions/f47d50dc-b874-4e04-9d5c-c27f5053a651/resourcegroups/selc-u-data-rg/providers/microsoft.cache/redis/selc-u-redis	selc-u-redis	selc-u-data-rg	microsoft.cache/redis		{}			Redis Cache	2028-09-30	2028-09-30	properties.extendedProperties.retirementDate	exact	Medium		HighAvailability		2026-05-21T22:57:12.102378Z		Migrate to Azure Managed Redis from Azure Cache for Redis	Migrate to Azure Managed Redis from Azure Cache for Redis				[]	missing	missing	missing	metadata_not_found,resource_inventory_not_found,subscription_inventory_not_found	"{""acquisition"":""advisor.recommendations"",""api_version"":""2025-01-01"",""fields"":{""description"":"""",""resource_id"":""properties.resourceMetadata.resourceId""},""lookup_keys"":{""metadata"":""f3aded79-f9ff-4ce4-99e3-2ffcf11161a4\u0000/subscriptions/f47d50dc-b874-4e04-9d5c-c27f5053a651/resourcegroups/selc-u-data-rg/providers/microsoft.cache/redis/selc-u-redis"",""resource"":""/subscriptions/f47d50dc-b874-4e04-9d5c-c27f5053a651/resourcegroups/selc-u-data-rg/providers/microsoft.cache/redis/selc-u-redis"",""subscription"":""f47d50dc-b874-4e04-9d5c-c27f5053a651""},""match_status"":{""metadata"":""missing"",""resource"":""missing"",""subscription"":""missing""},""recommendation_id"":""/subscriptions/f47d50dc-b874-4e04-9d5c-c27f5053a651/resourcegroups/selc-u-data-rg/providers/microsoft.cache/redis/selc-u-redis/providers/Microsoft.Advisor/recommendations/d01962877e187247102ab93c15af4e0da7e1f862d3efa472d81d394daf734320"",""resource_linkage"":""resource_id""}"	f9495818c65cfd4edc0482eb0308c0c99c4123c0c64d3bd9ccdf38961c08cce3
1	72a34e2b-f26c-4bd9-b778-6118966cf94b	2026-07-31	resolved	advisor_retirement_recommendation	azure_advisor	/subscriptions/f47d50dc-b874-4e04-9d5c-c27f5053a651/resourcegroups/selc-u-event-rg/providers/microsoft.compute/virtualmachines/selc-u-evh-rds-vm/providers/Microsoft.Advisor/recommendations/2e1fc7f1e450ca25fb8ce2507944ec70aec988a17324dbd3149207ee616815c4	5f2613df-629f-4b07-9425-2a47ea0dfad3	New	f47d50dc-b874-4e04-9d5c-c27f5053a651		resource_id	/subscriptions/f47d50dc-b874-4e04-9d5c-c27f5053a651/resourcegroups/selc-u-event-rg/providers/microsoft.compute/virtualmachines/selc-u-evh-rds-vm	/subscriptions/f47d50dc-b874-4e04-9d5c-c27f5053a651/resourcegroups/selc-u-event-rg/providers/microsoft.compute/virtualmachines/selc-u-evh-rds-vm	selc-u-evh-rds-vm	selc-u-event-rg	microsoft.compute/virtualmachines		{}							missing	Medium		HighAvailability		2026-04-17T01:34:21.720156Z		Migrate workload to Virtual Machine Scale Sets Flex	Migrate workload to Virtual Machine Scale Sets Flex				[]	missing	missing	missing	metadata_not_found,missing_retirement_date,resource_inventory_not_found,subscription_inventory_not_found	"{""acquisition"":""advisor.recommendations"",""api_version"":""2025-01-01"",""fields"":{""description"":"""",""resource_id"":""properties.resourceMetadata.resourceId""},""lookup_keys"":{""metadata"":""5f2613df-629f-4b07-9425-2a47ea0dfad3\u0000/subscriptions/f47d50dc-b874-4e04-9d5c-c27f5053a651/resourcegroups/selc-u-event-rg/providers/microsoft.compute/virtualmachines/selc-u-evh-rds-vm"",""resource"":""/subscriptions/f47d50dc-b874-4e04-9d5c-c27f5053a651/resourcegroups/selc-u-event-rg/providers/microsoft.compute/virtualmachines/selc-u-evh-rds-vm"",""subscription"":""f47d50dc-b874-4e04-9d5c-c27f5053a651""},""match_status"":{""metadata"":""missing"",""resource"":""missing"",""subscription"":""missing""},""recommendation_id"":""/subscriptions/f47d50dc-b874-4e04-9d5c-c27f5053a651/resourcegroups/selc-u-event-rg/providers/microsoft.compute/virtualmachines/selc-u-evh-rds-vm/providers/Microsoft.Advisor/recommendations/2e1fc7f1e450ca25fb8ce2507944ec70aec988a17324dbd3149207ee616815c4"",""resource_linkage"":""resource_id""}"	63f18319e09a33c8b1bfe42836398c6dbceadc9d64e41df557d02f6c6015ff41
1	72a34e2b-f26c-4bd9-b778-6118966cf94b	2026-07-31	resolved	advisor_retirement_recommendation	azure_advisor	/subscriptions/f47d50dc-b874-4e04-9d5c-c27f5053a651/resourcegroups/selc-u-event-rg/providers/microsoft.compute/virtualmachines/selc-u-evh-rds-vm/providers/Microsoft.Advisor/recommendations/93e1c8498afd604ca857e5b352c572d66358e793f110759249910e2b7f3cd339	7f71b153-c0b7-4e99-a23e-db8179183ec9	New	f47d50dc-b874-4e04-9d5c-c27f5053a651		resource_id	/subscriptions/f47d50dc-b874-4e04-9d5c-c27f5053a651/resourcegroups/selc-u-event-rg/providers/microsoft.compute/virtualmachines/selc-u-evh-rds-vm	/subscriptions/f47d50dc-b874-4e04-9d5c-c27f5053a651/resourcegroups/selc-u-event-rg/providers/microsoft.compute/virtualmachines/selc-u-evh-rds-vm	selc-u-evh-rds-vm	selc-u-event-rg	microsoft.compute/virtualmachines		{}							missing	High		HighAvailability		2026-05-12T01:38:00.099195Z		Migrate workload to D-series or better virtual machine	Migrate workload to D-series or better virtual machine				[]	missing	missing	missing	metadata_not_found,missing_retirement_date,resource_inventory_not_found,subscription_inventory_not_found	"{""acquisition"":""advisor.recommendations"",""api_version"":""2025-01-01"",""fields"":{""description"":"""",""resource_id"":""properties.resourceMetadata.resourceId""},""lookup_keys"":{""metadata"":""7f71b153-c0b7-4e99-a23e-db8179183ec9\u0000/subscriptions/f47d50dc-b874-4e04-9d5c-c27f5053a651/resourcegroups/selc-u-event-rg/providers/microsoft.compute/virtualmachines/selc-u-evh-rds-vm"",""resource"":""/subscriptions/f47d50dc-b874-4e04-9d5c-c27f5053a651/resourcegroups/selc-u-event-rg/providers/microsoft.compute/virtualmachines/selc-u-evh-rds-vm"",""subscription"":""f47d50dc-b874-4e04-9d5c-c27f5053a651""},""match_status"":{""metadata"":""missing"",""resource"":""missing"",""subscription"":""missing""},""recommendation_id"":""/subscriptions/f47d50dc-b874-4e04-9d5c-c27f5053a651/resourcegroups/selc-u-event-rg/providers/microsoft.compute/virtualmachines/selc-u-evh-rds-vm/providers/Microsoft.Advisor/recommendations/93e1c8498afd604ca857e5b352c572d66358e793f110759249910e2b7f3cd339"",""resource_linkage"":""resource_id""}"	1e34f5886937cc5da2fb980c20ea870a001422fe668165395eeb7d290b6b7a32
1	72a34e2b-f26c-4bd9-b778-6118966cf94b	2026-07-31	resolved	advisor_retirement_recommendation	azure_advisor	/subscriptions/f47d50dc-b874-4e04-9d5c-c27f5053a651/resourcegroups/selc-u-event-rg/providers/microsoft.compute/virtualmachines/selc-u-evh-rds-vm/providers/Microsoft.Advisor/recommendations/f5cabdd514072241a6d975667d684cc231240e5085fb539a911361e837738eac	13cea0f1-c3f7-4c66-8b3b-9928a0f07cea	New	f47d50dc-b874-4e04-9d5c-c27f5053a651		resource_id	/subscriptions/f47d50dc-b874-4e04-9d5c-c27f5053a651/resourcegroups/selc-u-event-rg/providers/microsoft.compute/virtualmachines/selc-u-evh-rds-vm	/subscriptions/f47d50dc-b874-4e04-9d5c-c27f5053a651/resourcegroups/selc-u-event-rg/providers/microsoft.compute/virtualmachines/selc-u-evh-rds-vm	selc-u-evh-rds-vm	selc-u-event-rg	microsoft.compute/virtualmachines		{}			LSv2, G, GS, F, FS, Fsv2, B, Av2 - Series	2028-11-15	2028-11-15	properties.extendedProperties.retirementDate	exact	High		HighAvailability		2026-05-21T07:57:22.435029Z		Review and migrate virtual machine workloads	Review and migrate virtual machine workloads				[]	missing	missing	missing	metadata_not_found,resource_inventory_not_found,subscription_inventory_not_found	"{""acquisition"":""advisor.recommendations"",""api_version"":""2025-01-01"",""fields"":{""description"":"""",""resource_id"":""properties.resourceMetadata.resourceId""},""lookup_keys"":{""metadata"":""13cea0f1-c3f7-4c66-8b3b-9928a0f07cea\u0000/subscriptions/f47d50dc-b874-4e04-9d5c-c27f5053a651/resourcegroups/selc-u-event-rg/providers/microsoft.compute/virtualmachines/selc-u-evh-rds-vm"",""resource"":""/subscriptions/f47d50dc-b874-4e04-9d5c-c27f5053a651/resourcegroups/selc-u-event-rg/providers/microsoft.compute/virtualmachines/selc-u-evh-rds-vm"",""subscription"":""f47d50dc-b874-4e04-9d5c-c27f5053a651""},""match_status"":{""metadata"":""missing"",""resource"":""missing"",""subscription"":""missing""},""recommendation_id"":""/subscriptions/f47d50dc-b874-4e04-9d5c-c27f5053a651/resourcegroups/selc-u-event-rg/providers/microsoft.compute/virtualmachines/selc-u-evh-rds-vm/providers/Microsoft.Advisor/recommendations/f5cabdd514072241a6d975667d684cc231240e5085fb539a911361e837738eac"",""resource_linkage"":""resource_id""}"	6ddc2c90b6bdf69e56ec4a5f311a8fa7991865d3671f6cc353ab82f39d45326b
1	72a34e2b-f26c-4bd9-b778-6118966cf94b	2026-07-31	resolved	advisor_retirement_recommendation	azure_advisor	/subscriptions/f47d50dc-b874-4e04-9d5c-c27f5053a651/resourcegroups/selc-u-pnpg-sec-rg/providers/microsoft.keyvault/vaults/selc-u-pnpg-kv/providers/Microsoft.Advisor/recommendations/37a6aa3352e1566ed7e213f9ec616d2af378c644a902cea9d69a8f84d4e28ba0	7ff06874-39e9-41be-9552-fa1ae2a83c88	New	f47d50dc-b874-4e04-9d5c-c27f5053a651		resource_id	/subscriptions/f47d50dc-b874-4e04-9d5c-c27f5053a651/resourcegroups/selc-u-pnpg-sec-rg/providers/microsoft.keyvault/vaults/selc-u-pnpg-kv	/subscriptions/f47d50dc-b874-4e04-9d5c-c27f5053a651/resourcegroups/selc-u-pnpg-sec-rg/providers/microsoft.keyvault/vaults/selc-u-pnpg-kv	selc-u-pnpg-kv	selc-u-pnpg-sec-rg	microsoft.keyvault/vaults		{}			API versions prior to 2026-02-01	2027-02-27	2027-02-27	properties.extendedProperties.retirementDate	exact	High		HighAvailability		2026-07-21T13:08:17.180247Z		Azure Key Vault API versions prior to 2026-02-01 are being retired	Azure Key Vault API versions prior to 2026-02-01 are being retired				[]	missing	missing	missing	metadata_not_found,resource_inventory_not_found,subscription_inventory_not_found	"{""acquisition"":""advisor.recommendations"",""api_version"":""2025-01-01"",""fields"":{""description"":"""",""resource_id"":""properties.resourceMetadata.resourceId""},""lookup_keys"":{""metadata"":""7ff06874-39e9-41be-9552-fa1ae2a83c88\u0000/subscriptions/f47d50dc-b874-4e04-9d5c-c27f5053a651/resourcegroups/selc-u-pnpg-sec-rg/providers/microsoft.keyvault/vaults/selc-u-pnpg-kv"",""resource"":""/subscriptions/f47d50dc-b874-4e04-9d5c-c27f5053a651/resourcegroups/selc-u-pnpg-sec-rg/providers/microsoft.keyvault/vaults/selc-u-pnpg-kv"",""subscription"":""f47d50dc-b874-4e04-9d5c-c27f5053a651""},""match_status"":{""metadata"":""missing"",""resource"":""missing"",""subscription"":""missing""},""recommendation_id"":""/subscriptions/f47d50dc-b874-4e04-9d5c-c27f5053a651/resourcegroups/selc-u-pnpg-sec-rg/providers/microsoft.keyvault/vaults/selc-u-pnpg-kv/providers/Microsoft.Advisor/recommendations/37a6aa3352e1566ed7e213f9ec616d2af378c644a902cea9d69a8f84d4e28ba0"",""resource_linkage"":""resource_id""}"	0f2d3c6bef864902792e255237722e98efca6e5d5ecf75d4e39f6bcc9db09d06
1	72a34e2b-f26c-4bd9-b778-6118966cf94b	2026-07-31	resolved	advisor_retirement_recommendation	azure_advisor	/subscriptions/f47d50dc-b874-4e04-9d5c-c27f5053a651/resourcegroups/selc-u-sec-rg/providers/microsoft.keyvault/vaults/selc-u-kv/providers/Microsoft.Advisor/recommendations/5e1e4073cd0bb3f2a1c52210831acd4879b968eb89cf52828b7641c7cea290e2	7ff06874-39e9-41be-9552-fa1ae2a83c88	New	f47d50dc-b874-4e04-9d5c-c27f5053a651		resource_id	/subscriptions/f47d50dc-b874-4e04-9d5c-c27f5053a651/resourcegroups/selc-u-sec-rg/providers/microsoft.keyvault/vaults/selc-u-kv	/subscriptions/f47d50dc-b874-4e04-9d5c-c27f5053a651/resourcegroups/selc-u-sec-rg/providers/microsoft.keyvault/vaults/selc-u-kv	selc-u-kv	selc-u-sec-rg	microsoft.keyvault/vaults		{}			API versions prior to 2026-02-01	2027-02-27	2027-02-27	properties.extendedProperties.retirementDate	exact	High		HighAvailability		2026-07-30T20:08:43.900147Z		Azure Key Vault API versions prior to 2026-02-01 are being retired	Azure Key Vault API versions prior to 2026-02-01 are being retired				[]	missing	missing	missing	metadata_not_found,resource_inventory_not_found,subscription_inventory_not_found	"{""acquisition"":""advisor.recommendations"",""api_version"":""2025-01-01"",""fields"":{""description"":"""",""resource_id"":""properties.resourceMetadata.resourceId""},""lookup_keys"":{""metadata"":""7ff06874-39e9-41be-9552-fa1ae2a83c88\u0000/subscriptions/f47d50dc-b874-4e04-9d5c-c27f5053a651/resourcegroups/selc-u-sec-rg/providers/microsoft.keyvault/vaults/selc-u-kv"",""resource"":""/subscriptions/f47d50dc-b874-4e04-9d5c-c27f5053a651/resourcegroups/selc-u-sec-rg/providers/microsoft.keyvault/vaults/selc-u-kv"",""subscription"":""f47d50dc-b874-4e04-9d5c-c27f5053a651""},""match_status"":{""metadata"":""missing"",""resource"":""missing"",""subscription"":""missing""},""recommendation_id"":""/subscriptions/f47d50dc-b874-4e04-9d5c-c27f5053a651/resourcegroups/selc-u-sec-rg/providers/microsoft.keyvault/vaults/selc-u-kv/providers/Microsoft.Advisor/recommendations/5e1e4073cd0bb3f2a1c52210831acd4879b968eb89cf52828b7641c7cea290e2"",""resource_linkage"":""resource_id""}"	5eee2b9572897cfc9eb813e5906b1b73c9eebe4b9fb9b4989d8d6a34b563e50a
1	72a34e2b-f26c-4bd9-b778-6118966cf94b	2026-07-31	resolved	advisor_retirement_recommendation	azure_advisor	/subscriptions/f47d50dc-b874-4e04-9d5c-c27f5053a651/resourcegroups/selc-u-vnet-rg/providers/microsoft.cache/redis/selc-u-weu-pnpg-redis/providers/Microsoft.Advisor/recommendations/f9b571e635341874c383656f6d634b1ed97b8bc7026e248e00c3e04c5b8a8aae	f3aded79-f9ff-4ce4-99e3-2ffcf11161a4	New	f47d50dc-b874-4e04-9d5c-c27f5053a651		resource_id	/subscriptions/f47d50dc-b874-4e04-9d5c-c27f5053a651/resourcegroups/selc-u-vnet-rg/providers/microsoft.cache/redis/selc-u-weu-pnpg-redis	/subscriptions/f47d50dc-b874-4e04-9d5c-c27f5053a651/resourcegroups/selc-u-vnet-rg/providers/microsoft.cache/redis/selc-u-weu-pnpg-redis	selc-u-weu-pnpg-redis	selc-u-vnet-rg	microsoft.cache/redis		{}			Redis Cache	2028-09-30	2028-09-30	properties.extendedProperties.retirementDate	exact	Medium		HighAvailability		2026-05-19T05:16:15.947400Z		Migrate to Azure Managed Redis from Azure Cache for Redis	Migrate to Azure Managed Redis from Azure Cache for Redis				[]	missing	missing	missing	metadata_not_found,resource_inventory_not_found,subscription_inventory_not_found	"{""acquisition"":""advisor.recommendations"",""api_version"":""2025-01-01"",""fields"":{""description"":"""",""resource_id"":""properties.resourceMetadata.resourceId""},""lookup_keys"":{""metadata"":""f3aded79-f9ff-4ce4-99e3-2ffcf11161a4\u0000/subscriptions/f47d50dc-b874-4e04-9d5c-c27f5053a651/resourcegroups/selc-u-vnet-rg/providers/microsoft.cache/redis/selc-u-weu-pnpg-redis"",""resource"":""/subscriptions/f47d50dc-b874-4e04-9d5c-c27f5053a651/resourcegroups/selc-u-vnet-rg/providers/microsoft.cache/redis/selc-u-weu-pnpg-redis"",""subscription"":""f47d50dc-b874-4e04-9d5c-c27f5053a651""},""match_status"":{""metadata"":""missing"",""resource"":""missing"",""subscription"":""missing""},""recommendation_id"":""/subscriptions/f47d50dc-b874-4e04-9d5c-c27f5053a651/resourcegroups/selc-u-vnet-rg/providers/microsoft.cache/redis/selc-u-weu-pnpg-redis/providers/Microsoft.Advisor/recommendations/f9b571e635341874c383656f6d634b1ed97b8bc7026e248e00c3e04c5b8a8aae"",""resource_linkage"":""resource_id""}"	98fe4bb9ddaddadbece7510c3339521ca81e9d40bbb8fae79bf439dd6d90538c
1	72a34e2b-f26c-4bd9-b778-6118966cf94b	2026-07-31	resolved	advisor_retirement_recommendation	azure_advisor	/subscriptions/f47d50dc-b874-4e04-9d5c-c27f5053a651/resourcegroups/selc-u-vnet-rg/providers/microsoft.network/publicipaddresses/108.141.164.135/providers/Microsoft.Advisor/recommendations/1fe6c465a212cb87ef9b6d9dad013c544e836a47ae3af8ca9bede35768c4fff6	557fc33a-46a3-4688-9f09-0aa6ae3d38d7	New	f47d50dc-b874-4e04-9d5c-c27f5053a651		resource_id	/subscriptions/f47d50dc-b874-4e04-9d5c-c27f5053a651/resourcegroups/selc-u-vnet-rg/providers/microsoft.network/publicipaddresses/108.141.164.135	/subscriptions/f47d50dc-b874-4e04-9d5c-c27f5053a651/resourcegroups/selc-u-vnet-rg/providers/microsoft.network/publicipaddresses/108.141.164.135	108.141.164.135	selc-u-vnet-rg	microsoft.network/publicipaddresses		{}			Basic SKU	2025-09-30	2025-09-30	properties.extendedProperties.retirementDate	exact	Medium		HighAvailability		2026-04-26T18:48:12.838957Z		Basic SKU is being retired	Basic SKU is being retired				[]	missing	missing	missing	metadata_not_found,resource_inventory_not_found,subscription_inventory_not_found	"{""acquisition"":""advisor.recommendations"",""api_version"":""2025-01-01"",""fields"":{""description"":"""",""resource_id"":""properties.resourceMetadata.resourceId""},""lookup_keys"":{""metadata"":""557fc33a-46a3-4688-9f09-0aa6ae3d38d7\u0000/subscriptions/f47d50dc-b874-4e04-9d5c-c27f5053a651/resourcegroups/selc-u-vnet-rg/providers/microsoft.network/publicipaddresses/108.141.164.135"",""resource"":""/subscriptions/f47d50dc-b874-4e04-9d5c-c27f5053a651/resourcegroups/selc-u-vnet-rg/providers/microsoft.network/publicipaddresses/108.141.164.135"",""subscription"":""f47d50dc-b874-4e04-9d5c-c27f5053a651""},""match_status"":{""metadata"":""missing"",""resource"":""missing"",""subscription"":""missing""},""recommendation_id"":""/subscriptions/f47d50dc-b874-4e04-9d5c-c27f5053a651/resourcegroups/selc-u-vnet-rg/providers/microsoft.network/publicipaddresses/108.141.164.135/providers/Microsoft.Advisor/recommendations/1fe6c465a212cb87ef9b6d9dad013c544e836a47ae3af8ca9bede35768c4fff6"",""resource_linkage"":""resource_id""}"	73e64c810dcd413a8df95091f6f610f8e03d58cdfac084ea0e6bb04e45048db5
1	72a34e2b-f26c-4bd9-b778-6118966cf94b	2026-07-31	resolved	advisor_retirement_recommendation	azure_advisor	/subscriptions/f47d50dc-b874-4e04-9d5c-c27f5053a651/resourcegroups/selc-u-vnet-rg/providers/microsoft.network/virtualnetworkgateways/selc-u-vpn-gw/providers/Microsoft.Advisor/recommendations/1e5a3f3ae81b5c4d5d0ec0b6a632a539e42109d68d22dc336e46c30196325b98	4d9ee0c5-6fbd-41d3-864f-b9251c92eebc	New	f47d50dc-b874-4e04-9d5c-c27f5053a651		resource_id	/subscriptions/f47d50dc-b874-4e04-9d5c-c27f5053a651/resourcegroups/selc-u-vnet-rg/providers/microsoft.network/virtualnetworkgateways/selc-u-vpn-gw	/subscriptions/f47d50dc-b874-4e04-9d5c-c27f5053a651/resourcegroups/selc-u-vnet-rg/providers/microsoft.network/virtualnetworkgateways/selc-u-vpn-gw	selc-u-vpn-gw	selc-u-vnet-rg	microsoft.network/virtualnetworkgateways		{}			Non-AZ VPNs	2026-09-30	2026-09-30	properties.extendedProperties.retirementDate	exact	Medium		HighAvailability		2026-05-10T02:29:45.628652Z		VpnGw1-5 (Non-Availability Zones SKUs) is being retired.	VpnGw1-5 (Non-Availability Zones SKUs) is being retired.				[]	missing	missing	missing	metadata_not_found,resource_inventory_not_found,subscription_inventory_not_found	"{""acquisition"":""advisor.recommendations"",""api_version"":""2025-01-01"",""fields"":{""description"":"""",""resource_id"":""properties.resourceMetadata.resourceId""},""lookup_keys"":{""metadata"":""4d9ee0c5-6fbd-41d3-864f-b9251c92eebc\u0000/subscriptions/f47d50dc-b874-4e04-9d5c-c27f5053a651/resourcegroups/selc-u-vnet-rg/providers/microsoft.network/virtualnetworkgateways/selc-u-vpn-gw"",""resource"":""/subscriptions/f47d50dc-b874-4e04-9d5c-c27f5053a651/resourcegroups/selc-u-vnet-rg/providers/microsoft.network/virtualnetworkgateways/selc-u-vpn-gw"",""subscription"":""f47d50dc-b874-4e04-9d5c-c27f5053a651""},""match_status"":{""metadata"":""missing"",""resource"":""missing"",""subscription"":""missing""},""recommendation_id"":""/subscriptions/f47d50dc-b874-4e04-9d5c-c27f5053a651/resourcegroups/selc-u-vnet-rg/providers/microsoft.network/virtualnetworkgateways/selc-u-vpn-gw/providers/Microsoft.Advisor/recommendations/1e5a3f3ae81b5c4d5d0ec0b6a632a539e42109d68d22dc336e46c30196325b98"",""resource_linkage"":""resource_id""}"	8b27539b7fead50c694327954728da7f089674eed45961941b7c8b8f5bd770cd
1	72a34e2b-f26c-4bd9-b778-6118966cf94b	2026-07-31	resolved	advisor_retirement_recommendation	azure_advisor	/subscriptions/f47d50dc-b874-4e04-9d5c-c27f5053a651/resourcegroups/selc-u-weu-ar-dapr-redis-rg/providers/microsoft.cache/redis/selc-u-weu-ar-dapr-redis/providers/Microsoft.Advisor/recommendations/5e3bdae857a92357cd5237c400dbe7fc8e6463b55aa286a5e9cfa8a0bcae8ba1	f3aded79-f9ff-4ce4-99e3-2ffcf11161a4	New	f47d50dc-b874-4e04-9d5c-c27f5053a651		resource_id	/subscriptions/f47d50dc-b874-4e04-9d5c-c27f5053a651/resourcegroups/selc-u-weu-ar-dapr-redis-rg/providers/microsoft.cache/redis/selc-u-weu-ar-dapr-redis	/subscriptions/f47d50dc-b874-4e04-9d5c-c27f5053a651/resourcegroups/selc-u-weu-ar-dapr-redis-rg/providers/microsoft.cache/redis/selc-u-weu-ar-dapr-redis	selc-u-weu-ar-dapr-redis	selc-u-weu-ar-dapr-redis-rg	microsoft.cache/redis		{}			Redis Cache	2028-09-30	2028-09-30	properties.extendedProperties.retirementDate	exact	Medium		HighAvailability		2026-05-13T10:40:35.102568Z		Migrate to Azure Managed Redis from Azure Cache for Redis	Migrate to Azure Managed Redis from Azure Cache for Redis				[]	missing	missing	missing	metadata_not_found,resource_inventory_not_found,subscription_inventory_not_found	"{""acquisition"":""advisor.recommendations"",""api_version"":""2025-01-01"",""fields"":{""description"":"""",""resource_id"":""properties.resourceMetadata.resourceId""},""lookup_keys"":{""metadata"":""f3aded79-f9ff-4ce4-99e3-2ffcf11161a4\u0000/subscriptions/f47d50dc-b874-4e04-9d5c-c27f5053a651/resourcegroups/selc-u-weu-ar-dapr-redis-rg/providers/microsoft.cache/redis/selc-u-weu-ar-dapr-redis"",""resource"":""/subscriptions/f47d50dc-b874-4e04-9d5c-c27f5053a651/resourcegroups/selc-u-weu-ar-dapr-redis-rg/providers/microsoft.cache/redis/selc-u-weu-ar-dapr-redis"",""subscription"":""f47d50dc-b874-4e04-9d5c-c27f5053a651""},""match_status"":{""metadata"":""missing"",""resource"":""missing"",""subscription"":""missing""},""recommendation_id"":""/subscriptions/f47d50dc-b874-4e04-9d5c-c27f5053a651/resourcegroups/selc-u-weu-ar-dapr-redis-rg/providers/microsoft.cache/redis/selc-u-weu-ar-dapr-redis/providers/Microsoft.Advisor/recommendations/5e3bdae857a92357cd5237c400dbe7fc8e6463b55aa286a5e9cfa8a0bcae8ba1"",""resource_linkage"":""resource_id""}"	6e52048fda36f208061d780876b64e7f08266d3cc6e075c464bd9b2730f3b455
1	72a34e2b-f26c-4bd9-b778-6118966cf94b	2026-07-31	resolved	advisor_retirement_recommendation	azure_advisor	/subscriptions/f47d50dc-b874-4e04-9d5c-c27f5053a651/resourcegroups/selc-u-weu-pnpg-checkout-fe-rg/providers/microsoft.cdn/profiles/selc-u-weu-pnpg-checkout-cdn-profile/providers/Microsoft.Advisor/recommendations/40f6db2e1a0a457b552f666dbae4624239111bc580ca4dc770ce6315437b9c59	52ff3019-62b0-4905-b016-da35fa6bbddc	New	f47d50dc-b874-4e04-9d5c-c27f5053a651		resource_id	/subscriptions/f47d50dc-b874-4e04-9d5c-c27f5053a651/resourcegroups/selc-u-weu-pnpg-checkout-fe-rg/providers/microsoft.cdn/profiles/selc-u-weu-pnpg-checkout-cdn-profile	/subscriptions/f47d50dc-b874-4e04-9d5c-c27f5053a651/resourcegroups/selc-u-weu-pnpg-checkout-fe-rg/providers/microsoft.cdn/profiles/selc-u-weu-pnpg-checkout-cdn-profile	selc-u-weu-pnpg-checkout-cdn-profile	selc-u-weu-pnpg-checkout-fe-rg	microsoft.cdn/profiles		{}			Standard from Microsoft (classic)	2027-09-30	2027-09-30	properties.extendedProperties.retirementDate	exact	Medium		HighAvailability		2026-04-16T08:33:05.359665Z		Azure CDN Standard from Microsoft (classic) is being retired.	Azure CDN Standard from Microsoft (classic) is being retired.				[]	missing	missing	missing	metadata_not_found,resource_inventory_not_found,subscription_inventory_not_found	"{""acquisition"":""advisor.recommendations"",""api_version"":""2025-01-01"",""fields"":{""description"":"""",""resource_id"":""properties.resourceMetadata.resourceId""},""lookup_keys"":{""metadata"":""52ff3019-62b0-4905-b016-da35fa6bbddc\u0000/subscriptions/f47d50dc-b874-4e04-9d5c-c27f5053a651/resourcegroups/selc-u-weu-pnpg-checkout-fe-rg/providers/microsoft.cdn/profiles/selc-u-weu-pnpg-checkout-cdn-profile"",""resource"":""/subscriptions/f47d50dc-b874-4e04-9d5c-c27f5053a651/resourcegroups/selc-u-weu-pnpg-checkout-fe-rg/providers/microsoft.cdn/profiles/selc-u-weu-pnpg-checkout-cdn-profile"",""subscription"":""f47d50dc-b874-4e04-9d5c-c27f5053a651""},""match_status"":{""metadata"":""missing"",""resource"":""missing"",""subscription"":""missing""},""recommendation_id"":""/subscriptions/f47d50dc-b874-4e04-9d5c-c27f5053a651/resourcegroups/selc-u-weu-pnpg-checkout-fe-rg/providers/microsoft.cdn/profiles/selc-u-weu-pnpg-checkout-cdn-profile/providers/Microsoft.Advisor/recommendations/40f6db2e1a0a457b552f666dbae4624239111bc580ca4dc770ce6315437b9c59"",""resource_linkage"":""resource_id""}"	df2082bd91280ccbb0a37ef1cd755ebae02616e21c162af60218afb48476e348
1	72a34e2b-f26c-4bd9-b778-6118966cf94b	2026-07-31	resolved	advisor_retirement_recommendation	azure_advisor	/subscriptions/f4b92052-083f-493c-b765-6d6a28eb809c/resourcegroups/ict-p-captive-rg/providers/microsoft.compute/virtualmachines/ict-p-captive-vm-01/providers/Microsoft.Advisor/recommendations/1c391843521e789593a489250e7c749d08b246c47c7b3dce80152c5b1ac6f4ce	5f2613df-629f-4b07-9425-2a47ea0dfad3	New	f4b92052-083f-493c-b765-6d6a28eb809c		resource_id	/subscriptions/f4b92052-083f-493c-b765-6d6a28eb809c/resourcegroups/ict-p-captive-rg/providers/microsoft.compute/virtualmachines/ict-p-captive-vm-01	/subscriptions/f4b92052-083f-493c-b765-6d6a28eb809c/resourcegroups/ict-p-captive-rg/providers/microsoft.compute/virtualmachines/ict-p-captive-vm-01	ict-p-captive-vm-01	ict-p-captive-rg	microsoft.compute/virtualmachines		{}							missing	Medium		HighAvailability		2026-05-30T09:14:17.501839Z		Migrate workload to Virtual Machine Scale Sets Flex	Migrate workload to Virtual Machine Scale Sets Flex				[]	missing	missing	missing	metadata_not_found,missing_retirement_date,resource_inventory_not_found,subscription_inventory_not_found	"{""acquisition"":""advisor.recommendations"",""api_version"":""2025-01-01"",""fields"":{""description"":"""",""resource_id"":""properties.resourceMetadata.resourceId""},""lookup_keys"":{""metadata"":""5f2613df-629f-4b07-9425-2a47ea0dfad3\u0000/subscriptions/f4b92052-083f-493c-b765-6d6a28eb809c/resourcegroups/ict-p-captive-rg/providers/microsoft.compute/virtualmachines/ict-p-captive-vm-01"",""resource"":""/subscriptions/f4b92052-083f-493c-b765-6d6a28eb809c/resourcegroups/ict-p-captive-rg/providers/microsoft.compute/virtualmachines/ict-p-captive-vm-01"",""subscription"":""f4b92052-083f-493c-b765-6d6a28eb809c""},""match_status"":{""metadata"":""missing"",""resource"":""missing"",""subscription"":""missing""},""recommendation_id"":""/subscriptions/f4b92052-083f-493c-b765-6d6a28eb809c/resourcegroups/ict-p-captive-rg/providers/microsoft.compute/virtualmachines/ict-p-captive-vm-01/providers/Microsoft.Advisor/recommendations/1c391843521e789593a489250e7c749d08b246c47c7b3dce80152c5b1ac6f4ce"",""resource_linkage"":""resource_id""}"	99abad3e10de44449b3843c3ab892469c5538c3b6ff48cc7d9f61bb3a927bcf5
1	72a34e2b-f26c-4bd9-b778-6118966cf94b	2026-07-31	resolved	advisor_retirement_recommendation	azure_advisor	/subscriptions/f4b92052-083f-493c-b765-6d6a28eb809c/resourcegroups/ict-p-captive-rg/providers/microsoft.compute/virtualmachines/ict-p-captive-vm-01/providers/Microsoft.Advisor/recommendations/647596ea77ae9e4c9875382d7e6312f7f58254f3d424d56ac4d95b7caf8a42e7	13cea0f1-c3f7-4c66-8b3b-9928a0f07cea	New	f4b92052-083f-493c-b765-6d6a28eb809c		resource_id	/subscriptions/f4b92052-083f-493c-b765-6d6a28eb809c/resourcegroups/ict-p-captive-rg/providers/microsoft.compute/virtualmachines/ict-p-captive-vm-01	/subscriptions/f4b92052-083f-493c-b765-6d6a28eb809c/resourcegroups/ict-p-captive-rg/providers/microsoft.compute/virtualmachines/ict-p-captive-vm-01	ict-p-captive-vm-01	ict-p-captive-rg	microsoft.compute/virtualmachines		{}			LSv2, G, GS, F, FS, Fsv2, B, Av2 - Series	2028-11-15	2028-11-15	properties.extendedProperties.retirementDate	exact	High		HighAvailability		2026-04-17T11:46:58.735959Z		Review and migrate virtual machine workloads	Review and migrate virtual machine workloads				[]	missing	missing	missing	metadata_not_found,resource_inventory_not_found,subscription_inventory_not_found	"{""acquisition"":""advisor.recommendations"",""api_version"":""2025-01-01"",""fields"":{""description"":"""",""resource_id"":""properties.resourceMetadata.resourceId""},""lookup_keys"":{""metadata"":""13cea0f1-c3f7-4c66-8b3b-9928a0f07cea\u0000/subscriptions/f4b92052-083f-493c-b765-6d6a28eb809c/resourcegroups/ict-p-captive-rg/providers/microsoft.compute/virtualmachines/ict-p-captive-vm-01"",""resource"":""/subscriptions/f4b92052-083f-493c-b765-6d6a28eb809c/resourcegroups/ict-p-captive-rg/providers/microsoft.compute/virtualmachines/ict-p-captive-vm-01"",""subscription"":""f4b92052-083f-493c-b765-6d6a28eb809c""},""match_status"":{""metadata"":""missing"",""resource"":""missing"",""subscription"":""missing""},""recommendation_id"":""/subscriptions/f4b92052-083f-493c-b765-6d6a28eb809c/resourcegroups/ict-p-captive-rg/providers/microsoft.compute/virtualmachines/ict-p-captive-vm-01/providers/Microsoft.Advisor/recommendations/647596ea77ae9e4c9875382d7e6312f7f58254f3d424d56ac4d95b7caf8a42e7"",""resource_linkage"":""resource_id""}"	936fa72a8cd38876607790fc5a51525c4618d612a798a9f24dce7378c6874e30
1	72a34e2b-f26c-4bd9-b778-6118966cf94b	2026-07-31	resolved	advisor_retirement_recommendation	azure_advisor	/subscriptions/f4b92052-083f-493c-b765-6d6a28eb809c/resourcegroups/ict-p-captive-rg/providers/microsoft.compute/virtualmachines/ict-p-captive-vm-01/providers/Microsoft.Advisor/recommendations/ec8980f9bb338b4b42b3e9f1200641194650cff264147a5e98342aa7155d8ba8	7f71b153-c0b7-4e99-a23e-db8179183ec9	New	f4b92052-083f-493c-b765-6d6a28eb809c		resource_id	/subscriptions/f4b92052-083f-493c-b765-6d6a28eb809c/resourcegroups/ict-p-captive-rg/providers/microsoft.compute/virtualmachines/ict-p-captive-vm-01	/subscriptions/f4b92052-083f-493c-b765-6d6a28eb809c/resourcegroups/ict-p-captive-rg/providers/microsoft.compute/virtualmachines/ict-p-captive-vm-01	ict-p-captive-vm-01	ict-p-captive-rg	microsoft.compute/virtualmachines		{}							missing	High		HighAvailability		2026-05-19T03:20:38.956906Z		Migrate workload to D-series or better virtual machine	Migrate workload to D-series or better virtual machine				[]	missing	missing	missing	metadata_not_found,missing_retirement_date,resource_inventory_not_found,subscription_inventory_not_found	"{""acquisition"":""advisor.recommendations"",""api_version"":""2025-01-01"",""fields"":{""description"":"""",""resource_id"":""properties.resourceMetadata.resourceId""},""lookup_keys"":{""metadata"":""7f71b153-c0b7-4e99-a23e-db8179183ec9\u0000/subscriptions/f4b92052-083f-493c-b765-6d6a28eb809c/resourcegroups/ict-p-captive-rg/providers/microsoft.compute/virtualmachines/ict-p-captive-vm-01"",""resource"":""/subscriptions/f4b92052-083f-493c-b765-6d6a28eb809c/resourcegroups/ict-p-captive-rg/providers/microsoft.compute/virtualmachines/ict-p-captive-vm-01"",""subscription"":""f4b92052-083f-493c-b765-6d6a28eb809c""},""match_status"":{""metadata"":""missing"",""resource"":""missing"",""subscription"":""missing""},""recommendation_id"":""/subscriptions/f4b92052-083f-493c-b765-6d6a28eb809c/resourcegroups/ict-p-captive-rg/providers/microsoft.compute/virtualmachines/ict-p-captive-vm-01/providers/Microsoft.Advisor/recommendations/ec8980f9bb338b4b42b3e9f1200641194650cff264147a5e98342aa7155d8ba8"",""resource_linkage"":""resource_id""}"	448528b6277dfe6cccbaeb587dd459a32190eed1d3b11d01908c803ad26a4a50
1	72a34e2b-f26c-4bd9-b778-6118966cf94b	2026-07-31	resolved	advisor_retirement_recommendation	azure_advisor	/subscriptions/f4b92052-083f-493c-b765-6d6a28eb809c/resourcegroups/ict-p-idsec-rg/providers/microsoft.compute/disks/ict-p-radius-os-disk-01/providers/Microsoft.Advisor/recommendations/4f19b6732261c48721efc72854e11b73b21ea1dbbc308dee0a52687642367d2d	6885dc91-c4d1-4695-be6f-f64be575769f	New	f4b92052-083f-493c-b765-6d6a28eb809c		resource_id	/subscriptions/f4b92052-083f-493c-b765-6d6a28eb809c/resourcegroups/ict-p-idsec-rg/providers/microsoft.compute/disks/ict-p-radius-os-disk-01	/subscriptions/f4b92052-083f-493c-b765-6d6a28eb809c/resourcegroups/ict-p-idsec-rg/providers/microsoft.compute/disks/ict-p-radius-os-disk-01	ict-p-radius-os-disk-01	ict-p-idsec-rg	microsoft.compute/disks		{}			Operating System (OS) Disks on Standard HDD	2028-09-08	2028-09-08	properties.extendedProperties.retirementDate	exact	Medium		HighAvailability		2026-07-08T19:24:27.972089Z		Migrate Standard HDD OS Disks to SSD	Migrate Standard HDD OS Disks to SSD				[]	missing	missing	missing	metadata_not_found,resource_inventory_not_found,subscription_inventory_not_found	"{""acquisition"":""advisor.recommendations"",""api_version"":""2025-01-01"",""fields"":{""description"":"""",""resource_id"":""properties.resourceMetadata.resourceId""},""lookup_keys"":{""metadata"":""6885dc91-c4d1-4695-be6f-f64be575769f\u0000/subscriptions/f4b92052-083f-493c-b765-6d6a28eb809c/resourcegroups/ict-p-idsec-rg/providers/microsoft.compute/disks/ict-p-radius-os-disk-01"",""resource"":""/subscriptions/f4b92052-083f-493c-b765-6d6a28eb809c/resourcegroups/ict-p-idsec-rg/providers/microsoft.compute/disks/ict-p-radius-os-disk-01"",""subscription"":""f4b92052-083f-493c-b765-6d6a28eb809c""},""match_status"":{""metadata"":""missing"",""resource"":""missing"",""subscription"":""missing""},""recommendation_id"":""/subscriptions/f4b92052-083f-493c-b765-6d6a28eb809c/resourcegroups/ict-p-idsec-rg/providers/microsoft.compute/disks/ict-p-radius-os-disk-01/providers/Microsoft.Advisor/recommendations/4f19b6732261c48721efc72854e11b73b21ea1dbbc308dee0a52687642367d2d"",""resource_linkage"":""resource_id""}"	26bd4e57c44f666fd4d7d3c2d30832ce61b86850c9f4e062d778c56cba1c5f60
1	72a34e2b-f26c-4bd9-b778-6118966cf94b	2026-07-31	resolved	advisor_retirement_recommendation	azure_advisor	/subscriptions/f4b92052-083f-493c-b765-6d6a28eb809c/resourcegroups/ict-p-idsec-rg/providers/microsoft.compute/disks/ict-p-radius-os-disk-02/providers/Microsoft.Advisor/recommendations/2a5d548a72fe66d509fe85b2429c8a9055631fb300595e581f8a814434e2fc23	6885dc91-c4d1-4695-be6f-f64be575769f	New	f4b92052-083f-493c-b765-6d6a28eb809c		resource_id	/subscriptions/f4b92052-083f-493c-b765-6d6a28eb809c/resourcegroups/ict-p-idsec-rg/providers/microsoft.compute/disks/ict-p-radius-os-disk-02	/subscriptions/f4b92052-083f-493c-b765-6d6a28eb809c/resourcegroups/ict-p-idsec-rg/providers/microsoft.compute/disks/ict-p-radius-os-disk-02	ict-p-radius-os-disk-02	ict-p-idsec-rg	microsoft.compute/disks		{}			Operating System (OS) Disks on Standard HDD	2028-09-08	2028-09-08	properties.extendedProperties.retirementDate	exact	Medium		HighAvailability		2026-07-08T19:24:26.454987Z		Migrate Standard HDD OS Disks to SSD	Migrate Standard HDD OS Disks to SSD				[]	missing	missing	missing	metadata_not_found,resource_inventory_not_found,subscription_inventory_not_found	"{""acquisition"":""advisor.recommendations"",""api_version"":""2025-01-01"",""fields"":{""description"":"""",""resource_id"":""properties.resourceMetadata.resourceId""},""lookup_keys"":{""metadata"":""6885dc91-c4d1-4695-be6f-f64be575769f\u0000/subscriptions/f4b92052-083f-493c-b765-6d6a28eb809c/resourcegroups/ict-p-idsec-rg/providers/microsoft.compute/disks/ict-p-radius-os-disk-02"",""resource"":""/subscriptions/f4b92052-083f-493c-b765-6d6a28eb809c/resourcegroups/ict-p-idsec-rg/providers/microsoft.compute/disks/ict-p-radius-os-disk-02"",""subscription"":""f4b92052-083f-493c-b765-6d6a28eb809c""},""match_status"":{""metadata"":""missing"",""resource"":""missing"",""subscription"":""missing""},""recommendation_id"":""/subscriptions/f4b92052-083f-493c-b765-6d6a28eb809c/resourcegroups/ict-p-idsec-rg/providers/microsoft.compute/disks/ict-p-radius-os-disk-02/providers/Microsoft.Advisor/recommendations/2a5d548a72fe66d509fe85b2429c8a9055631fb300595e581f8a814434e2fc23"",""resource_linkage"":""resource_id""}"	1b05f5778428ae8f12fa9611642034b6977df2948bbf5d22e3a21ec26c320c2e
1	72a34e2b-f26c-4bd9-b778-6118966cf94b	2026-07-31	resolved	advisor_retirement_recommendation	azure_advisor	/subscriptions/f4b92052-083f-493c-b765-6d6a28eb809c/resourcegroups/ict-p-idsec-rg/providers/microsoft.compute/virtualmachines/ict-p-radius-vm-01/providers/Microsoft.Advisor/recommendations/69d63c3852329b26f46cb316a079424f1e5855ca15e6f441a9e212b6493bef5b	7f71b153-c0b7-4e99-a23e-db8179183ec9	New	f4b92052-083f-493c-b765-6d6a28eb809c		resource_id	/subscriptions/f4b92052-083f-493c-b765-6d6a28eb809c/resourcegroups/ict-p-idsec-rg/providers/microsoft.compute/virtualmachines/ict-p-radius-vm-01	/subscriptions/f4b92052-083f-493c-b765-6d6a28eb809c/resourcegroups/ict-p-idsec-rg/providers/microsoft.compute/virtualmachines/ict-p-radius-vm-01	ict-p-radius-vm-01	ict-p-idsec-rg	microsoft.compute/virtualmachines		{}							missing	High		HighAvailability		2026-07-08T23:45:18.066038Z		Migrate workload to D-series or better virtual machine	Migrate workload to D-series or better virtual machine				[]	missing	missing	missing	metadata_not_found,missing_retirement_date,resource_inventory_not_found,subscription_inventory_not_found	"{""acquisition"":""advisor.recommendations"",""api_version"":""2025-01-01"",""fields"":{""description"":"""",""resource_id"":""properties.resourceMetadata.resourceId""},""lookup_keys"":{""metadata"":""7f71b153-c0b7-4e99-a23e-db8179183ec9\u0000/subscriptions/f4b92052-083f-493c-b765-6d6a28eb809c/resourcegroups/ict-p-idsec-rg/providers/microsoft.compute/virtualmachines/ict-p-radius-vm-01"",""resource"":""/subscriptions/f4b92052-083f-493c-b765-6d6a28eb809c/resourcegroups/ict-p-idsec-rg/providers/microsoft.compute/virtualmachines/ict-p-radius-vm-01"",""subscription"":""f4b92052-083f-493c-b765-6d6a28eb809c""},""match_status"":{""metadata"":""missing"",""resource"":""missing"",""subscription"":""missing""},""recommendation_id"":""/subscriptions/f4b92052-083f-493c-b765-6d6a28eb809c/resourcegroups/ict-p-idsec-rg/providers/microsoft.compute/virtualmachines/ict-p-radius-vm-01/providers/Microsoft.Advisor/recommendations/69d63c3852329b26f46cb316a079424f1e5855ca15e6f441a9e212b6493bef5b"",""resource_linkage"":""resource_id""}"	85cf7d658c5042fb328721e7b6f80ab83f10d74a7063d6bd0598dec24835c53a
1	72a34e2b-f26c-4bd9-b778-6118966cf94b	2026-07-31	resolved	advisor_retirement_recommendation	azure_advisor	/subscriptions/f4b92052-083f-493c-b765-6d6a28eb809c/resourcegroups/ict-p-idsec-rg/providers/microsoft.compute/virtualmachines/ict-p-radius-vm-01/providers/Microsoft.Advisor/recommendations/75b890e05a3344068877adf4c596581951923b40cfe87255f55ff91e12ed226b	5f2613df-629f-4b07-9425-2a47ea0dfad3	New	f4b92052-083f-493c-b765-6d6a28eb809c		resource_id	/subscriptions/f4b92052-083f-493c-b765-6d6a28eb809c/resourcegroups/ict-p-idsec-rg/providers/microsoft.compute/virtualmachines/ict-p-radius-vm-01	/subscriptions/f4b92052-083f-493c-b765-6d6a28eb809c/resourcegroups/ict-p-idsec-rg/providers/microsoft.compute/virtualmachines/ict-p-radius-vm-01	ict-p-radius-vm-01	ict-p-idsec-rg	microsoft.compute/virtualmachines		{}							missing	Medium		HighAvailability		2026-07-08T19:03:57.052309Z		Migrate workload to Virtual Machine Scale Sets Flex	Migrate workload to Virtual Machine Scale Sets Flex				[]	missing	missing	missing	metadata_not_found,missing_retirement_date,resource_inventory_not_found,subscription_inventory_not_found	"{""acquisition"":""advisor.recommendations"",""api_version"":""2025-01-01"",""fields"":{""description"":"""",""resource_id"":""properties.resourceMetadata.resourceId""},""lookup_keys"":{""metadata"":""5f2613df-629f-4b07-9425-2a47ea0dfad3\u0000/subscriptions/f4b92052-083f-493c-b765-6d6a28eb809c/resourcegroups/ict-p-idsec-rg/providers/microsoft.compute/virtualmachines/ict-p-radius-vm-01"",""resource"":""/subscriptions/f4b92052-083f-493c-b765-6d6a28eb809c/resourcegroups/ict-p-idsec-rg/providers/microsoft.compute/virtualmachines/ict-p-radius-vm-01"",""subscription"":""f4b92052-083f-493c-b765-6d6a28eb809c""},""match_status"":{""metadata"":""missing"",""resource"":""missing"",""subscription"":""missing""},""recommendation_id"":""/subscriptions/f4b92052-083f-493c-b765-6d6a28eb809c/resourcegroups/ict-p-idsec-rg/providers/microsoft.compute/virtualmachines/ict-p-radius-vm-01/providers/Microsoft.Advisor/recommendations/75b890e05a3344068877adf4c596581951923b40cfe87255f55ff91e12ed226b"",""resource_linkage"":""resource_id""}"	66398c0609996371d79d462a8e48d37c9c1177bd9f4b8f3b32afa98f3e6fe63c
1	72a34e2b-f26c-4bd9-b778-6118966cf94b	2026-07-31	resolved	advisor_retirement_recommendation	azure_advisor	/subscriptions/f4b92052-083f-493c-b765-6d6a28eb809c/resourcegroups/ict-p-idsec-rg/providers/microsoft.compute/virtualmachines/ict-p-radius-vm-01/providers/Microsoft.Advisor/recommendations/fb97cf5aa1327e625b29ce17e67f6348ab197832b070c0a7dba3bbe09c4eb117	2b5cf6e5-2792-49b2-9ec0-0e901be6488b	New	f4b92052-083f-493c-b765-6d6a28eb809c		resource_id	/subscriptions/f4b92052-083f-493c-b765-6d6a28eb809c/resourcegroups/ict-p-idsec-rg/providers/microsoft.compute/virtualmachines/ict-p-radius-vm-01	/subscriptions/f4b92052-083f-493c-b765-6d6a28eb809c/resourcegroups/ict-p-idsec-rg/providers/microsoft.compute/virtualmachines/ict-p-radius-vm-01	ict-p-radius-vm-01	ict-p-idsec-rg	microsoft.compute/virtualmachines		{}							missing	Low		HighAvailability		2026-07-08T19:52:53.188864Z		Convert Standard to Premium disk for higher uptime	Convert Standard to Premium disk for higher uptime				[]	missing	missing	missing	metadata_not_found,missing_retirement_date,resource_inventory_not_found,subscription_inventory_not_found	"{""acquisition"":""advisor.recommendations"",""api_version"":""2025-01-01"",""fields"":{""description"":"""",""resource_id"":""properties.resourceMetadata.resourceId""},""lookup_keys"":{""metadata"":""2b5cf6e5-2792-49b2-9ec0-0e901be6488b\u0000/subscriptions/f4b92052-083f-493c-b765-6d6a28eb809c/resourcegroups/ict-p-idsec-rg/providers/microsoft.compute/virtualmachines/ict-p-radius-vm-01"",""resource"":""/subscriptions/f4b92052-083f-493c-b765-6d6a28eb809c/resourcegroups/ict-p-idsec-rg/providers/microsoft.compute/virtualmachines/ict-p-radius-vm-01"",""subscription"":""f4b92052-083f-493c-b765-6d6a28eb809c""},""match_status"":{""metadata"":""missing"",""resource"":""missing"",""subscription"":""missing""},""recommendation_id"":""/subscriptions/f4b92052-083f-493c-b765-6d6a28eb809c/resourcegroups/ict-p-idsec-rg/providers/microsoft.compute/virtualmachines/ict-p-radius-vm-01/providers/Microsoft.Advisor/recommendations/fb97cf5aa1327e625b29ce17e67f6348ab197832b070c0a7dba3bbe09c4eb117"",""resource_linkage"":""resource_id""}"	15e9125bdd6ab37e8a24994a80029ca491d1167cff6b5b0e192f5fa76880e4a7
1	72a34e2b-f26c-4bd9-b778-6118966cf94b	2026-07-31	resolved	advisor_retirement_recommendation	azure_advisor	/subscriptions/f4b92052-083f-493c-b765-6d6a28eb809c/resourcegroups/ict-p-idsec-rg/providers/microsoft.compute/virtualmachines/ict-p-radius-vm-01/providers/Microsoft.Advisor/recommendations/fcafd9d423afff552f97a6ae03edf3a2adfc7749cc948b94d3369b98e3fc0980	13cea0f1-c3f7-4c66-8b3b-9928a0f07cea	New	f4b92052-083f-493c-b765-6d6a28eb809c		resource_id	/subscriptions/f4b92052-083f-493c-b765-6d6a28eb809c/resourcegroups/ict-p-idsec-rg/providers/microsoft.compute/virtualmachines/ict-p-radius-vm-01	/subscriptions/f4b92052-083f-493c-b765-6d6a28eb809c/resourcegroups/ict-p-idsec-rg/providers/microsoft.compute/virtualmachines/ict-p-radius-vm-01	ict-p-radius-vm-01	ict-p-idsec-rg	microsoft.compute/virtualmachines		{}			LSv2, G, GS, F, FS, Fsv2, B, Av2 - Series	2028-11-15	2028-11-15	properties.extendedProperties.retirementDate	exact	High		HighAvailability		2026-07-08T13:39:35.666647Z		Review and migrate virtual machine workloads	Review and migrate virtual machine workloads				[]	missing	missing	missing	metadata_not_found,resource_inventory_not_found,subscription_inventory_not_found	"{""acquisition"":""advisor.recommendations"",""api_version"":""2025-01-01"",""fields"":{""description"":"""",""resource_id"":""properties.resourceMetadata.resourceId""},""lookup_keys"":{""metadata"":""13cea0f1-c3f7-4c66-8b3b-9928a0f07cea\u0000/subscriptions/f4b92052-083f-493c-b765-6d6a28eb809c/resourcegroups/ict-p-idsec-rg/providers/microsoft.compute/virtualmachines/ict-p-radius-vm-01"",""resource"":""/subscriptions/f4b92052-083f-493c-b765-6d6a28eb809c/resourcegroups/ict-p-idsec-rg/providers/microsoft.compute/virtualmachines/ict-p-radius-vm-01"",""subscription"":""f4b92052-083f-493c-b765-6d6a28eb809c""},""match_status"":{""metadata"":""missing"",""resource"":""missing"",""subscription"":""missing""},""recommendation_id"":""/subscriptions/f4b92052-083f-493c-b765-6d6a28eb809c/resourcegroups/ict-p-idsec-rg/providers/microsoft.compute/virtualmachines/ict-p-radius-vm-01/providers/Microsoft.Advisor/recommendations/fcafd9d423afff552f97a6ae03edf3a2adfc7749cc948b94d3369b98e3fc0980"",""resource_linkage"":""resource_id""}"	e5c940e4457b3ada54862126c68dad96a35fe18eb90e4c9b180da26b558eae78
1	72a34e2b-f26c-4bd9-b778-6118966cf94b	2026-07-31	resolved	advisor_retirement_recommendation	azure_advisor	/subscriptions/f4b92052-083f-493c-b765-6d6a28eb809c/resourcegroups/ict-p-idsec-rg/providers/microsoft.compute/virtualmachines/ict-p-radius-vm-02/providers/Microsoft.Advisor/recommendations/152db59467e416a33b494503b03a30a74acaa8de5c5b879462c3680c2c36b01b	13cea0f1-c3f7-4c66-8b3b-9928a0f07cea	New	f4b92052-083f-493c-b765-6d6a28eb809c		resource_id	/subscriptions/f4b92052-083f-493c-b765-6d6a28eb809c/resourcegroups/ict-p-idsec-rg/providers/microsoft.compute/virtualmachines/ict-p-radius-vm-02	/subscriptions/f4b92052-083f-493c-b765-6d6a28eb809c/resourcegroups/ict-p-idsec-rg/providers/microsoft.compute/virtualmachines/ict-p-radius-vm-02	ict-p-radius-vm-02	ict-p-idsec-rg	microsoft.compute/virtualmachines		{}			LSv2, G, GS, F, FS, Fsv2, B, Av2 - Series	2028-11-15	2028-11-15	properties.extendedProperties.retirementDate	exact	High		HighAvailability		2026-07-08T13:39:33.114508Z		Review and migrate virtual machine workloads	Review and migrate virtual machine workloads				[]	missing	missing	missing	metadata_not_found,resource_inventory_not_found,subscription_inventory_not_found	"{""acquisition"":""advisor.recommendations"",""api_version"":""2025-01-01"",""fields"":{""description"":"""",""resource_id"":""properties.resourceMetadata.resourceId""},""lookup_keys"":{""metadata"":""13cea0f1-c3f7-4c66-8b3b-9928a0f07cea\u0000/subscriptions/f4b92052-083f-493c-b765-6d6a28eb809c/resourcegroups/ict-p-idsec-rg/providers/microsoft.compute/virtualmachines/ict-p-radius-vm-02"",""resource"":""/subscriptions/f4b92052-083f-493c-b765-6d6a28eb809c/resourcegroups/ict-p-idsec-rg/providers/microsoft.compute/virtualmachines/ict-p-radius-vm-02"",""subscription"":""f4b92052-083f-493c-b765-6d6a28eb809c""},""match_status"":{""metadata"":""missing"",""resource"":""missing"",""subscription"":""missing""},""recommendation_id"":""/subscriptions/f4b92052-083f-493c-b765-6d6a28eb809c/resourcegroups/ict-p-idsec-rg/providers/microsoft.compute/virtualmachines/ict-p-radius-vm-02/providers/Microsoft.Advisor/recommendations/152db59467e416a33b494503b03a30a74acaa8de5c5b879462c3680c2c36b01b"",""resource_linkage"":""resource_id""}"	b9a405263b095ba22d2271deb88ecd3f7e00315eb9ba1d6e78c664296754594b
1	72a34e2b-f26c-4bd9-b778-6118966cf94b	2026-07-31	resolved	advisor_retirement_recommendation	azure_advisor	/subscriptions/f4b92052-083f-493c-b765-6d6a28eb809c/resourcegroups/ict-p-idsec-rg/providers/microsoft.compute/virtualmachines/ict-p-radius-vm-02/providers/Microsoft.Advisor/recommendations/235715cf798a83e73605b8f7c6dd23db16773e77824a58fae93ea8d02c1302de	5f2613df-629f-4b07-9425-2a47ea0dfad3	New	f4b92052-083f-493c-b765-6d6a28eb809c		resource_id	/subscriptions/f4b92052-083f-493c-b765-6d6a28eb809c/resourcegroups/ict-p-idsec-rg/providers/microsoft.compute/virtualmachines/ict-p-radius-vm-02	/subscriptions/f4b92052-083f-493c-b765-6d6a28eb809c/resourcegroups/ict-p-idsec-rg/providers/microsoft.compute/virtualmachines/ict-p-radius-vm-02	ict-p-radius-vm-02	ict-p-idsec-rg	microsoft.compute/virtualmachines		{}							missing	Medium		HighAvailability		2026-07-08T19:03:55.807910Z		Migrate workload to Virtual Machine Scale Sets Flex	Migrate workload to Virtual Machine Scale Sets Flex				[]	missing	missing	missing	metadata_not_found,missing_retirement_date,resource_inventory_not_found,subscription_inventory_not_found	"{""acquisition"":""advisor.recommendations"",""api_version"":""2025-01-01"",""fields"":{""description"":"""",""resource_id"":""properties.resourceMetadata.resourceId""},""lookup_keys"":{""metadata"":""5f2613df-629f-4b07-9425-2a47ea0dfad3\u0000/subscriptions/f4b92052-083f-493c-b765-6d6a28eb809c/resourcegroups/ict-p-idsec-rg/providers/microsoft.compute/virtualmachines/ict-p-radius-vm-02"",""resource"":""/subscriptions/f4b92052-083f-493c-b765-6d6a28eb809c/resourcegroups/ict-p-idsec-rg/providers/microsoft.compute/virtualmachines/ict-p-radius-vm-02"",""subscription"":""f4b92052-083f-493c-b765-6d6a28eb809c""},""match_status"":{""metadata"":""missing"",""resource"":""missing"",""subscription"":""missing""},""recommendation_id"":""/subscriptions/f4b92052-083f-493c-b765-6d6a28eb809c/resourcegroups/ict-p-idsec-rg/providers/microsoft.compute/virtualmachines/ict-p-radius-vm-02/providers/Microsoft.Advisor/recommendations/235715cf798a83e73605b8f7c6dd23db16773e77824a58fae93ea8d02c1302de"",""resource_linkage"":""resource_id""}"	97900fde530fe7905fdb421a62d22851ee2ae5c3355560cd1ffb09162bd8225b
1	72a34e2b-f26c-4bd9-b778-6118966cf94b	2026-07-31	resolved	advisor_retirement_recommendation	azure_advisor	/subscriptions/f4b92052-083f-493c-b765-6d6a28eb809c/resourcegroups/ict-p-idsec-rg/providers/microsoft.compute/virtualmachines/ict-p-radius-vm-02/providers/Microsoft.Advisor/recommendations/97f780e07c18ce7fb3ecef81bdc8083fb341e8388965ebaa7c472e8f3a3e8a79	2b5cf6e5-2792-49b2-9ec0-0e901be6488b	New	f4b92052-083f-493c-b765-6d6a28eb809c		resource_id	/subscriptions/f4b92052-083f-493c-b765-6d6a28eb809c/resourcegroups/ict-p-idsec-rg/providers/microsoft.compute/virtualmachines/ict-p-radius-vm-02	/subscriptions/f4b92052-083f-493c-b765-6d6a28eb809c/resourcegroups/ict-p-idsec-rg/providers/microsoft.compute/virtualmachines/ict-p-radius-vm-02	ict-p-radius-vm-02	ict-p-idsec-rg	microsoft.compute/virtualmachines		{}							missing	Low		HighAvailability		2026-07-08T19:52:26.025612Z		Convert Standard to Premium disk for higher uptime	Convert Standard to Premium disk for higher uptime				[]	missing	missing	missing	metadata_not_found,missing_retirement_date,resource_inventory_not_found,subscription_inventory_not_found	"{""acquisition"":""advisor.recommendations"",""api_version"":""2025-01-01"",""fields"":{""description"":"""",""resource_id"":""properties.resourceMetadata.resourceId""},""lookup_keys"":{""metadata"":""2b5cf6e5-2792-49b2-9ec0-0e901be6488b\u0000/subscriptions/f4b92052-083f-493c-b765-6d6a28eb809c/resourcegroups/ict-p-idsec-rg/providers/microsoft.compute/virtualmachines/ict-p-radius-vm-02"",""resource"":""/subscriptions/f4b92052-083f-493c-b765-6d6a28eb809c/resourcegroups/ict-p-idsec-rg/providers/microsoft.compute/virtualmachines/ict-p-radius-vm-02"",""subscription"":""f4b92052-083f-493c-b765-6d6a28eb809c""},""match_status"":{""metadata"":""missing"",""resource"":""missing"",""subscription"":""missing""},""recommendation_id"":""/subscriptions/f4b92052-083f-493c-b765-6d6a28eb809c/resourcegroups/ict-p-idsec-rg/providers/microsoft.compute/virtualmachines/ict-p-radius-vm-02/providers/Microsoft.Advisor/recommendations/97f780e07c18ce7fb3ecef81bdc8083fb341e8388965ebaa7c472e8f3a3e8a79"",""resource_linkage"":""resource_id""}"	cee50ffb825c6de376a5e3d0f03c0f016955a7dcbe1464836c8ca72760a3aa0a
1	72a34e2b-f26c-4bd9-b778-6118966cf94b	2026-07-31	resolved	advisor_retirement_recommendation	azure_advisor	/subscriptions/f4b92052-083f-493c-b765-6d6a28eb809c/resourcegroups/ict-p-idsec-rg/providers/microsoft.compute/virtualmachines/ict-p-radius-vm-02/providers/Microsoft.Advisor/recommendations/dd0a83b0773dd50376116ec18aba0ff80e88fe1d9f05d784ccf05c15c8e32a0c	7f71b153-c0b7-4e99-a23e-db8179183ec9	New	f4b92052-083f-493c-b765-6d6a28eb809c		resource_id	/subscriptions/f4b92052-083f-493c-b765-6d6a28eb809c/resourcegroups/ict-p-idsec-rg/providers/microsoft.compute/virtualmachines/ict-p-radius-vm-02	/subscriptions/f4b92052-083f-493c-b765-6d6a28eb809c/resourcegroups/ict-p-idsec-rg/providers/microsoft.compute/virtualmachines/ict-p-radius-vm-02	ict-p-radius-vm-02	ict-p-idsec-rg	microsoft.compute/virtualmachines		{}							missing	High		HighAvailability		2026-07-08T23:45:21.300082Z		Migrate workload to D-series or better virtual machine	Migrate workload to D-series or better virtual machine				[]	missing	missing	missing	metadata_not_found,missing_retirement_date,resource_inventory_not_found,subscription_inventory_not_found	"{""acquisition"":""advisor.recommendations"",""api_version"":""2025-01-01"",""fields"":{""description"":"""",""resource_id"":""properties.resourceMetadata.resourceId""},""lookup_keys"":{""metadata"":""7f71b153-c0b7-4e99-a23e-db8179183ec9\u0000/subscriptions/f4b92052-083f-493c-b765-6d6a28eb809c/resourcegroups/ict-p-idsec-rg/providers/microsoft.compute/virtualmachines/ict-p-radius-vm-02"",""resource"":""/subscriptions/f4b92052-083f-493c-b765-6d6a28eb809c/resourcegroups/ict-p-idsec-rg/providers/microsoft.compute/virtualmachines/ict-p-radius-vm-02"",""subscription"":""f4b92052-083f-493c-b765-6d6a28eb809c""},""match_status"":{""metadata"":""missing"",""resource"":""missing"",""subscription"":""missing""},""recommendation_id"":""/subscriptions/f4b92052-083f-493c-b765-6d6a28eb809c/resourcegroups/ict-p-idsec-rg/providers/microsoft.compute/virtualmachines/ict-p-radius-vm-02/providers/Microsoft.Advisor/recommendations/dd0a83b0773dd50376116ec18aba0ff80e88fe1d9f05d784ccf05c15c8e32a0c"",""resource_linkage"":""resource_id""}"	6947950de5c00f53e418245d789211efdf83c34aef0985dda442df5e8dad8f48
1	72a34e2b-f26c-4bd9-b778-6118966cf94b	2026-07-31	resolved	advisor_retirement_recommendation	azure_advisor	/subscriptions/f4b92052-083f-493c-b765-6d6a28eb809c/resourcegroups/ict-p-mailserver-rg/providers/microsoft.compute/disks/ict-p-mailserver-os-disk-01/providers/Microsoft.Advisor/recommendations/c3686d74363bbb6a4bde0b5f65a2cb0ebc71f48f05d42330f298192e4b93a3c2	6885dc91-c4d1-4695-be6f-f64be575769f	New	f4b92052-083f-493c-b765-6d6a28eb809c		resource_id	/subscriptions/f4b92052-083f-493c-b765-6d6a28eb809c/resourcegroups/ict-p-mailserver-rg/providers/microsoft.compute/disks/ict-p-mailserver-os-disk-01	/subscriptions/f4b92052-083f-493c-b765-6d6a28eb809c/resourcegroups/ict-p-mailserver-rg/providers/microsoft.compute/disks/ict-p-mailserver-os-disk-01	ict-p-mailserver-os-disk-01	ict-p-mailserver-rg	microsoft.compute/disks		{}			Operating System (OS) Disks on Standard HDD	2028-09-08	2028-09-08	properties.extendedProperties.retirementDate	exact	Medium		HighAvailability		2026-04-16T21:06:07.106191Z		Migrate Standard HDD OS Disks to SSD	Migrate Standard HDD OS Disks to SSD				[]	missing	missing	missing	metadata_not_found,resource_inventory_not_found,subscription_inventory_not_found	"{""acquisition"":""advisor.recommendations"",""api_version"":""2025-01-01"",""fields"":{""description"":"""",""resource_id"":""properties.resourceMetadata.resourceId""},""lookup_keys"":{""metadata"":""6885dc91-c4d1-4695-be6f-f64be575769f\u0000/subscriptions/f4b92052-083f-493c-b765-6d6a28eb809c/resourcegroups/ict-p-mailserver-rg/providers/microsoft.compute/disks/ict-p-mailserver-os-disk-01"",""resource"":""/subscriptions/f4b92052-083f-493c-b765-6d6a28eb809c/resourcegroups/ict-p-mailserver-rg/providers/microsoft.compute/disks/ict-p-mailserver-os-disk-01"",""subscription"":""f4b92052-083f-493c-b765-6d6a28eb809c""},""match_status"":{""metadata"":""missing"",""resource"":""missing"",""subscription"":""missing""},""recommendation_id"":""/subscriptions/f4b92052-083f-493c-b765-6d6a28eb809c/resourcegroups/ict-p-mailserver-rg/providers/microsoft.compute/disks/ict-p-mailserver-os-disk-01/providers/Microsoft.Advisor/recommendations/c3686d74363bbb6a4bde0b5f65a2cb0ebc71f48f05d42330f298192e4b93a3c2"",""resource_linkage"":""resource_id""}"	cb3edcc972f767a064b9b4ef533d2dc990aa5baaf62f886ee98059cfe7e93307
1	72a34e2b-f26c-4bd9-b778-6118966cf94b	2026-07-31	resolved	advisor_retirement_recommendation	azure_advisor	/subscriptions/f4b92052-083f-493c-b765-6d6a28eb809c/resourcegroups/ict-p-mailserver-rg/providers/microsoft.compute/virtualmachines/ict-p-mailserver-vm-01/providers/Microsoft.Advisor/recommendations/0ce1455eeee906688df796fc8f0f338e666c950c51feeed8a6cc07162371528f	7f71b153-c0b7-4e99-a23e-db8179183ec9	New	f4b92052-083f-493c-b765-6d6a28eb809c		resource_id	/subscriptions/f4b92052-083f-493c-b765-6d6a28eb809c/resourcegroups/ict-p-mailserver-rg/providers/microsoft.compute/virtualmachines/ict-p-mailserver-vm-01	/subscriptions/f4b92052-083f-493c-b765-6d6a28eb809c/resourcegroups/ict-p-mailserver-rg/providers/microsoft.compute/virtualmachines/ict-p-mailserver-vm-01	ict-p-mailserver-vm-01	ict-p-mailserver-rg	microsoft.compute/virtualmachines		{}							missing	High		HighAvailability		2026-07-28T08:51:23.383278Z		Migrate workload to D-series or better virtual machine	Migrate workload to D-series or better virtual machine				[]	missing	missing	missing	metadata_not_found,missing_retirement_date,resource_inventory_not_found,subscription_inventory_not_found	"{""acquisition"":""advisor.recommendations"",""api_version"":""2025-01-01"",""fields"":{""description"":"""",""resource_id"":""properties.resourceMetadata.resourceId""},""lookup_keys"":{""metadata"":""7f71b153-c0b7-4e99-a23e-db8179183ec9\u0000/subscriptions/f4b92052-083f-493c-b765-6d6a28eb809c/resourcegroups/ict-p-mailserver-rg/providers/microsoft.compute/virtualmachines/ict-p-mailserver-vm-01"",""resource"":""/subscriptions/f4b92052-083f-493c-b765-6d6a28eb809c/resourcegroups/ict-p-mailserver-rg/providers/microsoft.compute/virtualmachines/ict-p-mailserver-vm-01"",""subscription"":""f4b92052-083f-493c-b765-6d6a28eb809c""},""match_status"":{""metadata"":""missing"",""resource"":""missing"",""subscription"":""missing""},""recommendation_id"":""/subscriptions/f4b92052-083f-493c-b765-6d6a28eb809c/resourcegroups/ict-p-mailserver-rg/providers/microsoft.compute/virtualmachines/ict-p-mailserver-vm-01/providers/Microsoft.Advisor/recommendations/0ce1455eeee906688df796fc8f0f338e666c950c51feeed8a6cc07162371528f"",""resource_linkage"":""resource_id""}"	0942ca95fce582e89d83d24d8f13a46366f6243e2c6b0ab4b61d8a315dd98e32
1	72a34e2b-f26c-4bd9-b778-6118966cf94b	2026-07-31	resolved	advisor_retirement_recommendation	azure_advisor	/subscriptions/f4b92052-083f-493c-b765-6d6a28eb809c/resourcegroups/ict-p-mailserver-rg/providers/microsoft.compute/virtualmachines/ict-p-mailserver-vm-01/providers/Microsoft.Advisor/recommendations/7eb263b6553d3bbedc2c734be9d1e41a63e9c0d48e550db0b16c686bd1086bfa	13cea0f1-c3f7-4c66-8b3b-9928a0f07cea	New	f4b92052-083f-493c-b765-6d6a28eb809c		resource_id	/subscriptions/f4b92052-083f-493c-b765-6d6a28eb809c/resourcegroups/ict-p-mailserver-rg/providers/microsoft.compute/virtualmachines/ict-p-mailserver-vm-01	/subscriptions/f4b92052-083f-493c-b765-6d6a28eb809c/resourcegroups/ict-p-mailserver-rg/providers/microsoft.compute/virtualmachines/ict-p-mailserver-vm-01	ict-p-mailserver-vm-01	ict-p-mailserver-rg	microsoft.compute/virtualmachines		{}			LSv2, G, GS, F, FS, Fsv2, B, Av2 - Series	2028-11-15	2028-11-15	properties.extendedProperties.retirementDate	exact	High		HighAvailability		2026-05-10T21:29:15.196016Z		Review and migrate virtual machine workloads	Review and migrate virtual machine workloads				[]	missing	missing	missing	metadata_not_found,resource_inventory_not_found,subscription_inventory_not_found	"{""acquisition"":""advisor.recommendations"",""api_version"":""2025-01-01"",""fields"":{""description"":"""",""resource_id"":""properties.resourceMetadata.resourceId""},""lookup_keys"":{""metadata"":""13cea0f1-c3f7-4c66-8b3b-9928a0f07cea\u0000/subscriptions/f4b92052-083f-493c-b765-6d6a28eb809c/resourcegroups/ict-p-mailserver-rg/providers/microsoft.compute/virtualmachines/ict-p-mailserver-vm-01"",""resource"":""/subscriptions/f4b92052-083f-493c-b765-6d6a28eb809c/resourcegroups/ict-p-mailserver-rg/providers/microsoft.compute/virtualmachines/ict-p-mailserver-vm-01"",""subscription"":""f4b92052-083f-493c-b765-6d6a28eb809c""},""match_status"":{""metadata"":""missing"",""resource"":""missing"",""subscription"":""missing""},""recommendation_id"":""/subscriptions/f4b92052-083f-493c-b765-6d6a28eb809c/resourcegroups/ict-p-mailserver-rg/providers/microsoft.compute/virtualmachines/ict-p-mailserver-vm-01/providers/Microsoft.Advisor/recommendations/7eb263b6553d3bbedc2c734be9d1e41a63e9c0d48e550db0b16c686bd1086bfa"",""resource_linkage"":""resource_id""}"	3a984f9bad063ee5441ce3105fe11a0b66c69c5e63be95e75b7e9af5819f7b22
1	72a34e2b-f26c-4bd9-b778-6118966cf94b	2026-07-31	resolved	advisor_retirement_recommendation	azure_advisor	/subscriptions/f4b92052-083f-493c-b765-6d6a28eb809c/resourcegroups/ict-p-mailserver-rg/providers/microsoft.compute/virtualmachines/ict-p-mailserver-vm-01/providers/Microsoft.Advisor/recommendations/a2dfb7a30bcd84ca0dbfec8239bb9ce7c51964452bd874b538ab1411d7d1cf15	5f2613df-629f-4b07-9425-2a47ea0dfad3	New	f4b92052-083f-493c-b765-6d6a28eb809c		resource_id	/subscriptions/f4b92052-083f-493c-b765-6d6a28eb809c/resourcegroups/ict-p-mailserver-rg/providers/microsoft.compute/virtualmachines/ict-p-mailserver-vm-01	/subscriptions/f4b92052-083f-493c-b765-6d6a28eb809c/resourcegroups/ict-p-mailserver-rg/providers/microsoft.compute/virtualmachines/ict-p-mailserver-vm-01	ict-p-mailserver-vm-01	ict-p-mailserver-rg	microsoft.compute/virtualmachines		{}							missing	Medium		HighAvailability		2026-05-13T12:04:05.542571Z		Migrate workload to Virtual Machine Scale Sets Flex	Migrate workload to Virtual Machine Scale Sets Flex				[]	missing	missing	missing	metadata_not_found,missing_retirement_date,resource_inventory_not_found,subscription_inventory_not_found	"{""acquisition"":""advisor.recommendations"",""api_version"":""2025-01-01"",""fields"":{""description"":"""",""resource_id"":""properties.resourceMetadata.resourceId""},""lookup_keys"":{""metadata"":""5f2613df-629f-4b07-9425-2a47ea0dfad3\u0000/subscriptions/f4b92052-083f-493c-b765-6d6a28eb809c/resourcegroups/ict-p-mailserver-rg/providers/microsoft.compute/virtualmachines/ict-p-mailserver-vm-01"",""resource"":""/subscriptions/f4b92052-083f-493c-b765-6d6a28eb809c/resourcegroups/ict-p-mailserver-rg/providers/microsoft.compute/virtualmachines/ict-p-mailserver-vm-01"",""subscription"":""f4b92052-083f-493c-b765-6d6a28eb809c""},""match_status"":{""metadata"":""missing"",""resource"":""missing"",""subscription"":""missing""},""recommendation_id"":""/subscriptions/f4b92052-083f-493c-b765-6d6a28eb809c/resourcegroups/ict-p-mailserver-rg/providers/microsoft.compute/virtualmachines/ict-p-mailserver-vm-01/providers/Microsoft.Advisor/recommendations/a2dfb7a30bcd84ca0dbfec8239bb9ce7c51964452bd874b538ab1411d7d1cf15"",""resource_linkage"":""resource_id""}"	154ff2e6b557d5857a5ef2cc492d3b148f20019d6b0c06622d7fb413b809161f
1	72a34e2b-f26c-4bd9-b778-6118966cf94b	2026-07-31	resolved	advisor_retirement_recommendation	azure_advisor	/subscriptions/f4b92052-083f-493c-b765-6d6a28eb809c/resourcegroups/ict-p-migrate-rg/providers/microsoft.storage/storageaccounts/migratersa834927104/providers/Microsoft.Advisor/recommendations/a67c9b31cd00d86b3c24f545659cb037df3ccc303a02d3597625dfa65f3ea647	1d70919c-1a4a-4f79-8300-bb576c291e9d	New	f4b92052-083f-493c-b765-6d6a28eb809c		resource_id	/subscriptions/f4b92052-083f-493c-b765-6d6a28eb809c/resourcegroups/ict-p-migrate-rg/providers/microsoft.storage/storageaccounts/migratersa834927104	/subscriptions/f4b92052-083f-493c-b765-6d6a28eb809c/resourcegroups/ict-p-migrate-rg/providers/microsoft.storage/storageaccounts/migratersa834927104	migratersa834927104	ict-p-migrate-rg	microsoft.storage/storageaccounts		{}			Legacy Blob and General-Purpose v1 storage accounts	2026-10-13	2026-10-13	properties.extendedProperties.retirementDate	exact	Medium		HighAvailability		2026-04-30T14:53:58.897029Z		Upgrade general-purpose v1 storage accounts	Upgrade general-purpose v1 storage accounts				[]	missing	missing	missing	metadata_not_found,resource_inventory_not_found,subscription_inventory_not_found	"{""acquisition"":""advisor.recommendations"",""api_version"":""2025-01-01"",""fields"":{""description"":"""",""resource_id"":""properties.resourceMetadata.resourceId""},""lookup_keys"":{""metadata"":""1d70919c-1a4a-4f79-8300-bb576c291e9d\u0000/subscriptions/f4b92052-083f-493c-b765-6d6a28eb809c/resourcegroups/ict-p-migrate-rg/providers/microsoft.storage/storageaccounts/migratersa834927104"",""resource"":""/subscriptions/f4b92052-083f-493c-b765-6d6a28eb809c/resourcegroups/ict-p-migrate-rg/providers/microsoft.storage/storageaccounts/migratersa834927104"",""subscription"":""f4b92052-083f-493c-b765-6d6a28eb809c""},""match_status"":{""metadata"":""missing"",""resource"":""missing"",""subscription"":""missing""},""recommendation_id"":""/subscriptions/f4b92052-083f-493c-b765-6d6a28eb809c/resourcegroups/ict-p-migrate-rg/providers/microsoft.storage/storageaccounts/migratersa834927104/providers/Microsoft.Advisor/recommendations/a67c9b31cd00d86b3c24f545659cb037df3ccc303a02d3597625dfa65f3ea647"",""resource_linkage"":""resource_id""}"	aeac4a77695030065605815ccd2197032348b08416b702368965a799e3f46479
1	72a34e2b-f26c-4bd9-b778-6118966cf94b	2026-07-31	resolved	advisor_retirement_recommendation	azure_advisor	/subscriptions/f4b92052-083f-493c-b765-6d6a28eb809c/resourcegroups/ict-p-presentation-rg/providers/microsoft.compute/disks/ict-p-grafana-os-disk-01/providers/Microsoft.Advisor/recommendations/89b154342a329ad0139d28bcc18bbf9533bef9dd27cf3e642481b12934050167	6885dc91-c4d1-4695-be6f-f64be575769f	New	f4b92052-083f-493c-b765-6d6a28eb809c		resource_id	/subscriptions/f4b92052-083f-493c-b765-6d6a28eb809c/resourcegroups/ict-p-presentation-rg/providers/microsoft.compute/disks/ict-p-grafana-os-disk-01	/subscriptions/f4b92052-083f-493c-b765-6d6a28eb809c/resourcegroups/ict-p-presentation-rg/providers/microsoft.compute/disks/ict-p-grafana-os-disk-01	ict-p-grafana-os-disk-01	ict-p-presentation-rg	microsoft.compute/disks		{}			Operating System (OS) Disks on Standard HDD	2028-09-08	2028-09-08	properties.extendedProperties.retirementDate	exact	Medium		HighAvailability		2026-04-16T21:05:35.672955Z		Migrate Standard HDD OS Disks to SSD	Migrate Standard HDD OS Disks to SSD				[]	missing	missing	missing	metadata_not_found,resource_inventory_not_found,subscription_inventory_not_found	"{""acquisition"":""advisor.recommendations"",""api_version"":""2025-01-01"",""fields"":{""description"":"""",""resource_id"":""properties.resourceMetadata.resourceId""},""lookup_keys"":{""metadata"":""6885dc91-c4d1-4695-be6f-f64be575769f\u0000/subscriptions/f4b92052-083f-493c-b765-6d6a28eb809c/resourcegroups/ict-p-presentation-rg/providers/microsoft.compute/disks/ict-p-grafana-os-disk-01"",""resource"":""/subscriptions/f4b92052-083f-493c-b765-6d6a28eb809c/resourcegroups/ict-p-presentation-rg/providers/microsoft.compute/disks/ict-p-grafana-os-disk-01"",""subscription"":""f4b92052-083f-493c-b765-6d6a28eb809c""},""match_status"":{""metadata"":""missing"",""resource"":""missing"",""subscription"":""missing""},""recommendation_id"":""/subscriptions/f4b92052-083f-493c-b765-6d6a28eb809c/resourcegroups/ict-p-presentation-rg/providers/microsoft.compute/disks/ict-p-grafana-os-disk-01/providers/Microsoft.Advisor/recommendations/89b154342a329ad0139d28bcc18bbf9533bef9dd27cf3e642481b12934050167"",""resource_linkage"":""resource_id""}"	85317b615d909c499765a46eaf45bb8f127239bd5e06f47abd0dfc95e32565f5
1	72a34e2b-f26c-4bd9-b778-6118966cf94b	2026-07-31	resolved	advisor_retirement_recommendation	azure_advisor	/subscriptions/f4b92052-083f-493c-b765-6d6a28eb809c/resourcegroups/ict-p-presentation-rg/providers/microsoft.compute/virtualmachines/ict-p-grafana-vm-01/providers/Microsoft.Advisor/recommendations/26b77908769d92286644b5eef5f2ca789ac5e3e0baeb2683dd1934420a819933	5f2613df-629f-4b07-9425-2a47ea0dfad3	New	f4b92052-083f-493c-b765-6d6a28eb809c		resource_id	/subscriptions/f4b92052-083f-493c-b765-6d6a28eb809c/resourcegroups/ict-p-presentation-rg/providers/microsoft.compute/virtualmachines/ict-p-grafana-vm-01	/subscriptions/f4b92052-083f-493c-b765-6d6a28eb809c/resourcegroups/ict-p-presentation-rg/providers/microsoft.compute/virtualmachines/ict-p-grafana-vm-01	ict-p-grafana-vm-01	ict-p-presentation-rg	microsoft.compute/virtualmachines		{}							missing	Medium		HighAvailability		2026-05-12T06:11:29.023463Z		Migrate workload to Virtual Machine Scale Sets Flex	Migrate workload to Virtual Machine Scale Sets Flex				[]	missing	missing	missing	metadata_not_found,missing_retirement_date,resource_inventory_not_found,subscription_inventory_not_found	"{""acquisition"":""advisor.recommendations"",""api_version"":""2025-01-01"",""fields"":{""description"":"""",""resource_id"":""properties.resourceMetadata.resourceId""},""lookup_keys"":{""metadata"":""5f2613df-629f-4b07-9425-2a47ea0dfad3\u0000/subscriptions/f4b92052-083f-493c-b765-6d6a28eb809c/resourcegroups/ict-p-presentation-rg/providers/microsoft.compute/virtualmachines/ict-p-grafana-vm-01"",""resource"":""/subscriptions/f4b92052-083f-493c-b765-6d6a28eb809c/resourcegroups/ict-p-presentation-rg/providers/microsoft.compute/virtualmachines/ict-p-grafana-vm-01"",""subscription"":""f4b92052-083f-493c-b765-6d6a28eb809c""},""match_status"":{""metadata"":""missing"",""resource"":""missing"",""subscription"":""missing""},""recommendation_id"":""/subscriptions/f4b92052-083f-493c-b765-6d6a28eb809c/resourcegroups/ict-p-presentation-rg/providers/microsoft.compute/virtualmachines/ict-p-grafana-vm-01/providers/Microsoft.Advisor/recommendations/26b77908769d92286644b5eef5f2ca789ac5e3e0baeb2683dd1934420a819933"",""resource_linkage"":""resource_id""}"	5045a755a48818001dc10b64b062da2928e0c828a3e3624dafbecfe512aaedf4
1	72a34e2b-f26c-4bd9-b778-6118966cf94b	2026-07-31	resolved	advisor_retirement_recommendation	azure_advisor	/subscriptions/f4b92052-083f-493c-b765-6d6a28eb809c/resourcegroups/ict-p-presentation-rg/providers/microsoft.compute/virtualmachines/ict-p-grafana-vm-01/providers/Microsoft.Advisor/recommendations/37c091eda9c5f1bee6d6fadc5ad06a2f98b09cab77a561a06f1a0d7760f682b5	13cea0f1-c3f7-4c66-8b3b-9928a0f07cea	New	f4b92052-083f-493c-b765-6d6a28eb809c		resource_id	/subscriptions/f4b92052-083f-493c-b765-6d6a28eb809c/resourcegroups/ict-p-presentation-rg/providers/microsoft.compute/virtualmachines/ict-p-grafana-vm-01	/subscriptions/f4b92052-083f-493c-b765-6d6a28eb809c/resourcegroups/ict-p-presentation-rg/providers/microsoft.compute/virtualmachines/ict-p-grafana-vm-01	ict-p-grafana-vm-01	ict-p-presentation-rg	microsoft.compute/virtualmachines		{}			LSv2, G, GS, F, FS, Fsv2, B, Av2 - Series	2028-11-15	2028-11-15	properties.extendedProperties.retirementDate	exact	High		HighAvailability		2026-05-28T10:03:58.272785Z		Review and migrate virtual machine workloads	Review and migrate virtual machine workloads				[]	missing	missing	missing	metadata_not_found,resource_inventory_not_found,subscription_inventory_not_found	"{""acquisition"":""advisor.recommendations"",""api_version"":""2025-01-01"",""fields"":{""description"":"""",""resource_id"":""properties.resourceMetadata.resourceId""},""lookup_keys"":{""metadata"":""13cea0f1-c3f7-4c66-8b3b-9928a0f07cea\u0000/subscriptions/f4b92052-083f-493c-b765-6d6a28eb809c/resourcegroups/ict-p-presentation-rg/providers/microsoft.compute/virtualmachines/ict-p-grafana-vm-01"",""resource"":""/subscriptions/f4b92052-083f-493c-b765-6d6a28eb809c/resourcegroups/ict-p-presentation-rg/providers/microsoft.compute/virtualmachines/ict-p-grafana-vm-01"",""subscription"":""f4b92052-083f-493c-b765-6d6a28eb809c""},""match_status"":{""metadata"":""missing"",""resource"":""missing"",""subscription"":""missing""},""recommendation_id"":""/subscriptions/f4b92052-083f-493c-b765-6d6a28eb809c/resourcegroups/ict-p-presentation-rg/providers/microsoft.compute/virtualmachines/ict-p-grafana-vm-01/providers/Microsoft.Advisor/recommendations/37c091eda9c5f1bee6d6fadc5ad06a2f98b09cab77a561a06f1a0d7760f682b5"",""resource_linkage"":""resource_id""}"	1d93180453cb18ead8169180368d167b1632d1205a8757a569938dbf1aa6aa5a
1	72a34e2b-f26c-4bd9-b778-6118966cf94b	2026-07-31	resolved	advisor_retirement_recommendation	azure_advisor	/subscriptions/f4b92052-083f-493c-b765-6d6a28eb809c/resourcegroups/ict-p-presentation-rg/providers/microsoft.compute/virtualmachines/ict-p-grafana-vm-01/providers/Microsoft.Advisor/recommendations/a6c003674a16386f2e18ef6279b32c30996dd91efd1ce02c4b92e4f2f2e63a1f	7f71b153-c0b7-4e99-a23e-db8179183ec9	New	f4b92052-083f-493c-b765-6d6a28eb809c		resource_id	/subscriptions/f4b92052-083f-493c-b765-6d6a28eb809c/resourcegroups/ict-p-presentation-rg/providers/microsoft.compute/virtualmachines/ict-p-grafana-vm-01	/subscriptions/f4b92052-083f-493c-b765-6d6a28eb809c/resourcegroups/ict-p-presentation-rg/providers/microsoft.compute/virtualmachines/ict-p-grafana-vm-01	ict-p-grafana-vm-01	ict-p-presentation-rg	microsoft.compute/virtualmachines		{}							missing	High		HighAvailability		2026-05-22T08:11:16.433306Z		Migrate workload to D-series or better virtual machine	Migrate workload to D-series or better virtual machine				[]	missing	missing	missing	metadata_not_found,missing_retirement_date,resource_inventory_not_found,subscription_inventory_not_found	"{""acquisition"":""advisor.recommendations"",""api_version"":""2025-01-01"",""fields"":{""description"":"""",""resource_id"":""properties.resourceMetadata.resourceId""},""lookup_keys"":{""metadata"":""7f71b153-c0b7-4e99-a23e-db8179183ec9\u0000/subscriptions/f4b92052-083f-493c-b765-6d6a28eb809c/resourcegroups/ict-p-presentation-rg/providers/microsoft.compute/virtualmachines/ict-p-grafana-vm-01"",""resource"":""/subscriptions/f4b92052-083f-493c-b765-6d6a28eb809c/resourcegroups/ict-p-presentation-rg/providers/microsoft.compute/virtualmachines/ict-p-grafana-vm-01"",""subscription"":""f4b92052-083f-493c-b765-6d6a28eb809c""},""match_status"":{""metadata"":""missing"",""resource"":""missing"",""subscription"":""missing""},""recommendation_id"":""/subscriptions/f4b92052-083f-493c-b765-6d6a28eb809c/resourcegroups/ict-p-presentation-rg/providers/microsoft.compute/virtualmachines/ict-p-grafana-vm-01/providers/Microsoft.Advisor/recommendations/a6c003674a16386f2e18ef6279b32c30996dd91efd1ce02c4b92e4f2f2e63a1f"",""resource_linkage"":""resource_id""}"	e2915e142bd300402e5d7b9d902db21cc8e1bb2e5d9c020ba56c14d1781b4efc
1	72a34e2b-f26c-4bd9-b778-6118966cf94b	2026-07-31	resolved	advisor_retirement_recommendation	azure_advisor	/subscriptions/f4b92052-083f-493c-b765-6d6a28eb809c/resourcegroups/ict-p-presentation-rg/providers/microsoft.compute/virtualmachines/ict-p-grafana-vm-01/providers/Microsoft.Advisor/recommendations/cb97d300173ffe689196af3dee1ae681c17538af7dadd5cade652b199498ec3e	2b5cf6e5-2792-49b2-9ec0-0e901be6488b	New	f4b92052-083f-493c-b765-6d6a28eb809c		resource_id	/subscriptions/f4b92052-083f-493c-b765-6d6a28eb809c/resourcegroups/ict-p-presentation-rg/providers/microsoft.compute/virtualmachines/ict-p-grafana-vm-01	/subscriptions/f4b92052-083f-493c-b765-6d6a28eb809c/resourcegroups/ict-p-presentation-rg/providers/microsoft.compute/virtualmachines/ict-p-grafana-vm-01	ict-p-grafana-vm-01	ict-p-presentation-rg	microsoft.compute/virtualmachines		{}							missing	Low		HighAvailability		2026-07-06T07:51:52.898653Z		Convert Standard to Premium disk for higher uptime	Convert Standard to Premium disk for higher uptime				[]	missing	missing	missing	metadata_not_found,missing_retirement_date,resource_inventory_not_found,subscription_inventory_not_found	"{""acquisition"":""advisor.recommendations"",""api_version"":""2025-01-01"",""fields"":{""description"":"""",""resource_id"":""properties.resourceMetadata.resourceId""},""lookup_keys"":{""metadata"":""2b5cf6e5-2792-49b2-9ec0-0e901be6488b\u0000/subscriptions/f4b92052-083f-493c-b765-6d6a28eb809c/resourcegroups/ict-p-presentation-rg/providers/microsoft.compute/virtualmachines/ict-p-grafana-vm-01"",""resource"":""/subscriptions/f4b92052-083f-493c-b765-6d6a28eb809c/resourcegroups/ict-p-presentation-rg/providers/microsoft.compute/virtualmachines/ict-p-grafana-vm-01"",""subscription"":""f4b92052-083f-493c-b765-6d6a28eb809c""},""match_status"":{""metadata"":""missing"",""resource"":""missing"",""subscription"":""missing""},""recommendation_id"":""/subscriptions/f4b92052-083f-493c-b765-6d6a28eb809c/resourcegroups/ict-p-presentation-rg/providers/microsoft.compute/virtualmachines/ict-p-grafana-vm-01/providers/Microsoft.Advisor/recommendations/cb97d300173ffe689196af3dee1ae681c17538af7dadd5cade652b199498ec3e"",""resource_linkage"":""resource_id""}"	06aefdf1363ec37c58847126fefe752807bf12095ab5ccf9a2c8c88e5c21415e
1	72a34e2b-f26c-4bd9-b778-6118966cf94b	2026-07-31	resolved	advisor_retirement_recommendation	azure_advisor	/subscriptions/f4b92052-083f-493c-b765-6d6a28eb809c/resourcegroups/ict-p-shared-rg/providers/microsoft.keyvault/vaults/ict-p-kv/providers/Microsoft.Advisor/recommendations/553b0645f15fb0975a522044e35d1033a2b157e8bbb895b65a061da951b9dc98	7ff06874-39e9-41be-9552-fa1ae2a83c88	New	f4b92052-083f-493c-b765-6d6a28eb809c		resource_id	/subscriptions/f4b92052-083f-493c-b765-6d6a28eb809c/resourcegroups/ict-p-shared-rg/providers/microsoft.keyvault/vaults/ict-p-kv	/subscriptions/f4b92052-083f-493c-b765-6d6a28eb809c/resourcegroups/ict-p-shared-rg/providers/microsoft.keyvault/vaults/ict-p-kv	ict-p-kv	ict-p-shared-rg	microsoft.keyvault/vaults		{}			API versions prior to 2026-02-01	2027-02-27	2027-02-27	properties.extendedProperties.retirementDate	exact	High		HighAvailability		2026-07-23T11:58:22.724359Z		Azure Key Vault API versions prior to 2026-02-01 are being retired	Azure Key Vault API versions prior to 2026-02-01 are being retired				[]	missing	missing	missing	metadata_not_found,resource_inventory_not_found,subscription_inventory_not_found	"{""acquisition"":""advisor.recommendations"",""api_version"":""2025-01-01"",""fields"":{""description"":"""",""resource_id"":""properties.resourceMetadata.resourceId""},""lookup_keys"":{""metadata"":""7ff06874-39e9-41be-9552-fa1ae2a83c88\u0000/subscriptions/f4b92052-083f-493c-b765-6d6a28eb809c/resourcegroups/ict-p-shared-rg/providers/microsoft.keyvault/vaults/ict-p-kv"",""resource"":""/subscriptions/f4b92052-083f-493c-b765-6d6a28eb809c/resourcegroups/ict-p-shared-rg/providers/microsoft.keyvault/vaults/ict-p-kv"",""subscription"":""f4b92052-083f-493c-b765-6d6a28eb809c""},""match_status"":{""metadata"":""missing"",""resource"":""missing"",""subscription"":""missing""},""recommendation_id"":""/subscriptions/f4b92052-083f-493c-b765-6d6a28eb809c/resourcegroups/ict-p-shared-rg/providers/microsoft.keyvault/vaults/ict-p-kv/providers/Microsoft.Advisor/recommendations/553b0645f15fb0975a522044e35d1033a2b157e8bbb895b65a061da951b9dc98"",""resource_linkage"":""resource_id""}"	65736b625d69898bc5cfe504bddbc1f3fff959a528f75eeb0a6387a49d038c0c
1	72a34e2b-f26c-4bd9-b778-6118966cf94b	2026-07-31	resolved	advisor_retirement_recommendation	azure_advisor	/subscriptions/f4b92052-083f-493c-b765-6d6a28eb809c/resourcegroups/ict-p-shared-rg/providers/microsoft.network/virtualnetworkgateways/ict-p-s2s-vpn-gw/providers/Microsoft.Advisor/recommendations/07914f9db8ddf43ee618ea8f92eb8b9fce92ce4eade6d9fdfaf5bbe5d6b85b72	4d9ee0c5-6fbd-41d3-864f-b9251c92eebc	New	f4b92052-083f-493c-b765-6d6a28eb809c		resource_id	/subscriptions/f4b92052-083f-493c-b765-6d6a28eb809c/resourcegroups/ict-p-shared-rg/providers/microsoft.network/virtualnetworkgateways/ict-p-s2s-vpn-gw	/subscriptions/f4b92052-083f-493c-b765-6d6a28eb809c/resourcegroups/ict-p-shared-rg/providers/microsoft.network/virtualnetworkgateways/ict-p-s2s-vpn-gw	ict-p-s2s-vpn-gw	ict-p-shared-rg	microsoft.network/virtualnetworkgateways		{}			Non-AZ VPNs	2026-09-30	2026-09-30	properties.extendedProperties.retirementDate	exact	Medium		HighAvailability		2026-05-11T20:59:59.563703Z		VpnGw1-5 (Non-Availability Zones SKUs) is being retired.	VpnGw1-5 (Non-Availability Zones SKUs) is being retired.				[]	missing	missing	missing	metadata_not_found,resource_inventory_not_found,subscription_inventory_not_found	"{""acquisition"":""advisor.recommendations"",""api_version"":""2025-01-01"",""fields"":{""description"":"""",""resource_id"":""properties.resourceMetadata.resourceId""},""lookup_keys"":{""metadata"":""4d9ee0c5-6fbd-41d3-864f-b9251c92eebc\u0000/subscriptions/f4b92052-083f-493c-b765-6d6a28eb809c/resourcegroups/ict-p-shared-rg/providers/microsoft.network/virtualnetworkgateways/ict-p-s2s-vpn-gw"",""resource"":""/subscriptions/f4b92052-083f-493c-b765-6d6a28eb809c/resourcegroups/ict-p-shared-rg/providers/microsoft.network/virtualnetworkgateways/ict-p-s2s-vpn-gw"",""subscription"":""f4b92052-083f-493c-b765-6d6a28eb809c""},""match_status"":{""metadata"":""missing"",""resource"":""missing"",""subscription"":""missing""},""recommendation_id"":""/subscriptions/f4b92052-083f-493c-b765-6d6a28eb809c/resourcegroups/ict-p-shared-rg/providers/microsoft.network/virtualnetworkgateways/ict-p-s2s-vpn-gw/providers/Microsoft.Advisor/recommendations/07914f9db8ddf43ee618ea8f92eb8b9fce92ce4eade6d9fdfaf5bbe5d6b85b72"",""resource_linkage"":""resource_id""}"	131970a7913a3167c38e9f0f8c86a4925479d23a2e2a36c42ef187ba49e09e82
1	72a34e2b-f26c-4bd9-b778-6118966cf94b	2026-07-31	resolved	advisor_retirement_recommendation	azure_advisor	/subscriptions/f4b92052-083f-493c-b765-6d6a28eb809c/resourcegroups/ict-p-utils-rg/providers/microsoft.web/sites/ict-p-public-webhook-func/providers/Microsoft.Advisor/recommendations/e0d9345a5cc104f9c8da9143dcb70793467de6b24fca34c8f811a83a29a1df96	6f2c6ba6-3fd4-4786-af01-d10b127ee031	New	f4b92052-083f-493c-b765-6d6a28eb809c		resource_id	/subscriptions/f4b92052-083f-493c-b765-6d6a28eb809c/resourcegroups/ict-p-utils-rg/providers/microsoft.web/sites/ict-p-public-webhook-func	/subscriptions/f4b92052-083f-493c-b765-6d6a28eb809c/resourcegroups/ict-p-utils-rg/providers/microsoft.web/sites/ict-p-public-webhook-func	ict-p-public-webhook-func	ict-p-utils-rg	microsoft.web/sites		{}			Linux Consumption hosting plan - Azure Functions	2028-09-30	2028-09-30	properties.extendedProperties.retirementDate	exact	Medium		HighAvailability		2026-05-10T21:55:46.775599Z		Migrate to Flex Consumption	Migrate to Flex Consumption				[]	missing	missing	missing	metadata_not_found,resource_inventory_not_found,subscription_inventory_not_found	"{""acquisition"":""advisor.recommendations"",""api_version"":""2025-01-01"",""fields"":{""description"":"""",""resource_id"":""properties.resourceMetadata.resourceId""},""lookup_keys"":{""metadata"":""6f2c6ba6-3fd4-4786-af01-d10b127ee031\u0000/subscriptions/f4b92052-083f-493c-b765-6d6a28eb809c/resourcegroups/ict-p-utils-rg/providers/microsoft.web/sites/ict-p-public-webhook-func"",""resource"":""/subscriptions/f4b92052-083f-493c-b765-6d6a28eb809c/resourcegroups/ict-p-utils-rg/providers/microsoft.web/sites/ict-p-public-webhook-func"",""subscription"":""f4b92052-083f-493c-b765-6d6a28eb809c""},""match_status"":{""metadata"":""missing"",""resource"":""missing"",""subscription"":""missing""},""recommendation_id"":""/subscriptions/f4b92052-083f-493c-b765-6d6a28eb809c/resourcegroups/ict-p-utils-rg/providers/microsoft.web/sites/ict-p-public-webhook-func/providers/Microsoft.Advisor/recommendations/e0d9345a5cc104f9c8da9143dcb70793467de6b24fca34c8f811a83a29a1df96"",""resource_linkage"":""resource_id""}"	2819f413349290b1df347b869643f69a5b06dc02225786548946f3cf0520342f
1	72a34e2b-f26c-4bd9-b778-6118966cf94b	2026-07-31	resolved	advisor_retirement_recommendation	azure_advisor	/subscriptions/f4b92052-083f-493c-b765-6d6a28eb809c/resourcegroups/itops-p-rg/providers/microsoft.compute/virtualmachines/itops-p-app-vm-01/providers/Microsoft.Advisor/recommendations/361e846afedb560454365c4ce8905d5c2d67ef3cb80400b534b83f0d0ba6d8ae	5f2613df-629f-4b07-9425-2a47ea0dfad3	New	f4b92052-083f-493c-b765-6d6a28eb809c		resource_id	/subscriptions/f4b92052-083f-493c-b765-6d6a28eb809c/resourcegroups/itops-p-rg/providers/microsoft.compute/virtualmachines/itops-p-app-vm-01	/subscriptions/f4b92052-083f-493c-b765-6d6a28eb809c/resourcegroups/itops-p-rg/providers/microsoft.compute/virtualmachines/itops-p-app-vm-01	itops-p-app-vm-01	itops-p-rg	microsoft.compute/virtualmachines		{}							missing	Medium		HighAvailability		2026-06-04T09:50:05.245447Z		Migrate workload to Virtual Machine Scale Sets Flex	Migrate workload to Virtual Machine Scale Sets Flex				[]	missing	missing	missing	metadata_not_found,missing_retirement_date,resource_inventory_not_found,subscription_inventory_not_found	"{""acquisition"":""advisor.recommendations"",""api_version"":""2025-01-01"",""fields"":{""description"":"""",""resource_id"":""properties.resourceMetadata.resourceId""},""lookup_keys"":{""metadata"":""5f2613df-629f-4b07-9425-2a47ea0dfad3\u0000/subscriptions/f4b92052-083f-493c-b765-6d6a28eb809c/resourcegroups/itops-p-rg/providers/microsoft.compute/virtualmachines/itops-p-app-vm-01"",""resource"":""/subscriptions/f4b92052-083f-493c-b765-6d6a28eb809c/resourcegroups/itops-p-rg/providers/microsoft.compute/virtualmachines/itops-p-app-vm-01"",""subscription"":""f4b92052-083f-493c-b765-6d6a28eb809c""},""match_status"":{""metadata"":""missing"",""resource"":""missing"",""subscription"":""missing""},""recommendation_id"":""/subscriptions/f4b92052-083f-493c-b765-6d6a28eb809c/resourcegroups/itops-p-rg/providers/microsoft.compute/virtualmachines/itops-p-app-vm-01/providers/Microsoft.Advisor/recommendations/361e846afedb560454365c4ce8905d5c2d67ef3cb80400b534b83f0d0ba6d8ae"",""resource_linkage"":""resource_id""}"	c0db5c725f3b1094eae1e01dcbc3403cc89cc3ba84e04e1a74a92a5248ac80c2
1	72a34e2b-f26c-4bd9-b778-6118966cf94b	2026-07-31	resolved	advisor_retirement_recommendation	azure_advisor	/subscriptions/f4b92052-083f-493c-b765-6d6a28eb809c/resourcegroups/itops-p-rg/providers/microsoft.compute/virtualmachines/itops-p-app-vm-01/providers/Microsoft.Advisor/recommendations/b24f8f58f074d6e98986632048ddd66372d95d66af1146069064621470408289	2b5cf6e5-2792-49b2-9ec0-0e901be6488b	New	f4b92052-083f-493c-b765-6d6a28eb809c		resource_id	/subscriptions/f4b92052-083f-493c-b765-6d6a28eb809c/resourcegroups/itops-p-rg/providers/microsoft.compute/virtualmachines/itops-p-app-vm-01	/subscriptions/f4b92052-083f-493c-b765-6d6a28eb809c/resourcegroups/itops-p-rg/providers/microsoft.compute/virtualmachines/itops-p-app-vm-01	itops-p-app-vm-01	itops-p-rg	microsoft.compute/virtualmachines		{}							missing	Low		HighAvailability		2026-06-08T03:28:05.060345Z		Convert Standard to Premium disk for higher uptime	Convert Standard to Premium disk for higher uptime				[]	missing	missing	missing	metadata_not_found,missing_retirement_date,resource_inventory_not_found,subscription_inventory_not_found	"{""acquisition"":""advisor.recommendations"",""api_version"":""2025-01-01"",""fields"":{""description"":"""",""resource_id"":""properties.resourceMetadata.resourceId""},""lookup_keys"":{""metadata"":""2b5cf6e5-2792-49b2-9ec0-0e901be6488b\u0000/subscriptions/f4b92052-083f-493c-b765-6d6a28eb809c/resourcegroups/itops-p-rg/providers/microsoft.compute/virtualmachines/itops-p-app-vm-01"",""resource"":""/subscriptions/f4b92052-083f-493c-b765-6d6a28eb809c/resourcegroups/itops-p-rg/providers/microsoft.compute/virtualmachines/itops-p-app-vm-01"",""subscription"":""f4b92052-083f-493c-b765-6d6a28eb809c""},""match_status"":{""metadata"":""missing"",""resource"":""missing"",""subscription"":""missing""},""recommendation_id"":""/subscriptions/f4b92052-083f-493c-b765-6d6a28eb809c/resourcegroups/itops-p-rg/providers/microsoft.compute/virtualmachines/itops-p-app-vm-01/providers/Microsoft.Advisor/recommendations/b24f8f58f074d6e98986632048ddd66372d95d66af1146069064621470408289"",""resource_linkage"":""resource_id""}"	78a662600ee197646468f9889428a40e6cad1477fae5a9d354bd780bf022245d
1	72a34e2b-f26c-4bd9-b778-6118966cf94b	2026-07-31	resolved	advisor_retirement_recommendation	azure_advisor	/subscriptions/f9f0ed60-4b4b-49a6-97cb-8c8a0f9e2435/resourcegroups/cstar-u-itn-core-aks-rg/providers/microsoft.containerservice/managedclusters/cstar-u-itn-uat-aks/providers/Microsoft.Advisor/recommendations/623c3908841e508d39d0bfe1e709c394158c3f2982140515503503749eab3fa5	b005ecf0-23e2-4279-9ca2-718d1518c9fb	New	f9f0ed60-4b4b-49a6-97cb-8c8a0f9e2435		resource_id	/subscriptions/f9f0ed60-4b4b-49a6-97cb-8c8a0f9e2435/resourcegroups/cstar-u-itn-core-aks-rg/providers/microsoft.containerservice/managedclusters/cstar-u-itn-uat-aks	/subscriptions/f9f0ed60-4b4b-49a6-97cb-8c8a0f9e2435/resourcegroups/cstar-u-itn-core-aks-rg/providers/microsoft.containerservice/managedclusters/cstar-u-itn-uat-aks	cstar-u-itn-uat-aks	cstar-u-itn-core-aks-rg	microsoft.containerservice/managedclusters		{}			Legacy authentication for Container Insights - Azure Monitor	2026-09-30	2026-09-30	properties.extendedProperties.retirementDate	exact	Medium		HighAvailability		2026-04-16T16:00:25.922831Z		Migrate to Container insights managed identity authentication	Migrate to Container insights managed identity authentication				[]	missing	missing	missing	metadata_not_found,resource_inventory_not_found,subscription_inventory_not_found	"{""acquisition"":""advisor.recommendations"",""api_version"":""2025-01-01"",""fields"":{""description"":"""",""resource_id"":""properties.resourceMetadata.resourceId""},""lookup_keys"":{""metadata"":""b005ecf0-23e2-4279-9ca2-718d1518c9fb\u0000/subscriptions/f9f0ed60-4b4b-49a6-97cb-8c8a0f9e2435/resourcegroups/cstar-u-itn-core-aks-rg/providers/microsoft.containerservice/managedclusters/cstar-u-itn-uat-aks"",""resource"":""/subscriptions/f9f0ed60-4b4b-49a6-97cb-8c8a0f9e2435/resourcegroups/cstar-u-itn-core-aks-rg/providers/microsoft.containerservice/managedclusters/cstar-u-itn-uat-aks"",""subscription"":""f9f0ed60-4b4b-49a6-97cb-8c8a0f9e2435""},""match_status"":{""metadata"":""missing"",""resource"":""missing"",""subscription"":""missing""},""recommendation_id"":""/subscriptions/f9f0ed60-4b4b-49a6-97cb-8c8a0f9e2435/resourcegroups/cstar-u-itn-core-aks-rg/providers/microsoft.containerservice/managedclusters/cstar-u-itn-uat-aks/providers/Microsoft.Advisor/recommendations/623c3908841e508d39d0bfe1e709c394158c3f2982140515503503749eab3fa5"",""resource_linkage"":""resource_id""}"	bf143d1b32feeb68412cef0adb6ca201857069189be33189efdc1bed0f990f86
1	72a34e2b-f26c-4bd9-b778-6118966cf94b	2026-07-31	resolved	advisor_retirement_recommendation	azure_advisor	/subscriptions/f9f0ed60-4b4b-49a6-97cb-8c8a0f9e2435/resourcegroups/cstar-u-itn-core-aks-rg/providers/microsoft.containerservice/managedclusters/cstar-u-itn-uat-aks/providers/Microsoft.Advisor/recommendations/69d63834ea5e4f1e6d86beb28cc9dfe3506a1ee31e6bd573f5c24b5fe451a68c	00dbcc9d-50d4-44ef-bc21-c15785cddf42	New	f9f0ed60-4b4b-49a6-97cb-8c8a0f9e2435		resource_id	/subscriptions/f9f0ed60-4b4b-49a6-97cb-8c8a0f9e2435/resourcegroups/cstar-u-itn-core-aks-rg/providers/microsoft.containerservice/managedclusters/cstar-u-itn-uat-aks	/subscriptions/f9f0ed60-4b4b-49a6-97cb-8c8a0f9e2435/resourcegroups/cstar-u-itn-core-aks-rg/providers/microsoft.containerservice/managedclusters/cstar-u-itn-uat-aks	cstar-u-itn-uat-aks	cstar-u-itn-core-aks-rg	microsoft.containerservice/managedclusters		{}			Azure Kubernetes Service support for Ubuntu 22.04	2027-06-30	2027-06-30	properties.extendedProperties.retirementDate	exact	Medium		HighAvailability		2026-05-07T14:51:41.518430Z		Migrate to Ubuntu 24.04 or later versions	Migrate to Ubuntu 24.04 or later versions				[]	missing	missing	missing	metadata_not_found,resource_inventory_not_found,subscription_inventory_not_found	"{""acquisition"":""advisor.recommendations"",""api_version"":""2025-01-01"",""fields"":{""description"":"""",""resource_id"":""properties.resourceMetadata.resourceId""},""lookup_keys"":{""metadata"":""00dbcc9d-50d4-44ef-bc21-c15785cddf42\u0000/subscriptions/f9f0ed60-4b4b-49a6-97cb-8c8a0f9e2435/resourcegroups/cstar-u-itn-core-aks-rg/providers/microsoft.containerservice/managedclusters/cstar-u-itn-uat-aks"",""resource"":""/subscriptions/f9f0ed60-4b4b-49a6-97cb-8c8a0f9e2435/resourcegroups/cstar-u-itn-core-aks-rg/providers/microsoft.containerservice/managedclusters/cstar-u-itn-uat-aks"",""subscription"":""f9f0ed60-4b4b-49a6-97cb-8c8a0f9e2435""},""match_status"":{""metadata"":""missing"",""resource"":""missing"",""subscription"":""missing""},""recommendation_id"":""/subscriptions/f9f0ed60-4b4b-49a6-97cb-8c8a0f9e2435/resourcegroups/cstar-u-itn-core-aks-rg/providers/microsoft.containerservice/managedclusters/cstar-u-itn-uat-aks/providers/Microsoft.Advisor/recommendations/69d63834ea5e4f1e6d86beb28cc9dfe3506a1ee31e6bd573f5c24b5fe451a68c"",""resource_linkage"":""resource_id""}"	93c58f7f18bc5c7ab7ac1f74838eab87f8d5880cfcd68d66578ba3f6b98ba372
1	72a34e2b-f26c-4bd9-b778-6118966cf94b	2026-07-31	resolved	advisor_retirement_recommendation	azure_advisor	/subscriptions/f9f0ed60-4b4b-49a6-97cb-8c8a0f9e2435/resourcegroups/cstar-u-itn-core-sec-rg/providers/microsoft.keyvault/vaults/cstar-u-itn-cicd-kv/providers/Microsoft.Advisor/recommendations/579c8c54f9f335379ea2d304b482b28338b1599b20e900ece42c3e557bd4af21	7ff06874-39e9-41be-9552-fa1ae2a83c88	New	f9f0ed60-4b4b-49a6-97cb-8c8a0f9e2435		resource_id	/subscriptions/f9f0ed60-4b4b-49a6-97cb-8c8a0f9e2435/resourcegroups/cstar-u-itn-core-sec-rg/providers/microsoft.keyvault/vaults/cstar-u-itn-cicd-kv	/subscriptions/f9f0ed60-4b4b-49a6-97cb-8c8a0f9e2435/resourcegroups/cstar-u-itn-core-sec-rg/providers/microsoft.keyvault/vaults/cstar-u-itn-cicd-kv	cstar-u-itn-cicd-kv	cstar-u-itn-core-sec-rg	microsoft.keyvault/vaults		{}			API versions prior to 2026-02-01	2027-02-27	2027-02-27	properties.extendedProperties.retirementDate	exact	High		HighAvailability		2026-07-30T20:08:37.770255Z		Azure Key Vault API versions prior to 2026-02-01 are being retired	Azure Key Vault API versions prior to 2026-02-01 are being retired				[]	missing	missing	missing	metadata_not_found,resource_inventory_not_found,subscription_inventory_not_found	"{""acquisition"":""advisor.recommendations"",""api_version"":""2025-01-01"",""fields"":{""description"":"""",""resource_id"":""properties.resourceMetadata.resourceId""},""lookup_keys"":{""metadata"":""7ff06874-39e9-41be-9552-fa1ae2a83c88\u0000/subscriptions/f9f0ed60-4b4b-49a6-97cb-8c8a0f9e2435/resourcegroups/cstar-u-itn-core-sec-rg/providers/microsoft.keyvault/vaults/cstar-u-itn-cicd-kv"",""resource"":""/subscriptions/f9f0ed60-4b4b-49a6-97cb-8c8a0f9e2435/resourcegroups/cstar-u-itn-core-sec-rg/providers/microsoft.keyvault/vaults/cstar-u-itn-cicd-kv"",""subscription"":""f9f0ed60-4b4b-49a6-97cb-8c8a0f9e2435""},""match_status"":{""metadata"":""missing"",""resource"":""missing"",""subscription"":""missing""},""recommendation_id"":""/subscriptions/f9f0ed60-4b4b-49a6-97cb-8c8a0f9e2435/resourcegroups/cstar-u-itn-core-sec-rg/providers/microsoft.keyvault/vaults/cstar-u-itn-cicd-kv/providers/Microsoft.Advisor/recommendations/579c8c54f9f335379ea2d304b482b28338b1599b20e900ece42c3e557bd4af21"",""resource_linkage"":""resource_id""}"	c0f6f798475e3d73a9c307ba8cab2c783570406e42d21c25c161a23240a14977
1	72a34e2b-f26c-4bd9-b778-6118966cf94b	2026-07-31	resolved	advisor_retirement_recommendation	azure_advisor	/subscriptions/f9f0ed60-4b4b-49a6-97cb-8c8a0f9e2435/resourcegroups/cstar-u-itn-core-sec-rg/providers/microsoft.keyvault/vaults/cstar-u-itn-core-kv/providers/Microsoft.Advisor/recommendations/07d9d7132cab23f0147fe492489d06a84869d5a3c47c1770cffb5664fbd97ac9	7ff06874-39e9-41be-9552-fa1ae2a83c88	New	f9f0ed60-4b4b-49a6-97cb-8c8a0f9e2435		resource_id	/subscriptions/f9f0ed60-4b4b-49a6-97cb-8c8a0f9e2435/resourcegroups/cstar-u-itn-core-sec-rg/providers/microsoft.keyvault/vaults/cstar-u-itn-core-kv	/subscriptions/f9f0ed60-4b4b-49a6-97cb-8c8a0f9e2435/resourcegroups/cstar-u-itn-core-sec-rg/providers/microsoft.keyvault/vaults/cstar-u-itn-core-kv	cstar-u-itn-core-kv	cstar-u-itn-core-sec-rg	microsoft.keyvault/vaults		{}			API versions prior to 2026-02-01	2027-02-27	2027-02-27	properties.extendedProperties.retirementDate	exact	High		HighAvailability		2026-07-18T09:02:26.810819Z		Azure Key Vault API versions prior to 2026-02-01 are being retired	Azure Key Vault API versions prior to 2026-02-01 are being retired				[]	missing	missing	missing	metadata_not_found,resource_inventory_not_found,subscription_inventory_not_found	"{""acquisition"":""advisor.recommendations"",""api_version"":""2025-01-01"",""fields"":{""description"":"""",""resource_id"":""properties.resourceMetadata.resourceId""},""lookup_keys"":{""metadata"":""7ff06874-39e9-41be-9552-fa1ae2a83c88\u0000/subscriptions/f9f0ed60-4b4b-49a6-97cb-8c8a0f9e2435/resourcegroups/cstar-u-itn-core-sec-rg/providers/microsoft.keyvault/vaults/cstar-u-itn-core-kv"",""resource"":""/subscriptions/f9f0ed60-4b4b-49a6-97cb-8c8a0f9e2435/resourcegroups/cstar-u-itn-core-sec-rg/providers/microsoft.keyvault/vaults/cstar-u-itn-core-kv"",""subscription"":""f9f0ed60-4b4b-49a6-97cb-8c8a0f9e2435""},""match_status"":{""metadata"":""missing"",""resource"":""missing"",""subscription"":""missing""},""recommendation_id"":""/subscriptions/f9f0ed60-4b4b-49a6-97cb-8c8a0f9e2435/resourcegroups/cstar-u-itn-core-sec-rg/providers/microsoft.keyvault/vaults/cstar-u-itn-core-kv/providers/Microsoft.Advisor/recommendations/07d9d7132cab23f0147fe492489d06a84869d5a3c47c1770cffb5664fbd97ac9"",""resource_linkage"":""resource_id""}"	c13d2a57a841d7f54e3db91e3649a4b03e47138e764322b423e94872eabb2da4
1	72a34e2b-f26c-4bd9-b778-6118966cf94b	2026-07-31	resolved	advisor_retirement_recommendation	azure_advisor	/subscriptions/f9f0ed60-4b4b-49a6-97cb-8c8a0f9e2435/resourcegroups/cstar-u-itn-idpay-security-rg/providers/microsoft.keyvault/vaults/cstar-u-itn-idpay-kv/providers/Microsoft.Advisor/recommendations/40f32632fe93996a6c8b02ab3304e6dc8ada39e4eef39b47d68c14b53bbb4c14	7ff06874-39e9-41be-9552-fa1ae2a83c88	New	f9f0ed60-4b4b-49a6-97cb-8c8a0f9e2435		resource_id	/subscriptions/f9f0ed60-4b4b-49a6-97cb-8c8a0f9e2435/resourcegroups/cstar-u-itn-idpay-security-rg/providers/microsoft.keyvault/vaults/cstar-u-itn-idpay-kv	/subscriptions/f9f0ed60-4b4b-49a6-97cb-8c8a0f9e2435/resourcegroups/cstar-u-itn-idpay-security-rg/providers/microsoft.keyvault/vaults/cstar-u-itn-idpay-kv	cstar-u-itn-idpay-kv	cstar-u-itn-idpay-security-rg	microsoft.keyvault/vaults		{}			API versions prior to 2026-02-01	2027-02-27	2027-02-27	properties.extendedProperties.retirementDate	exact	High		HighAvailability		2026-07-30T20:09:31.146785Z		Azure Key Vault API versions prior to 2026-02-01 are being retired	Azure Key Vault API versions prior to 2026-02-01 are being retired				[]	missing	missing	missing	metadata_not_found,resource_inventory_not_found,subscription_inventory_not_found	"{""acquisition"":""advisor.recommendations"",""api_version"":""2025-01-01"",""fields"":{""description"":"""",""resource_id"":""properties.resourceMetadata.resourceId""},""lookup_keys"":{""metadata"":""7ff06874-39e9-41be-9552-fa1ae2a83c88\u0000/subscriptions/f9f0ed60-4b4b-49a6-97cb-8c8a0f9e2435/resourcegroups/cstar-u-itn-idpay-security-rg/providers/microsoft.keyvault/vaults/cstar-u-itn-idpay-kv"",""resource"":""/subscriptions/f9f0ed60-4b4b-49a6-97cb-8c8a0f9e2435/resourcegroups/cstar-u-itn-idpay-security-rg/providers/microsoft.keyvault/vaults/cstar-u-itn-idpay-kv"",""subscription"":""f9f0ed60-4b4b-49a6-97cb-8c8a0f9e2435""},""match_status"":{""metadata"":""missing"",""resource"":""missing"",""subscription"":""missing""},""recommendation_id"":""/subscriptions/f9f0ed60-4b4b-49a6-97cb-8c8a0f9e2435/resourcegroups/cstar-u-itn-idpay-security-rg/providers/microsoft.keyvault/vaults/cstar-u-itn-idpay-kv/providers/Microsoft.Advisor/recommendations/40f32632fe93996a6c8b02ab3304e6dc8ada39e4eef39b47d68c14b53bbb4c14"",""resource_linkage"":""resource_id""}"	b6fd6e36356928da815790c98c796f606c6d310099bf673bfb056321f8e8d6c5
1	72a34e2b-f26c-4bd9-b778-6118966cf94b	2026-07-31	resolved	advisor_retirement_recommendation	azure_advisor	/subscriptions/f9f0ed60-4b4b-49a6-97cb-8c8a0f9e2435/resourcegroups/cstar-u-itn-mdc-data-rg/providers/microsoft.cache/redis/cstar-u-itn-mdc-redis/providers/Microsoft.Advisor/recommendations/cc323a0c4311001c8cc5ee815b2f92759e51f38303eb3b073cb5065721afa487	f3aded79-f9ff-4ce4-99e3-2ffcf11161a4	New	f9f0ed60-4b4b-49a6-97cb-8c8a0f9e2435		resource_id	/subscriptions/f9f0ed60-4b4b-49a6-97cb-8c8a0f9e2435/resourcegroups/cstar-u-itn-mdc-data-rg/providers/microsoft.cache/redis/cstar-u-itn-mdc-redis	/subscriptions/f9f0ed60-4b4b-49a6-97cb-8c8a0f9e2435/resourcegroups/cstar-u-itn-mdc-data-rg/providers/microsoft.cache/redis/cstar-u-itn-mdc-redis	cstar-u-itn-mdc-redis	cstar-u-itn-mdc-data-rg	microsoft.cache/redis		{}			Redis Cache	2028-09-30	2028-09-30	properties.extendedProperties.retirementDate	exact	Medium		HighAvailability		2026-05-21T22:57:08.948976Z		Migrate to Azure Managed Redis from Azure Cache for Redis	Migrate to Azure Managed Redis from Azure Cache for Redis				[]	missing	missing	missing	metadata_not_found,resource_inventory_not_found,subscription_inventory_not_found	"{""acquisition"":""advisor.recommendations"",""api_version"":""2025-01-01"",""fields"":{""description"":"""",""resource_id"":""properties.resourceMetadata.resourceId""},""lookup_keys"":{""metadata"":""f3aded79-f9ff-4ce4-99e3-2ffcf11161a4\u0000/subscriptions/f9f0ed60-4b4b-49a6-97cb-8c8a0f9e2435/resourcegroups/cstar-u-itn-mdc-data-rg/providers/microsoft.cache/redis/cstar-u-itn-mdc-redis"",""resource"":""/subscriptions/f9f0ed60-4b4b-49a6-97cb-8c8a0f9e2435/resourcegroups/cstar-u-itn-mdc-data-rg/providers/microsoft.cache/redis/cstar-u-itn-mdc-redis"",""subscription"":""f9f0ed60-4b4b-49a6-97cb-8c8a0f9e2435""},""match_status"":{""metadata"":""missing"",""resource"":""missing"",""subscription"":""missing""},""recommendation_id"":""/subscriptions/f9f0ed60-4b4b-49a6-97cb-8c8a0f9e2435/resourcegroups/cstar-u-itn-mdc-data-rg/providers/microsoft.cache/redis/cstar-u-itn-mdc-redis/providers/Microsoft.Advisor/recommendations/cc323a0c4311001c8cc5ee815b2f92759e51f38303eb3b073cb5065721afa487"",""resource_linkage"":""resource_id""}"	1046bb3ddf29308c9c9564ba754cffd7ba5e3178299b2328a772d6ee717f7977
1	72a34e2b-f26c-4bd9-b778-6118966cf94b	2026-07-31	resolved	advisor_retirement_recommendation	azure_advisor	/subscriptions/f9f0ed60-4b4b-49a6-97cb-8c8a0f9e2435/resourcegroups/cstar-u-itn-mdc-security-rg/providers/microsoft.keyvault/vaults/cstar-u-itn-mdc-kv/providers/Microsoft.Advisor/recommendations/7686cebd9ac08571f90ff069e42521c1fdc231eff764cfe5abad232568479db1	7ff06874-39e9-41be-9552-fa1ae2a83c88	New	f9f0ed60-4b4b-49a6-97cb-8c8a0f9e2435		resource_id	/subscriptions/f9f0ed60-4b4b-49a6-97cb-8c8a0f9e2435/resourcegroups/cstar-u-itn-mdc-security-rg/providers/microsoft.keyvault/vaults/cstar-u-itn-mdc-kv	/subscriptions/f9f0ed60-4b4b-49a6-97cb-8c8a0f9e2435/resourcegroups/cstar-u-itn-mdc-security-rg/providers/microsoft.keyvault/vaults/cstar-u-itn-mdc-kv	cstar-u-itn-mdc-kv	cstar-u-itn-mdc-security-rg	microsoft.keyvault/vaults		{}			API versions prior to 2026-02-01	2027-02-27	2027-02-27	properties.extendedProperties.retirementDate	exact	High		HighAvailability		2026-07-28T21:55:17.687921Z		Azure Key Vault API versions prior to 2026-02-01 are being retired	Azure Key Vault API versions prior to 2026-02-01 are being retired				[]	missing	missing	missing	metadata_not_found,resource_inventory_not_found,subscription_inventory_not_found	"{""acquisition"":""advisor.recommendations"",""api_version"":""2025-01-01"",""fields"":{""description"":"""",""resource_id"":""properties.resourceMetadata.resourceId""},""lookup_keys"":{""metadata"":""7ff06874-39e9-41be-9552-fa1ae2a83c88\u0000/subscriptions/f9f0ed60-4b4b-49a6-97cb-8c8a0f9e2435/resourcegroups/cstar-u-itn-mdc-security-rg/providers/microsoft.keyvault/vaults/cstar-u-itn-mdc-kv"",""resource"":""/subscriptions/f9f0ed60-4b4b-49a6-97cb-8c8a0f9e2435/resourcegroups/cstar-u-itn-mdc-security-rg/providers/microsoft.keyvault/vaults/cstar-u-itn-mdc-kv"",""subscription"":""f9f0ed60-4b4b-49a6-97cb-8c8a0f9e2435""},""match_status"":{""metadata"":""missing"",""resource"":""missing"",""subscription"":""missing""},""recommendation_id"":""/subscriptions/f9f0ed60-4b4b-49a6-97cb-8c8a0f9e2435/resourcegroups/cstar-u-itn-mdc-security-rg/providers/microsoft.keyvault/vaults/cstar-u-itn-mdc-kv/providers/Microsoft.Advisor/recommendations/7686cebd9ac08571f90ff069e42521c1fdc231eff764cfe5abad232568479db1"",""resource_linkage"":""resource_id""}"	aad7d3d4058285e5ddc10c4656c378771931f4bcb31dc0b7e1d38ade800658e5
1	72a34e2b-f26c-4bd9-b778-6118966cf94b	2026-07-31	resolved	advisor_retirement_recommendation	azure_advisor	/subscriptions/f9f0ed60-4b4b-49a6-97cb-8c8a0f9e2435/resourcegroups/cstar-u-itn-shared-security-rg/providers/microsoft.keyvault/vaults/cstar-u-itn-shared-kv/providers/Microsoft.Advisor/recommendations/108c24ea69dd9d14fd42932fb2237df9234347effb82bad0ad74d19035e2fc23	7ff06874-39e9-41be-9552-fa1ae2a83c88	New	f9f0ed60-4b4b-49a6-97cb-8c8a0f9e2435		resource_id	/subscriptions/f9f0ed60-4b4b-49a6-97cb-8c8a0f9e2435/resourcegroups/cstar-u-itn-shared-security-rg/providers/microsoft.keyvault/vaults/cstar-u-itn-shared-kv	/subscriptions/f9f0ed60-4b4b-49a6-97cb-8c8a0f9e2435/resourcegroups/cstar-u-itn-shared-security-rg/providers/microsoft.keyvault/vaults/cstar-u-itn-shared-kv	cstar-u-itn-shared-kv	cstar-u-itn-shared-security-rg	microsoft.keyvault/vaults		{}			API versions prior to 2026-02-01	2027-02-27	2027-02-27	properties.extendedProperties.retirementDate	exact	High		HighAvailability		2026-07-30T20:08:14.604632Z		Azure Key Vault API versions prior to 2026-02-01 are being retired	Azure Key Vault API versions prior to 2026-02-01 are being retired				[]	missing	missing	missing	metadata_not_found,resource_inventory_not_found,subscription_inventory_not_found	"{""acquisition"":""advisor.recommendations"",""api_version"":""2025-01-01"",""fields"":{""description"":"""",""resource_id"":""properties.resourceMetadata.resourceId""},""lookup_keys"":{""metadata"":""7ff06874-39e9-41be-9552-fa1ae2a83c88\u0000/subscriptions/f9f0ed60-4b4b-49a6-97cb-8c8a0f9e2435/resourcegroups/cstar-u-itn-shared-security-rg/providers/microsoft.keyvault/vaults/cstar-u-itn-shared-kv"",""resource"":""/subscriptions/f9f0ed60-4b4b-49a6-97cb-8c8a0f9e2435/resourcegroups/cstar-u-itn-shared-security-rg/providers/microsoft.keyvault/vaults/cstar-u-itn-shared-kv"",""subscription"":""f9f0ed60-4b4b-49a6-97cb-8c8a0f9e2435""},""match_status"":{""metadata"":""missing"",""resource"":""missing"",""subscription"":""missing""},""recommendation_id"":""/subscriptions/f9f0ed60-4b4b-49a6-97cb-8c8a0f9e2435/resourcegroups/cstar-u-itn-shared-security-rg/providers/microsoft.keyvault/vaults/cstar-u-itn-shared-kv/providers/Microsoft.Advisor/recommendations/108c24ea69dd9d14fd42932fb2237df9234347effb82bad0ad74d19035e2fc23"",""resource_linkage"":""resource_id""}"	407ab67f1f3b44a3c382d4ed99d502ae0cfa2b80c25a3086d09edf95f5938fe7
1	72a34e2b-f26c-4bd9-b778-6118966cf94b	2026-07-31	resolved	advisor_retirement_recommendation	azure_advisor	/subscriptions/f9f0ed60-4b4b-49a6-97cb-8c8a0f9e2435/resourcegroups/cstar-u-itn-srtp-security-rg/providers/microsoft.keyvault/vaults/cstar-u-itn-srtp-kv/providers/Microsoft.Advisor/recommendations/0a7cc378441c3dcbaf5c32e15a7506bdebc0932f73c5dff622fa12e68f9ced99	7ff06874-39e9-41be-9552-fa1ae2a83c88	New	f9f0ed60-4b4b-49a6-97cb-8c8a0f9e2435		resource_id	/subscriptions/f9f0ed60-4b4b-49a6-97cb-8c8a0f9e2435/resourcegroups/cstar-u-itn-srtp-security-rg/providers/microsoft.keyvault/vaults/cstar-u-itn-srtp-kv	/subscriptions/f9f0ed60-4b4b-49a6-97cb-8c8a0f9e2435/resourcegroups/cstar-u-itn-srtp-security-rg/providers/microsoft.keyvault/vaults/cstar-u-itn-srtp-kv	cstar-u-itn-srtp-kv	cstar-u-itn-srtp-security-rg	microsoft.keyvault/vaults		{}			API versions prior to 2026-02-01	2027-02-27	2027-02-27	properties.extendedProperties.retirementDate	exact	High		HighAvailability		2026-07-29T21:20:18.942568Z		Azure Key Vault API versions prior to 2026-02-01 are being retired	Azure Key Vault API versions prior to 2026-02-01 are being retired				[]	missing	missing	missing	metadata_not_found,resource_inventory_not_found,subscription_inventory_not_found	"{""acquisition"":""advisor.recommendations"",""api_version"":""2025-01-01"",""fields"":{""description"":"""",""resource_id"":""properties.resourceMetadata.resourceId""},""lookup_keys"":{""metadata"":""7ff06874-39e9-41be-9552-fa1ae2a83c88\u0000/subscriptions/f9f0ed60-4b4b-49a6-97cb-8c8a0f9e2435/resourcegroups/cstar-u-itn-srtp-security-rg/providers/microsoft.keyvault/vaults/cstar-u-itn-srtp-kv"",""resource"":""/subscriptions/f9f0ed60-4b4b-49a6-97cb-8c8a0f9e2435/resourcegroups/cstar-u-itn-srtp-security-rg/providers/microsoft.keyvault/vaults/cstar-u-itn-srtp-kv"",""subscription"":""f9f0ed60-4b4b-49a6-97cb-8c8a0f9e2435""},""match_status"":{""metadata"":""missing"",""resource"":""missing"",""subscription"":""missing""},""recommendation_id"":""/subscriptions/f9f0ed60-4b4b-49a6-97cb-8c8a0f9e2435/resourcegroups/cstar-u-itn-srtp-security-rg/providers/microsoft.keyvault/vaults/cstar-u-itn-srtp-kv/providers/Microsoft.Advisor/recommendations/0a7cc378441c3dcbaf5c32e15a7506bdebc0932f73c5dff622fa12e68f9ced99"",""resource_linkage"":""resource_id""}"	241959262918f7e7c5dbf276567e7faea0988e1db24010108e67df4e8f33e7c4
1	72a34e2b-f26c-4bd9-b778-6118966cf94b	2026-07-31	resolved	advisor_retirement_recommendation	azure_advisor	/subscriptions/f9f0ed60-4b4b-49a6-97cb-8c8a0f9e2435/resourcegroups/cstar-u-perf-test-01_group/providers/microsoft.compute/virtualmachines/cstar-u-perf-test-01/providers/Microsoft.Advisor/recommendations/de57ff240a85802c2e5744ea829cb6fb1b2c19f2e5775e639df783ff4b08bad5	5f2613df-629f-4b07-9425-2a47ea0dfad3	New	f9f0ed60-4b4b-49a6-97cb-8c8a0f9e2435		resource_id	/subscriptions/f9f0ed60-4b4b-49a6-97cb-8c8a0f9e2435/resourcegroups/cstar-u-perf-test-01_group/providers/microsoft.compute/virtualmachines/cstar-u-perf-test-01	/subscriptions/f9f0ed60-4b4b-49a6-97cb-8c8a0f9e2435/resourcegroups/cstar-u-perf-test-01_group/providers/microsoft.compute/virtualmachines/cstar-u-perf-test-01	cstar-u-perf-test-01	cstar-u-perf-test-01_group	microsoft.compute/virtualmachines		{}							missing	Medium		HighAvailability		2026-04-24T02:11:25.535680Z		Migrate workload to Virtual Machine Scale Sets Flex	Migrate workload to Virtual Machine Scale Sets Flex				[]	missing	missing	missing	metadata_not_found,missing_retirement_date,resource_inventory_not_found,subscription_inventory_not_found	"{""acquisition"":""advisor.recommendations"",""api_version"":""2025-01-01"",""fields"":{""description"":"""",""resource_id"":""properties.resourceMetadata.resourceId""},""lookup_keys"":{""metadata"":""5f2613df-629f-4b07-9425-2a47ea0dfad3\u0000/subscriptions/f9f0ed60-4b4b-49a6-97cb-8c8a0f9e2435/resourcegroups/cstar-u-perf-test-01_group/providers/microsoft.compute/virtualmachines/cstar-u-perf-test-01"",""resource"":""/subscriptions/f9f0ed60-4b4b-49a6-97cb-8c8a0f9e2435/resourcegroups/cstar-u-perf-test-01_group/providers/microsoft.compute/virtualmachines/cstar-u-perf-test-01"",""subscription"":""f9f0ed60-4b4b-49a6-97cb-8c8a0f9e2435""},""match_status"":{""metadata"":""missing"",""resource"":""missing"",""subscription"":""missing""},""recommendation_id"":""/subscriptions/f9f0ed60-4b4b-49a6-97cb-8c8a0f9e2435/resourcegroups/cstar-u-perf-test-01_group/providers/microsoft.compute/virtualmachines/cstar-u-perf-test-01/providers/Microsoft.Advisor/recommendations/de57ff240a85802c2e5744ea829cb6fb1b2c19f2e5775e639df783ff4b08bad5"",""resource_linkage"":""resource_id""}"	62d07ff5305d96c873e11b12fb7dd1597c9ef9c846d995e2d8623377d9f5e02d
1	72a34e2b-f26c-4bd9-b778-6118966cf94b	2026-07-31	resolved	advisor_retirement_recommendation	azure_advisor	/subscriptions/f9f0ed60-4b4b-49a6-97cb-8c8a0f9e2435/resourcegroups/cstar-u-perf-test-01_group/providers/microsoft.compute/virtualmachines/cstar-u-perf-test-02/providers/Microsoft.Advisor/recommendations/ad29ebf5f67f29d89128c2009022b2f640ebb700d8e572f3e462c5c6876d9e36	5f2613df-629f-4b07-9425-2a47ea0dfad3	New	f9f0ed60-4b4b-49a6-97cb-8c8a0f9e2435		resource_id	/subscriptions/f9f0ed60-4b4b-49a6-97cb-8c8a0f9e2435/resourcegroups/cstar-u-perf-test-01_group/providers/microsoft.compute/virtualmachines/cstar-u-perf-test-02	/subscriptions/f9f0ed60-4b4b-49a6-97cb-8c8a0f9e2435/resourcegroups/cstar-u-perf-test-01_group/providers/microsoft.compute/virtualmachines/cstar-u-perf-test-02	cstar-u-perf-test-02	cstar-u-perf-test-01_group	microsoft.compute/virtualmachines		{}							missing	Medium		HighAvailability		2026-04-17T01:33:51.952647Z		Migrate workload to Virtual Machine Scale Sets Flex	Migrate workload to Virtual Machine Scale Sets Flex				[]	missing	missing	missing	metadata_not_found,missing_retirement_date,resource_inventory_not_found,subscription_inventory_not_found	"{""acquisition"":""advisor.recommendations"",""api_version"":""2025-01-01"",""fields"":{""description"":"""",""resource_id"":""properties.resourceMetadata.resourceId""},""lookup_keys"":{""metadata"":""5f2613df-629f-4b07-9425-2a47ea0dfad3\u0000/subscriptions/f9f0ed60-4b4b-49a6-97cb-8c8a0f9e2435/resourcegroups/cstar-u-perf-test-01_group/providers/microsoft.compute/virtualmachines/cstar-u-perf-test-02"",""resource"":""/subscriptions/f9f0ed60-4b4b-49a6-97cb-8c8a0f9e2435/resourcegroups/cstar-u-perf-test-01_group/providers/microsoft.compute/virtualmachines/cstar-u-perf-test-02"",""subscription"":""f9f0ed60-4b4b-49a6-97cb-8c8a0f9e2435""},""match_status"":{""metadata"":""missing"",""resource"":""missing"",""subscription"":""missing""},""recommendation_id"":""/subscriptions/f9f0ed60-4b4b-49a6-97cb-8c8a0f9e2435/resourcegroups/cstar-u-perf-test-01_group/providers/microsoft.compute/virtualmachines/cstar-u-perf-test-02/providers/Microsoft.Advisor/recommendations/ad29ebf5f67f29d89128c2009022b2f640ebb700d8e572f3e462c5c6876d9e36"",""resource_linkage"":""resource_id""}"	90daf0527221265965c45cfdc5bf7bd915f3a3b447a0d25bfc8a839954edbc19
1	72a34e2b-f26c-4bd9-b778-6118966cf94b	2026-07-31	resolved	advisor_retirement_recommendation	azure_advisor	/subscriptions/f9f0ed60-4b4b-49a6-97cb-8c8a0f9e2435/resourcegroups/cstar-u-perf-test-01_group/providers/microsoft.compute/virtualmachines/cstar-u-perf-test-03/providers/Microsoft.Advisor/recommendations/fa79fab7dd7c1606c9ce7b1cf78d1f2f966d5272026cdc69f4c7909e7da4bcd8	5f2613df-629f-4b07-9425-2a47ea0dfad3	New	f9f0ed60-4b4b-49a6-97cb-8c8a0f9e2435		resource_id	/subscriptions/f9f0ed60-4b4b-49a6-97cb-8c8a0f9e2435/resourcegroups/cstar-u-perf-test-01_group/providers/microsoft.compute/virtualmachines/cstar-u-perf-test-03	/subscriptions/f9f0ed60-4b4b-49a6-97cb-8c8a0f9e2435/resourcegroups/cstar-u-perf-test-01_group/providers/microsoft.compute/virtualmachines/cstar-u-perf-test-03	cstar-u-perf-test-03	cstar-u-perf-test-01_group	microsoft.compute/virtualmachines		{}							missing	Medium		HighAvailability		2026-05-10T17:25:36.719808Z		Migrate workload to Virtual Machine Scale Sets Flex	Migrate workload to Virtual Machine Scale Sets Flex				[]	missing	missing	missing	metadata_not_found,missing_retirement_date,resource_inventory_not_found,subscription_inventory_not_found	"{""acquisition"":""advisor.recommendations"",""api_version"":""2025-01-01"",""fields"":{""description"":"""",""resource_id"":""properties.resourceMetadata.resourceId""},""lookup_keys"":{""metadata"":""5f2613df-629f-4b07-9425-2a47ea0dfad3\u0000/subscriptions/f9f0ed60-4b4b-49a6-97cb-8c8a0f9e2435/resourcegroups/cstar-u-perf-test-01_group/providers/microsoft.compute/virtualmachines/cstar-u-perf-test-03"",""resource"":""/subscriptions/f9f0ed60-4b4b-49a6-97cb-8c8a0f9e2435/resourcegroups/cstar-u-perf-test-01_group/providers/microsoft.compute/virtualmachines/cstar-u-perf-test-03"",""subscription"":""f9f0ed60-4b4b-49a6-97cb-8c8a0f9e2435""},""match_status"":{""metadata"":""missing"",""resource"":""missing"",""subscription"":""missing""},""recommendation_id"":""/subscriptions/f9f0ed60-4b4b-49a6-97cb-8c8a0f9e2435/resourcegroups/cstar-u-perf-test-01_group/providers/microsoft.compute/virtualmachines/cstar-u-perf-test-03/providers/Microsoft.Advisor/recommendations/fa79fab7dd7c1606c9ce7b1cf78d1f2f966d5272026cdc69f4c7909e7da4bcd8"",""resource_linkage"":""resource_id""}"	5bd1f05388f61f77019d8c48ba1cc3ea545c17f95a22af33cbc9cfa546c1f25f
1	72a34e2b-f26c-4bd9-b778-6118966cf94b	2026-07-31	resolved	advisor_retirement_recommendation	azure_advisor	/subscriptions/f9f0ed60-4b4b-49a6-97cb-8c8a0f9e2435/resourcegroups/cstar-u-rtd-sec-rg/providers/microsoft.keyvault/vaults/cstar-u-rtd-kv/providers/Microsoft.Advisor/recommendations/3f70f20c77b4254281becbaadb3fc49f1dd960896c302ec691f28cf4c79134ea	7ff06874-39e9-41be-9552-fa1ae2a83c88	New	f9f0ed60-4b4b-49a6-97cb-8c8a0f9e2435		resource_id	/subscriptions/f9f0ed60-4b4b-49a6-97cb-8c8a0f9e2435/resourcegroups/cstar-u-rtd-sec-rg/providers/microsoft.keyvault/vaults/cstar-u-rtd-kv	/subscriptions/f9f0ed60-4b4b-49a6-97cb-8c8a0f9e2435/resourcegroups/cstar-u-rtd-sec-rg/providers/microsoft.keyvault/vaults/cstar-u-rtd-kv	cstar-u-rtd-kv	cstar-u-rtd-sec-rg	microsoft.keyvault/vaults		{}			API versions prior to 2026-02-01	2027-02-27	2027-02-27	properties.extendedProperties.retirementDate	exact	High		HighAvailability		2026-07-30T20:08:57.794739Z		Azure Key Vault API versions prior to 2026-02-01 are being retired	Azure Key Vault API versions prior to 2026-02-01 are being retired				[]	missing	missing	missing	metadata_not_found,resource_inventory_not_found,subscription_inventory_not_found	"{""acquisition"":""advisor.recommendations"",""api_version"":""2025-01-01"",""fields"":{""description"":"""",""resource_id"":""properties.resourceMetadata.resourceId""},""lookup_keys"":{""metadata"":""7ff06874-39e9-41be-9552-fa1ae2a83c88\u0000/subscriptions/f9f0ed60-4b4b-49a6-97cb-8c8a0f9e2435/resourcegroups/cstar-u-rtd-sec-rg/providers/microsoft.keyvault/vaults/cstar-u-rtd-kv"",""resource"":""/subscriptions/f9f0ed60-4b4b-49a6-97cb-8c8a0f9e2435/resourcegroups/cstar-u-rtd-sec-rg/providers/microsoft.keyvault/vaults/cstar-u-rtd-kv"",""subscription"":""f9f0ed60-4b4b-49a6-97cb-8c8a0f9e2435""},""match_status"":{""metadata"":""missing"",""resource"":""missing"",""subscription"":""missing""},""recommendation_id"":""/subscriptions/f9f0ed60-4b4b-49a6-97cb-8c8a0f9e2435/resourcegroups/cstar-u-rtd-sec-rg/providers/microsoft.keyvault/vaults/cstar-u-rtd-kv/providers/Microsoft.Advisor/recommendations/3f70f20c77b4254281becbaadb3fc49f1dd960896c302ec691f28cf4c79134ea"",""resource_linkage"":""resource_id""}"	b9388ef9909ac3221c166bab5b9ef87403ff813326a9d7ab474198c741547ca9
1	72a34e2b-f26c-4bd9-b778-6118966cf94b	2026-07-31	resolved	advisor_retirement_recommendation	azure_advisor	/subscriptions/f9f0ed60-4b4b-49a6-97cb-8c8a0f9e2435/resourcegroups/cstar-u-sec-rg/providers/microsoft.keyvault/vaults/cstar-u-kv/providers/Microsoft.Advisor/recommendations/ea58b06f0358dd761ebf365b98bdf1494b4fa67569823c803e85a88375f6d35a	7ff06874-39e9-41be-9552-fa1ae2a83c88	New	f9f0ed60-4b4b-49a6-97cb-8c8a0f9e2435		resource_id	/subscriptions/f9f0ed60-4b4b-49a6-97cb-8c8a0f9e2435/resourcegroups/cstar-u-sec-rg/providers/microsoft.keyvault/vaults/cstar-u-kv	/subscriptions/f9f0ed60-4b4b-49a6-97cb-8c8a0f9e2435/resourcegroups/cstar-u-sec-rg/providers/microsoft.keyvault/vaults/cstar-u-kv	cstar-u-kv	cstar-u-sec-rg	microsoft.keyvault/vaults		{}			API versions prior to 2026-02-01	2027-02-27	2027-02-27	properties.extendedProperties.retirementDate	exact	High		HighAvailability		2026-07-29T21:14:42.035380Z		Azure Key Vault API versions prior to 2026-02-01 are being retired	Azure Key Vault API versions prior to 2026-02-01 are being retired				[]	missing	missing	missing	metadata_not_found,resource_inventory_not_found,subscription_inventory_not_found	"{""acquisition"":""advisor.recommendations"",""api_version"":""2025-01-01"",""fields"":{""description"":"""",""resource_id"":""properties.resourceMetadata.resourceId""},""lookup_keys"":{""metadata"":""7ff06874-39e9-41be-9552-fa1ae2a83c88\u0000/subscriptions/f9f0ed60-4b4b-49a6-97cb-8c8a0f9e2435/resourcegroups/cstar-u-sec-rg/providers/microsoft.keyvault/vaults/cstar-u-kv"",""resource"":""/subscriptions/f9f0ed60-4b4b-49a6-97cb-8c8a0f9e2435/resourcegroups/cstar-u-sec-rg/providers/microsoft.keyvault/vaults/cstar-u-kv"",""subscription"":""f9f0ed60-4b4b-49a6-97cb-8c8a0f9e2435""},""match_status"":{""metadata"":""missing"",""resource"":""missing"",""subscription"":""missing""},""recommendation_id"":""/subscriptions/f9f0ed60-4b4b-49a6-97cb-8c8a0f9e2435/resourcegroups/cstar-u-sec-rg/providers/microsoft.keyvault/vaults/cstar-u-kv/providers/Microsoft.Advisor/recommendations/ea58b06f0358dd761ebf365b98bdf1494b4fa67569823c803e85a88375f6d35a"",""resource_linkage"":""resource_id""}"	8f9e5704af94887a4be140837530154abde4d49b6f9fe2eea2ff74bbe7491677
